# Blender v2.79 (sub 0) OBJ File: 'torus.blend'
# www.blender.org
mtllib torus.mtl
usemtl default
v 6.000000 2.500000 0.000000
v 5.933012 3.000000 0.000000
v 5.750000 3.366026 0.000000
v 5.500000 3.500000 0.000000
v 5.250000 3.366026 0.000000
v 5.066988 3.000000 0.000000
v 5.000000 2.500000 0.000000
v 5.066988 2.000000 0.000000
v 5.250000 1.633975 0.000000
v 5.500000 1.500000 0.000000
v 5.750000 1.633975 0.000000
v 5.933012 2.000000 0.000000
v 5.884711 2.500000 -1.170542
v 5.819011 3.000000 -1.157474
v 5.639515 3.366026 -1.121770
v 5.394319 3.500000 -1.072997
v 5.149123 3.366026 -1.024225
v 4.969626 3.000000 -0.988521
v 4.903926 2.500000 -0.975452
v 4.969626 2.000000 -0.988521
v 5.149123 1.633975 -1.024225
v 5.394319 1.500000 -1.072997
v 5.639515 1.633975 -1.121770
v 5.819011 2.000000 -1.157474
v 5.543277 2.500000 -2.296100
v 5.481389 3.000000 -2.270465
v 5.312307 3.366026 -2.200429
v 5.081337 3.500000 -2.104759
v 4.850368 3.366026 -2.009088
v 4.681286 3.000000 -1.939052
v 4.619398 2.500000 -1.913417
v 4.681286 2.000000 -1.939052
v 4.850368 1.633975 -2.009088
v 5.081337 1.500000 -2.104759
v 5.312307 1.633975 -2.200429
v 5.481389 2.000000 -2.270465
v 4.988818 2.500000 -3.333421
v 4.933119 3.000000 -3.296205
v 4.780950 3.366026 -3.194529
v 4.573083 3.500000 -3.055636
v 4.365215 3.366026 -2.916744
v 4.213046 3.000000 -2.815068
v 4.157348 2.500000 -2.777851
v 4.213046 2.000000 -2.815068
v 4.365215 1.633975 -2.916744
v 4.573083 1.500000 -3.055636
v 4.780950 1.633975 -3.194529
v 4.933119 2.000000 -3.296205
v 4.242640 2.500000 -4.242641
v 4.195273 3.000000 -4.195274
v 4.065864 3.366026 -4.065864
v 3.889087 3.500000 -3.889088
v 3.712310 3.366026 -3.712311
v 3.582901 3.000000 -3.582901
v 3.535533 2.500000 -3.535534
v 3.582901 2.000000 -3.582901
v 3.712310 1.633975 -3.712311
v 3.889087 1.500000 -3.889088
v 4.065864 1.633975 -4.065864
v 4.195273 2.000000 -4.195274
v 3.333421 2.500000 -4.988818
v 3.296205 3.000000 -4.933120
v 3.194528 3.366026 -4.780951
v 3.055636 3.500000 -4.573083
v 2.916743 3.366026 -4.365216
v 2.815067 3.000000 -4.213047
v 2.777851 2.500000 -4.157349
v 2.815067 2.000000 -4.213047
v 2.916743 1.633975 -4.365216
v 3.055636 1.500000 -4.573083
v 3.194528 1.633975 -4.780951
v 3.296205 2.000000 -4.933120
v 2.296102 2.500000 -5.543277
v 2.270467 3.000000 -5.481388
v 2.200431 3.366026 -5.312307
v 2.104760 3.500000 -5.081337
v 2.009089 3.366026 -4.850367
v 1.939053 3.000000 -4.681285
v 1.913418 2.500000 -4.619397
v 1.939053 2.000000 -4.681285
v 2.009089 1.633975 -4.850367
v 2.104760 1.500000 -5.081337
v 2.200431 1.633975 -5.312307
v 2.270467 2.000000 -5.481388
v 1.170543 2.500000 -5.884711
v 1.157474 3.000000 -5.819011
v 1.121770 3.366026 -5.639515
v 1.072998 3.500000 -5.394319
v 1.024225 3.366026 -5.149123
v 0.988521 3.000000 -4.969626
v 0.975452 2.500000 -4.903926
v 0.988521 2.000000 -4.969626
v 1.024225 1.633975 -5.149123
v 1.072998 1.500000 -5.394319
v 1.121770 1.633975 -5.639515
v 1.157474 2.000000 -5.819011
v 0.000000 2.500000 -6.000000
v 0.000000 3.000000 -5.933012
v 0.000000 3.366026 -5.750000
v 0.000000 3.500000 -5.500000
v 0.000000 3.366026 -5.250000
v 0.000000 3.000000 -5.066988
v 0.000000 2.500000 -5.000000
v 0.000000 2.000000 -5.066988
v 0.000000 1.633975 -5.250000
v 0.000000 1.500000 -5.500000
v 0.000000 1.633975 -5.750000
v 0.000000 2.000000 -5.933012
v -1.170542 2.500000 -5.884711
v -1.157473 3.000000 -5.819011
v -1.121769 3.366026 -5.639515
v -1.072997 3.500000 -5.394319
v -1.024224 3.366026 -5.149123
v -0.988520 3.000000 -4.969626
v -0.975452 2.500000 -4.903926
v -0.988520 2.000000 -4.969626
v -1.024224 1.633975 -5.149123
v -1.072997 1.500000 -5.394319
v -1.121769 1.633975 -5.639515
v -1.157473 2.000000 -5.819011
v -2.296101 2.500000 -5.543277
v -2.270466 3.000000 -5.481389
v -2.200430 3.366026 -5.312307
v -2.104759 3.500000 -5.081337
v -2.009089 3.366026 -4.850368
v -1.939053 3.000000 -4.681286
v -1.913418 2.500000 -4.619398
v -1.939053 2.000000 -4.681286
v -2.009089 1.633975 -4.850368
v -2.104759 1.500000 -5.081337
v -2.200430 1.633975 -5.312307
v -2.270466 2.000000 -5.481389
v -3.333420 2.500000 -4.988819
v -3.296203 3.000000 -4.933121
v -3.194527 3.366026 -4.780951
v -3.055635 3.500000 -4.573084
v -2.916742 3.366026 -4.365216
v -2.815066 3.000000 -4.213047
v -2.777850 2.500000 -4.157349
v -2.815066 2.000000 -4.213047
v -2.916742 1.633975 -4.365216
v -3.055635 1.500000 -4.573084
v -3.194527 1.633975 -4.780951
v -3.296203 2.000000 -4.933121
v -4.242641 2.500000 -4.242640
v -4.195274 3.000000 -4.195272
v -4.065865 3.366026 -4.065863
v -3.889088 3.500000 -3.889086
v -3.712312 3.366026 -3.712310
v -3.582902 3.000000 -3.582900
v -3.535535 2.500000 -3.535533
v -3.582902 2.000000 -3.582900
v -3.712312 1.633975 -3.712310
v -3.889088 1.500000 -3.889086
v -4.065865 1.633975 -4.065863
v -4.195274 2.000000 -4.195272
v -4.988817 2.500000 -3.333422
v -4.933119 3.000000 -3.296206
v -4.780950 3.366026 -3.194530
v -4.573082 3.500000 -3.055637
v -4.365215 3.366026 -2.916744
v -4.213046 3.000000 -2.815068
v -4.157348 2.500000 -2.777852
v -4.213046 2.000000 -2.815068
v -4.365215 1.633975 -2.916744
v -4.573082 1.500000 -3.055637
v -4.780950 1.633975 -3.194530
v -4.933119 2.000000 -3.296206
v -5.543277 2.500000 -2.296101
v -5.481389 3.000000 -2.270466
v -5.312307 3.366026 -2.200430
v -5.081337 3.500000 -2.104759
v -4.850368 3.366026 -2.009088
v -4.681286 3.000000 -1.939052
v -4.619398 2.500000 -1.913417
v -4.681286 2.000000 -1.939052
v -4.850368 1.633975 -2.009088
v -5.081337 1.500000 -2.104759
v -5.312307 1.633975 -2.200430
v -5.481389 2.000000 -2.270466
v -5.884712 2.500000 -1.170542
v -5.819012 3.000000 -1.157473
v -5.639515 3.366026 -1.121769
v -5.394319 3.500000 -1.072997
v -5.149123 3.366026 -1.024224
v -4.969627 3.000000 -0.988520
v -4.903926 2.500000 -0.975452
v -4.969627 2.000000 -0.988520
v -5.149123 1.633975 -1.024224
v -5.394319 1.500000 -1.072997
v -5.639515 1.633975 -1.121769
v -5.819012 2.000000 -1.157473
v -6.000000 2.500000 -0.000001
v -5.933012 3.000000 -0.000001
v -5.750000 3.366026 -0.000001
v -5.500000 3.500000 -0.000000
v -5.250000 3.366026 -0.000000
v -5.066988 3.000000 -0.000000
v -5.000000 2.500000 -0.000000
v -5.066988 2.000000 -0.000000
v -5.250000 1.633975 -0.000000
v -5.500000 1.500000 -0.000000
v -5.750000 1.633975 -0.000001
v -5.933012 2.000000 -0.000001
v -5.884712 2.500000 1.170542
v -5.819012 3.000000 1.157473
v -5.639515 3.366026 1.121769
v -5.394319 3.500000 1.072997
v -5.149123 3.366026 1.024224
v -4.969627 3.000000 0.988520
v -4.903926 2.500000 0.975452
v -4.969627 2.000000 0.988520
v -5.149123 1.633975 1.024224
v -5.394319 1.500000 1.072997
v -5.639515 1.633975 1.121769
v -5.819012 2.000000 1.157473
v -5.543278 2.500000 2.296098
v -5.481390 3.000000 2.270463
v -5.312308 3.366026 2.200428
v -5.081338 3.500000 2.104757
v -4.850368 3.366026 2.009086
v -4.681287 3.000000 1.939050
v -4.619399 2.500000 1.913415
v -4.681287 2.000000 1.939050
v -4.850368 1.633975 2.009086
v -5.081338 1.500000 2.104757
v -5.312308 1.633975 2.200428
v -5.481390 2.000000 2.270463
v -4.988817 2.500000 3.333422
v -4.933119 3.000000 3.296206
v -4.780950 3.366026 3.194530
v -4.573082 3.500000 3.055637
v -4.365215 3.366026 2.916744
v -4.213046 3.000000 2.815068
v -4.157348 2.500000 2.777852
v -4.213046 2.000000 2.815068
v -4.365215 1.633975 2.916744
v -4.573082 1.500000 3.055637
v -4.780950 1.633975 3.194530
v -4.933119 2.000000 3.296206
v -4.242641 2.500000 4.242640
v -4.195274 3.000000 4.195272
v -4.065865 3.366026 4.065863
v -3.889088 3.500000 3.889086
v -3.712312 3.366026 3.712310
v -3.582902 3.000000 3.582900
v -3.535535 2.500000 3.535533
v -3.582902 2.000000 3.582900
v -3.712312 1.633975 3.712310
v -3.889088 1.500000 3.889086
v -4.065865 1.633975 4.065863
v -4.195274 2.000000 4.195272
v -3.333425 2.500000 4.988815
v -3.296208 3.000000 4.933117
v -3.194532 3.366026 4.780948
v -3.055639 3.500000 4.573081
v -2.916747 3.366026 4.365213
v -2.815070 3.000000 4.213044
v -2.777854 2.500000 4.157346
v -2.815070 2.000000 4.213044
v -2.916747 1.633975 4.365213
v -3.055639 1.500000 4.573081
v -3.194532 1.633975 4.780948
v -3.296208 2.000000 4.933117
v -2.296101 2.500000 5.543277
v -2.270466 3.000000 5.481389
v -2.200430 3.366026 5.312307
v -2.104759 3.500000 5.081337
v -2.009089 3.366026 4.850368
v -1.939053 3.000000 4.681286
v -1.913418 2.500000 4.619398
v -1.939053 2.000000 4.681286
v -2.009089 1.633975 4.850368
v -2.104759 1.500000 5.081337
v -2.200430 1.633975 5.312307
v -2.270466 2.000000 5.481389
v -1.170545 2.500000 5.884711
v -1.157476 3.000000 5.819011
v -1.121772 3.366026 5.639515
v -1.072999 3.500000 5.394319
v -1.024227 3.366026 5.149122
v -0.988523 3.000000 4.969626
v -0.975454 2.500000 4.903926
v -0.988523 2.000000 4.969626
v -1.024227 1.633975 5.149122
v -1.072999 1.500000 5.394319
v -1.121772 1.633975 5.639515
v -1.157476 2.000000 5.819011
v 0.000000 2.500000 6.000000
v 0.000000 3.000000 5.933012
v 0.000000 3.366026 5.750000
v 0.000000 3.500000 5.500000
v 0.000000 3.366026 5.250000
v 0.000000 3.000000 5.066988
v 0.000000 2.500000 5.000000
v 0.000000 2.000000 5.066988
v 0.000000 1.633975 5.250000
v 0.000000 1.500000 5.500000
v 0.000000 1.633975 5.750000
v 0.000000 2.000000 5.933012
v 1.170540 2.500000 5.884712
v 1.157471 3.000000 5.819012
v 1.121768 3.366026 5.639516
v 1.072995 3.500000 5.394320
v 1.024223 3.366026 5.149123
v 0.988519 3.000000 4.969627
v 0.975450 2.500000 4.903927
v 0.988519 2.000000 4.969627
v 1.024223 1.633975 5.149123
v 1.072995 1.500000 5.394320
v 1.121768 1.633975 5.639516
v 1.157471 2.000000 5.819012
v 2.296102 2.500000 5.543277
v 2.270467 3.000000 5.481388
v 2.200431 3.366026 5.312307
v 2.104760 3.500000 5.081337
v 2.009089 3.366026 4.850367
v 1.939053 3.000000 4.681285
v 1.913418 2.500000 4.619397
v 1.939053 2.000000 4.681285
v 2.009089 1.633975 4.850367
v 2.104760 1.500000 5.081337
v 2.200431 1.633975 5.312307
v 2.270467 2.000000 5.481388
v 3.333421 2.500000 4.988818
v 3.296205 3.000000 4.933120
v 3.194528 3.366026 4.780951
v 3.055636 3.500000 4.573083
v 2.916743 3.366026 4.365216
v 2.815067 3.000000 4.213047
v 2.777851 2.500000 4.157349
v 2.815067 2.000000 4.213047
v 2.916743 1.633975 4.365216
v 3.055636 1.500000 4.573083
v 3.194528 1.633975 4.780951
v 3.296205 2.000000 4.933120
v 4.242639 2.500000 4.242643
v 4.195271 3.000000 4.195276
v 4.065862 3.366026 4.065866
v 3.889085 3.500000 3.889090
v 3.712309 3.366026 3.712313
v 3.582899 3.000000 3.582903
v 3.535532 2.500000 3.535536
v 3.582899 2.000000 3.582903
v 3.712309 1.633975 3.712313
v 3.889085 1.500000 3.889090
v 4.065862 1.633975 4.065866
v 4.195271 2.000000 4.195276
v 4.988818 2.500000 3.333421
v 4.933119 3.000000 3.296205
v 4.780950 3.366026 3.194529
v 4.573083 3.500000 3.055636
v 4.365215 3.366026 2.916744
v 4.213046 3.000000 2.815068
v 4.157348 2.500000 2.777851
v 4.213046 2.000000 2.815068
v 4.365215 1.633975 2.916744
v 4.573083 1.500000 3.055636
v 4.780950 1.633975 3.194529
v 4.933119 2.000000 3.296205
v 5.543276 2.500000 2.296103
v 5.481388 3.000000 2.270468
v 5.312306 3.366026 2.200432
v 5.081336 3.500000 2.104761
v 4.850367 3.366026 2.009090
v 4.681285 3.000000 1.939054
v 4.619397 2.500000 1.913419
v 4.681285 2.000000 1.939054
v 4.850367 1.633975 2.009090
v 5.081336 1.500000 2.104761
v 5.312306 1.633975 2.200432
v 5.481388 2.000000 2.270468
v 5.884712 2.500000 1.170541
v 5.819012 3.000000 1.157472
v 5.639515 3.366026 1.121768
v 5.394319 3.500000 1.072996
v 5.149123 3.366026 1.024223
v 4.969627 3.000000 0.988519
v 4.903926 2.500000 0.975451
v 4.969627 2.000000 0.988519
v 5.149123 1.633975 1.024223
v 5.394319 1.500000 1.072996
v 5.639515 1.633975 1.121768
v 5.819012 2.000000 1.157472
vt 0.125000 0.500000
vt 0.000000 0.583333
vt 0.000000 0.500000
vt 0.125000 0.666667
vt 0.000000 0.666667
vt 0.000000 0.750000
vt 0.125000 0.750000
vt 0.000000 0.833333
vt 0.125000 0.833333
vt 0.000000 0.916667
vt 0.125000 0.916667
vt -0.000000 1.000000
vt 0.125000 0.000000
vt 0.000000 0.083333
vt 0.000000 0.000000
vt 0.125000 0.083333
vt 0.000000 0.166667
vt 0.125000 0.166667
vt 0.000000 0.250000
vt 0.125000 0.250000
vt 0.000000 0.333333
vt 0.125000 0.333333
vt 0.000000 0.416667
vt 0.125000 0.416667
vt 0.250000 0.583333
vt 0.125000 0.583333
vt 0.250000 0.666667
vt 0.250000 0.750000
vt 0.250000 0.833333
vt 0.250000 0.916667
vt 0.125000 1.000000
vt 0.250000 0.083333
vt 0.250000 0.250000
vt 0.250000 0.333333
vt 0.250000 0.416667
vt 0.375000 0.500000
vt 0.250000 0.500000
vt 0.375000 0.583333
vt 0.375000 0.750000
vt 0.375000 0.833333
vt 0.375000 1.000000
vt 0.250000 1.000000
vt 0.375000 0.000000
vt 0.250000 0.000000
vt 0.375000 0.083333
vt 0.250000 0.166667
vt 0.375000 0.166667
vt 0.375000 0.250000
vt 0.375000 0.333333
vt 0.375000 0.416667
vt 0.500000 0.500000
vt 0.500000 0.666667
vt 0.375000 0.666667
vt 0.500000 0.833333
vt 0.375000 0.916667
vt 0.500000 1.000000
vt 0.500000 0.000000
vt 0.500000 0.166667
vt 0.500000 0.333333
vt 0.625000 0.500000
vt 0.500000 0.583333
vt 0.625000 0.583333
vt 0.625000 0.666667
vt 0.500000 0.750000
vt 0.625000 0.833333
vt 0.500000 0.916667
vt 0.625000 0.916667
vt 0.625000 0.000000
vt 0.500000 0.083333
vt 0.625000 0.166667
vt 0.500000 0.250000
vt 0.625000 0.250000
vt 0.625000 0.333333
vt 0.500000 0.416667
vt 0.750000 0.583333
vt 0.750000 0.666667
vt 0.625000 0.750000
vt 0.750000 0.833333
vt 0.750000 0.916667
vt 0.625000 1.000000
vt 0.750000 0.000000
vt 0.625000 0.083333
vt 0.750000 0.083333
vt 0.750000 0.166667
vt 0.750000 0.250000
vt 0.750000 0.416667
vt 0.625000 0.416667
vt 0.750000 0.500000
vt 0.875000 0.583333
vt 0.875000 0.666667
vt 0.750000 0.750000
vt 0.875000 0.750000
vt 0.875000 0.833333
vt 0.875000 0.916667
vt 0.750000 1.000000
vt 0.875000 0.083333
vt 0.875000 0.166667
vt 0.875000 0.250000
vt 0.750000 0.333333
vt 0.875000 0.333333
vt 0.875000 0.416667
vt 1.000000 0.500000
vt 0.875000 0.500000
vt 1.000000 0.583333
vt 1.000000 0.666667
vt 1.000000 0.750000
vt 1.000000 0.833333
vt 1.000000 0.916667
vt 0.875000 1.000000
vt 1.000000 0.000000
vt 0.875000 0.000000
vt 1.000000 0.083333
vt 1.000000 0.166667
vt 1.000000 0.250000
vt 1.000000 0.333333
vt 0.125000 0.500000
vt 0.000000 0.583333
vt 0.000000 0.500000
vt 0.125000 0.666667
vt 0.000000 0.666667
vt 0.125000 0.750000
vt 0.000000 0.750000
vt 0.000000 0.833333
vt 0.125000 0.833333
vt 0.000000 0.916667
vt 0.125000 0.916667
vt -0.000000 1.000000
vt 0.125000 0.000000
vt 0.000000 0.083333
vt 0.000000 0.000000
vt 0.125000 0.083333
vt 0.000000 0.166667
vt 0.125000 0.166667
vt 0.000000 0.250000
vt 0.125000 0.333333
vt 0.000000 0.333333
vt 0.000000 0.416667
vt 0.125000 0.416667
vt 0.250000 0.500000
vt 0.125000 0.583333
vt 0.250000 0.666667
vt 0.250000 0.750000
vt 0.250000 0.833333
vt 0.250000 1.000000
vt 0.125000 1.000000
vt 0.250000 0.000000
vt 0.250000 0.083333
vt 0.250000 0.250000
vt 0.125000 0.250000
vt 0.250000 0.333333
vt 0.250000 0.416667
vt 0.375000 0.583333
vt 0.250000 0.583333
vt 0.375000 0.666667
vt 0.375000 0.750000
vt 0.375000 0.833333
vt 0.250000 0.916667
vt 0.375000 0.916667
vt 0.375000 0.000000
vt 0.375000 0.083333
vt 0.250000 0.166667
vt 0.375000 0.250000
vt 0.375000 0.416667
vt 0.500000 0.500000
vt 0.375000 0.500000
vt 0.500000 0.583333
vt 0.500000 0.750000
vt 0.500000 0.916667
vt 0.500000 1.000000
vt 0.375000 1.000000
vt 0.500000 0.000000
vt 0.500000 0.083333
vt 0.375000 0.166667
vt 0.500000 0.250000
vt 0.375000 0.333333
vt 0.500000 0.416667
vt 0.625000 0.583333
vt 0.625000 0.666667
vt 0.500000 0.666667
vt 0.625000 0.750000
vt 0.500000 0.833333
vt 0.625000 0.833333
vt 0.625000 0.916667
vt 0.625000 0.000000
vt 0.625000 0.083333
vt 0.500000 0.166667
vt 0.625000 0.166667
vt 0.625000 0.250000
vt 0.500000 0.333333
vt 0.625000 0.333333
vt 0.625000 0.416667
vt 0.750000 0.500000
vt 0.625000 0.500000
vt 0.750000 0.666667
vt 0.750000 0.833333
vt 0.750000 0.916667
vt 0.625000 1.000000
vt 0.750000 0.000000
vt 0.750000 0.083333
vt 0.750000 0.166667
vt 0.750000 0.250000
vt 0.750000 0.416667
vt 0.875000 0.500000
vt 0.750000 0.583333
vt 0.875000 0.583333
vt 0.875000 0.666667
vt 0.750000 0.750000
vt 0.875000 0.750000
vt 0.875000 0.916667
vt 0.750000 1.000000
vt 0.875000 0.000000
vt 0.875000 0.083333
vt 0.875000 0.166667
vt 0.875000 0.333333
vt 0.750000 0.333333
vt 1.000000 0.500000
vt 1.000000 0.583333
vt 1.000000 0.666667
vt 1.000000 0.833333
vt 0.875000 0.833333
vt 1.000000 0.916667
vt 0.875000 1.000000
vt 1.000000 0.000000
vt 1.000000 0.166667
vt 1.000000 0.250000
vt 0.875000 0.250000
vt 1.000000 0.333333
vt 0.875000 0.416667
vt 1.000000 0.416667
vt 0.125000 0.500000
vt 0.000000 0.583333
vt 0.000000 0.500000
vt 0.125000 0.583333
vt 0.000000 0.666667
vt 0.125000 0.666667
vt 0.000000 0.750000
vt 0.125000 0.750000
vt 0.000000 0.833333
vt 0.125000 0.916667
vt 0.000000 0.916667
vt -0.000000 1.000000
vt 0.125000 0.000000
vt 0.000000 0.083333
vt 0.000000 0.000000
vt 0.125000 0.166667
vt 0.000000 0.166667
vt 0.000000 0.250000
vt 0.125000 0.250000
vt 0.000000 0.333333
vt 0.125000 0.333333
vt 0.000000 0.416667
vt 0.125000 0.416667
vt 0.250000 0.583333
vt 0.250000 0.666667
vt 0.250000 0.750000
vt 0.125000 0.833333
vt 0.250000 0.916667
vt 0.125000 1.000000
vt 0.250000 0.000000
vt 0.125000 0.083333
vt 0.250000 0.083333
vt 0.250000 0.250000
vt 0.250000 0.333333
vt 0.250000 0.416667
vt 0.250000 0.500000
vt 0.375000 0.583333
vt 0.375000 0.666667
vt 0.375000 0.750000
vt 0.250000 0.833333
vt 0.375000 0.833333
vt 0.375000 0.916667
vt 0.250000 1.000000
vt 0.375000 0.000000
vt 0.375000 0.083333
vt 0.250000 0.166667
vt 0.375000 0.166667
vt 0.375000 0.250000
vt 0.375000 0.333333
vt 0.375000 0.416667
vt 0.500000 0.500000
vt 0.375000 0.500000
vt 0.500000 0.583333
vt 0.500000 0.750000
vt 0.500000 0.833333
vt 0.500000 1.000000
vt 0.375000 1.000000
vt 0.500000 0.000000
vt 0.500000 0.083333
vt 0.500000 0.166667
vt 0.500000 0.250000
vt 0.500000 0.416667
vt 0.625000 0.500000
vt 0.625000 0.666667
vt 0.500000 0.666667
vt 0.625000 0.833333
vt 0.500000 0.916667
vt 0.625000 1.000000
vt 0.625000 0.000000
vt 0.625000 0.083333
vt 0.625000 0.166667
vt 0.625000 0.333333
vt 0.500000 0.333333
vt 0.750000 0.500000
vt 0.625000 0.583333
vt 0.750000 0.583333
vt 0.750000 0.750000
vt 0.625000 0.750000
vt 0.750000 0.833333
vt 0.750000 0.916667
vt 0.625000 0.916667
vt 0.750000 0.000000
vt 0.750000 0.166667
vt 0.625000 0.250000
vt 0.750000 0.250000
vt 0.750000 0.416667
vt 0.625000 0.416667
vt 0.875000 0.583333
vt 0.750000 0.666667
vt 0.875000 0.666667
vt 0.875000 0.750000
vt 0.875000 0.833333
vt 0.875000 0.916667
vt 0.750000 1.000000
vt 0.875000 0.000000
vt 0.750000 0.083333
vt 0.875000 0.083333
vt 0.875000 0.250000
vt 0.875000 0.333333
vt 0.750000 0.333333
vt 0.875000 0.416667
vt 1.000000 0.500000
vt 0.875000 0.500000
vt 1.000000 0.583333
vt 1.000000 0.666667
vt 1.000000 0.750000
vt 1.000000 0.833333
vt 1.000000 0.916667
vt 0.875000 1.000000
vt 1.000000 0.083333
vt 0.875000 0.166667
vt 1.000000 0.166667
vt 1.000000 0.333333
vt 1.000000 0.416667
vt 0.125000 0.500000
vt 0.000000 0.583333
vt 0.000000 0.500000
vt 0.125000 0.583333
vt 0.000000 0.666667
vt 0.125000 0.666667
vt 0.000000 0.750000
vt 0.125000 0.750000
vt 0.000000 0.833333
vt 0.125000 0.916667
vt 0.000000 0.916667
vt -0.000000 1.000000
vt 0.125000 0.000000
vt 0.000000 0.083333
vt 0.000000 0.000000
vt 0.125000 0.083333
vt 0.000000 0.166667
vt 0.125000 0.166667
vt 0.000000 0.250000
vt 0.125000 0.250000
vt 0.000000 0.333333
vt 0.125000 0.333333
vt 0.000000 0.416667
vt 0.125000 0.416667
vt 0.250000 0.500000
vt 0.250000 0.583333
vt 0.250000 0.666667
vt 0.250000 0.750000
vt 0.125000 0.833333
vt 0.250000 0.916667
vt 0.125000 1.000000
vt 0.250000 0.083333
vt 0.250000 0.250000
vt 0.250000 0.333333
vt 0.375000 0.583333
vt 0.375000 0.666667
vt 0.375000 0.750000
vt 0.250000 0.833333
vt 0.375000 0.833333
vt 0.375000 0.916667
vt 0.250000 1.000000
vt 0.375000 0.000000
vt 0.250000 0.000000
vt 0.375000 0.083333
vt 0.250000 0.166667
vt 0.375000 0.250000
vt 0.375000 0.333333
vt 0.250000 0.416667
vt 0.375000 0.416667
vt 0.375000 0.500000
vt 0.500000 0.583333
vt 0.500000 0.666667
vt 0.500000 0.750000
vt 0.500000 0.916667
vt 0.375000 1.000000
vt 0.500000 0.000000
vt 0.500000 0.083333
vt 0.375000 0.166667
vt 0.500000 0.250000
vt 0.500000 0.333333
vt 0.500000 0.416667
vt 0.625000 0.500000
vt 0.500000 0.500000
vt 0.625000 0.666667
vt 0.625000 0.750000
vt 0.500000 0.833333
vt 0.625000 0.833333
vt 0.625000 0.916667
vt 0.500000 1.000000
vt 0.625000 0.083333
vt 0.500000 0.166667
vt 0.625000 0.166667
vt 0.625000 0.333333
vt 0.625000 0.416667
vt 0.750000 0.500000
vt 0.625000 0.583333
vt 0.750000 0.583333
vt 0.750000 0.750000
vt 0.750000 0.833333
vt 0.750000 0.916667
vt 0.625000 1.000000
vt 0.625000 0.000000
vt 0.750000 0.083333
vt 0.750000 0.166667
vt 0.625000 0.250000
vt 0.750000 0.250000
vt 0.750000 0.333333
vt 0.750000 0.416667
vt 0.875000 0.500000
vt 0.875000 0.583333
vt 0.750000 0.666667
vt 0.875000 0.750000
vt 0.875000 0.916667
vt 0.750000 1.000000
vt 0.875000 0.000000
vt 0.750000 0.000000
vt 0.875000 0.083333
vt 0.875000 0.166667
vt 0.875000 0.250000
vt 0.875000 0.333333
vt 0.875000 0.416667
vt 1.000000 0.500000
vt 1.000000 0.583333
vt 0.875000 0.666667
vt 1.000000 0.750000
vt 1.000000 0.833333
vt 0.875000 0.833333
vt 1.000000 0.916667
vt 0.875000 1.000000
vt 1.000000 0.000000
vt 1.000000 0.083333
vt 1.000000 0.166667
vt 1.000000 0.250000
vt 1.000000 0.333333
vt 1.000000 0.416667
vt 1.000000 1.000000
vt 1.000000 0.416667
vt 1.000000 0.750000
vt 1.000000 1.000000
vt 1.000000 0.083333
vt 1.000000 1.000000
vt 1.000000 0.000000
vt 1.000000 0.250000
vt 1.000000 0.666667
vt 1.000000 1.000000
vn 0.9808 0.0000 -0.1951
vn 0.9567 0.2912 -0.0000
vn 1.0000 -0.0000 -0.0000
vn 0.7120 0.6877 -0.1416
vn 0.7260 0.6877 0.0000
vn 0.0295 0.9996 -0.0000
vn 0.0289 0.9996 -0.0058
vn -0.7076 0.7066 -0.0000
vn -0.6940 0.7066 0.1380
vn -0.9549 0.2969 0.0000
vn -0.9366 0.2969 0.1863
vn -1.0000 -0.0000 0.0000
vn -0.9808 -0.0000 0.1951
vn -0.9549 -0.2969 0.0000
vn -0.9366 -0.2969 0.1863
vn -0.7076 -0.7066 0.0000
vn -0.6940 -0.7066 0.1380
vn 0.0295 -0.9996 -0.0000
vn 0.0289 -0.9996 -0.0058
vn 0.7260 -0.6877 -0.0000
vn 0.7120 -0.6877 -0.1416
vn 0.9567 -0.2912 -0.0000
vn 0.9383 -0.2912 -0.1866
vn 0.8839 0.2912 -0.3661
vn 0.9383 0.2912 -0.1866
vn 0.6707 0.6877 -0.2778
vn 0.0273 0.9996 -0.0113
vn -0.6537 0.7066 0.2708
vn -0.8822 0.2969 0.3654
vn -0.8822 -0.2969 0.3654
vn 0.0273 -0.9996 -0.0113
vn 0.6707 -0.6877 -0.2778
vn 0.8839 -0.2912 -0.3661
vn 0.8315 -0.0000 -0.5556
vn 0.9239 0.0000 -0.3827
vn 0.7954 0.2912 -0.5315
vn 0.0245 0.9996 -0.0164
vn -0.5884 0.7066 0.3931
vn -0.8315 0.0000 0.5556
vn -0.9239 -0.0000 0.3827
vn -0.7940 -0.2969 0.5305
vn -0.6537 -0.7066 0.2708
vn -0.5884 -0.7066 0.3931
vn 0.0245 -0.9996 -0.0164
vn 0.6036 -0.6877 -0.4033
vn 0.7954 -0.2912 -0.5315
vn 0.7071 -0.0000 -0.7071
vn 0.5134 0.6877 -0.5134
vn 0.6036 0.6877 -0.4033
vn -0.5004 0.7066 0.5004
vn -0.7940 0.2969 0.5305
vn -0.7071 -0.0000 0.7071
vn -0.5004 -0.7066 0.5004
vn 0.5134 -0.6877 -0.5134
vn 0.5556 -0.0000 -0.8315
vn 0.6765 0.2912 -0.6765
vn 0.5315 0.2912 -0.7954
vn 0.4033 0.6877 -0.6036
vn 0.0209 0.9996 -0.0209
vn -0.3931 0.7066 0.5884
vn -0.6752 0.2969 0.6752
vn -0.5305 0.2969 0.7940
vn -0.5556 -0.0000 0.8315
vn -0.6752 -0.2969 0.6752
vn -0.3931 -0.7066 0.5884
vn 0.0209 -0.9996 -0.0209
vn 0.0164 -0.9996 -0.0245
vn 0.4033 -0.6877 -0.6036
vn 0.6765 -0.2912 -0.6765
vn 0.3661 0.2912 -0.8839
vn 0.2778 0.6877 -0.6707
vn 0.0164 0.9996 -0.0245
vn -0.2708 0.7066 0.6537
vn -0.3654 0.2969 0.8822
vn -0.3827 -0.0000 0.9239
vn -0.5305 -0.2969 0.7940
vn -0.3654 -0.2969 0.8822
vn -0.2708 -0.7066 0.6537
vn 0.0113 -0.9996 -0.0273
vn 0.3661 -0.2912 -0.8839
vn 0.5315 -0.2912 -0.7954
vn 0.3827 0.0000 -0.9239
vn 0.1866 0.2912 -0.9383
vn 0.1416 0.6877 -0.7120
vn 0.0113 0.9996 -0.0273
vn 0.0058 0.9996 -0.0289
vn -0.1380 0.7066 0.6940
vn -0.1863 0.2969 0.9366
vn -0.1863 -0.2969 0.9366
vn -0.1380 -0.7066 0.6940
vn 0.0058 -0.9996 -0.0289
vn 0.2778 -0.6877 -0.6707
vn 0.1416 -0.6877 -0.7120
vn 0.1866 -0.2912 -0.9383
vn 0.0000 0.0000 -1.0000
vn 0.1951 -0.0000 -0.9808
vn -0.0000 0.2912 -0.9567
vn -0.0000 0.6877 -0.7260
vn -0.0000 0.9996 -0.0295
vn -0.0000 0.7066 0.7076
vn -0.0000 0.2969 0.9549
vn -0.1951 0.0000 0.9808
vn 0.0000 0.0000 1.0000
vn 0.0000 -0.2969 0.9549
vn 0.0000 -0.7066 0.7076
vn 0.0000 -0.9996 -0.0295
vn -0.0000 -0.6877 -0.7260
vn -0.1951 0.0000 -0.9808
vn -0.1416 0.6877 -0.7120
vn -0.0058 0.9996 -0.0289
vn 0.1380 0.7066 0.6940
vn 0.1863 0.2969 0.9366
vn 0.1951 -0.0000 0.9808
vn 0.1863 -0.2969 0.9366
vn 0.1380 -0.7066 0.6940
vn -0.1416 -0.6877 -0.7120
vn -0.0000 -0.2912 -0.9567
vn -0.1866 -0.2912 -0.9383
vn -0.3827 0.0000 -0.9239
vn -0.1866 0.2912 -0.9383
vn -0.2778 0.6877 -0.6707
vn -0.0113 0.9996 -0.0273
vn 0.2708 0.7066 0.6537
vn 0.3827 0.0000 0.9239
vn 0.3654 -0.2969 0.8822
vn -0.0113 -0.9996 -0.0273
vn -0.0058 -0.9996 -0.0289
vn -0.2778 -0.6877 -0.6707
vn -0.3661 -0.2912 -0.8839
vn -0.5315 0.2912 -0.7954
vn -0.3661 0.2912 -0.8839
vn -0.4033 0.6877 -0.6036
vn -0.0164 0.9996 -0.0245
vn 0.3931 0.7066 0.5884
vn 0.3654 0.2969 0.8822
vn 0.5305 0.2969 0.7940
vn 0.5556 0.0000 0.8315
vn 0.5305 -0.2969 0.7940
vn 0.2708 -0.7066 0.6537
vn -0.0164 -0.9996 -0.0245
vn -0.5315 -0.2912 -0.7954
vn -0.7071 0.0000 -0.7071
vn -0.5556 0.0000 -0.8315
vn -0.6765 0.2912 -0.6765
vn -0.0209 0.9996 -0.0209
vn 0.6752 0.2969 0.6752
vn 0.7071 0.0000 0.7071
vn 0.6752 -0.2969 0.6752
vn 0.3931 -0.7066 0.5884
vn -0.0209 -0.9996 -0.0209
vn -0.4033 -0.6877 -0.6036
vn -0.6765 -0.2912 -0.6765
vn -0.7954 0.2912 -0.5315
vn -0.6036 0.6877 -0.4033
vn -0.5134 0.6877 -0.5134
vn -0.0245 0.9996 -0.0164
vn 0.5004 0.7066 0.5004
vn 0.5884 0.7066 0.3931
vn 0.7940 0.2969 0.5305
vn 0.8315 -0.0000 0.5556
vn 0.7940 -0.2969 0.5305
vn 0.5004 -0.7066 0.5004
vn 0.5884 -0.7066 0.3931
vn -0.0245 -0.9996 -0.0164
vn -0.5134 -0.6877 -0.5134
vn -0.6036 -0.6877 -0.4033
vn -0.7954 -0.2912 -0.5315
vn -0.9239 0.0000 -0.3827
vn -0.8315 0.0000 -0.5556
vn -0.6707 0.6877 -0.2778
vn 0.6537 0.7066 0.2708
vn 0.8822 0.2969 0.3654
vn 0.9239 0.0000 0.3827
vn 0.8822 -0.2969 0.3654
vn 0.6537 -0.7066 0.2708
vn -0.0273 -0.9996 -0.0113
vn -0.8839 -0.2912 -0.3661
vn -0.9808 0.0000 -0.1951
vn -0.8839 0.2912 -0.3661
vn -0.9383 0.2912 -0.1866
vn -0.7120 0.6877 -0.1416
vn -0.0273 0.9996 -0.0113
vn -0.0289 0.9996 -0.0058
vn 0.9366 0.2969 0.1863
vn 0.9808 0.0000 0.1951
vn 0.9366 -0.2969 0.1863
vn 0.6940 -0.7066 0.1380
vn -0.7120 -0.6877 -0.1416
vn -0.6707 -0.6877 -0.2778
vn -0.9567 0.2912 -0.0000
vn -0.7260 0.6877 -0.0000
vn 0.7076 0.7066 0.0000
vn 0.6940 0.7066 0.1380
vn 0.9549 0.2969 0.0000
vn 0.7076 -0.7066 -0.0000
vn -0.0295 -0.9996 0.0000
vn -0.0289 -0.9996 -0.0058
vn -0.7260 -0.6877 0.0000
vn -0.9383 -0.2912 -0.1866
vn -0.9567 -0.2912 -0.0000
vn -0.9383 0.2912 0.1866
vn -0.7120 0.6877 0.1416
vn -0.0295 0.9996 -0.0000
vn -0.0289 0.9996 0.0058
vn 0.9366 0.2969 -0.1863
vn 0.9549 -0.2969 -0.0000
vn 0.6940 -0.7066 -0.1380
vn -0.0289 -0.9996 0.0058
vn -0.7120 -0.6877 0.1416
vn -0.9383 -0.2912 0.1866
vn -0.8839 0.2912 0.3661
vn -0.6707 0.6877 0.2778
vn -0.0273 0.9996 0.0113
vn 0.6940 0.7066 -0.1380
vn 0.8822 0.2969 -0.3654
vn 0.9366 -0.2969 -0.1863
vn 0.8822 -0.2969 -0.3654
vn -0.0273 -0.9996 0.0113
vn -0.6707 -0.6877 0.2778
vn -0.8839 -0.2912 0.3661
vn -0.7954 0.2912 0.5315
vn -0.6036 0.6877 0.4033
vn -0.0245 0.9996 0.0164
vn 0.6537 0.7066 -0.2708
vn 0.5884 0.7066 -0.3931
vn 0.7940 0.2969 -0.5305
vn 0.7940 -0.2969 -0.5305
vn 0.6537 -0.7066 -0.2708
vn 0.5884 -0.7066 -0.3931
vn -0.0245 -0.9996 0.0164
vn -0.6036 -0.6877 0.4033
vn -0.7954 -0.2912 0.5315
vn -0.6765 0.2912 0.6765
vn -0.0209 0.9996 0.0209
vn 0.5004 0.7066 -0.5004
vn 0.6752 -0.2969 -0.6752
vn 0.5004 -0.7066 -0.5004
vn -0.0209 -0.9996 0.0209
vn -0.6765 -0.2912 0.6765
vn -0.4033 0.6877 0.6036
vn -0.5134 0.6877 0.5134
vn 0.3931 0.7066 -0.5884
vn 0.6752 0.2969 -0.6752
vn 0.5305 -0.2969 -0.7940
vn 0.3931 -0.7066 -0.5884
vn -0.4033 -0.6877 0.6036
vn -0.5134 -0.6877 0.5134
vn -0.5315 0.2912 0.7954
vn -0.3661 0.2912 0.8839
vn -0.0113 0.9996 0.0273
vn -0.0164 0.9996 0.0245
vn 0.2708 0.7066 -0.6537
vn 0.3654 0.2969 -0.8822
vn 0.5305 0.2969 -0.7940
vn 0.2708 -0.7066 -0.6537
vn -0.0164 -0.9996 0.0245
vn -0.0113 -0.9996 0.0273
vn -0.3661 -0.2912 0.8839
vn -0.5315 -0.2912 0.7954
vn -0.1866 0.2912 0.9383
vn -0.2778 0.6877 0.6707
vn -0.1416 0.6877 0.7120
vn -0.0058 0.9996 0.0289
vn 0.1380 0.7066 -0.6940
vn 0.1863 0.2969 -0.9366
vn 0.3654 -0.2969 -0.8822
vn 0.1863 -0.2969 -0.9366
vn -0.0058 -0.9996 0.0289
vn -0.1416 -0.6877 0.7120
vn -0.2778 -0.6877 0.6707
vn -0.1866 -0.2912 0.9383
vn -0.0000 0.2912 0.9567
vn -0.0000 0.6877 0.7260
vn -0.0000 0.9996 0.0295
vn 0.0000 0.7066 -0.7076
vn 0.0000 0.2969 -0.9549
vn 0.0000 -0.2969 -0.9549
vn 0.1380 -0.7066 -0.6940
vn 0.0000 -0.7066 -0.7076
vn -0.0000 -0.6877 0.7260
vn -0.0000 -0.2912 0.9567
vn 0.1866 0.2912 0.9383
vn 0.1416 0.6877 0.7120
vn 0.0058 0.9996 0.0289
vn -0.1863 0.2969 -0.9366
vn -0.1863 -0.2969 -0.9366
vn -0.1380 -0.7066 -0.6940
vn 0.0000 -0.9996 0.0295
vn 0.0058 -0.9996 0.0289
vn 0.1416 -0.6877 0.7120
vn 0.1866 -0.2912 0.9383
vn 0.3661 0.2912 0.8839
vn 0.2778 0.6877 0.6707
vn 0.0113 0.9996 0.0273
vn -0.1380 0.7066 -0.6940
vn -0.3654 0.2969 -0.8822
vn -0.3654 -0.2969 -0.8822
vn 0.0113 -0.9996 0.0273
vn 0.2778 -0.6877 0.6707
vn 0.5315 0.2912 0.7954
vn 0.4033 0.6877 0.6036
vn 0.0164 0.9996 0.0245
vn -0.2708 0.7066 -0.6537
vn -0.3931 0.7066 -0.5884
vn -0.5305 0.2969 -0.7940
vn -0.5305 -0.2969 -0.7940
vn -0.2708 -0.7066 -0.6537
vn 0.0164 -0.9996 0.0245
vn 0.4033 -0.6877 0.6036
vn 0.3661 -0.2912 0.8839
vn 0.5315 -0.2912 0.7954
vn 0.6765 0.2912 0.6765
vn 0.5134 0.6877 0.5134
vn 0.0209 0.9996 0.0209
vn -0.6752 0.2969 -0.6752
vn -0.6752 -0.2969 -0.6752
vn -0.3931 -0.7066 -0.5884
vn 0.0209 -0.9996 0.0209
vn 0.5134 -0.6877 0.5134
vn 0.6765 -0.2912 0.6765
vn 0.6036 0.6877 0.4033
vn 0.0245 0.9996 0.0164
vn -0.5004 0.7066 -0.5004
vn -0.5884 0.7066 -0.3931
vn -0.7940 0.2969 -0.5305
vn -0.7940 -0.2969 -0.5305
vn -0.5004 -0.7066 -0.5004
vn -0.5884 -0.7066 -0.3931
vn 0.6036 -0.6877 0.4033
vn 0.7954 -0.2912 0.5315
vn 0.7954 0.2912 0.5315
vn 0.8839 0.2912 0.3661
vn 0.0273 0.9996 0.0113
vn -0.6537 0.7066 -0.2708
vn -0.8822 0.2969 -0.3654
vn -0.8822 -0.2969 -0.3654
vn -0.6537 -0.7066 -0.2708
vn 0.0245 -0.9996 0.0164
vn 0.0273 -0.9996 0.0113
vn 0.6707 -0.6877 0.2778
vn 0.8839 -0.2912 0.3661
vn 0.9383 0.2912 0.1866
vn 0.6707 0.6877 0.2778
vn 0.0289 0.9996 0.0058
vn -0.9366 0.2969 -0.1863
vn -0.9366 -0.2969 -0.1863
vn -0.6940 -0.7066 -0.1380
vn 0.0289 -0.9996 0.0058
vn 0.7120 -0.6877 0.1416
vn 0.9383 -0.2912 0.1866
vn 0.7120 0.6877 0.1416
vn -0.6940 0.7066 -0.1380
s 1
v 0.000003 3.875000 7.875000
v 0.000003 3.875000 7.125000
v -0.088386 3.838389 7.875000
v -0.088386 3.838389 7.125000
v -0.124997 3.750000 7.875000
v -0.124998 3.750000 7.125000
v -0.088386 3.661612 7.875000
v -0.088386 3.661612 7.125000
v 0.000003 3.625000 7.875000
v 0.000002 3.625000 7.125000
v 0.088391 3.661612 7.875000
v 0.088390 3.661612 7.125000
v 0.125003 3.750000 7.875000
v 0.125002 3.750000 7.125000
v 0.088391 3.838389 7.875000
v 0.088391 3.838389 7.125000
v 0.000001 1.124999 7.875000
v 0.000001 1.124999 7.125000
v 0.088390 1.161611 7.875000
v 0.088390 1.161611 7.125000
v 0.125002 1.249999 7.875000
v 0.125002 1.249999 7.125000
v 0.088390 1.338388 7.875000
v 0.088390 1.338388 7.125000
v 0.000002 1.374999 7.875000
v 0.000002 1.374999 7.125000
v -0.088387 1.338388 7.875000
v -0.088387 1.338388 7.125000
v -0.124998 1.249999 7.875000
v -0.124998 1.249999 7.125000
v -0.088387 1.161611 7.875000
v -0.088387 1.161611 7.125000
v 1.375003 2.499999 7.875000
v 1.375002 2.499999 7.125000
v 1.338391 2.588388 7.875000
v 1.338391 2.588388 7.125000
v 1.250003 2.624999 7.875000
v 1.250002 2.624999 7.125000
v 1.161614 2.588388 7.875000
v 1.161614 2.588388 7.125000
v 1.125003 2.499999 7.875000
v 1.125002 2.499999 7.125000
v 1.161614 2.411611 7.875000
v 1.161614 2.411611 7.125000
v 1.250003 2.374999 7.875000
v 1.250002 2.374999 7.125000
v 1.338391 2.411611 7.875000
v 1.338391 2.411611 7.125000
v -1.374998 2.500000 7.875000
v -1.374999 2.500000 7.125000
v -1.338387 2.411612 7.875000
v -1.338387 2.411612 7.125000
v -1.249998 2.375000 7.875000
v -1.249999 2.375000 7.125000
v -1.161610 2.411612 7.875000
v -1.161610 2.411612 7.125000
v -1.124998 2.500000 7.875000
v -1.124999 2.500000 7.125000
v -1.161610 2.588389 7.875000
v -1.161610 2.588389 7.125000
v -1.249998 2.625000 7.875000
v -1.249999 2.625000 7.125000
v -1.338387 2.588389 7.875000
v -1.338387 2.588389 7.125000
v 0.687503 3.690785 7.875000
v 0.687503 3.690785 7.125000
v 0.592650 3.703273 7.875000
v 0.592650 3.703273 7.125000
v 0.516749 3.645032 7.875000
v 0.516749 3.645032 7.125000
v 0.504262 3.550179 7.875000
v 0.504262 3.550179 7.125000
v 0.562503 3.474279 7.875000
v 0.562503 3.474279 7.125000
v 0.657355 3.461791 7.875000
v 0.657355 3.461791 7.125000
v 0.733256 3.520032 7.875000
v 0.733256 3.520032 7.125000
v 0.745744 3.614884 7.875000
v 0.745743 3.614884 7.125000
v -0.687499 1.309215 7.875000
v -0.687499 1.309215 7.125000
v -0.592646 1.296727 7.875000
v -0.592646 1.296727 7.125000
v -0.516745 1.354968 7.875000
v -0.516746 1.354968 7.125000
v -0.504258 1.449820 7.875000
v -0.504258 1.449820 7.125000
v -0.562498 1.525721 7.875000
v -0.562499 1.525721 7.125000
v -0.657351 1.538209 7.875000
v -0.657351 1.538209 7.125000
v -0.733252 1.479968 7.875000
v -0.733252 1.479968 7.125000
v -0.745740 1.385116 7.875000
v -0.745740 1.385116 7.125000
v 1.190787 1.812499 7.875000
v 1.190787 1.812499 7.125000
v 1.203274 1.907352 7.875000
v 1.203274 1.907352 7.125000
v 1.145034 1.983252 7.875000
v 1.145033 1.983252 7.125000
v 1.050181 1.995740 7.875000
v 1.050181 1.995740 7.125000
v 0.974281 1.937499 7.875000
v 0.974281 1.937499 7.125000
v 0.961793 1.842647 7.875000
v 0.961793 1.842647 7.125000
v 1.020034 1.766746 7.875000
v 1.020033 1.766746 7.125000
v 1.114886 1.754258 7.875000
v 1.114886 1.754258 7.125000
v -1.190783 3.187501 7.875000
v -1.190783 3.187501 7.125000
v -1.203271 3.092648 7.875000
v -1.203271 3.092648 7.125000
v -1.145030 3.016747 7.875000
v -1.145030 3.016747 7.125000
v -1.050177 3.004260 7.875000
v -1.050178 3.004260 7.125000
v -0.974277 3.062500 7.875000
v -0.974277 3.062500 7.125000
v -0.961789 3.157353 7.875000
v -0.961789 3.157353 7.125000
v -1.020030 3.233254 7.875000
v -1.020030 3.233254 7.125000
v -1.114882 3.245742 7.875000
v -1.114882 3.245742 7.125000
v 1.190788 3.187499 7.875000
v 1.190787 3.187499 7.125000
v 1.114887 3.245740 7.875000
v 1.114887 3.245740 7.125000
v 1.020035 3.233253 7.875000
v 1.020034 3.233253 7.125000
v 0.961794 3.157352 7.875000
v 0.961794 3.157352 7.125000
v 0.974281 3.062500 7.875000
v 0.974281 3.062500 7.125000
v 1.050182 3.004259 7.875000
v 1.050182 3.004259 7.125000
v 1.145035 3.016746 7.875000
v 1.145034 3.016746 7.125000
v 1.203275 3.092647 7.875000
v 1.203275 3.092647 7.125000
v -1.190784 1.812500 7.875000
v -1.190784 1.812500 7.125000
v -1.114883 1.754259 7.875000
v -1.114883 1.754259 7.125000
v -1.020030 1.766747 7.875000
v -1.020030 1.766747 7.125000
v -0.961789 1.842648 7.875000
v -0.961789 1.842648 7.125000
v -0.974277 1.937500 7.875000
v -0.974277 1.937500 7.125000
v -1.050178 1.995741 7.875000
v -1.050178 1.995741 7.125000
v -1.145030 1.983253 7.875000
v -1.145030 1.983253 7.125000
v -1.203271 1.907353 7.875000
v -1.203271 1.907353 7.125000
v 0.687502 1.309214 7.875000
v 0.687502 1.309214 7.125000
v 0.745743 1.385115 7.875000
v 0.745742 1.385115 7.125000
v 0.733255 1.479967 7.875000
v 0.733255 1.479967 7.125000
v 0.657354 1.538208 7.875000
v 0.657354 1.538208 7.125000
v 0.562502 1.525721 7.875000
v 0.562502 1.525721 7.125000
v 0.504261 1.449820 7.875000
v 0.504261 1.449820 7.125000
v 0.516749 1.354967 7.875000
v 0.516749 1.354967 7.125000
v 0.592649 1.296727 7.875000
v 0.592649 1.296727 7.125000
v -0.687497 3.690786 7.875000
v -0.687497 3.690786 7.125000
v -0.745738 3.614885 7.875000
v -0.745738 3.614885 7.125000
v -0.733251 3.520032 7.875000
v -0.733251 3.520032 7.125000
v -0.657350 3.461791 7.875000
v -0.657350 3.461791 7.125000
v -0.562498 3.474279 7.875000
v -0.562498 3.474279 7.125000
v -0.504257 3.550180 7.875000
v -0.504257 3.550180 7.125000
v -0.516745 3.645032 7.875000
v -0.516745 3.645032 7.125000
v -0.592645 3.703273 7.875000
v -0.592646 3.703273 7.125000
vt 0.813224 0.250000
vt 0.817120 0.245896
vt 0.821017 0.250000
vt 0.813235 0.250000
vt 0.812093 0.252902
vt 0.806583 0.247098
vt 0.813224 0.250000
vt 0.817120 0.245896
vt 0.821017 0.250000
vt 0.806583 0.252902
vt 0.806583 0.247098
vt 0.812093 0.247098
vt 0.813224 0.250000
vt 0.817120 0.245896
vt 0.821017 0.250000
vt 0.813235 0.250000
vt 0.812093 0.252902
vt 0.806583 0.247098
vt 0.813224 0.250000
vt 0.817120 0.245896
vt 0.821017 0.250000
vt 0.813235 0.250000
vt 0.812093 0.252902
vt 0.806583 0.247098
vt 0.817120 0.254104
vt 0.813224 0.250000
vt 0.817120 0.245896
vt 0.812093 0.247098
vt 0.813235 0.250000
vt 0.812093 0.252902
vt 0.813224 0.250000
vt 0.817120 0.245896
vt 0.821017 0.250000
vt 0.813235 0.250000
vt 0.812093 0.252902
vt 0.806583 0.247098
vt 0.817120 0.254104
vt 0.813224 0.250000
vt 0.817120 0.245896
vt 0.812093 0.247098
vt 0.813235 0.250000
vt 0.812093 0.252902
vt 0.821017 0.250000
vt 0.817120 0.254104
vt 0.813224 0.250000
vt 0.812093 0.247098
vt 0.813235 0.250000
vt 0.812093 0.252902
vt 0.817120 0.254104
vt 0.813224 0.250000
vt 0.817120 0.245896
vt 0.806583 0.247098
vt 0.812093 0.247098
vt 0.812093 0.252902
vt 0.813224 0.250000
vt 0.817120 0.245896
vt 0.821017 0.250000
vt 0.812093 0.252902
vt 0.806583 0.252902
vt 0.806583 0.247098
vt 0.817120 0.254104
vt 0.813224 0.250000
vt 0.817120 0.245896
vt 0.813235 0.250000
vt 0.812093 0.252902
vt 0.806583 0.247098
vt 0.813224 0.250000
vt 0.817120 0.245896
vt 0.821017 0.250000
vt 0.806583 0.252902
vt 0.806583 0.247098
vt 0.812093 0.247098
vt 0.819875 0.252902
vt 0.817120 0.254104
vt 0.814365 0.252902
vt 0.814365 0.247098
vt 0.819876 0.247098
vt 0.809338 0.254104
vt 0.806583 0.252902
vt 0.805442 0.250000
vt 0.809338 0.245896
vt 0.812093 0.247098
vt 0.819875 0.252902
vt 0.817120 0.254104
vt 0.814365 0.252902
vt 0.814365 0.247098
vt 0.819876 0.247098
vt 0.812093 0.252902
vt 0.809338 0.254104
vt 0.805442 0.250000
vt 0.809338 0.245896
vt 0.813235 0.250000
vt 0.819875 0.252902
vt 0.817120 0.254104
vt 0.814365 0.252902
vt 0.814365 0.247098
vt 0.819876 0.247098
vt 0.809338 0.254104
vt 0.806583 0.252902
vt 0.805442 0.250000
vt 0.809338 0.245896
vt 0.812093 0.247098
vt 0.819875 0.252902
vt 0.817120 0.254104
vt 0.814365 0.252902
vt 0.814365 0.247098
vt 0.819876 0.247098
vt 0.809338 0.254104
vt 0.806583 0.252902
vt 0.805442 0.250000
vt 0.809338 0.245896
vt 0.812093 0.247098
vt 0.821017 0.250000
vt 0.819875 0.252902
vt 0.814365 0.252902
vt 0.814365 0.247098
vt 0.819876 0.247098
vt 0.809338 0.254104
vt 0.806583 0.247098
vt 0.806583 0.252902
vt 0.805442 0.250000
vt 0.809338 0.245896
vt 0.819875 0.252902
vt 0.817120 0.254104
vt 0.814365 0.252902
vt 0.814365 0.247098
vt 0.819876 0.247098
vt 0.809338 0.254104
vt 0.806583 0.252902
vt 0.805442 0.250000
vt 0.809338 0.245896
vt 0.812093 0.247098
vt 0.821017 0.250000
vt 0.819875 0.252902
vt 0.814365 0.252902
vt 0.814365 0.247098
vt 0.819876 0.247098
vt 0.809338 0.254104
vt 0.806583 0.252902
vt 0.805442 0.250000
vt 0.806583 0.247098
vt 0.809338 0.245896
vt 0.819875 0.252902
vt 0.814365 0.252902
vt 0.814365 0.247098
vt 0.817120 0.245896
vt 0.819876 0.247098
vt 0.809338 0.254104
vt 0.806583 0.247098
vt 0.806583 0.252902
vt 0.805442 0.250000
vt 0.809338 0.245896
vt 0.821017 0.250000
vt 0.819875 0.252902
vt 0.814365 0.252902
vt 0.814365 0.247098
vt 0.819876 0.247098
vt 0.809338 0.254104
vt 0.806583 0.252902
vt 0.805442 0.250000
vt 0.809338 0.245896
vt 0.813235 0.250000
vt 0.819875 0.252902
vt 0.817120 0.254104
vt 0.814365 0.252902
vt 0.814365 0.247098
vt 0.819876 0.247098
vt 0.809338 0.254104
vt 0.805442 0.250000
vt 0.809338 0.245896
vt 0.812093 0.247098
vt 0.813235 0.250000
vt 0.821017 0.250000
vt 0.819875 0.252902
vt 0.814365 0.252902
vt 0.814365 0.247098
vt 0.819876 0.247098
vt 0.809338 0.254104
vt 0.806583 0.252902
vt 0.805442 0.250000
vt 0.809338 0.245896
vt 0.812093 0.247098
vt 0.819875 0.252902
vt 0.817120 0.254104
vt 0.814365 0.252902
vt 0.814365 0.247098
vt 0.819876 0.247098
vt 0.812093 0.252902
vt 0.809338 0.254104
vt 0.805442 0.250000
vt 0.809338 0.245896
vt 0.813235 0.250000
vt 0.824903 0.221311
vt 0.828794 0.245902
vt 0.824903 0.245902
vt 0.821012 0.221311
vt 0.821012 0.245902
vt 0.828794 0.221311
vt 0.832685 0.245902
vt 0.832685 0.221311
vt 0.836576 0.245902
vt 0.805447 0.221311
vt 0.809339 0.245902
vt 0.805447 0.245902
vt 0.809339 0.221311
vt 0.813230 0.245902
vt 0.813230 0.221311
vt 0.817121 0.245902
vt 0.817121 0.221311
vt 0.824903 0.221311
vt 0.828794 0.245902
vt 0.824903 0.245902
vt 0.821012 0.221311
vt 0.821012 0.245902
vt 0.828794 0.221311
vt 0.832685 0.245902
vt 0.832685 0.221311
vt 0.836576 0.245902
vt 0.805447 0.221311
vt 0.809339 0.245902
vt 0.805447 0.245902
vt 0.809339 0.221311
vt 0.813230 0.245902
vt 0.813230 0.221311
vt 0.817121 0.245902
vt 0.817121 0.221311
vt 0.824903 0.221311
vt 0.828794 0.245902
vt 0.824903 0.245902
vt 0.821012 0.221311
vt 0.821012 0.245902
vt 0.828794 0.221311
vt 0.832685 0.245902
vt 0.832685 0.221311
vt 0.836576 0.245902
vt 0.805447 0.221311
vt 0.809339 0.245902
vt 0.805447 0.245902
vt 0.809339 0.221311
vt 0.813230 0.245902
vt 0.813230 0.221311
vt 0.817121 0.245902
vt 0.817121 0.221311
vt 0.824903 0.221311
vt 0.828794 0.245902
vt 0.824903 0.245902
vt 0.821012 0.221311
vt 0.821012 0.245902
vt 0.828794 0.221311
vt 0.832685 0.245902
vt 0.832685 0.221311
vt 0.836576 0.245902
vt 0.805447 0.221311
vt 0.809339 0.245902
vt 0.805447 0.245902
vt 0.813230 0.221311
vt 0.813230 0.245902
vt 0.817121 0.245902
vt 0.817121 0.221311
vt 0.824903 0.221311
vt 0.828794 0.245902
vt 0.824903 0.245902
vt 0.821012 0.221311
vt 0.821012 0.245902
vt 0.828794 0.221311
vt 0.832685 0.245902
vt 0.832685 0.221311
vt 0.836576 0.245902
vt 0.805447 0.221311
vt 0.809339 0.245902
vt 0.805447 0.245902
vt 0.809339 0.221311
vt 0.813230 0.245902
vt 0.813230 0.221311
vt 0.817121 0.245902
vt 0.817121 0.221311
vt 0.824903 0.221311
vt 0.828794 0.245902
vt 0.824903 0.245902
vt 0.821012 0.221311
vt 0.821012 0.245902
vt 0.832685 0.221311
vt 0.832685 0.245902
vt 0.836576 0.245902
vt 0.805447 0.221311
vt 0.809339 0.245902
vt 0.805447 0.245902
vt 0.809339 0.221311
vt 0.813230 0.245902
vt 0.817121 0.221311
vt 0.817121 0.245902
vt 0.824903 0.221311
vt 0.828794 0.245902
vt 0.824903 0.245902
vt 0.821012 0.221311
vt 0.821012 0.245902
vt 0.828794 0.221311
vt 0.832685 0.245902
vt 0.832685 0.221311
vt 0.836576 0.245902
vt 0.805447 0.221311
vt 0.809339 0.245902
vt 0.805447 0.245902
vt 0.813230 0.221311
vt 0.813230 0.245902
vt 0.817121 0.245902
vt 0.817121 0.221311
vt 0.824903 0.221311
vt 0.828794 0.245902
vt 0.824903 0.245902
vt 0.821012 0.245902
vt 0.828794 0.221311
vt 0.832685 0.245902
vt 0.836576 0.221311
vt 0.836576 0.245902
vt 0.805447 0.245902
vt 0.809339 0.221311
vt 0.809339 0.245902
vt 0.813230 0.245902
vt 0.813230 0.221311
vt 0.817121 0.245902
vt 0.817121 0.221311
vt 0.824903 0.221311
vt 0.828794 0.245902
vt 0.824903 0.245902
vt 0.821012 0.221311
vt 0.821012 0.245902
vt 0.828794 0.221311
vt 0.832685 0.245902
vt 0.832685 0.221311
vt 0.836576 0.245902
vt 0.805447 0.245902
vt 0.809339 0.221311
vt 0.809339 0.245902
vt 0.813230 0.245902
vt 0.813230 0.221311
vt 0.817121 0.245902
vt 0.817121 0.221311
vt 0.824903 0.221311
vt 0.828794 0.245902
vt 0.824903 0.245902
vt 0.821012 0.245902
vt 0.832685 0.221311
vt 0.832685 0.245902
vt 0.836576 0.221311
vt 0.836576 0.245902
vt 0.805447 0.221311
vt 0.809339 0.245902
vt 0.805447 0.245902
vt 0.809339 0.221311
vt 0.813230 0.245902
vt 0.813230 0.221311
vt 0.817121 0.245902
vt 0.821012 0.221311
vt 0.824903 0.221311
vt 0.828794 0.245902
vt 0.824903 0.245902
vt 0.821012 0.221311
vt 0.821012 0.245902
vt 0.828794 0.221311
vt 0.832685 0.245902
vt 0.832685 0.221311
vt 0.836576 0.245902
vt 0.805447 0.221311
vt 0.809339 0.245902
vt 0.805447 0.245902
vt 0.809339 0.221311
vt 0.813230 0.245902
vt 0.813230 0.221311
vt 0.817121 0.245902
vt 0.817121 0.221311
vt 0.824903 0.221311
vt 0.828794 0.245902
vt 0.824903 0.245902
vt 0.821012 0.221311
vt 0.821012 0.245902
vt 0.832685 0.221311
vt 0.832685 0.245902
vt 0.836576 0.245902
vt 0.805447 0.221311
vt 0.809339 0.245902
vt 0.805447 0.245902
vt 0.809339 0.221311
vt 0.813230 0.245902
vt 0.813230 0.221311
vt 0.817121 0.245902
vt 0.817121 0.221311
vt 0.836576 0.221311
vt 0.836576 0.221311
vt 0.836576 0.221311
vt 0.836576 0.221311
vt 0.809339 0.221311
vt 0.836576 0.221311
vt 0.828794 0.221311
vt 0.836576 0.221311
vt 0.813230 0.221311
vt 0.836576 0.221311
vt 0.809339 0.221311
vt 0.821012 0.221311
vt 0.832685 0.221311
vt 0.805447 0.221311
vt 0.836576 0.221311
vt 0.805447 0.221311
vt 0.828794 0.221311
vt 0.817121 0.221311
vt 0.836576 0.221311
vt 0.828794 0.221311
vt 0.836576 0.221311
vn 0.0000 0.0000 -1.0000
vn 0.0000 0.0000 1.0000
vn -0.7071 0.7071 0.0000
vn -1.0000 0.0000 0.0000
vn 0.0000 1.0000 -0.0000
vn -0.7071 -0.7071 0.0000
vn 0.0000 -1.0000 0.0000
vn 0.7071 -0.7071 -0.0000
vn 1.0000 -0.0000 -0.0000
vn 0.7071 0.7071 -0.0000
vn -0.2588 0.9659 -0.0000
vn -0.8660 0.5000 0.0000
vn 0.5000 0.8660 -0.0000
vn -0.9659 -0.2588 0.0000
vn -0.5000 -0.8660 0.0000
vn 0.2588 -0.9659 0.0000
vn 0.8660 -0.5000 -0.0000
vn 0.9659 0.2588 -0.0000
vn 0.2588 0.9659 0.0000
vn -0.5000 0.8660 0.0000
vn 0.8660 0.5000 -0.0000
vn -0.9659 0.2588 0.0000
vn -0.8660 -0.5000 0.0000
vn -0.2588 -0.9659 -0.0000
vn 0.5000 -0.8660 -0.0000
vn 0.9659 -0.2588 -0.0000
s off
s 1
v -7.875000 3.875000 0.000001
v -7.125000 3.875000 0.000001
v -7.875000 3.838389 -0.088388
v -7.125000 3.838389 -0.088388
v -7.875000 3.750000 -0.124999
v -7.125000 3.750000 -0.124999
v -7.875000 3.661612 -0.088388
v -7.125000 3.661612 -0.088388
v -7.875000 3.625000 0.000001
v -7.125000 3.625000 0.000001
v -7.875000 3.661612 0.088389
v -7.125000 3.661612 0.088389
v -7.875000 3.750000 0.125001
v -7.125000 3.750000 0.125001
v -7.875000 3.838389 0.088389
v -7.125000 3.838389 0.088389
v -7.875000 1.125000 -0.000000
v -7.125000 1.125000 -0.000000
v -7.875000 1.161611 0.088388
v -7.125000 1.161611 0.088388
v -7.875000 1.250000 0.125000
v -7.125000 1.250000 0.125000
v -7.875000 1.338388 0.088388
v -7.125000 1.338388 0.088388
v -7.875000 1.375000 -0.000000
v -7.125000 1.375000 -0.000000
v -7.875000 1.338388 -0.088389
v -7.125000 1.338388 -0.088389
v -7.875000 1.250000 -0.125000
v -7.125000 1.250000 -0.125000
v -7.875000 1.161611 -0.088389
v -7.125000 1.161611 -0.088389
v -7.875000 2.500000 1.375001
v -7.125000 2.500000 1.375001
v -7.875000 2.588388 1.338389
v -7.125000 2.588388 1.338389
v -7.875000 2.625000 1.250001
v -7.125000 2.625000 1.250001
v -7.875000 2.588388 1.161612
v -7.125000 2.588388 1.161612
v -7.875000 2.500000 1.125001
v -7.125000 2.500000 1.125001
v -7.875000 2.411611 1.161612
v -7.125000 2.411611 1.161612
v -7.875000 2.375000 1.250001
v -7.125000 2.375000 1.250001
v -7.875000 2.411611 1.338389
v -7.125000 2.411611 1.338389
v -7.875000 2.500001 -1.375000
v -7.125000 2.500001 -1.375000
v -7.875000 2.411612 -1.338389
v -7.125000 2.411612 -1.338389
v -7.875000 2.375000 -1.250000
v -7.125000 2.375000 -1.250000
v -7.875000 2.411612 -1.161612
v -7.125000 2.411612 -1.161612
v -7.875000 2.500000 -1.125000
v -7.125000 2.500000 -1.125000
v -7.875000 2.588389 -1.161612
v -7.125000 2.588389 -1.161612
v -7.875000 2.625000 -1.250000
v -7.125000 2.625000 -1.250000
v -7.875000 2.588389 -1.338389
v -7.125000 2.588389 -1.338389
v -7.875000 3.690785 0.687501
v -7.125000 3.690785 0.687501
v -7.875000 3.703273 0.592649
v -7.125000 3.703273 0.592649
v -7.875000 3.645032 0.516748
v -7.125000 3.645032 0.516748
v -7.875000 3.550179 0.504260
v -7.125000 3.550179 0.504260
v -7.875000 3.474279 0.562501
v -7.125000 3.474279 0.562501
v -7.875000 3.461791 0.657353
v -7.125000 3.461791 0.657353
v -7.875000 3.520032 0.733254
v -7.125000 3.520032 0.733254
v -7.875000 3.614884 0.745742
v -7.125000 3.614884 0.745742
v -7.875000 1.309215 -0.687500
v -7.125000 1.309215 -0.687500
v -7.875000 1.296727 -0.592648
v -7.125000 1.296727 -0.592648
v -7.875000 1.354968 -0.516747
v -7.125000 1.354968 -0.516747
v -7.875000 1.449821 -0.504260
v -7.125000 1.449821 -0.504260
v -7.875000 1.525721 -0.562500
v -7.125000 1.525721 -0.562500
v -7.875000 1.538209 -0.657353
v -7.125000 1.538209 -0.657353
v -7.875000 1.479968 -0.733254
v -7.125000 1.479968 -0.733254
v -7.875000 1.385116 -0.745741
v -7.125000 1.385116 -0.745741
v -7.875000 1.812499 1.190785
v -7.125000 1.812499 1.190785
v -7.875000 1.907352 1.203273
v -7.125000 1.907352 1.203273
v -7.875000 1.983253 1.145032
v -7.125000 1.983253 1.145032
v -7.875000 1.995740 1.050180
v -7.125000 1.995740 1.050180
v -7.875000 1.937499 0.974279
v -7.125000 1.937499 0.974279
v -7.875000 1.842647 0.961791
v -7.125000 1.842647 0.961791
v -7.875000 1.766746 1.020032
v -7.125000 1.766746 1.020032
v -7.875000 1.754259 1.114885
v -7.125000 1.754259 1.114885
v -7.875000 3.187501 -1.190785
v -7.125000 3.187501 -1.190785
v -7.875000 3.092649 -1.203272
v -7.125000 3.092649 -1.203272
v -7.875000 3.016747 -1.145032
v -7.125000 3.016747 -1.145032
v -7.875000 3.004260 -1.050179
v -7.125000 3.004260 -1.050179
v -7.875000 3.062501 -0.974278
v -7.125000 3.062501 -0.974278
v -7.875000 3.157353 -0.961791
v -7.125000 3.157353 -0.961791
v -7.875000 3.233254 -1.020032
v -7.125000 3.233254 -1.020032
v -7.875000 3.245742 -1.114884
v -7.125000 3.245742 -1.114884
v -7.875000 3.187500 1.190786
v -7.125000 3.187500 1.190786
v -7.875000 3.245741 1.114885
v -7.125000 3.245741 1.114885
v -7.875000 3.233253 1.020033
v -7.125000 3.233253 1.020033
v -7.875000 3.157352 0.961792
v -7.125000 3.157352 0.961792
v -7.875000 3.062500 0.974280
v -7.125000 3.062500 0.974280
v -7.875000 3.004259 1.050180
v -7.125000 3.004259 1.050180
v -7.875000 3.016747 1.145033
v -7.125000 3.016747 1.145033
v -7.875000 3.092648 1.203274
v -7.125000 3.092648 1.203274
v -7.875000 1.812500 -1.190785
v -7.125000 1.812500 -1.190785
v -7.875000 1.754260 -1.114885
v -7.125000 1.754260 -1.114885
v -7.875000 1.766747 -1.020032
v -7.125000 1.766747 -1.020032
v -7.875000 1.842648 -0.961791
v -7.125000 1.842648 -0.961791
v -7.875000 1.937500 -0.974279
v -7.125000 1.937500 -0.974279
v -7.875000 1.995741 -1.050180
v -7.125000 1.995741 -1.050180
v -7.875000 1.983253 -1.145032
v -7.125000 1.983253 -1.145032
v -7.875000 1.907353 -1.203273
v -7.125000 1.907353 -1.203273
v -7.875000 1.309214 0.687500
v -7.125000 1.309214 0.687500
v -7.875000 1.385115 0.745741
v -7.125000 1.385115 0.745741
v -7.875000 1.479968 0.733253
v -7.125000 1.479968 0.733253
v -7.875000 1.538208 0.657353
v -7.125000 1.538208 0.657353
v -7.875000 1.525721 0.562500
v -7.125000 1.525721 0.562500
v -7.875000 1.449820 0.504259
v -7.125000 1.449820 0.504259
v -7.875000 1.354968 0.516747
v -7.125000 1.354968 0.516747
v -7.875000 1.296727 0.592648
v -7.125000 1.296727 0.592648
v -7.875000 3.690786 -0.687499
v -7.125000 3.690786 -0.687499
v -7.875000 3.614885 -0.745740
v -7.125000 3.614885 -0.745740
v -7.875000 3.520032 -0.733253
v -7.125000 3.520032 -0.733253
v -7.875000 3.461792 -0.657352
v -7.125000 3.461792 -0.657352
v -7.875000 3.474279 -0.562499
v -7.125000 3.474279 -0.562499
v -7.875000 3.550180 -0.504259
v -7.125000 3.550180 -0.504259
v -7.875000 3.645033 -0.516746
v -7.125000 3.645033 -0.516746
v -7.875000 3.703274 -0.592647
v -7.125000 3.703274 -0.592647
vt 0.817120 0.254104
vt 0.813224 0.250000
vt 0.817120 0.245896
vt 0.813235 0.250000
vt 0.812093 0.252902
vt 0.806583 0.247098
vt 0.813224 0.250000
vt 0.817120 0.245896
vt 0.821017 0.250000
vt 0.813235 0.250000
vt 0.812093 0.252902
vt 0.806583 0.247098
vt 0.813224 0.250000
vt 0.817120 0.245896
vt 0.821017 0.250000
vt 0.813235 0.250000
vt 0.812093 0.252902
vt 0.806583 0.247098
vt 0.813224 0.250000
vt 0.817120 0.245896
vt 0.821017 0.250000
vt 0.813235 0.250000
vt 0.812093 0.252902
vt 0.806583 0.247098
vt 0.817120 0.254104
vt 0.813224 0.250000
vt 0.817120 0.245896
vt 0.812093 0.247098
vt 0.813235 0.250000
vt 0.812093 0.252902
vt 0.817120 0.254104
vt 0.813224 0.250000
vt 0.817120 0.245896
vt 0.813235 0.250000
vt 0.812093 0.252902
vt 0.806583 0.247098
vt 0.813224 0.250000
vt 0.817120 0.245896
vt 0.821017 0.250000
vt 0.813235 0.250000
vt 0.812093 0.252902
vt 0.806583 0.247098
vt 0.817120 0.254104
vt 0.813224 0.250000
vt 0.817120 0.245896
vt 0.806583 0.252902
vt 0.806583 0.247098
vt 0.812093 0.247098
vt 0.817120 0.254104
vt 0.813224 0.250000
vt 0.817120 0.245896
vt 0.812093 0.247098
vt 0.813235 0.250000
vt 0.812093 0.252902
vt 0.813224 0.250000
vt 0.817120 0.245896
vt 0.821017 0.250000
vt 0.813235 0.250000
vt 0.812093 0.252902
vt 0.806583 0.247098
vt 0.813224 0.250000
vt 0.817120 0.245896
vt 0.821017 0.250000
vt 0.813235 0.250000
vt 0.812093 0.252902
vt 0.806583 0.247098
vt 0.813224 0.250000
vt 0.817120 0.245896
vt 0.821017 0.250000
vt 0.806583 0.252902
vt 0.806583 0.247098
vt 0.812093 0.247098
vt 0.821017 0.250000
vt 0.819875 0.252902
vt 0.814365 0.252902
vt 0.814365 0.247098
vt 0.819876 0.247098
vt 0.809338 0.254104
vt 0.806583 0.252902
vt 0.805442 0.250000
vt 0.809338 0.245896
vt 0.812093 0.247098
vt 0.819875 0.252902
vt 0.817120 0.254104
vt 0.814365 0.252902
vt 0.814365 0.247098
vt 0.819876 0.247098
vt 0.809338 0.254104
vt 0.806583 0.252902
vt 0.805442 0.250000
vt 0.809338 0.245896
vt 0.812093 0.247098
vt 0.819875 0.252902
vt 0.817120 0.254104
vt 0.814365 0.252902
vt 0.814365 0.247098
vt 0.819876 0.247098
vt 0.809338 0.254104
vt 0.806583 0.252902
vt 0.805442 0.250000
vt 0.809338 0.245896
vt 0.812093 0.247098
vt 0.819875 0.252902
vt 0.817120 0.254104
vt 0.814365 0.252902
vt 0.814365 0.247098
vt 0.819876 0.247098
vt 0.809338 0.254104
vt 0.806583 0.252902
vt 0.805442 0.250000
vt 0.809338 0.245896
vt 0.812093 0.247098
vt 0.821017 0.250000
vt 0.819875 0.252902
vt 0.814365 0.252902
vt 0.814365 0.247098
vt 0.819876 0.247098
vt 0.809338 0.254104
vt 0.806583 0.247098
vt 0.806583 0.252902
vt 0.805442 0.250000
vt 0.809338 0.245896
vt 0.821017 0.250000
vt 0.819875 0.252902
vt 0.814365 0.252902
vt 0.814365 0.247098
vt 0.819876 0.247098
vt 0.809338 0.254104
vt 0.806583 0.252902
vt 0.805442 0.250000
vt 0.809338 0.245896
vt 0.812093 0.247098
vt 0.819875 0.252902
vt 0.817120 0.254104
vt 0.814365 0.252902
vt 0.814365 0.247098
vt 0.819876 0.247098
vt 0.809338 0.254104
vt 0.806583 0.252902
vt 0.805442 0.250000
vt 0.809338 0.245896
vt 0.812093 0.247098
vt 0.821017 0.250000
vt 0.819875 0.252902
vt 0.814365 0.252902
vt 0.814365 0.247098
vt 0.819876 0.247098
vt 0.812093 0.252902
vt 0.809338 0.254104
vt 0.805442 0.250000
vt 0.809338 0.245896
vt 0.813235 0.250000
vt 0.821017 0.250000
vt 0.819875 0.252902
vt 0.814365 0.252902
vt 0.814365 0.247098
vt 0.819876 0.247098
vt 0.809338 0.254104
vt 0.806583 0.247098
vt 0.806583 0.252902
vt 0.805442 0.250000
vt 0.809338 0.245896
vt 0.819875 0.252902
vt 0.817120 0.254104
vt 0.814365 0.252902
vt 0.814365 0.247098
vt 0.819876 0.247098
vt 0.809338 0.254104
vt 0.806583 0.252902
vt 0.805442 0.250000
vt 0.809338 0.245896
vt 0.812093 0.247098
vt 0.819875 0.252902
vt 0.817120 0.254104
vt 0.814365 0.252902
vt 0.814365 0.247098
vt 0.819876 0.247098
vt 0.809338 0.254104
vt 0.806583 0.252902
vt 0.805442 0.250000
vt 0.809338 0.245896
vt 0.812093 0.247098
vt 0.819875 0.252902
vt 0.817120 0.254104
vt 0.814365 0.252902
vt 0.814365 0.247098
vt 0.819876 0.247098
vt 0.812093 0.252902
vt 0.809338 0.254104
vt 0.805442 0.250000
vt 0.809338 0.245896
vt 0.813235 0.250000
vt 0.824903 0.221311
vt 0.828794 0.245902
vt 0.824903 0.245902
vt 0.821012 0.221311
vt 0.821012 0.245902
vt 0.828794 0.221311
vt 0.832685 0.245902
vt 0.832685 0.221311
vt 0.836576 0.245902
vt 0.805447 0.221311
vt 0.809339 0.245902
vt 0.805447 0.245902
vt 0.809339 0.221311
vt 0.813230 0.245902
vt 0.813230 0.221311
vt 0.817121 0.245902
vt 0.817121 0.221311
vt 0.824903 0.221311
vt 0.828794 0.245902
vt 0.824903 0.245902
vt 0.821012 0.221311
vt 0.821012 0.245902
vt 0.828794 0.221311
vt 0.832685 0.245902
vt 0.832685 0.221311
vt 0.836576 0.245902
vt 0.805447 0.221311
vt 0.809339 0.245902
vt 0.805447 0.245902
vt 0.809339 0.221311
vt 0.813230 0.245902
vt 0.813230 0.221311
vt 0.817121 0.245902
vt 0.817121 0.221311
vt 0.824903 0.221311
vt 0.828794 0.245902
vt 0.824903 0.245902
vt 0.821012 0.221311
vt 0.821012 0.245902
vt 0.828794 0.221311
vt 0.832685 0.245902
vt 0.832685 0.221311
vt 0.836576 0.245902
vt 0.805447 0.221311
vt 0.809339 0.245902
vt 0.805447 0.245902
vt 0.809339 0.221311
vt 0.813230 0.245902
vt 0.813230 0.221311
vt 0.817121 0.245902
vt 0.817121 0.221311
vt 0.824903 0.221311
vt 0.828794 0.245902
vt 0.824903 0.245902
vt 0.821012 0.221311
vt 0.821012 0.245902
vt 0.828794 0.221311
vt 0.832685 0.245902
vt 0.832685 0.221311
vt 0.836576 0.245902
vt 0.805447 0.221311
vt 0.809339 0.245902
vt 0.805447 0.245902
vt 0.809339 0.221311
vt 0.813230 0.245902
vt 0.813230 0.221311
vt 0.817121 0.245902
vt 0.817121 0.221311
vt 0.824903 0.221311
vt 0.828794 0.245902
vt 0.824903 0.245902
vt 0.821012 0.221311
vt 0.821012 0.245902
vt 0.828794 0.221311
vt 0.832685 0.245902
vt 0.832685 0.221311
vt 0.836576 0.245902
vt 0.805447 0.221311
vt 0.809339 0.245902
vt 0.805447 0.245902
vt 0.809339 0.221311
vt 0.813230 0.245902
vt 0.813230 0.221311
vt 0.817121 0.245902
vt 0.817121 0.221311
vt 0.824903 0.221311
vt 0.828794 0.245902
vt 0.824903 0.245902
vt 0.821012 0.221311
vt 0.821012 0.245902
vt 0.828794 0.221311
vt 0.832685 0.245902
vt 0.832685 0.221311
vt 0.836576 0.245902
vt 0.805447 0.221311
vt 0.809339 0.245902
vt 0.805447 0.245902
vt 0.809339 0.221311
vt 0.813230 0.245902
vt 0.813230 0.221311
vt 0.817121 0.245902
vt 0.817121 0.221311
vt 0.824903 0.221311
vt 0.828794 0.245902
vt 0.824903 0.245902
vt 0.821012 0.221311
vt 0.821012 0.245902
vt 0.828794 0.221311
vt 0.832685 0.245902
vt 0.832685 0.221311
vt 0.836576 0.245902
vt 0.805447 0.221311
vt 0.809339 0.245902
vt 0.805447 0.245902
vt 0.809339 0.221311
vt 0.813230 0.245902
vt 0.813230 0.221311
vt 0.817121 0.245902
vt 0.817121 0.221311
vt 0.824903 0.221311
vt 0.828794 0.245902
vt 0.824903 0.245902
vt 0.821012 0.221311
vt 0.821012 0.245902
vt 0.828794 0.221311
vt 0.832685 0.245902
vt 0.832685 0.221311
vt 0.836576 0.245902
vt 0.805447 0.221311
vt 0.809339 0.245902
vt 0.805447 0.245902
vt 0.809339 0.221311
vt 0.813230 0.245902
vt 0.813230 0.221311
vt 0.817121 0.245902
vt 0.817121 0.221311
vt 0.824903 0.221311
vt 0.828794 0.245902
vt 0.824903 0.245902
vt 0.821012 0.221311
vt 0.821012 0.245902
vt 0.828794 0.221311
vt 0.832685 0.245902
vt 0.832685 0.221311
vt 0.836576 0.245902
vt 0.805447 0.221311
vt 0.809339 0.245902
vt 0.805447 0.245902
vt 0.809339 0.221311
vt 0.813230 0.245902
vt 0.813230 0.221311
vt 0.817121 0.245902
vt 0.817121 0.221311
vt 0.824903 0.221311
vt 0.828794 0.245902
vt 0.824903 0.245902
vt 0.821012 0.221311
vt 0.821012 0.245902
vt 0.828794 0.221311
vt 0.832685 0.245902
vt 0.832685 0.221311
vt 0.836576 0.245902
vt 0.805447 0.221311
vt 0.809339 0.245902
vt 0.805447 0.245902
vt 0.809339 0.221311
vt 0.813230 0.245902
vt 0.813230 0.221311
vt 0.817121 0.245902
vt 0.817121 0.221311
vt 0.824903 0.221311
vt 0.828794 0.245902
vt 0.824903 0.245902
vt 0.821012 0.221311
vt 0.821012 0.245902
vt 0.828794 0.221311
vt 0.832685 0.245902
vt 0.832685 0.221311
vt 0.836576 0.245902
vt 0.805447 0.221311
vt 0.809339 0.245902
vt 0.805447 0.245902
vt 0.809339 0.221311
vt 0.813230 0.245902
vt 0.813230 0.221311
vt 0.817121 0.245902
vt 0.817121 0.221311
vt 0.824903 0.221311
vt 0.828794 0.245902
vt 0.824903 0.245902
vt 0.821012 0.221311
vt 0.821012 0.245902
vt 0.828794 0.221311
vt 0.832685 0.245902
vt 0.832685 0.221311
vt 0.836576 0.245902
vt 0.805447 0.221311
vt 0.809339 0.245902
vt 0.805447 0.245902
vt 0.809339 0.221311
vt 0.813230 0.245902
vt 0.813230 0.221311
vt 0.817121 0.245902
vt 0.817121 0.221311
vt 0.836576 0.221311
vt 0.836576 0.221311
vt 0.836576 0.221311
vt 0.836576 0.221311
vt 0.836576 0.221311
vt 0.836576 0.221311
vt 0.836576 0.221311
vt 0.836576 0.221311
vt 0.836576 0.221311
vt 0.836576 0.221311
vt 0.836576 0.221311
vt 0.836576 0.221311
vn 1.0000 0.0000 0.0000
vn -1.0000 0.0000 0.0000
vn 0.0000 0.7071 -0.7071
vn 0.0000 0.0000 -1.0000
vn 0.0000 1.0000 0.0000
vn 0.0000 -0.7071 -0.7071
vn 0.0000 -1.0000 -0.0000
vn 0.0000 -0.7071 0.7071
vn 0.0000 -0.0000 1.0000
vn 0.0000 0.7071 0.7071
vn 0.0000 0.9659 -0.2588
vn 0.0000 0.5000 -0.8660
vn 0.0000 0.8660 0.5000
vn 0.0000 -0.2588 -0.9659
vn 0.0000 -0.8660 -0.5000
vn 0.0000 -0.9659 0.2588
vn 0.0000 -0.5000 0.8660
vn 0.0000 0.2588 0.9659
vn 0.0000 0.9659 0.2588
vn 0.0000 0.8660 -0.5000
vn 0.0000 0.5000 0.8660
vn 0.0000 0.2588 -0.9659
vn 0.0000 -0.5000 -0.8660
vn 0.0000 -0.9659 -0.2588
vn 0.0000 -0.8660 0.5000
vn 0.0000 -0.2588 0.9659
s off
s 1
v -0.000002 3.875000 -7.875000
v -0.000002 3.875000 -7.125000
v 0.088387 3.838389 -7.875000
v 0.088387 3.838389 -7.125000
v 0.124998 3.750000 -7.875000
v 0.124999 3.750000 -7.125000
v 0.088387 3.661612 -7.875000
v 0.088387 3.661612 -7.125000
v -0.000002 3.625000 -7.875000
v -0.000001 3.625000 -7.125000
v -0.088390 3.661612 -7.875000
v -0.088390 3.661612 -7.125000
v -0.125002 3.750000 -7.875000
v -0.125001 3.750000 -7.125000
v -0.088390 3.838389 -7.875000
v -0.088390 3.838389 -7.125000
v -0.000000 1.124999 -7.875000
v -0.000000 1.124999 -7.125000
v -0.088389 1.161611 -7.875000
v -0.088389 1.161611 -7.125000
v -0.125001 1.249999 -7.875000
v -0.125001 1.249999 -7.125000
v -0.088389 1.338388 -7.875000
v -0.088389 1.338388 -7.125000
v -0.000001 1.374999 -7.875000
v -0.000001 1.374999 -7.125000
v 0.088387 1.338388 -7.875000
v 0.088387 1.338388 -7.125000
v 0.124999 1.249999 -7.875000
v 0.124999 1.249999 -7.125000
v 0.088388 1.161611 -7.875000
v 0.088388 1.161611 -7.125000
v -1.375002 2.499999 -7.875000
v -1.375002 2.499999 -7.125000
v -1.338390 2.588388 -7.875000
v -1.338390 2.588388 -7.125000
v -1.250002 2.624999 -7.875000
v -1.250002 2.624999 -7.125000
v -1.161613 2.588388 -7.875000
v -1.161613 2.588388 -7.125000
v -1.125002 2.499999 -7.875000
v -1.125002 2.499999 -7.125000
v -1.161613 2.411611 -7.875000
v -1.161613 2.411611 -7.125000
v -1.250002 2.374999 -7.875000
v -1.250002 2.374999 -7.125000
v -1.338390 2.411611 -7.875000
v -1.338390 2.411611 -7.125000
v 1.374999 2.500000 -7.875000
v 1.374999 2.500000 -7.125000
v 1.338387 2.411612 -7.875000
v 1.338387 2.411612 -7.125000
v 1.249999 2.375000 -7.875000
v 1.249999 2.375000 -7.125000
v 1.161611 2.411612 -7.875000
v 1.161611 2.411612 -7.125000
v 1.124999 2.500000 -7.875000
v 1.124999 2.500000 -7.125000
v 1.161611 2.588389 -7.875000
v 1.161611 2.588389 -7.125000
v 1.249999 2.625000 -7.875000
v 1.250000 2.625000 -7.125000
v 1.338387 2.588389 -7.875000
v 1.338387 2.588389 -7.125000
v -0.687502 3.690785 -7.875000
v -0.687502 3.690785 -7.125000
v -0.592649 3.703273 -7.875000
v -0.592649 3.703273 -7.125000
v -0.516748 3.645032 -7.875000
v -0.516748 3.645032 -7.125000
v -0.504261 3.550179 -7.875000
v -0.504261 3.550179 -7.125000
v -0.562502 3.474279 -7.875000
v -0.562502 3.474279 -7.125000
v -0.657354 3.461791 -7.875000
v -0.657354 3.461791 -7.125000
v -0.733255 3.520032 -7.875000
v -0.733255 3.520032 -7.125000
v -0.745743 3.614884 -7.875000
v -0.745743 3.614884 -7.125000
v 0.687500 1.309215 -7.875000
v 0.687500 1.309215 -7.125000
v 0.592647 1.296727 -7.875000
v 0.592647 1.296727 -7.125000
v 0.516746 1.354968 -7.875000
v 0.516747 1.354968 -7.125000
v 0.504259 1.449820 -7.875000
v 0.504259 1.449820 -7.125000
v 0.562499 1.525721 -7.875000
v 0.562500 1.525721 -7.125000
v 0.657351 1.538209 -7.875000
v 0.657352 1.538209 -7.125000
v 0.733253 1.479968 -7.875000
v 0.733253 1.479968 -7.125000
v 0.745740 1.385116 -7.875000
v 0.745740 1.385116 -7.125000
v -1.190786 1.812499 -7.875000
v -1.190786 1.812499 -7.125000
v -1.203274 1.907352 -7.875000
v -1.203274 1.907352 -7.125000
v -1.145033 1.983252 -7.875000
v -1.145033 1.983252 -7.125000
v -1.050180 1.995740 -7.875000
v -1.050180 1.995740 -7.125000
v -0.974280 1.937499 -7.875000
v -0.974280 1.937499 -7.125000
v -0.961792 1.842647 -7.875000
v -0.961792 1.842647 -7.125000
v -1.020033 1.766746 -7.875000
v -1.020033 1.766746 -7.125000
v -1.114885 1.754258 -7.875000
v -1.114885 1.754258 -7.125000
v 1.190784 3.187501 -7.875000
v 1.190784 3.187501 -7.125000
v 1.203271 3.092648 -7.875000
v 1.203271 3.092648 -7.125000
v 1.145030 3.016747 -7.875000
v 1.145030 3.016747 -7.125000
v 1.050178 3.004260 -7.875000
v 1.050178 3.004260 -7.125000
v 0.974277 3.062500 -7.875000
v 0.974277 3.062500 -7.125000
v 0.961790 3.157353 -7.875000
v 0.961790 3.157353 -7.125000
v 1.020030 3.233254 -7.875000
v 1.020031 3.233254 -7.125000
v 1.114883 3.245742 -7.875000
v 1.114883 3.245742 -7.125000
v -1.190787 3.187499 -7.875000
v -1.190786 3.187499 -7.125000
v -1.114886 3.245740 -7.875000
v -1.114886 3.245740 -7.125000
v -1.020034 3.233253 -7.875000
v -1.020034 3.233253 -7.125000
v -0.961793 3.157352 -7.875000
v -0.961793 3.157352 -7.125000
v -0.974280 3.062500 -7.875000
v -0.974280 3.062500 -7.125000
v -1.050181 3.004259 -7.875000
v -1.050181 3.004259 -7.125000
v -1.145034 3.016746 -7.875000
v -1.145034 3.016746 -7.125000
v -1.203275 3.092647 -7.875000
v -1.203275 3.092647 -7.125000
v 1.190784 1.812500 -7.875000
v 1.190784 1.812500 -7.125000
v 1.114883 1.754259 -7.875000
v 1.114884 1.754259 -7.125000
v 1.020031 1.766747 -7.875000
v 1.020031 1.766747 -7.125000
v 0.961790 1.842648 -7.875000
v 0.961790 1.842648 -7.125000
v 0.974278 1.937500 -7.875000
v 0.974278 1.937500 -7.125000
v 1.050179 1.995741 -7.875000
v 1.050179 1.995741 -7.125000
v 1.145031 1.983253 -7.875000
v 1.145031 1.983253 -7.125000
v 1.203272 1.907353 -7.875000
v 1.203272 1.907353 -7.125000
v -0.687501 1.309214 -7.875000
v -0.687501 1.309214 -7.125000
v -0.745742 1.385115 -7.875000
v -0.745742 1.385115 -7.125000
v -0.733254 1.479967 -7.875000
v -0.733254 1.479967 -7.125000
v -0.657353 1.538208 -7.875000
v -0.657353 1.538208 -7.125000
v -0.562501 1.525721 -7.875000
v -0.562501 1.525721 -7.125000
v -0.504260 1.449820 -7.875000
v -0.504260 1.449820 -7.125000
v -0.516748 1.354967 -7.875000
v -0.516748 1.354967 -7.125000
v -0.592649 1.296727 -7.875000
v -0.592649 1.296727 -7.125000
v 0.687498 3.690786 -7.875000
v 0.687498 3.690786 -7.125000
v 0.745739 3.614885 -7.875000
v 0.745739 3.614885 -7.125000
v 0.733252 3.520032 -7.875000
v 0.733252 3.520032 -7.125000
v 0.657351 3.461791 -7.875000
v 0.657351 3.461791 -7.125000
v 0.562499 3.474279 -7.875000
v 0.562499 3.474279 -7.125000
v 0.504258 3.550180 -7.875000
v 0.504258 3.550180 -7.125000
v 0.516746 3.645032 -7.875000
v 0.516746 3.645032 -7.125000
v 0.592646 3.703273 -7.875000
v 0.592646 3.703273 -7.125000
vt 0.813224 0.250000
vt 0.817120 0.245896
vt 0.821017 0.250000
vt 0.813235 0.250000
vt 0.812093 0.252902
vt 0.806583 0.247098
vt 0.813224 0.250000
vt 0.817120 0.245896
vt 0.821017 0.250000
vt 0.806583 0.252902
vt 0.806583 0.247098
vt 0.812093 0.247098
vt 0.813224 0.250000
vt 0.817120 0.245896
vt 0.821017 0.250000
vt 0.813235 0.250000
vt 0.812093 0.252902
vt 0.806583 0.247098
vt 0.813224 0.250000
vt 0.817120 0.245896
vt 0.821017 0.250000
vt 0.813235 0.250000
vt 0.812093 0.252902
vt 0.806583 0.247098
vt 0.817120 0.254104
vt 0.813224 0.250000
vt 0.817120 0.245896
vt 0.812093 0.247098
vt 0.813235 0.250000
vt 0.812093 0.252902
vt 0.813224 0.250000
vt 0.817120 0.245896
vt 0.821017 0.250000
vt 0.813235 0.250000
vt 0.812093 0.252902
vt 0.806583 0.247098
vt 0.817120 0.254104
vt 0.813224 0.250000
vt 0.817120 0.245896
vt 0.812093 0.247098
vt 0.813235 0.250000
vt 0.812093 0.252902
vt 0.821017 0.250000
vt 0.817120 0.254104
vt 0.813224 0.250000
vt 0.812093 0.247098
vt 0.813235 0.250000
vt 0.812093 0.252902
vt 0.817120 0.254104
vt 0.813224 0.250000
vt 0.817120 0.245896
vt 0.806583 0.247098
vt 0.812093 0.247098
vt 0.812093 0.252902
vt 0.813224 0.250000
vt 0.817120 0.245896
vt 0.821017 0.250000
vt 0.812093 0.252902
vt 0.806583 0.252902
vt 0.806583 0.247098
vt 0.817120 0.254104
vt 0.813224 0.250000
vt 0.817120 0.245896
vt 0.813235 0.250000
vt 0.812093 0.252902
vt 0.806583 0.247098
vt 0.813224 0.250000
vt 0.817120 0.245896
vt 0.821017 0.250000
vt 0.806583 0.252902
vt 0.806583 0.247098
vt 0.812093 0.247098
vt 0.819875 0.252902
vt 0.817120 0.254104
vt 0.814365 0.252902
vt 0.814365 0.247098
vt 0.819876 0.247098
vt 0.809338 0.254104
vt 0.806583 0.252902
vt 0.805442 0.250000
vt 0.809338 0.245896
vt 0.812093 0.247098
vt 0.819875 0.252902
vt 0.817120 0.254104
vt 0.814365 0.252902
vt 0.814365 0.247098
vt 0.819876 0.247098
vt 0.812093 0.252902
vt 0.809338 0.254104
vt 0.805442 0.250000
vt 0.809338 0.245896
vt 0.813235 0.250000
vt 0.819875 0.252902
vt 0.817120 0.254104
vt 0.814365 0.252902
vt 0.814365 0.247098
vt 0.819876 0.247098
vt 0.809338 0.254104
vt 0.806583 0.252902
vt 0.805442 0.250000
vt 0.809338 0.245896
vt 0.812093 0.247098
vt 0.819875 0.252902
vt 0.817120 0.254104
vt 0.814365 0.252902
vt 0.814365 0.247098
vt 0.819876 0.247098
vt 0.809338 0.254104
vt 0.806583 0.252902
vt 0.805442 0.250000
vt 0.809338 0.245896
vt 0.812093 0.247098
vt 0.821017 0.250000
vt 0.819875 0.252902
vt 0.814365 0.252902
vt 0.814365 0.247098
vt 0.819876 0.247098
vt 0.809338 0.254104
vt 0.806583 0.247098
vt 0.806583 0.252902
vt 0.805442 0.250000
vt 0.809338 0.245896
vt 0.819875 0.252902
vt 0.817120 0.254104
vt 0.814365 0.252902
vt 0.814365 0.247098
vt 0.819876 0.247098
vt 0.809338 0.254104
vt 0.806583 0.252902
vt 0.805442 0.250000
vt 0.809338 0.245896
vt 0.812093 0.247098
vt 0.821017 0.250000
vt 0.819875 0.252902
vt 0.814365 0.252902
vt 0.814365 0.247098
vt 0.819876 0.247098
vt 0.809338 0.254104
vt 0.806583 0.252902
vt 0.805442 0.250000
vt 0.806583 0.247098
vt 0.809338 0.245896
vt 0.819875 0.252902
vt 0.814365 0.252902
vt 0.814365 0.247098
vt 0.817120 0.245896
vt 0.819876 0.247098
vt 0.809338 0.254104
vt 0.806583 0.247098
vt 0.806583 0.252902
vt 0.805442 0.250000
vt 0.809338 0.245896
vt 0.821017 0.250000
vt 0.819875 0.252902
vt 0.814365 0.252902
vt 0.814365 0.247098
vt 0.819876 0.247098
vt 0.809338 0.254104
vt 0.806583 0.252902
vt 0.805442 0.250000
vt 0.809338 0.245896
vt 0.813235 0.250000
vt 0.819875 0.252902
vt 0.817120 0.254104
vt 0.814365 0.252902
vt 0.814365 0.247098
vt 0.819876 0.247098
vt 0.809338 0.254104
vt 0.805442 0.250000
vt 0.809338 0.245896
vt 0.812093 0.247098
vt 0.813235 0.250000
vt 0.821017 0.250000
vt 0.819875 0.252902
vt 0.814365 0.252902
vt 0.814365 0.247098
vt 0.819876 0.247098
vt 0.809338 0.254104
vt 0.806583 0.252902
vt 0.805442 0.250000
vt 0.809338 0.245896
vt 0.812093 0.247098
vt 0.819875 0.252902
vt 0.817120 0.254104
vt 0.814365 0.252902
vt 0.814365 0.247098
vt 0.819876 0.247098
vt 0.812093 0.252902
vt 0.809338 0.254104
vt 0.805442 0.250000
vt 0.809338 0.245896
vt 0.813235 0.250000
vt 0.824903 0.221311
vt 0.828794 0.245902
vt 0.824903 0.245902
vt 0.821012 0.221311
vt 0.821012 0.245902
vt 0.828794 0.221311
vt 0.832685 0.245902
vt 0.832685 0.221311
vt 0.836576 0.245902
vt 0.805447 0.221311
vt 0.809339 0.245902
vt 0.805447 0.245902
vt 0.809339 0.221311
vt 0.813230 0.245902
vt 0.813230 0.221311
vt 0.817121 0.245902
vt 0.817121 0.221311
vt 0.824903 0.221311
vt 0.828794 0.245902
vt 0.824903 0.245902
vt 0.821012 0.221311
vt 0.821012 0.245902
vt 0.828794 0.221311
vt 0.832685 0.245902
vt 0.832685 0.221311
vt 0.836576 0.245902
vt 0.805447 0.221311
vt 0.809339 0.245902
vt 0.805447 0.245902
vt 0.809339 0.221311
vt 0.813230 0.245902
vt 0.813230 0.221311
vt 0.817121 0.245902
vt 0.817121 0.221311
vt 0.824903 0.221311
vt 0.828794 0.245902
vt 0.824903 0.245902
vt 0.821012 0.221311
vt 0.821012 0.245902
vt 0.828794 0.221311
vt 0.832685 0.245902
vt 0.832685 0.221311
vt 0.836576 0.245902
vt 0.805447 0.221311
vt 0.809339 0.245902
vt 0.805447 0.245902
vt 0.809339 0.221311
vt 0.813230 0.245902
vt 0.813230 0.221311
vt 0.817121 0.245902
vt 0.817121 0.221311
vt 0.824903 0.221311
vt 0.828794 0.245902
vt 0.824903 0.245902
vt 0.821012 0.221311
vt 0.821012 0.245902
vt 0.828794 0.221311
vt 0.832685 0.245902
vt 0.832685 0.221311
vt 0.836576 0.245902
vt 0.805447 0.221311
vt 0.809339 0.245902
vt 0.805447 0.245902
vt 0.813230 0.221311
vt 0.813230 0.245902
vt 0.817121 0.245902
vt 0.817121 0.221311
vt 0.824903 0.221311
vt 0.828794 0.245902
vt 0.824903 0.245902
vt 0.821012 0.221311
vt 0.821012 0.245902
vt 0.828794 0.221311
vt 0.832685 0.245902
vt 0.832685 0.221311
vt 0.836576 0.245902
vt 0.805447 0.221311
vt 0.809339 0.245902
vt 0.805447 0.245902
vt 0.809339 0.221311
vt 0.813230 0.245902
vt 0.813230 0.221311
vt 0.817121 0.245902
vt 0.817121 0.221311
vt 0.824903 0.221311
vt 0.828794 0.245902
vt 0.824903 0.245902
vt 0.821012 0.221311
vt 0.821012 0.245902
vt 0.832685 0.221311
vt 0.832685 0.245902
vt 0.836576 0.245902
vt 0.805447 0.221311
vt 0.809339 0.245902
vt 0.805447 0.245902
vt 0.809339 0.221311
vt 0.813230 0.245902
vt 0.817121 0.221311
vt 0.817121 0.245902
vt 0.824903 0.221311
vt 0.828794 0.245902
vt 0.824903 0.245902
vt 0.821012 0.221311
vt 0.821012 0.245902
vt 0.828794 0.221311
vt 0.832685 0.245902
vt 0.832685 0.221311
vt 0.836576 0.245902
vt 0.805447 0.221311
vt 0.809339 0.245902
vt 0.805447 0.245902
vt 0.809339 0.221311
vt 0.813230 0.245902
vt 0.813230 0.221311
vt 0.817121 0.245902
vt 0.817121 0.221311
vt 0.824903 0.221311
vt 0.828794 0.245902
vt 0.824903 0.245902
vt 0.821012 0.245902
vt 0.828794 0.221311
vt 0.832685 0.245902
vt 0.832685 0.221311
vt 0.836576 0.245902
vt 0.805447 0.245902
vt 0.809339 0.221311
vt 0.809339 0.245902
vt 0.813230 0.245902
vt 0.813230 0.221311
vt 0.817121 0.245902
vt 0.817121 0.221311
vt 0.824903 0.221311
vt 0.828794 0.245902
vt 0.824903 0.245902
vt 0.821012 0.221311
vt 0.821012 0.245902
vt 0.828794 0.221311
vt 0.832685 0.245902
vt 0.832685 0.221311
vt 0.836576 0.245902
vt 0.805447 0.221311
vt 0.809339 0.245902
vt 0.805447 0.245902
vt 0.809339 0.221311
vt 0.813230 0.245902
vt 0.813230 0.221311
vt 0.817121 0.245902
vt 0.817121 0.221311
vt 0.824903 0.221311
vt 0.828794 0.245902
vt 0.824903 0.245902
vt 0.821012 0.221311
vt 0.821012 0.245902
vt 0.832685 0.221311
vt 0.832685 0.245902
vt 0.836576 0.221311
vt 0.836576 0.245902
vt 0.805447 0.221311
vt 0.809339 0.245902
vt 0.805447 0.245902
vt 0.809339 0.221311
vt 0.813230 0.245902
vt 0.813230 0.221311
vt 0.817121 0.245902
vt 0.824903 0.221311
vt 0.828794 0.245902
vt 0.824903 0.245902
vt 0.821012 0.221311
vt 0.821012 0.245902
vt 0.828794 0.221311
vt 0.832685 0.245902
vt 0.832685 0.221311
vt 0.836576 0.245902
vt 0.805447 0.221311
vt 0.809339 0.245902
vt 0.805447 0.245902
vt 0.809339 0.221311
vt 0.813230 0.245902
vt 0.813230 0.221311
vt 0.817121 0.245902
vt 0.817121 0.221311
vt 0.824903 0.221311
vt 0.828794 0.245902
vt 0.824903 0.245902
vt 0.821012 0.221311
vt 0.821012 0.245902
vt 0.832685 0.221311
vt 0.832685 0.245902
vt 0.836576 0.245902
vt 0.805447 0.221311
vt 0.809339 0.245902
vt 0.805447 0.245902
vt 0.809339 0.221311
vt 0.813230 0.245902
vt 0.813230 0.221311
vt 0.817121 0.245902
vt 0.817121 0.221311
vt 0.836576 0.221311
vt 0.836576 0.221311
vt 0.836576 0.221311
vt 0.836576 0.221311
vt 0.809339 0.221311
vt 0.836576 0.221311
vt 0.828794 0.221311
vt 0.836576 0.221311
vt 0.813230 0.221311
vt 0.836576 0.221311
vt 0.821012 0.221311
vt 0.836576 0.221311
vt 0.805447 0.221311
vt 0.836576 0.221311
vt 0.828794 0.221311
vt 0.817121 0.221311
vt 0.836576 0.221311
vt 0.828794 0.221311
vt 0.836576 0.221311
vn 0.0000 0.0000 1.0000
vn 0.0000 0.0000 -1.0000
vn 0.7071 0.7071 -0.0000
vn 1.0000 0.0000 -0.0000
vn 0.0000 1.0000 0.0000
vn 0.7071 -0.7071 -0.0000
vn -0.0000 -1.0000 0.0000
vn -0.7071 -0.7071 0.0000
vn -1.0000 -0.0000 0.0000
vn -0.7071 0.7071 0.0000
vn 0.2588 0.9659 0.0000
vn 0.8660 0.5000 0.0000
vn -0.5000 0.8660 0.0000
vn 0.9659 -0.2588 0.0000
vn 0.5000 -0.8660 0.0000
vn -0.2588 -0.9659 0.0000
vn -0.8660 -0.5000 0.0000
vn -0.9659 0.2588 0.0000
vn -0.2588 0.9659 0.0000
vn 0.5000 0.8660 0.0000
vn -0.8660 0.5000 0.0000
vn 0.9659 0.2588 0.0000
vn 0.8660 -0.5000 0.0000
vn 0.2588 -0.9659 0.0000
vn -0.5000 -0.8660 0.0000
vn -0.9659 -0.2588 0.0000
s off
s 1
v 7.875000 3.875000 -0.000002
v 7.125000 3.875000 -0.000001
v 7.875000 3.838389 0.088387
v 7.125000 3.838389 0.088387
v 7.875000 3.750000 0.124999
v 7.125000 3.750000 0.124999
v 7.875000 3.661612 0.088387
v 7.125000 3.661612 0.088387
v 7.875000 3.625000 -0.000001
v 7.125000 3.625000 -0.000001
v 7.875000 3.661612 -0.088390
v 7.125000 3.661612 -0.088390
v 7.875000 3.750000 -0.125001
v 7.125000 3.750000 -0.125001
v 7.875000 3.838389 -0.088390
v 7.125000 3.838389 -0.088390
v 7.875000 1.125000 -0.000000
v 7.125000 1.125000 -0.000000
v 7.875000 1.161611 -0.088389
v 7.125000 1.161611 -0.088389
v 7.875000 1.250000 -0.125000
v 7.125000 1.250000 -0.125000
v 7.875000 1.338388 -0.088389
v 7.125000 1.338388 -0.088389
v 7.875000 1.375000 -0.000000
v 7.125000 1.375000 -0.000000
v 7.875000 1.338388 0.088388
v 7.125000 1.338388 0.088388
v 7.875000 1.250000 0.124999
v 7.125000 1.250000 0.125000
v 7.875000 1.161611 0.088388
v 7.125000 1.161611 0.088388
v 7.875000 2.500000 -1.375002
v 7.125000 2.500000 -1.375002
v 7.875000 2.588388 -1.338390
v 7.125000 2.588388 -1.338390
v 7.875000 2.625000 -1.250002
v 7.125000 2.625000 -1.250002
v 7.875000 2.588388 -1.161613
v 7.125000 2.588388 -1.161613
v 7.875000 2.500000 -1.125002
v 7.125000 2.500000 -1.125002
v 7.875000 2.411611 -1.161613
v 7.125000 2.411611 -1.161613
v 7.875000 2.375000 -1.250002
v 7.125000 2.375000 -1.250002
v 7.875000 2.411611 -1.338390
v 7.125000 2.411611 -1.338390
v 7.875000 2.500001 1.374999
v 7.125000 2.500001 1.374999
v 7.875000 2.411612 1.338388
v 7.125000 2.411612 1.338388
v 7.875000 2.375000 1.249999
v 7.125000 2.375000 1.249999
v 7.875000 2.411612 1.161611
v 7.125000 2.411612 1.161611
v 7.875000 2.500000 1.124999
v 7.125000 2.500000 1.124999
v 7.875000 2.588389 1.161611
v 7.125000 2.588389 1.161611
v 7.875000 2.625000 1.250000
v 7.125000 2.625000 1.250000
v 7.875000 2.588389 1.338388
v 7.125000 2.588389 1.338388
v 7.875000 3.690785 -0.687502
v 7.125000 3.690785 -0.687502
v 7.875000 3.703273 -0.592649
v 7.125000 3.703273 -0.592649
v 7.875000 3.645032 -0.516748
v 7.125000 3.645032 -0.516748
v 7.875000 3.550179 -0.504261
v 7.125000 3.550179 -0.504261
v 7.875000 3.474279 -0.562502
v 7.125000 3.474279 -0.562501
v 7.875000 3.461791 -0.657354
v 7.125000 3.461791 -0.657354
v 7.875000 3.520032 -0.733255
v 7.125000 3.520032 -0.733255
v 7.875000 3.614884 -0.745743
v 7.125000 3.614884 -0.745742
v 7.875000 1.309215 0.687500
v 7.125000 1.309215 0.687500
v 7.875000 1.296727 0.592647
v 7.125000 1.296727 0.592648
v 7.875000 1.354968 0.516747
v 7.125000 1.354968 0.516747
v 7.875000 1.449821 0.504259
v 7.125000 1.449821 0.504259
v 7.875000 1.525721 0.562500
v 7.125000 1.525721 0.562500
v 7.875000 1.538209 0.657352
v 7.125000 1.538209 0.657352
v 7.875000 1.479968 0.733253
v 7.125000 1.479968 0.733253
v 7.875000 1.385116 0.745741
v 7.125000 1.385116 0.745741
v 7.875000 1.812499 -1.190786
v 7.125000 1.812499 -1.190786
v 7.875000 1.907352 -1.203274
v 7.125000 1.907352 -1.203274
v 7.875000 1.983253 -1.145033
v 7.125000 1.983253 -1.145033
v 7.875000 1.995740 -1.050181
v 7.125000 1.995740 -1.050181
v 7.875000 1.937499 -0.974280
v 7.125000 1.937499 -0.974280
v 7.875000 1.842647 -0.961792
v 7.125000 1.842647 -0.961792
v 7.875000 1.766746 -1.020033
v 7.125000 1.766746 -1.020033
v 7.875000 1.754259 -1.114885
v 7.125000 1.754259 -1.114885
v 7.875000 3.187501 1.190784
v 7.125000 3.187501 1.190784
v 7.875000 3.092649 1.203272
v 7.125000 3.092649 1.203272
v 7.875000 3.016747 1.145031
v 7.125000 3.016747 1.145031
v 7.875000 3.004260 1.050178
v 7.125000 3.004260 1.050178
v 7.875000 3.062501 0.974278
v 7.125000 3.062501 0.974278
v 7.875000 3.157353 0.961790
v 7.125000 3.157353 0.961790
v 7.875000 3.233254 1.020031
v 7.125000 3.233254 1.020031
v 7.875000 3.245742 1.114883
v 7.125000 3.245742 1.114883
v 7.875000 3.187500 -1.190787
v 7.125000 3.187500 -1.190786
v 7.875000 3.245741 -1.114886
v 7.125000 3.245741 -1.114886
v 7.875000 3.233253 -1.020033
v 7.125000 3.233253 -1.020033
v 7.875000 3.157352 -0.961792
v 7.125000 3.157352 -0.961792
v 7.875000 3.062500 -0.974280
v 7.125000 3.062500 -0.974280
v 7.875000 3.004259 -1.050181
v 7.125000 3.004259 -1.050181
v 7.875000 3.016747 -1.145033
v 7.125000 3.016747 -1.145033
v 7.875000 3.092648 -1.203274
v 7.125000 3.092648 -1.203274
v 7.875000 1.812500 1.190785
v 7.125000 1.812500 1.190785
v 7.875000 1.754260 1.114884
v 7.125000 1.754260 1.114884
v 7.875000 1.766747 1.020031
v 7.125000 1.766747 1.020031
v 7.875000 1.842648 0.961791
v 7.125000 1.842648 0.961791
v 7.875000 1.937500 0.974278
v 7.125000 1.937500 0.974278
v 7.875000 1.995741 1.050179
v 7.125000 1.995741 1.050179
v 7.875000 1.983253 1.145031
v 7.125000 1.983253 1.145031
v 7.875000 1.907353 1.203272
v 7.125000 1.907353 1.203272
v 7.875000 1.309214 -0.687501
v 7.125000 1.309214 -0.687501
v 7.875000 1.385115 -0.745742
v 7.125000 1.385115 -0.745742
v 7.875000 1.479968 -0.733254
v 7.125000 1.479968 -0.733254
v 7.875000 1.538208 -0.657353
v 7.125000 1.538208 -0.657353
v 7.875000 1.525721 -0.562501
v 7.125000 1.525721 -0.562501
v 7.875000 1.449820 -0.504260
v 7.125000 1.449820 -0.504260
v 7.875000 1.354968 -0.516748
v 7.125000 1.354968 -0.516748
v 7.875000 1.296727 -0.592648
v 7.125000 1.296727 -0.592648
v 7.875000 3.690786 0.687499
v 7.125000 3.690786 0.687499
v 7.875000 3.614885 0.745739
v 7.125000 3.614885 0.745740
v 7.875000 3.520032 0.733252
v 7.125000 3.520032 0.733252
v 7.875000 3.461792 0.657351
v 7.125000 3.461792 0.657351
v 7.875000 3.474279 0.562499
v 7.125000 3.474279 0.562499
v 7.875000 3.550180 0.504258
v 7.125000 3.550180 0.504258
v 7.875000 3.645033 0.516746
v 7.125000 3.645033 0.516746
v 7.875000 3.703274 0.592646
v 7.125000 3.703274 0.592646
vt 0.817120 0.254104
vt 0.813224 0.250000
vt 0.817120 0.245896
vt 0.813235 0.250000
vt 0.812093 0.252902
vt 0.806583 0.247098
vt 0.813224 0.250000
vt 0.817120 0.245896
vt 0.821017 0.250000
vt 0.813235 0.250000
vt 0.812093 0.252902
vt 0.806583 0.247098
vt 0.813224 0.250000
vt 0.817120 0.245896
vt 0.821017 0.250000
vt 0.813235 0.250000
vt 0.812093 0.252902
vt 0.806583 0.247098
vt 0.813224 0.250000
vt 0.817120 0.245896
vt 0.821017 0.250000
vt 0.813235 0.250000
vt 0.812093 0.252902
vt 0.806583 0.247098
vt 0.817120 0.254104
vt 0.813224 0.250000
vt 0.817120 0.245896
vt 0.812093 0.247098
vt 0.813235 0.250000
vt 0.812093 0.252902
vt 0.817120 0.254104
vt 0.813224 0.250000
vt 0.817120 0.245896
vt 0.813235 0.250000
vt 0.812093 0.252902
vt 0.806583 0.247098
vt 0.817120 0.254104
vt 0.813224 0.250000
vt 0.817120 0.245896
vt 0.813235 0.250000
vt 0.812093 0.252902
vt 0.806583 0.247098
vt 0.817120 0.254104
vt 0.813224 0.250000
vt 0.817120 0.245896
vt 0.806583 0.252902
vt 0.806583 0.247098
vt 0.812093 0.247098
vt 0.817120 0.254104
vt 0.813224 0.250000
vt 0.817120 0.245896
vt 0.812093 0.247098
vt 0.813235 0.250000
vt 0.812093 0.252902
vt 0.817120 0.254104
vt 0.813224 0.250000
vt 0.817120 0.245896
vt 0.813235 0.250000
vt 0.812093 0.252902
vt 0.806583 0.247098
vt 0.813224 0.250000
vt 0.817120 0.245896
vt 0.821017 0.250000
vt 0.813235 0.250000
vt 0.812093 0.252902
vt 0.806583 0.247098
vt 0.813224 0.250000
vt 0.817120 0.245896
vt 0.821017 0.250000
vt 0.806583 0.252902
vt 0.806583 0.247098
vt 0.812093 0.247098
vt 0.821017 0.250000
vt 0.819875 0.252902
vt 0.814365 0.252902
vt 0.814365 0.247098
vt 0.819876 0.247098
vt 0.809338 0.254104
vt 0.806583 0.252902
vt 0.805442 0.250000
vt 0.809338 0.245896
vt 0.812093 0.247098
vt 0.819875 0.252902
vt 0.817120 0.254104
vt 0.814365 0.252902
vt 0.814365 0.247098
vt 0.819876 0.247098
vt 0.809338 0.254104
vt 0.806583 0.252902
vt 0.805442 0.250000
vt 0.809338 0.245896
vt 0.812093 0.247098
vt 0.819875 0.252902
vt 0.817120 0.254104
vt 0.814365 0.252902
vt 0.814365 0.247098
vt 0.819876 0.247098
vt 0.809338 0.254104
vt 0.806583 0.252902
vt 0.805442 0.250000
vt 0.809338 0.245896
vt 0.812093 0.247098
vt 0.819875 0.252902
vt 0.817120 0.254104
vt 0.814365 0.252902
vt 0.814365 0.247098
vt 0.819876 0.247098
vt 0.809338 0.254104
vt 0.806583 0.252902
vt 0.805442 0.250000
vt 0.809338 0.245896
vt 0.812093 0.247098
vt 0.821017 0.250000
vt 0.819875 0.252902
vt 0.814365 0.252902
vt 0.814365 0.247098
vt 0.819876 0.247098
vt 0.809338 0.254104
vt 0.806583 0.247098
vt 0.806583 0.252902
vt 0.805442 0.250000
vt 0.809338 0.245896
vt 0.821017 0.250000
vt 0.819875 0.252902
vt 0.814365 0.252902
vt 0.814365 0.247098
vt 0.819876 0.247098
vt 0.809338 0.254104
vt 0.806583 0.252902
vt 0.805442 0.250000
vt 0.809338 0.245896
vt 0.812093 0.247098
vt 0.821017 0.250000
vt 0.819875 0.252902
vt 0.814365 0.252902
vt 0.814365 0.247098
vt 0.819876 0.247098
vt 0.809338 0.254104
vt 0.806583 0.252902
vt 0.805442 0.250000
vt 0.809338 0.245896
vt 0.812093 0.247098
vt 0.821017 0.250000
vt 0.819875 0.252902
vt 0.814365 0.252902
vt 0.814365 0.247098
vt 0.819876 0.247098
vt 0.812093 0.252902
vt 0.809338 0.254104
vt 0.805442 0.250000
vt 0.809338 0.245896
vt 0.813235 0.250000
vt 0.821017 0.250000
vt 0.819875 0.252902
vt 0.814365 0.252902
vt 0.814365 0.247098
vt 0.819876 0.247098
vt 0.809338 0.254104
vt 0.806583 0.247098
vt 0.806583 0.252902
vt 0.805442 0.250000
vt 0.809338 0.245896
vt 0.821017 0.250000
vt 0.819875 0.252902
vt 0.814365 0.252902
vt 0.814365 0.247098
vt 0.819876 0.247098
vt 0.809338 0.254104
vt 0.806583 0.252902
vt 0.805442 0.250000
vt 0.809338 0.245896
vt 0.812093 0.247098
vt 0.819875 0.252902
vt 0.817120 0.254104
vt 0.814365 0.252902
vt 0.814365 0.247098
vt 0.819876 0.247098
vt 0.809338 0.254104
vt 0.806583 0.252902
vt 0.805442 0.250000
vt 0.809338 0.245896
vt 0.812093 0.247098
vt 0.819875 0.252902
vt 0.817120 0.254104
vt 0.814365 0.252902
vt 0.814365 0.247098
vt 0.819876 0.247098
vt 0.812093 0.252902
vt 0.809338 0.254104
vt 0.805442 0.250000
vt 0.809338 0.245896
vt 0.813235 0.250000
vt 0.824903 0.221311
vt 0.828794 0.245902
vt 0.824903 0.245902
vt 0.821012 0.221311
vt 0.821012 0.245902
vt 0.828794 0.221311
vt 0.832685 0.245902
vt 0.832685 0.221311
vt 0.836576 0.245902
vt 0.805447 0.221311
vt 0.809339 0.245902
vt 0.805447 0.245902
vt 0.809339 0.221311
vt 0.813230 0.245902
vt 0.813230 0.221311
vt 0.817121 0.245902
vt 0.817121 0.221311
vt 0.824903 0.221311
vt 0.828794 0.245902
vt 0.824903 0.245902
vt 0.821012 0.221311
vt 0.821012 0.245902
vt 0.828794 0.221311
vt 0.832685 0.245902
vt 0.832685 0.221311
vt 0.836576 0.245902
vt 0.805447 0.221311
vt 0.809339 0.245902
vt 0.805447 0.245902
vt 0.809339 0.221311
vt 0.813230 0.245902
vt 0.813230 0.221311
vt 0.817121 0.245902
vt 0.817121 0.221311
vt 0.824903 0.221311
vt 0.828794 0.245902
vt 0.824903 0.245902
vt 0.821012 0.221311
vt 0.821012 0.245902
vt 0.828794 0.221311
vt 0.832685 0.245902
vt 0.832685 0.221311
vt 0.836576 0.245902
vt 0.805447 0.221311
vt 0.809339 0.245902
vt 0.805447 0.245902
vt 0.809339 0.221311
vt 0.813230 0.245902
vt 0.813230 0.221311
vt 0.817121 0.245902
vt 0.817121 0.221311
vt 0.824903 0.221311
vt 0.828794 0.245902
vt 0.824903 0.245902
vt 0.821012 0.221311
vt 0.821012 0.245902
vt 0.828794 0.221311
vt 0.832685 0.245902
vt 0.832685 0.221311
vt 0.836576 0.245902
vt 0.805447 0.221311
vt 0.809339 0.245902
vt 0.805447 0.245902
vt 0.813230 0.221311
vt 0.813230 0.245902
vt 0.817121 0.245902
vt 0.817121 0.221311
vt 0.824903 0.221311
vt 0.828794 0.245902
vt 0.824903 0.245902
vt 0.821012 0.221311
vt 0.821012 0.245902
vt 0.828794 0.221311
vt 0.832685 0.245902
vt 0.832685 0.221311
vt 0.836576 0.245902
vt 0.805447 0.221311
vt 0.809339 0.245902
vt 0.805447 0.245902
vt 0.809339 0.221311
vt 0.813230 0.245902
vt 0.813230 0.221311
vt 0.817121 0.245902
vt 0.817121 0.221311
vt 0.824903 0.221311
vt 0.828794 0.245902
vt 0.824903 0.245902
vt 0.821012 0.221311
vt 0.821012 0.245902
vt 0.828794 0.221311
vt 0.832685 0.245902
vt 0.832685 0.221311
vt 0.836576 0.245902
vt 0.805447 0.221311
vt 0.809339 0.245902
vt 0.805447 0.245902
vt 0.809339 0.221311
vt 0.813230 0.245902
vt 0.813230 0.221311
vt 0.817121 0.245902
vt 0.817121 0.221311
vt 0.824903 0.221311
vt 0.828794 0.245902
vt 0.824903 0.245902
vt 0.821012 0.221311
vt 0.821012 0.245902
vt 0.828794 0.221311
vt 0.832685 0.245902
vt 0.832685 0.221311
vt 0.836576 0.245902
vt 0.805447 0.221311
vt 0.809339 0.245902
vt 0.805447 0.245902
vt 0.809339 0.221311
vt 0.813230 0.245902
vt 0.813230 0.221311
vt 0.817121 0.245902
vt 0.817121 0.221311
vt 0.824903 0.245902
vt 0.828794 0.221311
vt 0.828794 0.245902
vt 0.821012 0.221311
vt 0.821012 0.245902
vt 0.832685 0.245902
vt 0.832685 0.221311
vt 0.836576 0.245902
vt 0.805447 0.221311
vt 0.809339 0.245902
vt 0.805447 0.245902
vt 0.809339 0.221311
vt 0.813230 0.245902
vt 0.813230 0.221311
vt 0.817121 0.245902
vt 0.817121 0.221311
vt 0.824903 0.221311
vt 0.828794 0.245902
vt 0.824903 0.245902
vt 0.821012 0.221311
vt 0.821012 0.245902
vt 0.828794 0.221311
vt 0.832685 0.245902
vt 0.832685 0.221311
vt 0.836576 0.245902
vt 0.805447 0.221311
vt 0.809339 0.245902
vt 0.805447 0.245902
vt 0.809339 0.221311
vt 0.813230 0.245902
vt 0.813230 0.221311
vt 0.817121 0.245902
vt 0.817121 0.221311
vt 0.824903 0.221311
vt 0.828794 0.245902
vt 0.824903 0.245902
vt 0.821012 0.221311
vt 0.821012 0.245902
vt 0.828794 0.221311
vt 0.832685 0.245902
vt 0.832685 0.221311
vt 0.836576 0.245902
vt 0.805447 0.221311
vt 0.809339 0.245902
vt 0.805447 0.245902
vt 0.809339 0.221311
vt 0.813230 0.245902
vt 0.813230 0.221311
vt 0.817121 0.245902
vt 0.817121 0.221311
vt 0.824903 0.221311
vt 0.828794 0.245902
vt 0.824903 0.245902
vt 0.821012 0.221311
vt 0.821012 0.245902
vt 0.828794 0.221311
vt 0.832685 0.245902
vt 0.832685 0.221311
vt 0.836576 0.245902
vt 0.805447 0.221311
vt 0.809339 0.245902
vt 0.805447 0.245902
vt 0.809339 0.221311
vt 0.813230 0.245902
vt 0.813230 0.221311
vt 0.817121 0.245902
vt 0.817121 0.221311
vt 0.824903 0.221311
vt 0.828794 0.245902
vt 0.824903 0.245902
vt 0.821012 0.221311
vt 0.821012 0.245902
vt 0.828794 0.221311
vt 0.832685 0.245902
vt 0.832685 0.221311
vt 0.836576 0.245902
vt 0.805447 0.221311
vt 0.809339 0.245902
vt 0.805447 0.245902
vt 0.809339 0.221311
vt 0.813230 0.245902
vt 0.813230 0.221311
vt 0.817121 0.245902
vt 0.817121 0.221311
vt 0.836576 0.221311
vt 0.836576 0.221311
vt 0.836576 0.221311
vt 0.836576 0.221311
vt 0.809339 0.221311
vt 0.836576 0.221311
vt 0.836576 0.221311
vt 0.836576 0.221311
vt 0.824903 0.221311
vt 0.836576 0.221311
vt 0.836576 0.221311
vt 0.836576 0.221311
vt 0.836576 0.221311
vt 0.836576 0.221311
vn -1.0000 0.0000 0.0000
vn 1.0000 0.0000 0.0000
vn 0.0000 0.7071 0.7071
vn 0.0000 0.0000 1.0000
vn 0.0000 1.0000 -0.0000
vn 0.0000 -0.7071 0.7071
vn 0.0000 -1.0000 0.0000
vn -0.0000 -0.7071 -0.7071
vn -0.0000 -0.0000 -1.0000
vn -0.0000 0.7071 -0.7071
vn 0.0000 0.9659 0.2588
vn 0.0000 0.5000 0.8660
vn -0.0000 0.8660 -0.5000
vn 0.0000 -0.2588 0.9659
vn 0.0000 -0.8660 0.5000
vn -0.0000 -0.9659 -0.2588
vn -0.0000 -0.5000 -0.8660
vn -0.0000 0.2588 -0.9659
vn 0.0000 0.9659 -0.2588
vn 0.0000 0.8660 0.5000
vn -0.0000 0.5000 -0.8660
vn 0.0000 0.2588 0.9659
vn 0.0000 -0.5000 0.8660
vn 0.0000 -0.9659 0.2588
vn 0.0000 -0.8660 -0.5000
vn 0.0000 -0.2588 -0.9659
s off
s 1
v 0.000000 1.000000 -1.500000
v -0.750000 1.000000 -1.299038
v -1.299038 1.000000 -0.750000
v -1.500000 1.000000 -0.000000
v -1.299038 1.000000 0.750000
v -0.750000 1.000000 1.299038
v 0.000000 1.000000 1.500000
v 0.750000 1.000000 1.299038
v 1.299038 1.000000 0.750000
v 1.500000 1.000000 0.000001
v 1.299038 1.000000 -0.749999
v 0.750001 1.000000 -1.299038
v -0.750000 4.000000 -1.299038
v 0.000000 4.000000 -1.500000
v -1.299038 4.000000 -0.750000
v -1.500000 4.000000 -0.000000
v -1.299038 4.000000 0.750000
v -0.750000 4.000000 1.299038
v 0.000000 4.000000 1.500000
v 0.750000 4.000000 1.299038
v 1.299038 4.000000 0.750000
v 1.500000 4.000000 0.000001
v 1.299038 4.000000 -0.749999
v 0.750001 4.000000 -1.299038
v 1.625000 3.875000 -0.250000
v 1.625000 3.875000 0.250000
v 1.625000 1.125000 -0.250000
v 1.625000 1.125000 0.250000
v 1.375000 1.125000 -0.250000
v 1.375000 3.875000 -0.250000
v 1.375000 3.875000 0.250000
v 1.375000 1.125000 0.250000
v -1.375000 1.125000 -0.250000
v -1.375000 3.875000 -0.250000
v -1.375000 3.875000 0.250000
v -1.375000 1.125000 0.250000
v -1.625000 1.125000 -0.250000
v -1.625000 1.125000 0.250000
v -1.625000 3.875000 -0.250000
v -1.625000 3.875000 0.250000
v -0.250000 3.875000 -1.625000
v 0.250000 3.875000 -1.625000
v -0.250000 1.125000 -1.625000
v 0.250000 1.125000 -1.625000
v -0.250000 1.125000 -1.375000
v -0.250000 3.875000 -1.375000
v 0.250000 3.875000 -1.375000
v 0.250000 1.125000 -1.375000
v -0.250000 1.125000 1.375000
v -0.250000 3.875000 1.375000
v 0.250000 3.875000 1.375000
v 0.250000 1.125000 1.375000
v -0.250000 1.125000 1.625000
v 0.250000 1.125000 1.625000
v -0.250000 3.875000 1.625000
v 0.250000 3.875000 1.625000
v 1.282291 3.875000 -1.029006
v 1.532291 3.875000 -0.595994
v 1.282291 1.125000 -1.029006
v 1.532291 1.125000 -0.595994
v 1.065785 1.125000 -0.904006
v 1.065785 3.875000 -0.904006
v 1.315785 3.875000 -0.470994
v 1.315785 1.125000 -0.470994
v -1.315785 1.125000 0.470994
v -1.315785 3.875000 0.470994
v -1.065785 3.875000 0.904007
v -1.065785 1.125000 0.904007
v -1.532291 1.125000 0.595994
v -1.282291 1.125000 1.029007
v -1.532291 3.875000 0.595994
v -1.282291 3.875000 1.029007
v -1.029007 3.875000 -1.282291
v -0.595994 3.875000 -1.532291
v -1.029007 1.125000 -1.282291
v -0.595994 1.125000 -1.532291
v -0.904007 1.125000 -1.065785
v -0.904007 3.875000 -1.065785
v -0.470994 3.875000 -1.315785
v -0.470994 1.125000 -1.315785
v 0.470994 1.125000 1.315785
v 0.470994 3.875000 1.315785
v 0.904007 3.875000 1.065785
v 0.904007 1.125000 1.065785
v 0.595994 1.125000 1.532291
v 1.029007 1.125000 1.282291
v 0.595994 3.875000 1.532291
v 1.029007 3.875000 1.282291
v 0.595994 3.875000 -1.532291
v 1.029006 3.875000 -1.282291
v 0.595994 1.125000 -1.532291
v 1.029006 1.125000 -1.282291
v 0.470994 1.125000 -1.315785
v 0.470994 3.875000 -1.315785
v 0.904006 3.875000 -1.065785
v 0.904006 1.125000 -1.065785
v -0.904006 1.125000 1.065785
v -0.904006 3.875000 1.065785
v -0.470993 3.875000 1.315785
v -0.470993 1.125000 1.315785
v -1.029006 1.125000 1.282291
v -0.595993 1.125000 1.532291
v -1.029006 3.875000 1.282291
v -0.595993 3.875000 1.532291
v -1.532291 3.875000 -0.595993
v -1.282292 3.875000 -1.029006
v -1.532291 1.125000 -0.595993
v -1.282292 1.125000 -1.029006
v -1.315785 1.125000 -0.470993
v -1.315785 3.875000 -0.470993
v -1.065785 3.875000 -0.904006
v -1.065785 1.125000 -0.904006
v 1.065785 1.125000 0.904006
v 1.065785 3.875000 0.904006
v 1.315785 3.875000 0.470993
v 1.315785 1.125000 0.470993
v 1.282292 1.125000 1.029006
v 1.532291 1.125000 0.595993
v 1.282292 3.875000 1.029006
v 1.532291 3.875000 0.595993
vt 0.867702 0.190128
vt 0.797670 0.147541
vt 0.867702 0.104954
vt 0.727629 0.104954
vt 0.774317 0.104954
vt 0.797661 0.147541
vt 0.688716 0.385246
vt 0.704280 0.295082
vt 0.704280 0.385246
vt 0.704280 0.393443
vt 0.680934 0.385246
vt 0.688716 0.295082
vt 0.712062 0.295082
vt 0.688716 0.286885
vt 0.688716 0.286885
vt 0.704280 0.295082
vt 0.688716 0.295082
vt 0.712062 0.295082
vt 0.704280 0.385246
vt 0.680934 0.385246
vt 0.688716 0.385246
vt 0.704280 0.393443
vt 0.688716 0.385246
vt 0.704280 0.295082
vt 0.704280 0.385246
vt 0.704280 0.393443
vt 0.680934 0.385246
vt 0.688716 0.295082
vt 0.712062 0.295082
vt 0.688716 0.286885
vt 0.688716 0.286885
vt 0.704280 0.295082
vt 0.688716 0.295082
vt 0.712062 0.295082
vt 0.704280 0.385246
vt 0.680934 0.385246
vt 0.688716 0.385246
vt 0.704280 0.393443
vt 0.688716 0.385246
vt 0.704280 0.295082
vt 0.704280 0.385246
vt 0.704280 0.393443
vt 0.680934 0.385246
vt 0.688716 0.295082
vt 0.712062 0.295082
vt 0.688716 0.286885
vt 0.688716 0.295082
vt 0.704280 0.286885
vt 0.704280 0.295082
vt 0.712062 0.295082
vt 0.704280 0.385246
vt 0.680934 0.385246
vt 0.688716 0.385246
vt 0.704280 0.393443
vt 0.688716 0.385246
vt 0.704280 0.295082
vt 0.704280 0.385246
vt 0.688716 0.393443
vt 0.680934 0.385246
vt 0.688716 0.295082
vt 0.712062 0.295082
vt 0.688716 0.286885
vt 0.688716 0.286885
vt 0.704280 0.295082
vt 0.688716 0.295082
vt 0.712062 0.295082
vt 0.704280 0.385246
vt 0.680934 0.385246
vt 0.688716 0.385246
vt 0.704280 0.393443
vt 0.688716 0.385246
vt 0.704280 0.295082
vt 0.704280 0.385246
vt 0.704280 0.393443
vt 0.680934 0.385246
vt 0.688716 0.295082
vt 0.712062 0.295082
vt 0.704280 0.286885
vt 0.688716 0.286885
vt 0.704280 0.295082
vt 0.688716 0.295082
vt 0.712062 0.295082
vt 0.704280 0.385246
vt 0.680934 0.385246
vt 0.688716 0.385246
vt 0.688716 0.393443
vt 0.688716 0.385246
vt 0.704280 0.295082
vt 0.704280 0.385246
vt 0.704280 0.393443
vt 0.680934 0.385246
vt 0.688716 0.295082
vt 0.712062 0.295082
vt 0.688716 0.286885
vt 0.688716 0.286885
vt 0.704280 0.295082
vt 0.688716 0.295082
vt 0.712062 0.295082
vt 0.704280 0.385246
vt 0.680934 0.385246
vt 0.688716 0.385246
vt 0.688716 0.393443
vt 0.884791 0.122954
vt 0.891046 0.147541
vt 0.884791 0.172129
vt 0.844358 0.196716
vt 0.821014 0.190128
vt 0.803925 0.172129
vt 0.803925 0.122954
vt 0.821014 0.104954
vt 0.844358 0.098366
vt 0.791406 0.172129
vt 0.774317 0.190128
vt 0.750973 0.196716
vt 0.727629 0.190128
vt 0.710540 0.172129
vt 0.704285 0.147541
vt 0.710540 0.122953
vt 0.750973 0.098366
vt 0.791406 0.122953
vt 0.688716 0.393443
vt 0.680934 0.295082
vt 0.712062 0.385246
vt 0.704280 0.286885
vt 0.704280 0.286885
vt 0.712062 0.385246
vt 0.680934 0.295082
vt 0.688716 0.393443
vt 0.688716 0.393443
vt 0.680934 0.295082
vt 0.712062 0.385246
vt 0.704280 0.286885
vt 0.704280 0.286885
vt 0.712062 0.385246
vt 0.680934 0.295082
vt 0.688716 0.393443
vt 0.688716 0.393443
vt 0.680934 0.295082
vt 0.712062 0.385246
vt 0.704280 0.286885
vt 0.688716 0.286885
vt 0.712062 0.385246
vt 0.680934 0.295082
vt 0.688716 0.393443
vt 0.704280 0.393443
vt 0.680934 0.295082
vt 0.712062 0.385246
vt 0.704280 0.286885
vt 0.704280 0.286885
vt 0.712062 0.385246
vt 0.680934 0.295082
vt 0.688716 0.393443
vt 0.688716 0.393443
vt 0.680934 0.295082
vt 0.712062 0.385246
vt 0.688716 0.286885
vt 0.704280 0.286885
vt 0.712062 0.385246
vt 0.680934 0.295082
vt 0.704280 0.393443
vt 0.688716 0.393443
vt 0.680934 0.295082
vt 0.712062 0.385246
vt 0.704280 0.286885
vt 0.704280 0.286885
vt 0.712062 0.385246
vt 0.680934 0.295082
vt 0.704280 0.393443
vt 0.844358 0.000000
vt 0.821012 0.098361
vt 0.821012 0.000000
vt 0.774319 0.000000
vt 0.750973 0.098361
vt 0.750973 0.000000
vt 0.984436 0.000000
vt 0.961089 0.098361
vt 0.961089 0.000000
vt 0.867704 0.000000
vt 0.844358 0.098361
vt 0.797665 0.000000
vt 0.774319 0.098361
vt 0.727626 0.000000
vt 0.704280 0.098361
vt 0.704280 0.000000
vt 0.891051 0.000000
vt 0.867704 0.098361
vt 0.937743 0.000000
vt 0.914397 0.098361
vt 0.914397 0.000000
vt 0.797665 0.098361
vt 0.727626 0.098361
vt 0.891051 0.098361
vt 0.937743 0.098361
vt 0.984436 0.098361
vn 0.0000 -1.0000 0.0000
vn 0.0000 1.0000 0.0000
vn 1.0000 0.0000 0.0000
vn 0.0000 0.0000 1.0000
vn 0.0000 0.0000 -1.0000
vn -1.0000 0.0000 0.0000
vn 0.8660 0.0000 -0.5000
vn 0.5000 0.0000 0.8660
vn -0.5000 0.0000 -0.8660
vn -0.8660 0.0000 0.5000
vn 0.5000 0.0000 -0.8660
vn 0.8660 0.0000 0.5000
vn -0.8660 0.0000 -0.5000
vn -0.5000 0.0000 0.8660
s off
s 1
o Torus
v -7.500000 4.750000 3.000000
v 7.500000 4.750000 3.000000
v -7.500000 4.750000 -3.000000
v 7.500000 4.750000 -3.000000
v 3.000000 4.750000 7.500000
v 3.000000 4.750000 -7.500000
v -3.000000 4.750000 7.500000
v -3.000000 4.750000 -7.500000
v -2.062500 5.000000 -5.000000
v -2.062500 5.000000 5.000000
v 2.062500 5.000000 -5.000000
v 2.062500 5.000000 5.000000
v 5.000000 5.000000 -2.062500
v -5.000000 5.000000 -2.062500
v 5.000000 5.000000 2.062500
v -5.000000 5.000000 2.062500
v 7.500000 2.500000 -1.500000
v 7.500000 3.250000 -1.299038
v 7.500000 3.799038 -0.750000
v 7.500000 4.000000 0.000000
v 7.500000 3.799038 0.750000
v 7.500000 3.250000 1.299038
v 7.500000 2.500000 1.500000
v 7.500000 1.750000 1.299038
v 7.500000 1.200962 0.750000
v 7.500000 1.000000 0.000001
v 7.500000 1.200961 -0.749999
v 7.500000 1.749999 -1.299038
v 7.250000 3.250000 -1.299038
v 7.250000 2.500000 -1.500000
v 7.250000 3.799038 -0.750000
v 7.250000 4.000000 -0.000000
v 7.250000 3.799038 0.750000
v 7.250000 3.250000 1.299038
v 7.250000 2.500000 1.500000
v 7.250000 1.750000 1.299038
v 7.250000 1.200962 0.750000
v 7.250000 1.000000 0.000000
v 7.250000 1.200961 -0.749999
v 7.250000 1.749999 -1.299038
v 5.500000 4.750000 -0.500000
v 4.750000 4.448558 -0.500000
v 4.200962 3.625000 -0.500000
v 4.000000 2.500000 -0.500000
v 4.200962 1.375000 -0.500000
v 4.750000 0.551443 -0.500000
v 5.500000 0.250000 -0.500000
v 6.250000 0.551443 -0.500000
v 6.799038 1.375000 -0.500000
v 7.000000 2.500000 -0.500000
v 6.799038 3.625000 -0.500000
v 6.250000 4.448556 -0.500000
v 5.500000 4.750000 0.500000
v 4.750000 4.448558 0.500000
v 4.200962 3.625000 0.500000
v 4.000000 2.500000 0.500000
v 4.200962 1.375000 0.500000
v 4.750000 0.551443 0.500000
v 5.500000 0.250000 0.500000
v 6.250000 0.551443 0.500000
v 6.799038 1.375000 0.500000
v 7.000000 2.500000 0.500000
v 6.799038 3.625000 0.500000
v 6.250000 4.448556 0.500000
v 5.500000 4.500000 -0.500000
v 4.875000 4.232051 -0.500000
v 4.417467 3.500000 -0.500000
v 4.250000 2.500000 -0.500000
v 4.417469 1.500000 -0.500000
v 4.875000 0.767950 -0.500000
v 5.500000 0.500000 -0.500000
v 6.125000 0.767949 -0.500000
v 6.582531 1.500000 -0.500000
v 6.750000 2.499999 -0.500000
v 6.582533 3.499999 -0.500000
v 6.125000 4.232050 -0.500000
v 5.500000 4.500000 0.500000
v 4.875000 4.232051 0.500000
v 4.417467 3.500000 0.500000
v 4.250000 2.500000 0.500000
v 4.417469 1.500000 0.500000
v 4.875000 0.767950 0.500000
v 5.500000 0.500000 0.500000
v 6.125000 0.767949 0.500000
v 6.582531 1.500000 0.500000
v 6.750000 2.499999 0.500000
v 6.582533 3.499999 0.500000
v 6.125000 4.232050 0.500000
v 5.500000 4.250000 -0.500000
v 5.000000 4.015544 -0.500000
v 4.633974 3.375000 -0.500000
v 4.500000 2.500000 -0.500000
v 4.633976 1.625000 -0.500000
v 5.000000 0.984455 -0.500000
v 5.500000 0.750000 -0.500000
v 6.000000 0.984455 -0.500000
v 6.366024 1.625000 -0.500000
v 6.500000 2.499999 -0.500000
v 6.366026 3.374999 -0.500000
v 6.000000 4.015544 -0.500000
v 5.500000 4.250000 0.500000
v 5.000000 4.015544 0.500000
v 4.633974 3.375000 0.500000
v 4.500000 2.500000 0.500000
v 4.633976 1.625000 0.500000
v 5.000000 0.984455 0.500000
v 5.500000 0.750000 0.500000
v 6.000000 0.984455 0.500000
v 6.366024 1.625000 0.500000
v 6.500000 2.499999 0.500000
v 6.366026 3.374999 0.500000
v 6.000000 4.015544 0.500000
v 2.858253 1.500000 -5.950639
v 2.941986 2.499999 -6.095671
v 2.858253 3.499999 -5.950640
v 2.629488 4.232050 -5.554406
v 3.183014 4.500000 -4.513140
v 2.870514 4.232051 -3.971874
v 2.641747 3.500000 -3.575639
v 2.558014 2.500000 -3.430608
v 2.641747 1.500000 -3.575640
v 2.870514 0.767950 -3.971874
v 3.183014 0.500000 -4.513140
v 3.495514 0.767949 -5.054405
v 3.724277 1.500000 -5.450639
v 3.808012 2.499999 -5.595671
v 3.724279 3.499999 -5.450640
v 3.495514 4.232050 -5.054406
v 2.316986 4.250000 -5.013140
v 2.066986 4.015544 -4.580127
v 1.883974 3.375000 -4.263139
v 1.816988 2.500000 -4.147114
v 1.883976 1.625000 -4.263140
v 2.066986 0.984455 -4.580127
v 2.316986 0.750000 -5.013140
v 2.566986 0.984455 -5.446152
v 2.750000 1.625000 -5.763139
v 2.816986 2.499999 -5.879165
v 2.750000 3.374999 -5.763140
v 2.566988 4.015544 -5.446153
v 3.183014 4.250000 -4.513140
v 2.933012 4.015544 -4.080127
v 2.750000 3.375000 -3.763139
v 2.683014 2.500000 -3.647114
v 2.750000 1.625000 -3.763140
v 2.933012 0.984455 -4.080127
v 3.183014 0.750000 -4.513140
v 3.433012 0.984455 -4.946152
v 3.616024 1.625000 -5.263139
v 3.683014 2.499999 -5.379165
v 3.616026 3.374999 -5.263140
v 3.433014 4.015544 -4.946153
v -3.430607 2.500000 -2.558012
v -3.575640 3.500000 -2.641747
v -3.971874 4.232051 -2.870512
v -4.513140 4.500000 -3.183013
v -5.554405 4.232050 -2.629488
v -5.950642 3.499999 -2.858253
v -6.095671 2.499999 -2.941987
v -5.950638 1.500000 -2.858253
v -5.554405 0.767949 -2.629487
v -5.013140 0.500000 -2.316987
v -4.471874 0.767950 -2.004487
v -4.075640 1.500000 -1.775722
v -3.930607 2.500000 -1.691987
v -4.075640 3.500000 -1.775721
v -4.471874 4.232051 -2.004487
v -5.013140 4.500000 -2.316987
v -5.162659 4.448556 -3.558013
v -5.638140 3.624999 -3.832532
v -5.812178 2.499999 -3.933012
v -5.638140 1.374999 -3.832531
v -5.162659 0.551443 -3.558012
v -4.513140 0.250000 -3.183013
v -3.863621 0.551443 -2.808012
v -3.388140 1.375000 -2.533494
v -3.214102 2.500000 -2.433012
v -3.388140 3.625000 -2.533494
v -3.863621 4.448557 -2.808012
v -4.513140 4.749999 -3.183013
v -5.662659 4.448556 -2.691988
v -6.138140 3.624999 -2.966506
v -6.312178 2.499999 -3.066987
v -6.138140 1.374999 -2.966506
v -5.662659 0.551443 -2.691987
v -5.013140 0.250000 -2.316987
v -4.363621 0.551443 -1.941987
v -3.888140 1.375000 -1.667468
v -3.714102 2.500000 -1.566987
v -3.888140 3.625000 -1.667468
v -4.363621 4.448557 -1.941987
v -5.013140 4.749999 -2.316987
v -3.433014 4.015544 4.946154
v -3.616026 3.374999 5.263141
v -3.683012 2.499999 5.379166
v -3.616024 1.625000 5.263140
v -3.433012 0.984455 4.946153
v -3.183012 0.750000 4.513140
v -2.933012 0.984455 4.080127
v -2.750000 1.625000 3.763140
v -2.683012 2.500000 3.647114
v -2.750000 3.375000 3.763139
v -2.933012 4.015544 4.080127
v -3.183012 4.250000 4.513140
v -2.566988 4.015544 5.446154
v -2.750000 3.374999 5.763141
v -2.816986 2.499999 5.879166
v -2.750000 1.625000 5.763140
v -2.566986 0.984455 5.446153
v -2.316986 0.750000 5.013140
v -2.066986 0.984455 4.580127
v -1.883976 1.625000 4.263140
v -1.816988 2.500000 4.147114
v -1.883974 3.375000 4.263139
v -2.066986 4.015544 4.580127
v -2.316986 4.250000 5.013140
v -3.495514 4.232050 5.054406
v -3.724279 3.499999 5.450641
v -3.808012 2.499999 5.595672
v -3.724277 1.500000 5.450639
v -3.495512 0.767949 5.054406
v -3.183012 0.500000 4.513140
v -2.870512 0.767950 3.971874
v -2.641747 1.500000 3.575640
v -2.558012 2.500000 3.430608
v -2.641747 3.500000 3.575639
v -2.870512 4.232051 3.971874
v -3.183012 4.500000 4.513140
v -2.629488 4.232050 5.554406
v -2.858253 3.499999 5.950641
v -2.941986 2.499999 6.095672
v -2.858253 1.500000 5.950639
v 0.500000 2.500000 -4.250000
v 0.500000 3.500000 -4.417468
v 0.500000 4.232051 -4.875000
v 0.500000 4.500000 -5.500000
v -0.500000 4.232050 -6.125001
v -0.500000 3.499999 -6.582533
v -0.500000 2.499999 -6.750000
v -0.500000 1.500000 -6.582531
v -0.500000 0.767949 -6.125000
v -0.500000 0.500000 -5.500000
v -0.500000 0.767950 -4.875000
v -0.500000 1.500000 -4.417469
v -0.500000 2.500000 -4.250000
v -0.500000 3.500000 -4.417468
v -0.500000 4.232051 -4.875000
v -0.500000 4.500000 -5.500000
v 0.500000 4.448556 -6.250001
v 0.500000 3.624999 -6.799039
v 0.500000 2.499999 -7.000000
v 0.500000 1.374999 -6.799038
v 0.500000 0.551443 -6.250000
v 0.500000 0.250000 -5.500000
v 0.500000 0.551443 -4.750000
v 0.500000 1.375000 -4.200962
v -2.629486 0.767949 5.554406
v -2.316986 0.500000 5.013140
v -2.004486 0.767950 4.471874
v -1.775723 1.500000 4.075640
v -1.691988 2.500000 3.930608
v -1.775721 3.500000 4.075639
v -2.004488 4.232051 4.471873
v -2.316986 4.500000 5.013140
v -3.558014 4.448556 5.162660
v -3.832531 3.625000 5.638140
v -3.933012 2.500000 5.812178
v -3.832531 1.375000 5.638140
v -3.558012 0.551443 5.162659
v -3.183012 0.250000 4.513140
v -2.808012 0.551443 3.863621
v -2.533493 1.375000 3.388140
v -2.433012 2.500000 3.214102
v -2.533493 3.625000 3.388140
v -2.808012 4.448558 3.863621
v -3.183012 4.750000 4.513140
v -2.691988 4.448556 5.662660
v -2.966505 3.625000 6.138140
v -3.066986 2.500000 6.312178
v -2.966507 1.375000 6.138140
v -2.691986 0.551443 5.662659
v -2.316986 0.250000 5.013140
v -1.941986 0.551443 4.363621
v -1.667469 1.375000 3.888140
v -1.566988 2.500000 3.714102
v -1.667469 3.625000 3.888139
v -1.941988 4.448558 4.363621
v -2.316986 4.750000 5.013140
v 5.013140 4.749999 2.316987
v 4.363621 4.448557 1.941987
v 3.888140 3.625000 1.667468
v 3.714102 2.500000 1.566987
v 3.888140 1.375000 1.667468
v 4.363621 0.551443 1.941987
v 5.013140 0.250000 2.316987
v 5.662659 0.551443 2.691986
v 6.138140 1.374999 2.966505
v 6.312178 2.499999 3.066986
v 6.138140 3.624999 2.966506
v 5.662659 4.448556 2.691988
v 4.513140 4.749999 3.183012
v 3.863621 4.448557 2.808012
v 3.388140 3.625000 2.533494
v 3.214102 2.500000 2.433012
v 3.388140 1.375000 2.533493
v 3.863621 0.551443 2.808012
v 4.513140 0.250000 3.183012
v 5.162659 0.551443 3.558012
v 5.638140 1.374999 3.832530
v 5.812178 2.499999 3.933012
v 5.638140 3.624999 3.832531
v 5.162659 4.448556 3.558013
v 5.013140 4.500000 2.316987
v 4.471874 4.232051 2.004487
v 4.075640 3.500000 1.775720
v 3.930609 2.500000 1.691987
v 4.075642 1.500000 1.775721
v 4.471874 0.767950 2.004487
v 5.013140 0.500000 2.316987
v 5.554405 0.767949 2.629487
v 5.950640 1.500000 2.858253
v 6.095673 2.499999 2.941987
v 5.950642 3.499999 2.858253
v 5.554407 4.232050 2.629487
v 4.513140 4.500000 3.183012
v 3.971874 4.232051 2.870512
v 3.575640 3.500000 2.641746
v 3.430607 2.500000 2.558012
v 3.575642 1.500000 2.641747
v 3.971874 0.767950 2.870512
v 4.513140 0.500000 3.183012
v 5.054405 0.767949 3.495512
v 5.450640 1.500000 3.724277
v 5.595673 2.499999 3.808012
v 5.450642 3.499999 3.724278
v 5.054407 4.232050 3.495513
v 5.013140 4.250000 2.316987
v 4.580128 4.015544 2.066987
v 4.263140 3.374999 1.883974
v 4.147114 2.499999 1.816987
v 4.263140 1.625000 1.883974
v 4.580128 0.984455 2.066987
v 5.013140 0.750000 2.316987
v 5.446152 0.984455 2.566987
v 5.763140 1.625000 2.749999
v 5.879166 2.499999 2.816987
v 5.763142 3.374999 2.750000
v 5.446154 4.015544 2.566987
v 4.513140 4.250000 3.183012
v 4.080128 4.015544 2.933012
v 3.763140 3.374999 2.749999
v 3.647114 2.499999 2.683012
v 3.763140 1.625000 2.750000
v 4.080128 0.984455 2.933012
v 4.513140 0.750000 3.183012
v 4.946152 0.984455 3.433012
v 5.263140 1.625000 3.616024
v 5.379166 2.499999 3.683012
v 5.263140 3.374999 3.616025
v 4.946154 4.015544 3.433012
v -4.946154 4.015544 -3.433013
v -5.263140 3.374999 -3.616026
v -5.379166 2.499999 -3.683013
v -5.263140 1.625000 -3.616025
v -4.946152 0.984455 -3.433012
v -4.513140 0.750000 -3.183013
v -4.080128 0.984455 -2.933012
v -3.763140 1.625000 -2.750000
v -3.647114 2.499999 -2.683012
v -3.763140 3.374999 -2.750000
v -4.080128 4.015544 -2.933012
v -4.513140 4.250000 -3.183013
v -5.446154 4.015544 -2.566988
v -5.763140 3.374999 -2.750000
v -5.879166 2.499999 -2.816987
v -5.763140 1.625000 -2.750000
v 0.500000 2.500000 -4.000000
v 0.500000 3.625000 -4.200962
v 0.500000 4.448557 -4.750000
v 0.500000 4.749999 -5.500000
v -0.500000 4.448556 -6.250001
v -0.500000 3.624999 -6.799039
v -0.500000 2.499999 -7.000000
v -0.500000 1.374999 -6.799038
v -0.500000 0.551443 -6.250000
v -0.500000 0.250000 -5.500000
v -0.500000 0.551443 -4.750000
v -0.500000 1.375000 -4.200962
v -0.500000 2.500000 -4.000000
v -0.500000 3.625000 -4.200962
v -0.500000 4.448557 -4.750000
v -0.500000 4.749999 -5.500000
v -6.000000 4.015544 -0.500000
v -6.366026 3.374999 -0.500000
v -6.500000 2.499999 -0.500000
v -6.366024 1.625000 -0.500000
v -6.000000 0.984455 -0.500000
v -5.500000 0.750000 -0.500000
v -5.000000 0.984455 -0.500000
v -4.633976 1.625000 -0.500000
v -5.446152 0.984455 -2.566987
v -5.013140 0.750000 -2.316987
v -4.580128 0.984455 -2.066987
v -4.263140 1.625000 -1.883975
v -4.147114 2.499999 -1.816987
v -4.263140 3.374999 -1.883974
v -4.580128 4.015544 -2.066987
v -5.013140 4.250000 -2.316987
v -5.054405 4.232050 -3.495513
v -5.450642 3.499999 -3.724279
v -5.595671 2.499999 -3.808012
v -5.450638 1.500000 -3.724278
v -5.054405 0.767949 -3.495513
v -4.513140 0.500000 -3.183013
v -3.971874 0.767950 -2.870512
v -3.575640 1.500000 -2.641747
v -1.775723 1.500000 -4.075641
v -2.004488 0.767950 -4.471874
v -2.316988 0.500000 -5.013140
v -2.629488 0.767949 -5.554406
v -2.858253 1.500000 -5.950639
v -2.941988 2.499999 -6.095671
v -2.858253 3.499999 -5.950641
v -2.629488 4.232050 -5.554406
v -3.183012 4.250000 -4.513140
v -2.933012 4.015544 -4.080127
v -2.750000 3.374999 -3.763139
v -2.683012 2.499999 -3.647114
v -2.750000 1.625000 -3.763140
v -2.933012 0.984455 -4.080127
v -3.183012 0.750000 -4.513140
v -3.433012 0.984455 -4.946152
v -3.616026 1.625000 -5.263139
v -3.683012 2.499999 -5.379165
v -3.616026 3.374999 -5.263140
v -3.433014 4.015544 -4.946153
v -2.316988 4.250000 -5.013140
v -2.066988 4.015544 -4.580127
v -1.883974 3.374999 -4.263139
v -1.816988 2.499999 -4.147114
v -1.883974 1.625000 -4.263140
v -2.066988 0.984455 -4.580127
v -2.316988 0.750000 -5.013140
v -2.566988 0.984455 -5.446152
v -2.750000 1.625000 -5.763139
v -2.816988 2.499999 -5.879165
v -2.750000 3.374999 -5.763140
v -2.566988 4.015544 -5.446153
v -4.500000 2.500000 -0.500000
v -4.633974 3.375000 -0.500000
v -5.000000 4.015544 -0.500000
v -5.500000 4.250000 -0.500000
v -6.000000 4.015544 0.500000
v -6.366026 3.374999 0.500000
v -6.500000 2.499999 0.500000
v -6.366024 1.625000 0.500000
v -6.000000 0.984455 0.500000
v -5.500000 0.750000 0.500000
v -5.000000 0.984455 0.500000
v -4.633976 1.625000 0.500000
v -4.500000 2.500000 0.500000
v -4.633974 3.375000 0.500000
v -5.000000 4.015544 0.500000
v -5.500000 4.250000 0.500000
v -6.125000 4.232050 -0.500000
v -6.582533 3.499999 -0.500000
v -6.750000 2.499999 -0.500000
v -6.582531 1.500000 -0.500000
v -6.125000 0.767949 -0.500000
v -5.500000 0.500000 -0.500000
v -4.875000 0.767950 -0.500000
v -4.417469 1.500000 -0.500000
v 2.566988 4.015544 5.446153
v 2.750000 3.374999 5.763140
v 2.816988 2.499999 5.879165
v 2.750000 1.625000 5.763139
v 2.566988 0.984455 5.446152
v 2.316988 0.750000 5.013140
v 2.066988 0.984455 4.580127
v 1.883976 1.625000 4.263140
v 1.816988 2.499999 4.147114
v 1.883976 3.374999 4.263139
v 2.066988 4.015544 4.580127
v 2.316988 4.250000 5.013140
v 3.433014 4.015544 4.946153
v 3.616026 3.374999 5.263140
v 3.683014 2.499999 5.379165
v 3.616026 1.625000 5.263139
v 3.433014 0.984455 4.946152
v 3.183014 0.750000 4.513140
v 2.933014 0.984455 4.080127
v 2.750000 1.625000 3.763140
v 2.683014 2.499999 3.647114
v 2.750000 3.374999 3.763139
v 2.933014 4.015544 4.080127
v 3.183014 4.250000 4.513140
v 2.629488 4.232050 5.554406
v 2.858253 3.499999 5.950640
v 2.941988 2.499999 6.095671
v 2.858253 1.500000 5.950639
v 2.629488 0.767949 5.554405
v 2.316988 0.500000 5.013140
v 2.004488 0.767950 4.471873
v 1.775723 1.500000 4.075640
v 1.691988 2.500000 3.930608
v 1.775723 3.500000 4.075639
v 2.004488 4.232051 4.471873
v 2.316988 4.500000 5.013140
v 3.495514 4.232050 5.054406
v 3.724279 3.499999 5.450640
v 3.808014 2.499999 5.595671
v 3.724277 1.500000 5.450639
v 3.495514 0.767949 5.054405
v 3.183014 0.500000 4.513140
v 2.870514 0.767950 3.971874
v 2.641747 1.500000 3.575640
v 2.558014 2.500000 3.430608
v 2.641747 3.500000 3.575639
v 2.870514 4.232051 3.971874
v 3.183014 4.500000 4.513140
v 2.691988 4.448556 5.662660
v 2.966507 3.624999 6.138140
v 3.066988 2.499999 6.312178
v 2.966507 1.374999 6.138139
v 2.691988 0.551443 5.662658
v 2.316988 0.250000 5.013140
v 1.941988 0.551443 4.363621
v 1.667469 1.375000 3.888139
v 1.566988 2.500000 3.714101
v 1.667469 3.625000 3.888140
v 1.941988 4.448557 4.363621
v 2.316988 4.749999 5.013140
v 3.558014 4.448556 5.162660
v 3.832533 3.624999 5.638140
v 3.933014 2.499999 5.812177
v 3.832533 1.374999 5.638139
v 3.558014 0.551443 5.162658
v 3.183014 0.250000 4.513140
v 2.808014 0.551443 3.863621
v 2.533493 1.375000 3.388139
v 2.433014 2.500000 3.214101
v 2.533493 3.625000 3.388139
v 2.808014 4.448557 3.863621
v 3.183014 4.749999 4.513140
v -4.513140 4.750000 3.183013
v -3.863621 4.448558 2.808013
v -3.388140 3.625000 2.533494
v -3.214102 2.500000 2.433013
v -3.388140 1.375000 2.533494
v -3.863621 0.551443 2.808013
v -4.513140 0.250000 3.183013
v -5.162659 0.551443 3.558013
v -5.638140 1.375000 3.832532
v -5.812178 2.500000 3.933013
v -5.638140 3.625000 3.832532
v -5.162659 4.448556 3.558013
v -5.013140 4.750000 2.316988
v -4.363621 4.448558 1.941988
v -3.888140 3.625000 1.667468
v -3.714102 2.500000 1.566987
v -3.888140 1.375000 1.667469
v -4.363621 0.551443 1.941988
v -5.013140 0.250000 2.316988
v -5.662659 0.551443 2.691988
v -6.138140 1.375000 2.966507
v -6.312178 2.500000 3.066988
v -6.138140 3.625000 2.966507
v -5.662659 4.448556 2.691988
v -4.513140 4.500000 3.183013
v -3.971874 4.232051 2.870512
v -3.575640 3.500000 2.641747
v -3.430607 2.500000 2.558012
v -3.575640 1.500000 2.641747
v -3.971874 0.767950 2.870513
v -4.513140 0.500000 3.183013
v -5.054405 0.767949 3.495513
v -5.450638 1.500000 3.724278
v -5.595671 2.499999 3.808013
v -5.450640 3.499999 3.724279
v -5.054405 4.232050 3.495513
v -5.013140 4.500000 2.316988
v -4.471874 4.232051 2.004488
v -4.075638 3.500000 1.775721
v -3.930607 2.500000 1.691987
v -4.075640 1.500000 1.775722
v -4.471874 0.767950 2.004488
v -5.013140 0.500000 2.316988
v -5.554405 0.767949 2.629488
v -5.950638 1.500000 2.858253
v -6.095671 2.499999 2.941988
v -5.950640 3.499999 2.858254
v -5.554405 4.232050 2.629488
v -4.513140 4.250000 3.183013
v -4.080128 4.015544 2.933012
v -3.763140 3.375000 2.750000
v -3.647114 2.500000 2.683012
v -3.763140 1.625000 2.750000
v -4.080128 0.984455 2.933013
v -4.513140 0.750000 3.183013
v -4.946152 0.984455 3.433013
v -5.263140 1.625000 3.616025
v -5.379166 2.499999 3.683013
v -5.263140 3.374999 3.616026
v -4.946154 4.015544 3.433013
v -5.013140 4.250000 2.316988
v -4.580128 4.015544 2.066988
v -4.263140 3.375000 1.883975
v -4.147114 2.500000 1.816987
v -4.263140 1.625000 1.883975
v -4.580128 0.984455 2.066988
v -5.013140 0.750000 2.316988
v -5.446152 0.984455 2.566988
v -5.763140 1.625000 2.750000
v -5.879166 2.499999 2.816988
v -5.763140 3.374999 2.750000
v -5.446154 4.015544 2.566988
v -3.183012 4.749999 -4.513140
v -2.808012 4.448557 -3.863621
v -2.533493 3.625000 -3.388140
v -2.433012 2.500000 -3.214102
v -2.533493 1.375000 -3.388140
v -2.808012 0.551443 -3.863621
v -3.183012 0.250000 -4.513140
v -3.558012 0.551443 -5.162658
v -3.832531 1.374999 -5.638139
v -3.933012 2.499999 -5.812178
v -3.832533 3.624999 -5.638140
v -3.558014 4.448556 -5.162660
v -2.316988 4.749999 -5.013140
v -1.941988 4.448557 -4.363621
v -1.667469 3.625000 -3.888140
v -1.566986 2.500000 -3.714101
v -1.667469 1.375000 -3.888140
v -1.941988 0.551443 -4.363621
v -2.316988 0.250000 -5.013140
v -2.691986 0.551443 -5.662658
v -2.966507 1.374999 -6.138139
v -3.066988 2.499999 -6.312178
v -2.966507 3.624999 -6.138140
v -2.691988 4.448556 -5.662660
v -3.183012 4.500000 -4.513140
v -2.870512 4.232051 -3.971874
v -2.641747 3.500000 -3.575639
v -2.558012 2.500000 -3.430608
v -2.641747 1.500000 -3.575640
v -2.870512 0.767950 -3.971874
v -3.183012 0.500000 -4.513140
v -3.495512 0.767949 -5.054406
v -3.724277 1.500000 -5.450639
v -3.808012 2.499999 -5.595671
v -3.724279 3.499999 -5.450641
v -3.495514 4.232050 -5.054406
v -2.316988 4.500000 -5.013140
v -2.004488 4.232051 -4.471874
v -1.775721 3.500000 -4.075640
v -1.691988 2.500000 -3.930608
v 5.446154 4.015544 -2.566988
v 5.763140 3.374999 -2.750000
v 5.879166 2.499999 -2.816987
v 5.763140 1.625000 -2.750000
v 5.446152 0.984455 -2.566987
v 5.013140 0.750000 -2.316987
v 4.580128 0.984455 -2.066987
v 4.263140 1.625000 -1.883975
v -4.250000 2.500000 -0.500000
v -4.417467 3.500000 -0.500000
v -4.875000 4.232051 -0.500000
v -5.500000 4.500000 -0.500000
v -6.125000 4.232050 0.500000
v -6.582533 3.499999 0.500000
v -6.750000 2.499999 0.500000
v -6.582531 1.500000 0.500000
v -6.125000 0.767949 0.500000
v -5.500000 0.500000 0.500000
v -4.875000 0.767950 0.500000
v -4.417469 1.500000 0.500000
v -4.250000 2.500000 0.500000
v -4.417467 3.500000 0.500000
v -4.875000 4.232051 0.500000
v -5.500000 4.500000 0.500000
v -6.250000 4.448556 -0.500000
v -6.799038 3.625000 -0.500000
v -7.000000 2.500000 -0.500000
v -6.799038 1.375000 -0.500000
v -6.250000 0.551443 -0.500000
v -5.500000 0.250000 -0.500000
v -4.750000 0.551443 -0.500000
v -4.200962 1.375000 -0.500000
v 4.147114 2.500000 -1.816987
v 4.263140 3.375000 -1.883974
v 4.580128 4.015544 -2.066987
v 5.013140 4.250000 -2.316987
v 4.946154 4.015544 -3.433013
v 5.263140 3.374999 -3.616025
v 5.379166 2.499999 -3.683012
v 5.263140 1.625000 -3.616025
v 4.946152 0.984455 -3.433012
v 4.513140 0.750000 -3.183012
v 4.080128 0.984455 -2.933012
v 3.763142 1.625000 -2.750000
v 3.647114 2.500000 -2.683012
v 3.763140 3.375000 -2.750000
v 4.080128 4.015544 -2.933012
v 4.513140 4.250000 -3.183012
v 5.554405 4.232050 -2.629488
v 5.950640 3.499999 -2.858253
v 6.095671 2.499999 -2.941987
v 5.950638 1.500000 -2.858253
v 5.554405 0.767949 -2.629487
v 5.013140 0.500000 -2.316987
v 4.471874 0.767950 -2.004487
v 4.075642 1.500000 -1.775722
v 3.930607 2.500000 -1.691987
v 4.075640 3.500000 -1.775721
v 4.471874 4.232051 -2.004487
v 5.013140 4.500000 -2.316987
v 5.054405 4.232050 -3.495513
v 5.450640 3.499999 -3.724279
v 5.595671 2.499999 -3.808012
v 5.450638 1.500000 -3.724278
v 5.054405 0.767949 -3.495512
v 4.513140 0.500000 -3.183012
v 3.971874 0.767950 -2.870512
v 3.575642 1.500000 -2.641747
v 3.430607 2.500000 -2.558012
v 3.575640 3.500000 -2.641746
v 3.971874 4.232051 -2.870512
v 4.513140 4.500000 -3.183012
v 5.662659 4.448556 -2.691988
v 6.138140 3.625000 -2.966506
v 6.312178 2.500000 -3.066987
v 6.138140 1.375000 -2.966506
v 5.662659 0.551443 -2.691987
v 5.013140 0.250000 -2.316988
v 4.363621 0.551443 -1.941987
v 3.888140 1.375000 -1.667468
v -4.000000 2.500000 -0.500000
v -4.200962 3.625000 -0.500000
v -4.750000 4.448558 -0.500000
v -5.500000 4.750000 -0.500000
v -6.250000 4.448556 0.500000
v -6.799038 3.625000 0.500000
v -7.000000 2.500000 0.500000
v -6.799038 1.375000 0.500000
v -6.250000 0.551443 0.500000
v -5.500000 0.250000 0.500000
v -4.750000 0.551443 0.500000
v -4.200962 1.375000 0.500000
v -4.000000 2.500000 0.500000
v -4.200962 3.625000 0.500000
v -4.750000 4.448558 0.500000
v -5.500000 4.750000 0.500000
v 3.714102 2.500000 -1.566987
v 3.888140 3.625000 -1.667468
v 4.363621 4.448558 -1.941987
v 5.013140 4.750000 -2.316987
v 5.162659 4.448556 -3.558013
v 5.638140 3.625000 -3.832532
v 5.812178 2.500000 -3.933012
v 5.638140 1.375000 -3.832531
v 5.162659 0.551443 -3.558012
v 4.513140 0.250000 -3.183012
v 3.863621 0.551443 -2.808012
v 3.388140 1.375000 -2.533494
v 3.214102 2.500000 -2.433012
v 3.388140 3.625000 -2.533494
v 3.863621 4.448558 -2.808012
v 4.513140 4.750000 -3.183012
v 0.500000 4.749999 5.500000
v 0.500000 4.448557 4.750000
v 0.500000 3.625000 4.200962
v 0.500000 2.500000 4.000000
v 0.500000 1.375000 4.200962
v 0.500000 0.551443 4.750000
v 0.500000 0.250000 5.500000
v 0.500000 0.551443 6.250000
v 0.500001 1.374999 6.799038
v 0.500001 2.499999 7.000000
v 0.500000 3.624999 6.799038
v 0.500000 4.448556 6.250001
v -0.500000 4.749999 5.500000
v -0.500000 4.448557 4.750000
v -0.500000 3.625000 4.200962
v -0.500000 2.500000 4.000000
v -0.500000 1.375000 4.200962
v -0.500000 0.551443 4.750000
v -0.500000 0.250000 5.500000
v -0.500000 0.551443 6.250000
v -0.499999 1.374999 6.799038
v -0.500000 2.499999 7.000000
v -0.500000 3.624999 6.799038
v -0.500000 4.448556 6.250001
v 0.500000 4.500000 5.500000
v 0.500000 4.232051 4.875000
v 0.500000 3.500000 4.417468
v 0.500000 2.500000 4.250000
v 0.500000 1.500000 4.417469
v 0.500000 0.767950 4.875000
v 0.500000 0.500000 5.500000
v 0.500000 0.767949 6.125000
v 0.500000 1.500000 6.582531
v 0.500000 2.499999 6.750000
v 0.500000 3.499999 6.582532
v 0.500000 4.232050 6.125001
v -0.500000 4.500000 5.500000
v -0.500000 4.232051 4.875000
v -0.500000 3.500000 4.417468
v -0.500000 2.500000 4.250000
v -0.500000 1.500000 4.417469
v -0.500000 0.767950 4.875000
v -0.500000 0.500000 5.500000
v -0.500000 0.767949 6.125000
v -0.500000 1.500000 6.582531
v -0.500000 2.499999 6.750000
v -0.500000 3.499999 6.582532
v -0.500000 4.232050 6.125001
v 0.500000 4.250000 5.500000
v 0.500000 4.015544 5.000000
v 0.500000 3.374999 4.633974
v 0.500000 2.499999 4.500000
v 0.500000 1.625000 4.633975
v 0.500000 0.984455 5.000000
v 0.500000 0.750000 5.500000
v 0.500000 0.984455 6.000000
v 0.500000 1.625000 6.366025
v 0.500000 2.499999 6.500000
v 0.500000 3.374999 6.366026
v 0.500000 4.015544 6.000001
v -0.500000 4.250000 5.500000
v -0.500000 4.015544 5.000000
v -0.500000 3.374999 4.633974
v -0.500000 2.499999 4.500000
v -0.500000 1.625000 4.633975
v -0.500000 0.984455 5.000000
v -0.500000 0.750000 5.500000
v -0.500000 0.984455 6.000000
v -0.500000 1.625000 6.366025
v -0.500000 2.499999 6.500000
v -0.500000 3.374999 6.366026
v -0.500000 4.015544 6.000001
v 0.500000 4.015544 -6.000001
v 0.500000 3.374999 -6.366026
v 0.500000 2.499999 -6.500000
v 0.500000 1.625000 -6.366025
v 0.500000 0.984455 -6.000000
v 0.500000 0.750000 -5.500000
v 0.500000 0.984455 -5.000000
v 0.500000 1.625000 -4.633975
v 0.500000 2.499999 -4.500000
v 0.500000 3.374999 -4.633974
v 0.500000 4.015544 -5.000000
v 0.500000 4.250000 -5.500000
v -0.500000 4.015544 -6.000001
v -0.500000 3.374999 -6.366026
v -0.500000 2.499999 -6.500000
v -0.500000 1.625000 -6.366025
v -0.500000 0.984455 -6.000000
v -0.500000 0.750000 -5.500000
v -0.500000 0.984455 -5.000000
v -0.500000 1.625000 -4.633975
v -0.500000 2.499999 -4.500000
v -0.500000 3.374999 -4.633974
v -0.500000 4.015544 -5.000000
v -0.500000 4.250000 -5.500000
v 0.500000 4.232050 -6.125001
v 0.500000 3.499999 -6.582533
v 0.500000 2.499999 -6.750000
v 0.500000 1.500000 -6.582531
v 0.500000 0.767949 -6.125000
v 0.500000 0.500000 -5.500000
v 0.500000 0.767950 -4.875000
v 0.500000 1.500000 -4.417469
v 2.629486 0.767949 -5.554405
v 2.316986 0.500000 -5.013140
v 2.004486 0.767950 -4.471873
v 1.775723 1.500000 -4.075640
v 1.691986 2.500000 -3.930608
v 1.775723 3.500000 -4.075639
v 2.004488 4.232051 -4.471874
v 2.316986 4.500000 -5.013140
v 3.558014 4.448556 -5.162660
v 3.832531 3.625000 -5.638140
v 3.933012 2.500000 -5.812178
v 3.832531 1.375000 -5.638139
v 3.558012 0.551443 -5.162658
v 3.183014 0.250000 -4.513140
v 2.808012 0.551443 -3.863621
v 2.533493 1.375000 -3.388140
v 2.433014 2.500000 -3.214101
v 2.533493 3.625000 -3.388140
v 2.808014 4.448558 -3.863620
v 3.183014 4.750000 -4.513140
v 2.691988 4.448556 -5.662660
v 2.966507 3.625000 -6.138140
v 3.066986 2.500000 -6.312178
v 2.966507 1.375000 -6.138139
v 2.691986 0.551443 -5.662658
v 2.316986 0.250000 -5.013140
v 1.941988 0.551443 -4.363621
v 1.667469 1.375000 -3.888139
v 1.566986 2.500000 -3.714101
v 1.667469 3.625000 -3.888139
v 1.941988 4.448558 -4.363621
v 2.316986 4.750000 -5.013140
v 0.250001 0.250000 6.500000
v -0.249999 0.250000 6.500000
v 0.250001 0.250000 7.500000
v -0.249999 0.250000 7.500000
v 0.250001 0.625000 6.125000
v -0.249999 0.625000 6.125000
v 0.250001 1.250000 6.500000
v -0.249999 1.250000 6.500000
v 5.754166 0.250000 3.033493
v 5.504166 0.250000 3.466505
v 6.620191 0.250000 3.533493
v 6.370191 0.250000 3.966505
v 5.429406 0.625000 2.845993
v 5.179406 0.625000 3.279005
v 5.754166 1.250000 3.033493
v 5.504166 1.250000 3.466505
v -3.033492 0.250000 5.754166
v -3.466505 0.250000 5.504166
v -3.533492 0.250000 6.620192
v -3.966505 0.250000 6.370192
v -2.845992 0.625000 5.429406
v -3.279005 0.625000 5.179407
v -3.033492 1.250000 5.754166
v -3.466505 1.250000 5.504166
v 3.466505 1.250000 -5.504166
v 3.033493 1.250000 -5.754166
v 3.279005 0.625000 -5.179406
v 2.845993 0.625000 -5.429406
v 3.966505 0.250000 -6.370191
v 3.533492 0.250000 -6.620191
v 3.466505 0.250000 -5.504166
v 3.033493 0.250000 -5.754166
v -5.504166 1.250000 -3.466505
v -5.754166 1.250000 -3.033492
v -5.179406 0.625000 -3.279005
v -5.429406 0.625000 -2.845992
v -6.370191 0.250000 -3.966505
v -6.620191 0.250000 -3.533492
v -5.504166 0.250000 -3.466505
v -5.754166 0.250000 -3.033492
v -3.466507 0.250000 -5.504164
v -3.033495 0.250000 -5.754164
v -3.966508 0.250000 -6.370190
v -3.533495 0.250000 -6.620190
v -3.279008 0.625000 -5.179405
v -2.845995 0.625000 -5.429405
v -3.466507 1.250000 -5.504164
v -3.033495 1.250000 -5.754164
v 5.504165 0.250000 -3.466508
v 5.754165 0.250000 -3.033495
v 6.370190 0.250000 -3.966508
v 6.620190 0.250000 -3.533495
v 5.179405 0.625000 -3.279008
v 5.429405 0.625000 -2.845995
v 5.504165 1.250000 -3.466508
v 5.754165 1.250000 -3.033495
v -5.754164 1.250000 3.033495
v -5.504164 1.250000 3.466508
v -5.429405 0.625000 2.845995
v -5.179405 0.625000 3.279008
v -6.620190 0.250000 3.533495
v -6.370190 0.250000 3.966508
v -5.754164 0.250000 3.033495
v -5.504164 0.250000 3.466508
v 3.033494 1.250000 5.754165
v 3.466507 1.250000 5.504165
v 2.845994 0.625000 5.429405
v 3.279007 0.625000 5.179405
v 3.533494 0.250000 6.620190
v 3.966507 0.250000 6.370190
v 3.033494 0.250000 5.754165
v 3.466507 0.250000 5.504165
v -6.500000 0.250000 0.250002
v -6.500000 0.250000 -0.249998
v -7.500000 0.250000 0.250002
v -7.500000 0.250000 -0.249998
v -6.125000 0.625000 0.250002
v -6.125000 0.625000 -0.249998
v -6.500000 1.250000 0.250002
v -6.500000 1.250000 -0.249998
v 6.500000 1.250000 0.249999
v 6.500000 1.250000 -0.250001
v 6.125000 0.625000 0.249999
v 6.125000 0.625000 -0.250001
v 7.500000 0.250000 0.249999
v 7.500000 0.250000 -0.250001
v 6.500000 0.250000 0.249999
v 6.500000 0.250000 -0.250001
v 0.249998 1.250000 -6.500000
v -0.250002 1.250000 -6.500000
v 0.249999 0.625000 -6.125000
v -0.250001 0.625000 -6.125000
v 0.249998 0.250000 -7.500000
v -0.250002 0.250000 -7.500000
v 0.249998 0.250000 -6.500000
v -0.250002 0.250000 -6.500000
v 7.250000 1.999999 -0.866025
v 7.250000 1.633974 -0.500000
v 7.250000 1.500000 0.000000
v 7.250000 1.633975 0.500000
v 7.250000 2.000000 0.866025
v 7.250000 2.500000 1.000000
v 7.250000 3.000000 0.866025
v 7.250000 3.366025 0.500000
v 7.250000 3.500000 -0.000000
v 7.250000 3.366026 -0.500000
v 7.250000 3.000000 -0.866025
v 7.250000 2.500000 -1.000000
v 5.450640 1.500000 3.724277
v 5.595672 2.499999 3.808012
v 5.450641 3.499999 3.724278
v 3.724279 3.499999 5.450640
v 3.808013 2.499999 5.595671
v 3.724278 1.500000 5.450639
v -5.450640 1.500000 -3.724277
v -5.595673 2.499999 -3.808011
v -5.450642 3.499999 -3.724278
v -3.724279 3.499999 -5.450640
v -3.808014 2.499999 -5.595671
v -3.724279 1.500000 -5.450639
v 3.724277 1.500000 -5.450640
v 3.808011 2.499999 -5.595671
v 3.724277 3.499999 -5.450641
v 5.450640 3.499999 -3.724279
v 5.595671 2.499999 -3.808014
v 5.450639 1.500000 -3.724278
v -3.724277 1.500000 5.450640
v -3.808010 2.499999 5.595672
v -3.724277 3.499999 5.450641
v -5.450640 3.499999 3.724280
v -5.595671 2.499999 3.808014
v -5.450638 1.500000 3.724279
v 6.500000 1.999999 -0.866025
v 6.500000 1.633974 -0.500000
v 6.500000 1.500000 0.000000
v 6.500000 1.633975 0.500000
v 6.500000 2.000000 0.866025
v 6.500000 2.500000 1.000000
v 6.500000 3.000000 0.866025
v 6.500000 3.366025 0.500000
v 6.500000 3.500000 -0.000000
v 6.500000 3.366026 -0.500000
v 6.500000 3.000000 -0.866025
v 6.500000 2.500000 -1.000000
v 6.875000 3.250000 -3.000000
v 6.698223 3.176777 -3.000000
v 6.625000 3.000000 -3.000000
v 6.698223 2.823223 -3.000000
v 6.875000 2.750000 -3.000000
v 7.051777 2.823223 -3.000000
v 7.125000 3.000000 -3.000000
v 7.051777 3.176777 -3.000000
v 6.875000 3.250000 -0.500000
v 6.698223 3.176777 -0.500000
v 6.625000 3.000000 -0.500000
v 6.698223 2.823223 -0.500000
v 6.875000 2.750000 -0.500000
v 7.051777 2.823223 -0.500000
v 7.125000 3.000000 -0.500000
v 7.051777 3.176777 -0.500000
v 6.801777 3.250000 -3.176777
v 6.676777 3.176777 -3.051777
v 6.676777 2.823223 -3.051777
v 6.801777 2.750000 -3.176777
v 6.926777 2.823223 -3.301777
v 6.978554 3.000000 -3.353553
v 6.926777 3.176777 -3.301777
v 6.625000 3.250000 -3.250000
v 6.625000 3.176777 -3.073223
v 6.625000 2.823223 -3.073223
v 6.625000 2.750000 -3.250000
v 6.625000 2.823223 -3.426777
v 6.625000 3.000000 -3.500000
v 6.625000 3.176777 -3.426777
v 5.875000 3.000000 -3.000000
v 5.875000 3.250000 -3.250000
v 5.875000 3.176777 -3.073223
v 5.875000 2.823223 -3.073223
v 5.875000 2.750000 -3.250000
v 5.875000 2.823223 -3.426777
v 5.875000 3.000000 -3.500000
v 5.875000 3.176777 -3.426777
v 6.875000 2.750000 3.000000
v 6.698223 2.823223 3.000000
v 6.625000 3.000000 3.000000
v 6.698223 3.176777 3.000000
v 6.875000 3.250000 3.000000
v 7.051777 3.176777 3.000000
v 7.125000 3.000000 3.000000
v 7.051777 2.823223 3.000000
v 6.875000 2.750000 0.500000
v 6.698223 2.823223 0.500000
v 6.625000 3.000000 0.500000
v 6.698223 3.176777 0.500000
v 6.875000 3.250000 0.500000
v 7.051777 3.176777 0.500000
v 7.125000 3.000000 0.500000
v 7.051777 2.823223 0.500000
v 6.801777 2.750000 3.176777
v 6.676777 2.823223 3.051777
v 6.676777 3.176777 3.051777
v 6.801777 3.250000 3.176777
v 6.926777 3.176777 3.301777
v 6.978554 3.000000 3.353554
v 6.926777 2.823223 3.301777
v 6.625000 2.750000 3.250000
v 6.625000 2.823223 3.073224
v 6.625000 3.176777 3.073224
v 6.625000 3.250000 3.250000
v 6.625000 3.176777 3.426777
v 6.625000 3.000000 3.500000
v 6.625000 2.823223 3.426777
v 5.875000 3.000000 3.000000
v 5.875000 2.750000 3.250000
v 5.875000 2.823223 3.073224
v 5.875000 3.176777 3.073224
v 5.875000 3.250000 3.250000
v 5.875000 3.176777 3.426777
v 5.875000 3.000000 3.500000
v 5.875000 2.823223 3.426777
v 7.250000 1.250000 -1.500000
v 6.250000 0.250000 -1.500000
v 7.250000 1.250000 -3.000000
v 6.250000 0.250000 -3.000000
v 7.250000 3.750000 -1.500000
v 7.250000 3.750000 -3.000000
v 6.250000 4.750000 -1.500000
v 6.250000 4.750000 -3.000000
v 7.250000 1.250000 3.000000
v 6.250000 0.250000 3.000000
v 7.250000 1.250000 1.500000
v 6.250000 0.250000 1.500000
v 7.250000 3.750000 3.000000
v 7.250000 3.750000 1.500000
v 6.250000 4.750000 3.000000
v 6.250000 4.750000 1.500000
v -7.250000 1.250000 1.500000
v -6.250000 0.250000 1.500000
v -7.250000 1.250000 3.000001
v -6.250000 0.250000 3.000000
v -7.250000 3.750000 1.500000
v -7.250000 3.750000 3.000001
v -6.250000 4.750000 1.500000
v -6.250000 4.750000 3.000000
v -7.250000 1.250000 -2.999999
v -6.250000 0.250000 -3.000000
v -7.250000 1.250000 -1.500000
v -6.250000 0.250000 -1.500000
v -7.250000 3.750000 -2.999999
v -7.250000 3.750000 -1.500000
v -6.250000 4.750000 -3.000000
v -6.250000 4.750000 -1.500000
v -1.500000 1.250000 -7.250000
v -1.500000 0.250000 -6.250000
v -3.000000 1.250000 -7.250000
v -3.000000 0.250000 -6.250000
v -1.500000 3.750000 -7.250000
v -3.000000 3.750000 -7.250000
v -1.500000 4.750000 -6.250000
v -3.000000 4.750000 -6.250000
v 3.000000 1.250000 -7.250000
v 3.000000 0.250000 -6.250000
v 1.500000 1.250000 -7.250000
v 1.500000 0.250000 -6.250000
v 3.000000 3.750000 -7.250000
v 1.500000 3.750000 -7.250000
v 3.000000 4.750000 -6.250000
v 1.500000 4.750000 -6.250000
v 1.500001 1.250000 7.250000
v 1.500001 0.250000 6.250000
v 3.000001 1.250000 7.250000
v 3.000001 0.250000 6.250000
v 1.500001 3.750000 7.250000
v 3.000001 3.750000 7.250000
v 1.500001 4.750000 6.250000
v 3.000001 4.750000 6.250000
v -3.000000 1.250000 7.250000
v -3.000000 0.250000 6.250000
v -1.500000 1.250000 7.250000
v -1.500000 0.250000 6.250000
v -3.000000 3.750000 7.250000
v -1.500000 3.750000 7.250000
v -3.000000 4.750000 6.250000
v -1.500000 4.750000 6.250000
v -0.625000 4.750000 1.500000
v 0.625000 4.750000 1.500000
v -0.625000 4.750000 -1.500000
v 0.625000 4.750000 -1.500000
v -1.500000 4.750000 -0.625000
v -1.500000 4.750000 0.625000
v 1.500000 4.750000 -0.625000
v 1.500000 4.750000 0.625000
v 1.500000 5.000000 0.625000
v 1.500000 5.000000 -0.625000
v -1.500000 5.000000 0.625000
v -1.500000 5.000000 -0.625000
v 0.625000 5.000000 -1.500000
v -0.625000 5.000000 -1.500000
v 0.625000 5.000000 1.500000
v -0.625000 5.000000 1.500000
v -0.625000 0.250000 1.500000
v 0.625000 0.250000 1.500000
v -0.625000 0.250000 -1.500000
v 0.625000 0.250000 -1.500000
v -1.500000 0.250000 -0.625000
v -1.500000 0.250000 0.625000
v 1.500000 0.250000 -0.625000
v 1.500000 0.250000 0.625000
v 1.500000 0.000000 0.625000
v 1.500000 0.000000 -0.625000
v -1.500000 0.000000 0.625000
v -1.500000 0.000000 -0.625000
v 0.625000 0.000000 -1.500000
v -0.625000 0.000000 -1.500000
v 0.625000 0.000000 1.500000
v -0.625000 0.000000 1.500000
v 0.000000 0.250000 -1.000000
v -0.500000 0.250000 -0.866025
v -0.866026 0.250000 -0.500000
v -1.000000 0.250000 -0.000000
v -0.866025 0.250000 0.500000
v -0.500000 0.250000 0.866025
v 0.000000 0.250000 1.000000
v 0.500000 0.250000 0.866025
v 0.866025 0.250000 0.500000
v 1.000000 0.250000 0.000000
v 0.866026 0.250000 -0.500000
v 0.500001 0.250000 -0.866025
v 0.000000 1.000000 -1.000000
v -0.500000 1.000000 -0.866025
v -0.866026 1.000000 -0.500000
v -1.000000 1.000000 -0.000000
v -0.866025 1.000000 0.500000
v -0.500000 1.000000 0.866025
v 0.000000 1.000000 1.000000
v 0.500000 1.000000 0.866025
v 0.866025 1.000000 0.500000
v 1.000000 1.000000 0.000000
v 0.866026 1.000000 -0.500000
v 0.500001 1.000000 -0.866025
v 0.000000 4.000000 -1.000000
v -0.500000 4.000000 -0.866025
v -0.866026 4.000000 -0.500000
v -1.000000 4.000000 -0.000000
v -0.866025 4.000000 0.500000
v -0.500000 4.000000 0.866025
v 0.000000 4.000000 1.000000
v 0.500000 4.000000 0.866025
v 0.866025 4.000000 0.500000
v 1.000000 4.000000 0.000000
v 0.866026 4.000000 -0.500000
v 0.500001 4.000000 -0.866025
v 0.000000 4.750000 -1.000000
v -0.500000 4.750000 -0.866025
v -0.866026 4.750000 -0.500000
v -1.000000 4.750000 -0.000000
v -0.866025 4.750000 0.500000
v -0.500000 4.750000 0.866025
v 0.000000 4.750000 1.000000
v 0.500000 4.750000 0.866025
v 0.866025 4.750000 0.500000
v 1.000000 4.750000 0.000000
v 0.866026 4.750000 -0.500000
v 0.500001 4.750000 -0.866025
v 0.875000 4.750000 0.250000
v 0.875000 4.750000 -0.250000
v 5.500000 4.750000 0.250000
v 5.500000 4.750000 -0.250000
v 5.000000 4.250000 0.250000
v 0.875000 4.250000 0.250000
v 0.875000 4.250000 -0.250000
v 5.000000 4.250000 -0.250000
v -2.062500 4.750000 -5.000000
v -2.062500 4.750000 5.000000
v 2.062500 4.750000 -5.000000
v 2.062500 4.750000 5.000000
v 5.000000 4.750000 -2.062500
v -5.000000 4.750000 -2.062500
v 5.000000 4.750000 2.062500
v -5.000000 4.750000 2.062500
v -7.500000 5.000000 -3.000000
v -7.500000 5.000000 3.000000
v 3.000000 5.000000 -7.500000
v -3.000000 5.000000 -7.500000
v 7.500000 5.000000 3.000000
v 7.500000 5.000000 -3.000000
v -3.000000 5.000000 7.500000
v 3.000000 5.000000 7.500000
v -7.500000 0.000000 3.000000
v 7.500000 0.000000 3.000000
v -7.500000 0.000000 -3.000000
v 7.500000 0.000000 -3.000000
v 3.000000 0.000000 7.500000
v 3.000000 0.000000 -7.500000
v -3.000000 0.000000 7.500000
v -3.000000 0.000000 -7.500000
v -2.062500 0.250000 -5.000000
v -2.062500 0.250000 5.000000
v 2.062500 0.250000 -5.000000
v 2.062500 0.250000 5.000000
v 5.000000 0.250000 -2.062500
v -5.000000 0.250000 -2.062500
v 5.000000 0.250000 2.062500
v -5.000000 0.250000 2.062500
v -2.062500 0.000000 -5.000000
v -2.062500 0.000000 5.000000
v 2.062500 0.000000 -5.000000
v 2.062500 0.000000 5.000000
v 5.000000 0.000000 -2.062500
v -5.000000 0.000000 -2.062500
v 5.000000 0.000000 2.062500
v -5.000000 0.000000 2.062500
v -7.500000 0.250000 -3.000000
v -7.500000 0.250000 3.000000
v 3.000000 0.250000 -7.500000
v -3.000000 0.250000 -7.500000
v 7.500000 0.250000 3.000000
v 7.500000 0.250000 -3.000000
v -3.000000 0.250000 7.500000
v 3.000000 0.250000 7.500000
v -1.361538 4.750000 0.641747
v -1.361538 5.000000 0.641747
v -1.236538 4.750000 0.858253
v -1.236538 5.000000 0.858253
v -2.011057 3.860000 1.016747
v -2.011057 4.110000 1.016747
v -1.886057 3.860000 1.233253
v -1.886057 4.110000 1.233253
v -2.535576 3.750000 1.608253
v -2.535576 3.500000 1.608253
v -2.660576 3.500000 1.391747
v -2.660576 3.750000 1.391747
v -3.185095 3.750000 1.983253
v -3.185095 3.500000 1.983253
v -3.310095 3.500000 1.766747
v -3.310095 3.750000 1.766747
v -3.834614 4.000000 2.358254
v -3.834614 3.750000 2.358254
v -3.959614 3.750000 2.141747
v -3.959614 4.000000 2.141747
v -0.858253 4.750000 1.236538
v -0.858253 5.000000 1.236538
v -0.641747 4.750000 1.361538
v -0.641747 5.000000 1.361538
v -1.233253 3.860000 1.886057
v -1.233253 4.110000 1.886057
v -1.016747 3.860000 2.011057
v -1.016747 4.110000 2.011057
v -1.391747 3.750000 2.660576
v -1.391747 3.500000 2.660576
v -1.608253 3.500000 2.535576
v -1.608253 3.750000 2.535576
v -1.766747 3.750000 3.310095
v -1.766747 3.500000 3.310095
v -1.983253 3.500000 3.185096
v -1.983253 3.750000 3.185096
v -2.141747 4.000000 3.959614
v -2.141747 3.750000 3.959614
v -2.358253 3.750000 3.834615
v -2.358253 4.000000 3.834615
v 0.000000 2.375000 -4.250000
v 0.000000 2.625000 -4.250000
v 2.125000 2.375000 -3.680608
v 2.125000 2.625000 -3.680608
v 3.680609 2.375000 -2.125000
v 3.680609 2.625000 -2.125000
v 4.250000 2.375000 0.000000
v 4.250000 2.625000 0.000000
v 3.680608 2.375000 2.125000
v 3.680608 2.625000 2.125000
v 2.125000 2.375000 3.680608
v 2.125000 2.625000 3.680608
v 0.000001 2.375000 4.250000
v 0.000001 2.625000 4.250000
v -2.125000 2.375000 3.680608
v -2.125000 2.625000 3.680608
v -3.680607 2.375000 2.125001
v -3.680607 2.625000 2.125001
v -4.250000 2.375000 0.000002
v -4.250000 2.625000 0.000002
v -3.680609 2.375000 -2.124998
v -3.680609 2.625000 -2.124998
v -2.125002 2.375000 -3.680607
v -2.125002 2.625000 -3.680607
v 0.000000 2.375000 -3.750000
v 0.000000 2.625000 -3.750000
v 1.875000 2.375000 -3.247595
v 1.875000 2.625000 -3.247595
v 3.247595 2.375000 -1.875000
v 3.247595 2.625000 -1.875000
v 3.750000 2.375000 0.000000
v 3.750000 2.625000 0.000000
v 3.247595 2.375000 1.875000
v 3.247595 2.625000 1.875000
v 1.875000 2.375000 3.247595
v 1.875000 2.625000 3.247595
v 0.000001 2.375000 3.750000
v 0.000001 2.625000 3.750000
v -1.875000 2.375000 3.247595
v -1.875000 2.625000 3.247595
v -3.247595 2.375000 1.875001
v -3.247595 2.625000 1.875001
v -3.750000 2.375000 0.000002
v -3.750000 2.625000 0.000002
v -3.247597 2.375000 -1.874998
v -3.247597 2.625000 -1.874998
v -1.875002 2.375000 -3.247594
v -1.875002 2.625000 -3.247594
v 7.500000 2.500000 -1.000000
v 7.500000 3.000000 -0.866025
v 7.500000 3.366025 -0.500000
v 7.500000 3.500000 0.000000
v 7.500000 3.366025 0.500000
v 7.500000 3.000000 0.866026
v 7.500000 2.500000 1.000000
v 7.500000 2.000000 0.866026
v 7.500000 1.633975 0.500000
v 7.500000 1.500000 0.000001
v 7.500000 1.633974 -0.499999
v 7.500000 1.999999 -0.866025
v 7.500000 2.500000 -0.750000
v 7.500000 2.875000 -0.649519
v 7.500000 3.149519 -0.375000
v 7.500000 3.250000 0.000000
v 7.500000 3.149519 0.375000
v 7.500000 2.875000 0.649519
v 7.500000 2.500000 0.750000
v 7.500000 2.125000 0.649519
v 7.500000 1.850481 0.375000
v 7.500000 1.750000 0.000001
v 7.500000 1.850481 -0.374999
v 7.500000 2.125000 -0.649519
v 7.375000 3.000000 -0.866025
v 7.375000 2.500000 -1.000000
v 7.375000 3.366025 -0.500000
v 7.375000 3.500000 0.000000
v 7.375000 3.366025 0.500000
v 7.375000 3.000000 0.866026
v 7.375000 2.500000 1.000000
v 7.375000 2.000000 0.866026
v 7.375000 1.633975 0.500000
v 7.375000 1.500000 0.000001
v 7.375000 1.633974 -0.499999
v 7.375000 1.999999 -0.866025
v 7.375000 2.875000 -0.649519
v 7.375000 2.500000 -0.750000
v 7.375000 3.149519 -0.375000
v 7.375000 3.250000 0.000000
v 7.375000 3.149519 0.375000
v 7.375000 2.875000 0.649519
v 7.375000 2.500000 0.750000
v 7.375000 2.125000 0.649519
v 7.375000 1.850481 0.375000
v 7.375000 1.750000 0.000001
v 7.375000 1.850481 -0.374999
v 7.375000 2.125000 -0.649519
v 7.500000 2.500000 0.000000
v -0.250001 4.750000 6.500000
v 0.249999 4.750000 6.500000
v -0.250001 4.750000 7.500000
v 0.249999 4.750000 7.500000
v -0.250001 4.375000 6.125000
v 0.249999 4.375000 6.125000
v -0.250001 3.750000 6.500000
v 0.249999 3.750000 6.500000
v -5.754166 4.750000 3.033493
v -5.504166 4.750000 3.466505
v -6.620191 4.750000 3.533493
v -6.370191 4.750000 3.966505
v -5.429406 4.375000 2.845993
v -5.179406 4.375000 3.279005
v -5.754166 3.750000 3.033493
v -5.504166 3.750000 3.466505
v 3.033492 4.750000 5.754166
v 3.466505 4.750000 5.504166
v 3.533492 4.750000 6.620192
v 3.966505 4.750000 6.370192
v 2.845992 4.375000 5.429406
v 3.279005 4.375000 5.179407
v 3.033492 3.750000 5.754166
v 3.466505 3.750000 5.504166
v -3.466505 3.750000 -5.504166
v -3.033493 3.750000 -5.754166
v -3.279005 4.375000 -5.179406
v -2.845993 4.375000 -5.429406
v -3.966505 4.750000 -6.370191
v -3.533492 4.750000 -6.620191
v -3.466505 4.750000 -5.504166
v -3.033493 4.750000 -5.754166
v 5.504166 3.750000 -3.466505
v 5.754166 3.750000 -3.033492
v 5.179406 4.375000 -3.279005
v 5.429406 4.375000 -2.845992
v 6.370191 4.750000 -3.966505
v 6.620191 4.750000 -3.533492
v 5.504166 4.750000 -3.466505
v 5.754166 4.750000 -3.033492
v 3.466507 4.750000 -5.504164
v 3.033495 4.750000 -5.754164
v 3.966508 4.750000 -6.370190
v 3.533495 4.750000 -6.620190
v 3.279008 4.375000 -5.179405
v 2.845995 4.375000 -5.429405
v 3.466507 3.750000 -5.504164
v 3.033495 3.750000 -5.754164
v -5.504165 4.750000 -3.466508
v -5.754165 4.750000 -3.033495
v -6.370190 4.750000 -3.966508
v -6.620190 4.750000 -3.533495
v -5.179405 4.375000 -3.279008
v -5.429405 4.375000 -2.845995
v -5.504165 3.750000 -3.466508
v -5.754165 3.750000 -3.033495
v 5.754164 3.750000 3.033495
v 5.504164 3.750000 3.466508
v 5.429405 4.375000 2.845995
v 5.179405 4.375000 3.279008
v 6.620190 4.750000 3.533495
v 6.370190 4.750000 3.966508
v 5.754164 4.750000 3.033495
v 5.504164 4.750000 3.466508
v -3.033494 3.750000 5.754165
v -3.466507 3.750000 5.504165
v -2.845994 4.375000 5.429405
v -3.279007 4.375000 5.179405
v -3.533494 4.750000 6.620190
v -3.966507 4.750000 6.370190
v -3.033494 4.750000 5.754165
v -3.466507 4.750000 5.504165
v 6.500000 4.750000 0.250002
v 6.500000 4.750000 -0.249998
v 7.500000 4.749999 0.250002
v 7.500000 4.749999 -0.249998
v 6.125000 4.375000 0.250002
v 6.125000 4.375000 -0.249998
v 6.500000 3.750000 0.250002
v 6.500000 3.750000 -0.249998
v -6.500000 3.750001 0.249999
v -6.500000 3.750001 -0.250001
v -6.125000 4.375000 0.249999
v -6.125000 4.375000 -0.250001
v -7.500000 4.750001 0.249999
v -7.500000 4.750001 -0.250001
v -6.500000 4.750000 0.249999
v -6.500000 4.750000 -0.250001
v -0.249998 3.750000 -6.500000
v 0.250002 3.750000 -6.500000
v -0.249998 4.375000 -6.125000
v 0.250002 4.375000 -6.125000
v -0.249998 4.750000 -7.500000
v 0.250002 4.750000 -7.500000
v -0.249998 4.750000 -6.500000
v 0.250002 4.750000 -6.500000
v 6.875000 2.250000 -3.000000
v 6.698223 2.176777 -3.000000
v 6.625000 2.000000 -3.000000
v 6.698223 1.823223 -3.000000
v 6.875000 1.750000 -3.000000
v 7.051777 1.823223 -3.000000
v 7.125000 2.000000 -3.000000
v 7.051777 2.176777 -3.000000
v 6.875000 2.250000 -0.500000
v 6.698223 2.176777 -0.500000
v 6.625000 2.000000 -0.500000
v 6.698223 1.823223 -0.500000
v 6.875000 1.750000 -0.500000
v 7.051777 1.823223 -0.500000
v 7.125000 2.000000 -0.500000
v 7.051777 2.176777 -0.500000
v 6.801777 2.250000 -3.176777
v 6.676777 2.176777 -3.051777
v 6.676777 1.823223 -3.051777
v 6.801777 1.750000 -3.176777
v 6.926777 1.823223 -3.301777
v 6.978554 2.000000 -3.353553
v 6.926777 2.176777 -3.301777
v 6.625000 2.250000 -3.250000
v 6.625000 2.176777 -3.073223
v 6.625000 1.823223 -3.073223
v 6.625000 1.750000 -3.250000
v 6.625000 1.823223 -3.426777
v 6.625000 2.000000 -3.500000
v 6.625000 2.176777 -3.426777
v 5.875000 2.000000 -3.000000
v 5.875000 2.250000 -3.250000
v 5.875000 2.176777 -3.073223
v 5.875000 1.823223 -3.073223
v 5.875000 1.750000 -3.250000
v 5.875000 1.823223 -3.426777
v 5.875000 2.000000 -3.500000
v 5.875000 2.176777 -3.426777
v 6.875000 1.750000 3.000000
v 6.698223 1.823223 3.000000
v 6.625000 2.000000 3.000000
v 6.698223 2.176777 3.000000
v 6.875000 2.250000 3.000000
v 7.051777 2.176777 3.000000
v 7.125000 2.000000 3.000000
v 7.051777 1.823223 3.000000
v 6.875000 1.750000 0.500000
v 6.698223 1.823223 0.500000
v 6.625000 2.000000 0.500000
v 6.698223 2.176777 0.500000
v 6.875000 2.250000 0.500000
v 7.051777 2.176777 0.500000
v 7.125000 2.000000 0.500000
v 7.051777 1.823223 0.500000
v 6.801777 1.750000 3.176777
v 6.676777 1.823223 3.051777
v 6.676777 2.176777 3.051777
v 6.801777 2.250000 3.176777
v 6.926777 2.176777 3.301777
v 6.978554 2.000000 3.353554
v 6.926777 1.823223 3.301777
v 6.625000 1.750000 3.250000
v 6.625000 1.823223 3.073224
v 6.625000 2.176777 3.073224
v 6.625000 2.250000 3.250000
v 6.625000 2.176777 3.426777
v 6.625000 2.000000 3.500000
v 6.625000 1.823223 3.426777
v 5.875000 2.000000 3.000000
v 5.875000 1.750000 3.250000
v 5.875000 1.823223 3.073224
v 5.875000 2.176777 3.073224
v 5.875000 2.250000 3.250000
v 5.875000 2.176777 3.426777
v 5.875000 2.000000 3.500000
v 5.875000 1.823223 3.426777
v -6.875000 3.250000 3.000001
v -6.698223 3.176777 3.000000
v -6.625000 3.000000 3.000000
v -6.698223 2.823223 3.000000
v -6.875000 2.750000 3.000001
v -7.051777 2.823223 3.000001
v -7.125000 3.000000 3.000001
v -7.051777 3.176777 3.000001
v -6.875000 3.250000 0.500001
v -6.698223 3.176777 0.500001
v -6.625000 3.000000 0.500001
v -6.698223 2.823223 0.500001
v -6.875000 2.750000 0.500001
v -7.051777 2.823223 0.500001
v -7.125000 3.000000 0.500001
v -7.051777 3.176777 0.500001
v -6.801777 3.250000 3.176777
v -6.676777 3.176777 3.051777
v -6.676777 2.823223 3.051777
v -6.801777 2.750000 3.176777
v -6.926777 2.823223 3.301778
v -6.978554 3.000000 3.353554
v -6.926777 3.176777 3.301778
v -6.625000 3.250000 3.250000
v -6.625000 3.176777 3.073224
v -6.625000 2.823223 3.073224
v -6.625000 2.750000 3.250000
v -6.625000 2.823223 3.426777
v -6.625000 3.000000 3.500000
v -6.625000 3.176777 3.426777
v -5.875000 3.000000 3.000000
v -5.875000 3.250000 3.250000
v -5.875000 3.176777 3.073224
v -5.875000 2.823223 3.073224
v -5.875000 2.750000 3.250000
v -5.875000 2.823223 3.426777
v -5.875000 3.000000 3.500000
v -5.875000 3.176777 3.426777
v -6.875000 2.750000 -3.000000
v -6.698223 2.823223 -3.000000
v -6.625000 3.000000 -3.000000
v -6.698223 3.176777 -3.000000
v -6.875000 3.250000 -3.000000
v -7.051777 3.176777 -3.000000
v -7.125000 3.000000 -3.000000
v -7.051777 2.823223 -3.000000
v -6.875000 2.750000 -0.500000
v -6.698223 2.823223 -0.500000
v -6.625000 3.000000 -0.500000
v -6.698223 3.176777 -0.500000
v -6.875000 3.250000 -0.500000
v -7.051777 3.176777 -0.500000
v -7.125000 3.000000 -0.500000
v -7.051777 2.823223 -0.500000
v -6.801777 2.750000 -3.176777
v -6.676777 2.823223 -3.051777
v -6.676777 3.176777 -3.051777
v -6.801777 3.250000 -3.176777
v -6.926777 3.176777 -3.301776
v -6.978554 3.000000 -3.353553
v -6.926777 2.823223 -3.301776
v -6.625000 2.750000 -3.250000
v -6.625000 2.823223 -3.073223
v -6.625000 3.176777 -3.073223
v -6.625000 3.250000 -3.250000
v -6.625000 3.176777 -3.426777
v -6.625000 3.000000 -3.500000
v -6.625000 2.823223 -3.426777
v -5.875000 3.000000 -3.000000
v -5.875000 2.750000 -3.250000
v -5.875000 2.823223 -3.073223
v -5.875000 3.176777 -3.073223
v -5.875000 3.250000 -3.250000
v -5.875000 3.176777 -3.426777
v -5.875000 3.000000 -3.500000
v -5.875000 2.823223 -3.426777
v -6.875000 2.250000 3.000001
v -6.698223 2.176777 3.000000
v -6.625000 2.000000 3.000000
v -6.698223 1.823223 3.000000
v -6.875000 1.750000 3.000001
v -7.051777 1.823223 3.000001
v -7.125000 2.000000 3.000001
v -7.051777 2.176777 3.000001
v -6.875000 2.250000 0.500001
v -6.698223 2.176777 0.500001
v -6.625000 2.000000 0.500001
v -6.698223 1.823223 0.500001
v -6.875000 1.750000 0.500001
v -7.051777 1.823223 0.500001
v -7.125000 2.000000 0.500001
v -7.051777 2.176777 0.500001
v -6.801777 2.250000 3.176777
v -6.676777 2.176777 3.051777
v -6.676777 1.823223 3.051777
v -6.801777 1.750000 3.176777
v -6.926777 1.823223 3.301778
v -6.978554 2.000000 3.353554
v -6.926777 2.176777 3.301778
v -6.625000 2.250000 3.250000
v -6.625000 2.176777 3.073224
v -6.625000 1.823223 3.073224
v -6.625000 1.750000 3.250000
v -6.625000 1.823223 3.426777
v -6.625000 2.000000 3.500000
v -6.625000 2.176777 3.426777
v -5.875000 2.000000 3.000000
v -5.875000 2.250000 3.250000
v -5.875000 2.176777 3.073224
v -5.875000 1.823223 3.073224
v -5.875000 1.750000 3.250000
v -5.875000 1.823223 3.426777
v -5.875000 2.000000 3.500000
v -5.875000 2.176777 3.426777
v -6.875000 1.750000 -3.000000
v -6.698223 1.823223 -3.000000
v -6.625000 2.000000 -3.000000
v -6.698223 2.176777 -3.000000
v -6.875000 2.250000 -3.000000
v -7.051777 2.176777 -3.000000
v -7.125000 2.000000 -3.000000
v -7.051777 1.823223 -3.000000
v -6.875000 1.750000 -0.500000
v -6.698223 1.823223 -0.500000
v -6.625000 2.000000 -0.500000
v -6.698223 2.176777 -0.500000
v -6.875000 2.250000 -0.500000
v -7.051777 2.176777 -0.500000
v -7.125000 2.000000 -0.500000
v -7.051777 1.823223 -0.500000
v -6.801777 1.750000 -3.176777
v -6.676777 1.823223 -3.051777
v -6.676777 2.176777 -3.051777
v -6.801777 2.250000 -3.176777
v -6.926777 2.176777 -3.301776
v -6.978554 2.000000 -3.353553
v -6.926777 1.823223 -3.301776
v -6.625000 1.750000 -3.250000
v -6.625000 1.823223 -3.073223
v -6.625000 2.176777 -3.073223
v -6.625000 2.250000 -3.250000
v -6.625000 2.176777 -3.426777
v -6.625000 2.000000 -3.500000
v -6.625000 1.823223 -3.426777
v -5.875000 2.000000 -3.000000
v -5.875000 1.750000 -3.250000
v -5.875000 1.823223 -3.073223
v -5.875000 2.176777 -3.073223
v -5.875000 2.250000 -3.250000
v -5.875000 2.176777 -3.426777
v -5.875000 2.000000 -3.500000
v -5.875000 1.823223 -3.426777
v -3.000000 3.250000 -6.875000
v -3.000000 3.176777 -6.698223
v -3.000000 3.000000 -6.625000
v -3.000000 2.823223 -6.698223
v -3.000000 2.750000 -6.875000
v -3.000000 2.823223 -7.051777
v -3.000000 3.000000 -7.125000
v -3.000000 3.176777 -7.051777
v -0.500000 3.250000 -6.875000
v -0.500000 3.176777 -6.698223
v -0.500000 3.000000 -6.625000
v -0.500000 2.823223 -6.698223
v -0.500000 2.750000 -6.875000
v -0.500000 2.823223 -7.051777
v -0.500000 3.000000 -7.125000
v -0.500000 3.176777 -7.051777
v -3.176777 3.250000 -6.801777
v -3.051777 3.176777 -6.676777
v -3.051777 2.823223 -6.676777
v -3.176777 2.750000 -6.801777
v -3.301777 2.823223 -6.926777
v -3.353554 3.000000 -6.978554
v -3.301777 3.176777 -6.926777
v -3.250000 3.250000 -6.625000
v -3.073223 3.176777 -6.625000
v -3.073223 2.823223 -6.625000
v -3.250000 2.750000 -6.625000
v -3.426777 2.823223 -6.625000
v -3.500000 3.000000 -6.625000
v -3.426777 3.176777 -6.625000
v -3.000000 3.000000 -5.875000
v -3.250000 3.250000 -5.875000
v -3.073223 3.176777 -5.875000
v -3.073223 2.823223 -5.875000
v -3.250000 2.750000 -5.875000
v -3.426777 2.823223 -5.875000
v -3.500000 3.000000 -5.875000
v -3.426777 3.176777 -5.875000
v 3.000000 2.750000 -6.875000
v 3.000000 2.823223 -6.698223
v 3.000000 3.000000 -6.625000
v 3.000000 3.176777 -6.698223
v 3.000000 3.250000 -6.875000
v 3.000000 3.176777 -7.051776
v 3.000000 3.000000 -7.125000
v 3.000000 2.823223 -7.051776
v 0.500000 2.750000 -6.875000
v 0.500000 2.823223 -6.698223
v 0.500000 3.000000 -6.625000
v 0.500000 3.176777 -6.698223
v 0.500000 3.250000 -6.875000
v 0.500000 3.176777 -7.051777
v 0.500000 3.000000 -7.125000
v 0.500000 2.823223 -7.051777
v 3.176777 2.750000 -6.801777
v 3.051777 2.823223 -6.676777
v 3.051777 3.176777 -6.676777
v 3.176777 3.250000 -6.801777
v 3.301777 3.176777 -6.926776
v 3.353554 3.000000 -6.978554
v 3.301777 2.823223 -6.926776
v 3.250000 2.750000 -6.625000
v 3.073223 2.823223 -6.625000
v 3.073223 3.176777 -6.625000
v 3.250000 3.250000 -6.625000
v 3.426777 3.176777 -6.625000
v 3.500000 3.000000 -6.625000
v 3.426777 2.823223 -6.625000
v 3.000000 3.000000 -5.875000
v 3.250000 2.750000 -5.875000
v 3.073223 2.823223 -5.875000
v 3.073223 3.176777 -5.875000
v 3.250000 3.250000 -5.875000
v 3.426777 3.176777 -5.875000
v 3.500000 3.000000 -5.875000
v 3.426777 2.823223 -5.875000
v -3.000000 2.250000 -6.875000
v -3.000000 2.176777 -6.698223
v -3.000000 2.000000 -6.625000
v -3.000000 1.823223 -6.698223
v -3.000000 1.750000 -6.875000
v -3.000000 1.823223 -7.051777
v -3.000000 2.000000 -7.125000
v -3.000000 2.176777 -7.051777
v -0.500000 2.250000 -6.875000
v -0.500000 2.176777 -6.698223
v -0.500000 2.000000 -6.625000
v -0.500000 1.823223 -6.698223
v -0.500000 1.750000 -6.875000
v -0.500000 1.823223 -7.051777
v -0.500000 2.000000 -7.125000
v -0.500000 2.176777 -7.051777
v -3.176777 2.250000 -6.801777
v -3.051777 2.176777 -6.676777
v -3.051777 1.823223 -6.676777
v -3.176777 1.750000 -6.801777
v -3.301777 1.823223 -6.926777
v -3.353554 2.000000 -6.978554
v -3.301777 2.176777 -6.926777
v -3.250000 2.250000 -6.625000
v -3.073223 2.176777 -6.625000
v -3.073223 1.823223 -6.625000
v -3.250000 1.750000 -6.625000
v -3.426777 1.823223 -6.625000
v -3.500000 2.000000 -6.625000
v -3.426777 2.176777 -6.625000
v -3.000000 2.000000 -5.875000
v -3.250000 2.250000 -5.875000
v -3.073223 2.176777 -5.875000
v -3.073223 1.823223 -5.875000
v -3.250000 1.750000 -5.875000
v -3.426777 1.823223 -5.875000
v -3.500000 2.000000 -5.875000
v -3.426777 2.176777 -5.875000
v 3.000000 1.750000 -6.875000
v 3.000000 1.823223 -6.698223
v 3.000000 2.000000 -6.625000
v 3.000000 2.176777 -6.698223
v 3.000000 2.250000 -6.875000
v 3.000000 2.176777 -7.051776
v 3.000000 2.000000 -7.125000
v 3.000000 1.823223 -7.051776
v 0.500000 1.750000 -6.875000
v 0.500000 1.823223 -6.698223
v 0.500000 2.000000 -6.625000
v 0.500000 2.176777 -6.698223
v 0.500000 2.250000 -6.875000
v 0.500000 2.176777 -7.051777
v 0.500000 2.000000 -7.125000
v 0.500000 1.823223 -7.051777
v 3.176777 1.750000 -6.801777
v 3.051777 1.823223 -6.676777
v 3.051777 2.176777 -6.676777
v 3.176777 2.250000 -6.801777
v 3.301777 2.176777 -6.926776
v 3.353554 2.000000 -6.978554
v 3.301777 1.823223 -6.926776
v 3.250000 1.750000 -6.625000
v 3.073223 1.823223 -6.625000
v 3.073223 2.176777 -6.625000
v 3.250000 2.250000 -6.625000
v 3.426777 2.176777 -6.625000
v 3.500000 2.000000 -6.625000
v 3.426777 1.823223 -6.625000
v 3.000000 2.000000 -5.875000
v 3.250000 1.750000 -5.875000
v 3.073223 1.823223 -5.875000
v 3.073223 2.176777 -5.875000
v 3.250000 2.250000 -5.875000
v 3.426777 2.176777 -5.875000
v 3.500000 2.000000 -5.875000
v 3.426777 1.823223 -5.875000
v 3.000001 3.250000 6.875000
v 3.000001 3.176777 6.698223
v 3.000001 3.000000 6.625000
v 3.000001 2.823223 6.698223
v 3.000001 2.750000 6.875000
v 3.000001 2.823223 7.051777
v 3.000001 3.000000 7.125000
v 3.000001 3.176777 7.051777
v 0.500001 3.250000 6.875000
v 0.500001 3.176777 6.698223
v 0.500001 3.000000 6.625000
v 0.500001 2.823223 6.698223
v 0.500001 2.750000 6.875000
v 0.500001 2.823223 7.051777
v 0.500001 3.000000 7.125000
v 0.500001 3.176777 7.051777
v 3.176777 3.250000 6.801777
v 3.051777 3.176777 6.676777
v 3.051777 2.823223 6.676777
v 3.176777 2.750000 6.801777
v 3.301778 2.823223 6.926777
v 3.353555 3.000000 6.978554
v 3.301778 3.176777 6.926777
v 3.250001 3.250000 6.625000
v 3.073224 3.176777 6.625000
v 3.073224 2.823223 6.625000
v 3.250001 2.750000 6.625000
v 3.426778 2.823223 6.625000
v 3.500000 3.000000 6.625000
v 3.426778 3.176777 6.625000
v 3.000001 3.000000 5.875000
v 3.250001 3.250000 5.875000
v 3.073224 3.176777 5.875000
v 3.073224 2.823223 5.875000
v 3.250001 2.750000 5.875000
v 3.426778 2.823223 5.875000
v 3.500000 3.000000 5.875000
v 3.426778 3.176777 5.875000
v -2.999999 2.750000 6.875000
v -3.000000 2.823223 6.698223
v -3.000000 3.000000 6.625000
v -3.000000 3.176777 6.698223
v -2.999999 3.250000 6.875000
v -2.999999 3.176777 7.051777
v -2.999999 3.000000 7.125000
v -2.999999 2.823223 7.051777
v -0.500000 2.750000 6.875000
v -0.500000 2.823223 6.698223
v -0.500000 3.000000 6.625000
v -0.500000 3.176777 6.698223
v -0.500000 3.250000 6.875000
v -0.500000 3.176777 7.051777
v -0.500000 3.000000 7.125000
v -0.500000 2.823223 7.051777
v -3.176776 2.750000 6.801777
v -3.051776 2.823223 6.676777
v -3.051776 3.176777 6.676777
v -3.176776 3.250000 6.801777
v -3.301776 3.176777 6.926777
v -3.353553 3.000000 6.978554
v -3.301776 2.823223 6.926777
v -3.250000 2.750000 6.625000
v -3.073223 2.823223 6.625000
v -3.073223 3.176777 6.625000
v -3.250000 3.250000 6.625000
v -3.426777 3.176777 6.625000
v -3.500000 3.000000 6.625000
v -3.426777 2.823223 6.625000
v -3.000000 3.000000 5.875000
v -3.250000 2.750000 5.875000
v -3.073223 2.823223 5.875000
v -3.073223 3.176777 5.875000
v -3.250000 3.250000 5.875000
v -3.426777 3.176777 5.875000
v -3.500000 3.000000 5.875000
v -3.426777 2.823223 5.875000
v 3.000001 2.250000 6.875000
v 3.000001 2.176777 6.698223
v 3.000001 2.000000 6.625000
v 3.000001 1.823223 6.698223
v 3.000001 1.750000 6.875000
v 3.000001 1.823223 7.051777
v 3.000001 2.000000 7.125000
v 3.000001 2.176777 7.051777
v 0.500001 2.250000 6.875000
v 0.500001 2.176777 6.698223
v 0.500001 2.000000 6.625000
v 0.500001 1.823223 6.698223
v 0.500001 1.750000 6.875000
v 0.500001 1.823223 7.051777
v 0.500001 2.000000 7.125000
v 0.500001 2.176777 7.051777
v 3.176777 2.250000 6.801777
v 3.051777 2.176777 6.676777
v 3.051777 1.823223 6.676777
v 3.176777 1.750000 6.801777
v 3.301778 1.823223 6.926777
v 3.353555 2.000000 6.978554
v 3.301778 2.176777 6.926777
v 3.250001 2.250000 6.625000
v 3.073224 2.176777 6.625000
v 3.073224 1.823223 6.625000
v 3.250001 1.750000 6.625000
v 3.426778 1.823223 6.625000
v 3.500000 2.000000 6.625000
v 3.426778 2.176777 6.625000
v 3.000001 2.000000 5.875000
v 3.250001 2.250000 5.875000
v 3.073224 2.176777 5.875000
v 3.073224 1.823223 5.875000
v 3.250001 1.750000 5.875000
v 3.426778 1.823223 5.875000
v 3.500000 2.000000 5.875000
v 3.426778 2.176777 5.875000
v -2.999999 1.750000 6.875000
v -3.000000 1.823223 6.698223
v -3.000000 2.000000 6.625000
v -3.000000 2.176777 6.698223
v -2.999999 2.250000 6.875000
v -2.999999 2.176777 7.051777
v -2.999999 2.000000 7.125000
v -2.999999 1.823223 7.051777
v -0.500000 1.750000 6.875000
v -0.500000 1.823223 6.698223
v -0.500000 2.000000 6.625000
v -0.500000 2.176777 6.698223
v -0.500000 2.250000 6.875000
v -0.500000 2.176777 7.051777
v -0.500000 2.000000 7.125000
v -0.500000 1.823223 7.051777
v -3.176776 1.750000 6.801777
v -3.051776 1.823223 6.676777
v -3.051776 2.176777 6.676777
v -3.176776 2.250000 6.801777
v -3.301776 2.176777 6.926777
v -3.353553 2.000000 6.978554
v -3.301776 1.823223 6.926777
v -3.250000 1.750000 6.625000
v -3.073223 1.823223 6.625000
v -3.073223 2.176777 6.625000
v -3.250000 2.250000 6.625000
v -3.426777 2.176777 6.625000
v -3.500000 2.000000 6.625000
v -3.426777 1.823223 6.625000
v -3.000000 2.000000 5.875000
v -3.250000 1.750000 5.875000
v -3.073223 1.823223 5.875000
v -3.073223 2.176777 5.875000
v -3.250000 2.250000 5.875000
v -3.426777 2.176777 5.875000
v -3.500000 2.000000 5.875000
v -3.426777 1.823223 5.875000
v -0.875000 4.750000 -0.250000
v -0.875000 4.750000 0.250000
v -5.500000 4.750000 -0.249999
v -5.500000 4.750000 0.250001
v -5.000000 4.250000 -0.249999
v -0.875000 4.250000 -0.250000
v -0.875000 4.250000 0.250000
v -5.000000 4.250000 0.250001
v 0.250000 4.749999 -0.875000
v -0.250000 4.749999 -0.875000
v 0.249999 4.749999 -5.500000
v -0.250001 4.749999 -5.500000
v 0.250000 4.249999 -5.000000
v 0.250000 4.249999 -0.875000
v -0.250000 4.249999 -0.875000
v -0.250000 4.249999 -5.000000
v -0.250000 4.749999 0.875000
v 0.250000 4.749999 0.875000
v -0.249999 4.749999 5.500000
v 0.250001 4.749999 5.500000
v -0.249999 4.249999 5.000000
v -0.250000 4.249999 0.875000
v 0.250000 4.249999 0.875000
v 0.250001 4.249999 5.000000
v 0.875000 0.250000 -0.250000
v 0.875000 0.250000 0.250000
v 5.500000 0.250000 -0.250000
v 5.500000 0.250000 0.250000
v 5.000000 0.750000 -0.250000
v 0.875000 0.750000 -0.250000
v 0.875000 0.750000 0.250000
v 5.000000 0.750000 0.250000
v -0.875000 0.250000 0.250000
v -0.875000 0.250000 -0.250000
v -5.500000 0.250000 0.249999
v -5.500000 0.250000 -0.250001
v -5.000000 0.750000 0.249999
v -0.875000 0.750000 0.250000
v -0.875000 0.750000 -0.250000
v -5.000000 0.750000 -0.250001
v 0.250000 0.250001 0.875000
v -0.250000 0.250001 0.875000
v 0.249999 0.250000 5.500000
v -0.250001 0.250000 5.500000
v 0.250000 0.750000 5.000000
v 0.250000 0.750001 0.875000
v -0.250000 0.750001 0.875000
v -0.250000 0.750000 5.000000
v -0.250000 0.250001 -0.875000
v 0.250000 0.250001 -0.875000
v -0.249999 0.250001 -5.500000
v 0.250001 0.250001 -5.500000
v -0.249999 0.750001 -5.000000
v -0.250000 0.750001 -0.875000
v 0.250000 0.750001 -0.875000
v 0.250001 0.750001 -5.000000
v 1.361538 4.750000 -0.641747
v 1.361538 5.000000 -0.641747
v 1.236538 4.750000 -0.858253
v 1.236538 5.000000 -0.858253
v 2.011057 3.860000 -1.016747
v 2.011057 4.110000 -1.016747
v 1.886057 3.860000 -1.233253
v 1.886057 4.110000 -1.233253
v 2.535576 3.750000 -1.608253
v 2.535576 3.500000 -1.608253
v 2.660576 3.500000 -1.391747
v 2.660576 3.750000 -1.391747
v 3.185095 3.750000 -1.983254
v 3.185095 3.500000 -1.983254
v 3.310095 3.500000 -1.766747
v 3.310095 3.750000 -1.766747
v 3.834614 4.000000 -2.358254
v 3.834614 3.750000 -2.358254
v 3.959614 3.750000 -2.141747
v 3.959614 4.000000 -2.141747
v 0.858252 4.750000 -1.236538
v 0.858252 5.000000 -1.236538
v 0.641746 4.750000 -1.361538
v 0.641746 5.000000 -1.361538
v 1.233253 3.860000 -1.886057
v 1.233253 4.110000 -1.886057
v 1.016747 3.860000 -2.011057
v 1.016747 4.110000 -2.011057
v 1.391746 3.750000 -2.660576
v 1.391746 3.500000 -2.660576
v 1.608253 3.500000 -2.535576
v 1.608253 3.750000 -2.535576
v 1.766746 3.750000 -3.310095
v 1.766746 3.500000 -3.310095
v 1.983253 3.500000 -3.185096
v 1.983253 3.750000 -3.185096
v 2.141747 4.000000 -3.959614
v 2.141747 3.750000 -3.959614
v 2.358253 3.750000 -3.834615
v 2.358253 4.000000 -3.834615
v 0.641747 4.750000 1.361538
v 0.641747 5.000000 1.361538
v 0.858253 4.750000 1.236538
v 0.858253 5.000000 1.236538
v 1.016747 3.860000 2.011057
v 1.016747 4.110000 2.011057
v 1.233253 3.860000 1.886057
v 1.233253 4.110000 1.886057
v 1.608253 3.750000 2.535576
v 1.608253 3.500000 2.535576
v 1.391747 3.500000 2.660576
v 1.391747 3.750000 2.660576
v 1.983253 3.750000 3.185095
v 1.983253 3.500000 3.185095
v 1.766747 3.500000 3.310095
v 1.766747 3.750000 3.310095
v 2.358254 4.000000 3.834614
v 2.358254 3.750000 3.834614
v 2.141747 3.750000 3.959614
v 2.141747 4.000000 3.959614
v 1.236538 4.750000 0.858252
v 1.236538 5.000000 0.858252
v 1.361538 4.750000 0.641746
v 1.361538 5.000000 0.641746
v 1.886057 3.860000 1.233253
v 1.886057 4.110000 1.233253
v 2.011057 3.860000 1.016746
v 2.011057 4.110000 1.016746
v 2.660576 3.750000 1.391746
v 2.660576 3.500000 1.391746
v 2.535576 3.500000 1.608253
v 2.535576 3.750000 1.608253
v 3.310095 3.750000 1.766746
v 3.310095 3.500000 1.766746
v 3.185096 3.500000 1.983253
v 3.185096 3.750000 1.983253
v 3.959614 4.000000 2.141746
v 3.959614 3.750000 2.141746
v 3.834615 3.750000 2.358253
v 3.834615 4.000000 2.358253
v -0.641747 4.750000 -1.361538
v -0.641747 5.000000 -1.361538
v -0.858253 4.750000 -1.236538
v -0.858253 5.000000 -1.236538
v -1.016747 3.860000 -2.011057
v -1.016747 4.110000 -2.011057
v -1.233253 3.860000 -1.886057
v -1.233253 4.110000 -1.886057
v -1.608253 3.750000 -2.535576
v -1.608253 3.500000 -2.535576
v -1.391747 3.500000 -2.660576
v -1.391747 3.750000 -2.660576
v -1.983253 3.750000 -3.185095
v -1.983253 3.500000 -3.185095
v -1.766747 3.500000 -3.310095
v -1.766747 3.750000 -3.310095
v -2.358254 4.000000 -3.834614
v -2.358254 3.750000 -3.834614
v -2.141747 3.750000 -3.959614
v -2.141747 4.000000 -3.959614
v -1.236538 4.750000 -0.858252
v -1.236538 5.000000 -0.858252
v -1.361538 4.750000 -0.641746
v -1.361538 5.000000 -0.641746
v -1.886057 3.860000 -1.233253
v -1.886057 4.110000 -1.233253
v -2.011057 3.860000 -1.016746
v -2.011057 4.110000 -1.016746
v -2.660576 3.750000 -1.391746
v -2.660576 3.500000 -1.391746
v -2.535576 3.500000 -1.608253
v -2.535576 3.750000 -1.608253
v -3.310095 3.750000 -1.766746
v -3.310095 3.500000 -1.766746
v -3.185096 3.500000 -1.983253
v -3.185096 3.750000 -1.983253
v -3.959614 4.000000 -2.141746
v -3.959614 3.750000 -2.141746
v -3.834615 3.750000 -2.358253
v -3.834615 4.000000 -2.358253
v -7.500000 2.500000 1.500001
v -7.500000 3.250000 1.299039
v -7.500000 3.799038 0.750001
v -7.500000 4.000000 0.000001
v -7.500000 3.799038 -0.749999
v -7.500000 3.250000 -1.299037
v -7.500000 2.500000 -1.499999
v -7.500000 1.750000 -1.299038
v -7.500000 1.200962 -0.750000
v -7.500000 1.000000 -0.000000
v -7.500000 1.200961 0.750000
v -7.500000 1.749999 1.299038
v -7.250000 3.250000 1.299039
v -7.250000 2.500000 1.500001
v -7.250000 3.799038 0.750001
v -7.250000 4.000000 0.000001
v -7.250000 3.799038 -0.749999
v -7.250000 3.250000 -1.299037
v -7.250000 2.500000 -1.499999
v -7.250000 1.750000 -1.299037
v -7.250000 1.200962 -0.750000
v -7.250000 1.000000 0.000000
v -7.250000 1.200961 0.750000
v -7.250000 1.749999 1.299038
v -7.250000 1.999999 0.866026
v -7.250000 1.633974 0.500000
v -7.250000 1.500000 0.000000
v -7.250000 1.633975 -0.500000
v -7.250000 2.000000 -0.866025
v -7.250000 2.500000 -0.999999
v -7.250000 3.000000 -0.866025
v -7.250000 3.366025 -0.499999
v -7.250000 3.500000 0.000001
v -7.250000 3.366026 0.500001
v -7.250000 3.000000 0.866026
v -7.250000 2.500000 1.000000
v -6.500000 1.999999 0.866026
v -6.500000 1.633974 0.500000
v -6.500000 1.500000 0.000000
v -6.500000 1.633975 -0.500000
v -6.500000 2.000000 -0.866025
v -6.500000 2.500000 -0.999999
v -6.500000 3.000000 -0.866025
v -6.500000 3.366025 -0.499999
v -6.500000 3.500000 0.000001
v -6.500000 3.366026 0.500001
v -6.500000 3.000000 0.866026
v -6.500000 2.500000 1.000000
v -7.500000 2.500000 1.000000
v -7.500000 3.000000 0.866026
v -7.500000 3.366025 0.500000
v -7.500000 3.500000 0.000000
v -7.500000 3.366025 -0.500000
v -7.500000 3.000000 -0.866025
v -7.500000 2.500000 -1.000000
v -7.500000 2.000000 -0.866025
v -7.500000 1.633975 -0.500000
v -7.500000 1.500000 -0.000000
v -7.500000 1.633974 0.500000
v -7.500000 1.999999 0.866025
v -7.500000 2.500000 0.750000
v -7.500000 2.875000 0.649519
v -7.500000 3.149519 0.375000
v -7.500000 3.250000 0.000000
v -7.500000 3.149519 -0.375000
v -7.500000 2.875000 -0.649518
v -7.500000 2.500000 -0.750000
v -7.500000 2.125000 -0.649519
v -7.500000 1.850481 -0.375000
v -7.500000 1.750000 0.000000
v -7.500000 1.850481 0.375000
v -7.500000 2.125000 0.649519
v -7.375000 3.000000 0.866026
v -7.375000 2.500000 1.000000
v -7.375000 3.366025 0.500000
v -7.375000 3.500000 0.000000
v -7.375000 3.366025 -0.500000
v -7.375000 3.000000 -0.866025
v -7.375000 2.500000 -1.000000
v -7.375000 2.000000 -0.866025
v -7.375000 1.633975 -0.500000
v -7.375000 1.500000 -0.000000
v -7.375000 1.633974 0.500000
v -7.375000 1.999999 0.866025
v -7.375000 2.875000 0.649519
v -7.375000 2.500000 0.750000
v -7.375000 3.149519 0.375000
v -7.375000 3.250000 0.000000
v -7.375000 3.149519 -0.375000
v -7.375000 2.875000 -0.649518
v -7.375000 2.500000 -0.750000
v -7.375000 2.125000 -0.649519
v -7.375000 1.850481 -0.375000
v -7.375000 1.750000 0.000000
v -7.375000 1.850481 0.375000
v -7.375000 2.125000 0.649519
v -7.500000 2.500000 0.000000
v -1.500000 2.500000 -7.500000
v -1.299038 3.250000 -7.500000
v -0.750000 3.799038 -7.500000
v -0.000000 4.000000 -7.500000
v 0.750000 3.799038 -7.500000
v 1.299038 3.250000 -7.500000
v 1.500000 2.500000 -7.500000
v 1.299038 1.750000 -7.500000
v 0.750000 1.200962 -7.500000
v 0.000000 1.000000 -7.500000
v -0.750000 1.200961 -7.500000
v -1.299038 1.749999 -7.500000
v -1.299039 3.250000 -7.250000
v -1.500001 2.500000 -7.250000
v -0.750000 3.799038 -7.250000
v -0.000000 4.000000 -7.250000
v 0.750000 3.799038 -7.250000
v 1.299037 3.250000 -7.250000
v 1.500000 2.500000 -7.250000
v 1.299038 1.750000 -7.250000
v 0.750000 1.200962 -7.250000
v 0.000000 1.000000 -7.250000
v -0.750000 1.200961 -7.250000
v -1.299038 1.749999 -7.250000
v -0.866026 1.999999 -7.250000
v -0.500000 1.633974 -7.250000
v 0.000000 1.500000 -7.250000
v 0.500000 1.633975 -7.250000
v 0.866025 2.000000 -7.250000
v 1.000000 2.500000 -7.250000
v 0.866025 3.000000 -7.250000
v 0.500000 3.366025 -7.250000
v -0.000000 3.500000 -7.250000
v -0.500000 3.366026 -7.250000
v -0.866026 3.000000 -7.250000
v -1.000000 2.500000 -7.250000
v -0.866025 1.999999 -6.500000
v -0.500000 1.633974 -6.500000
v 0.000000 1.500000 -6.500000
v 0.500000 1.633975 -6.500000
v 0.866025 2.000000 -6.500000
v 1.000000 2.500000 -6.500000
v 0.866025 3.000000 -6.500000
v 0.500000 3.366025 -6.500000
v -0.000000 3.500000 -6.500000
v -0.500000 3.366026 -6.500000
v -0.866026 3.000000 -6.500000
v -1.000000 2.500000 -6.500000
v -1.000000 2.500000 -7.500000
v -0.866026 3.000000 -7.500000
v -0.500000 3.366025 -7.500000
v 0.000000 3.500000 -7.500000
v 0.500000 3.366025 -7.500000
v 0.866025 3.000000 -7.500000
v 1.000000 2.500000 -7.500000
v 0.866025 2.000000 -7.500000
v 0.500000 1.633975 -7.500000
v 0.000000 1.500000 -7.500000
v -0.500000 1.633974 -7.500000
v -0.866025 1.999999 -7.500000
v -0.750000 2.500000 -7.500000
v -0.649519 2.875000 -7.500000
v -0.375000 3.149519 -7.500000
v 0.000000 3.250000 -7.500000
v 0.375000 3.149519 -7.500000
v 0.649519 2.875000 -7.500000
v 0.750000 2.500000 -7.500000
v 0.649519 2.125000 -7.500000
v 0.375000 1.850481 -7.500000
v 0.000000 1.750000 -7.500000
v -0.375000 1.850481 -7.500000
v -0.649519 2.124999 -7.500000
v -0.866025 3.000000 -7.375000
v -1.000000 2.500000 -7.375000
v -0.500000 3.366025 -7.375000
v 0.000000 3.500000 -7.375000
v 0.500000 3.366025 -7.375000
v 0.866025 3.000000 -7.375000
v 1.000000 2.500000 -7.375000
v 0.866025 2.000000 -7.375000
v 0.500000 1.633975 -7.375000
v 0.000000 1.500000 -7.375000
v -0.500000 1.633974 -7.375000
v -0.866025 1.999999 -7.375000
v -0.649519 2.875000 -7.375000
v -0.750000 2.500000 -7.375000
v -0.375000 3.149519 -7.375000
v 0.000000 3.250000 -7.375000
v 0.375000 3.149519 -7.375000
v 0.649519 2.875000 -7.375000
v 0.750000 2.500000 -7.375000
v 0.649519 2.125000 -7.375000
v 0.375000 1.850481 -7.375000
v 0.000000 1.750000 -7.375000
v -0.375000 1.850481 -7.375000
v -0.649519 2.124999 -7.375000
v 0.000000 2.500000 -7.500000
v 1.500001 2.500000 7.500000
v 1.299039 3.250000 7.500000
v 0.750001 3.799038 7.500000
v 0.000001 4.000000 7.500000
v -0.749999 3.799038 7.500000
v -1.299037 3.250000 7.500000
v -1.499999 2.500000 7.500000
v -1.299037 1.750000 7.500000
v -0.750000 1.200962 7.500000
v 0.000000 1.000000 7.500000
v 0.750000 1.200961 7.500000
v 1.299039 1.749999 7.500000
v 1.299040 3.250000 7.250000
v 1.500001 2.500000 7.250000
v 0.750001 3.799038 7.250000
v 0.000001 4.000000 7.250000
v -0.749999 3.799038 7.250000
v -1.299037 3.250000 7.250000
v -1.499999 2.500000 7.250000
v -1.299037 1.750000 7.250000
v -0.749999 1.200962 7.250000
v 0.000000 1.000000 7.250000
v 0.750000 1.200961 7.250000
v 1.299039 1.749999 7.250000
v 0.866026 1.999999 7.250000
v 0.500000 1.633974 7.250000
v 0.000000 1.500000 7.250000
v -0.499999 1.633975 7.250000
v -0.866024 2.000000 7.250000
v -0.999999 2.500000 7.250000
v -0.866024 3.000000 7.250000
v -0.499999 3.366025 7.250000
v 0.000001 3.500000 7.250000
v 0.500001 3.366026 7.250000
v 0.866026 3.000000 7.250000
v 1.000001 2.500000 7.250000
v 0.866026 1.999999 6.500000
v 0.500000 1.633974 6.500000
v 0.000000 1.500000 6.500000
v -0.499999 1.633975 6.500000
v -0.866024 2.000000 6.500000
v -0.999999 2.500000 6.500000
v -0.866024 3.000000 6.500000
v -0.499999 3.366025 6.500000
v 0.000001 3.500000 6.500000
v 0.500001 3.366026 6.500000
v 0.866026 3.000000 6.500000
v 1.000001 2.500000 6.500000
v 1.000001 2.500000 7.500000
v 0.866026 3.000000 7.500000
v 0.500001 3.366025 7.500000
v 0.000001 3.500000 7.500000
v -0.500000 3.366025 7.500000
v -0.866024 3.000000 7.500000
v -0.999999 2.500000 7.500000
v -0.866024 2.000000 7.500000
v -0.500000 1.633975 7.500000
v 0.000000 1.500000 7.500000
v 0.500000 1.633974 7.500000
v 0.866026 1.999999 7.500000
v 0.750001 2.500000 7.500000
v 0.649520 2.875000 7.500000
v 0.375001 3.149519 7.500000
v 0.000001 3.250000 7.500000
v -0.374999 3.149519 7.500000
v -0.649518 2.875000 7.500000
v -0.749999 2.500000 7.500000
v -0.649518 2.125000 7.500000
v -0.375000 1.850481 7.500000
v 0.000000 1.750000 7.500000
v 0.375000 1.850481 7.500000
v 0.649520 2.124999 7.500000
v 0.866026 3.000000 7.375000
v 1.000001 2.500000 7.375000
v 0.500000 3.366025 7.375000
v 0.000000 3.500000 7.375000
v -0.500000 3.366025 7.375000
v -0.866024 3.000000 7.375000
v -0.999999 2.500000 7.375000
v -0.866024 2.000000 7.375000
v -0.500000 1.633975 7.375000
v 0.000000 1.500000 7.375000
v 0.500000 1.633974 7.375000
v 0.866026 1.999999 7.375000
v 0.649520 2.875000 7.375000
v 0.750001 2.500000 7.375000
v 0.375001 3.149519 7.375000
v 0.000001 3.250000 7.375000
v -0.374999 3.149519 7.375000
v -0.649518 2.875000 7.375000
v -0.749999 2.500000 7.375000
v -0.649518 2.125000 7.375000
v -0.375000 1.850481 7.375000
v 0.000000 1.750000 7.375000
v 0.375000 1.850481 7.375000
v 0.649519 2.124999 7.375000
v 0.000000 2.500000 7.500000
v 5.450640 1.500000 3.724277
v 5.595672 2.499999 3.808012
v 5.450641 3.499999 3.724278
v 3.724279 3.499999 5.450640
v 3.808013 2.499999 5.595671
v 3.724278 1.500000 5.450639
v -5.450640 1.500000 -3.724277
v -5.595673 2.499999 -3.808011
v -5.450642 3.499999 -3.724278
v -3.724279 3.499999 -5.450640
v -3.808014 2.499999 -5.595671
v -3.724279 1.500000 -5.450639
v 3.724277 1.500000 -5.450640
v 3.808011 2.499999 -5.595671
v 3.724277 3.499999 -5.450641
v 5.450640 3.499999 -3.724279
v 5.595671 2.499999 -3.808014
v 5.450639 1.500000 -3.724278
v -3.724277 1.500000 5.450640
v -3.808010 2.499999 5.595672
v -3.724277 3.499999 5.450641
v -5.450640 3.499999 3.724280
v -5.595671 2.499999 3.808014
v -5.450638 1.500000 3.724279
v 7.250000 1.250000 -1.500000
v 6.250000 0.250000 -1.500000
v 7.250000 1.250000 -3.000000
v 6.250000 0.250000 -3.000000
v 7.250000 3.750000 -1.500000
v 7.250000 3.750000 -3.000000
v 6.250000 4.750000 -1.500000
v 6.250000 4.750000 -3.000000
v 7.250000 1.250000 3.000000
v 6.250000 0.250000 3.000000
v 7.250000 1.250000 1.500000
v 6.250000 0.250000 1.500000
v 7.250000 3.750000 3.000000
v 7.250000 3.750000 1.500000
v 6.250000 4.750000 3.000000
v 6.250000 4.750000 1.500000
v -7.250000 1.250000 1.500000
v -6.250000 0.250000 1.500000
v -7.250000 1.250000 3.000001
v -6.250000 0.250000 3.000000
v -7.250000 3.750000 1.500000
v -7.250000 3.750000 3.000001
v -6.250000 4.750000 1.500000
v -6.250000 4.750000 3.000000
v -7.250000 1.250000 -2.999999
v -6.250000 0.250000 -3.000000
v -7.250000 1.250000 -1.500000
v -6.250000 0.250000 -1.500000
v -7.250000 3.750000 -2.999999
v -7.250000 3.750000 -1.500000
v -6.250000 4.750000 -3.000000
v -6.250000 4.750000 -1.500000
v -1.500000 1.250000 -7.250000
v -1.500000 0.250000 -6.250000
v -3.000000 1.250000 -7.250000
v -3.000000 0.250000 -6.250000
v -1.500000 3.750000 -7.250000
v -3.000000 3.750000 -7.250000
v -1.500000 4.750000 -6.250000
v -3.000000 4.750000 -6.250000
v 3.000000 1.250000 -7.250000
v 3.000000 0.250000 -6.250000
v 1.500000 1.250000 -7.250000
v 1.500000 0.250000 -6.250000
v 3.000000 3.750000 -7.250000
v 1.500000 3.750000 -7.250000
v 3.000000 4.750000 -6.250000
v 1.500000 4.750000 -6.250000
v 1.500001 1.250000 7.250000
v 1.500001 0.250000 6.250000
v 3.000001 1.250000 7.250000
v 3.000001 0.250000 6.250000
v 1.500001 3.750000 7.250000
v 3.000001 3.750000 7.250000
v 1.500001 4.750000 6.250000
v 3.000001 4.750000 6.250000
v -3.000000 1.250000 7.250000
v -3.000000 0.250000 6.250000
v -1.500000 1.250000 7.250000
v -1.500000 0.250000 6.250000
v -3.000000 3.750000 7.250000
v -1.500000 3.750000 7.250000
v -3.000000 4.750000 6.250000
v -1.500000 4.750000 6.250000
vt 0.177043 0.409836
vt 0.334630 0.491803
vt 0.147860 0.491803
vt 0.007782 0.344262
vt 0.007782 0.147541
vt 0.085603 0.313525
vt 0.147860 -0.000000
vt 0.085603 0.178279
vt 0.334630 -0.000000
vt 0.177043 0.081967
vt 0.474708 0.147541
vt 0.305447 0.081967
vt 0.474708 0.344262
vt 0.396887 0.178279
vt 0.396887 0.313525
vt 0.560311 0.288934
vt 0.552529 0.252049
vt 0.560311 0.252049
vt 0.552529 0.219262
vt 0.560311 0.219262
vt 0.552529 0.192623
vt 0.560311 0.192623
vt 0.560311 0.165984
vt 0.552529 0.165984
vt 0.560311 0.133197
vt 0.552529 0.133197
vt 0.560311 0.096311
vt 0.552529 0.096311
vt 0.552529 0.059426
vt 0.560311 0.059426
vt 0.552529 0.026639
vt 0.560311 0.026639
vt 0.552529 -0.000000
vt 0.560311 -0.000000
vt 0.560311 0.358607
vt 0.552529 0.385246
vt 0.552529 0.358607
vt 0.560311 0.325820
vt 0.552529 0.325820
vt 0.552529 0.288934
vt 0.591440 0.288934
vt 0.599222 0.325820
vt 0.591440 0.325820
vt 0.599222 0.252049
vt 0.591440 0.252049
vt 0.599222 0.219262
vt 0.591440 0.219262
vt 0.599222 0.192623
vt 0.591440 0.192623
vt 0.591440 0.165984
vt 0.591440 0.133197
vt 0.599222 0.165984
vt 0.591440 0.096311
vt 0.599222 0.133197
vt 0.599222 0.059426
vt 0.591440 0.059426
vt 0.599222 0.026639
vt 0.591440 0.026639
vt 0.599222 0.000000
vt 0.591440 0.000000
vt 0.591440 0.358607
vt 0.599222 0.385246
vt 0.591440 0.385246
vt 0.599222 0.358607
vt 0.560311 0.288934
vt 0.552529 0.325820
vt 0.552529 0.288934
vt 0.560311 0.325820
vt 0.552529 0.358607
vt 0.560311 0.358607
vt 0.552529 0.385246
vt 0.560311 0.026639
vt 0.552529 -0.000000
vt 0.560311 -0.000000
vt 0.560311 0.059426
vt 0.552529 0.026639
vt 0.560311 0.096311
vt 0.552529 0.059426
vt 0.552529 0.133197
vt 0.552529 0.096311
vt 0.560311 0.133197
vt 0.552529 0.165984
vt 0.560311 0.165984
vt 0.552529 0.192623
vt 0.560311 0.219262
vt 0.560311 0.192623
vt 0.560311 0.252049
vt 0.552529 0.219262
vt 0.552529 0.252049
vt 0.591440 0.288934
vt 0.599222 0.325820
vt 0.591440 0.325820
vt 0.599222 0.252049
vt 0.591440 0.252049
vt 0.599222 0.219262
vt 0.591440 0.219262
vt 0.599222 0.192623
vt 0.591440 0.192623
vt 0.591440 0.165984
vt 0.591440 0.133197
vt 0.599222 0.165984
vt 0.591440 0.096311
vt 0.599222 0.133197
vt 0.599222 0.059426
vt 0.591440 0.059426
vt 0.599222 0.026639
vt 0.591440 0.026639
vt 0.599222 0.000000
vt 0.591440 0.000000
vt 0.591440 0.358607
vt 0.599222 0.385246
vt 0.591440 0.385246
vt 0.599222 0.358607
vt 0.560311 0.288934
vt 0.552529 0.252049
vt 0.560311 0.252049
vt 0.552529 0.219262
vt 0.560311 0.219262
vt 0.552529 0.192623
vt 0.560311 0.192623
vt 0.560311 0.165984
vt 0.552529 0.165984
vt 0.560311 0.133197
vt 0.552529 0.133197
vt 0.560311 0.096311
vt 0.552529 0.096311
vt 0.552529 0.059426
vt 0.560311 0.059426
vt 0.552529 0.026639
vt 0.560311 0.026639
vt 0.552529 -0.000000
vt 0.560311 -0.000000
vt 0.560311 0.358607
vt 0.552529 0.385246
vt 0.552529 0.358607
vt 0.560311 0.325820
vt 0.552529 0.325820
vt 0.552529 0.288934
vt 0.560311 0.288934
vt 0.552529 0.325820
vt 0.552529 0.288934
vt 0.560311 0.325820
vt 0.552529 0.358607
vt 0.560311 0.358607
vt 0.552529 0.385246
vt 0.560311 0.026639
vt 0.552529 -0.000000
vt 0.560311 -0.000000
vt 0.560311 0.059426
vt 0.552529 0.026639
vt 0.560311 0.096311
vt 0.552529 0.059426
vt 0.552529 0.133197
vt 0.552529 0.096311
vt 0.560311 0.133197
vt 0.552529 0.165984
vt 0.560311 0.165984
vt 0.552529 0.192623
vt 0.560311 0.219262
vt 0.560311 0.192623
vt 0.560311 0.252049
vt 0.552529 0.219262
vt 0.552529 0.252049
vt 0.591440 0.325820
vt 0.599222 0.358607
vt 0.591440 0.358607
vt 0.599222 0.385246
vt 0.591440 0.385246
vt 0.599222 0.000000
vt 0.591440 0.026639
vt 0.591440 0.000000
vt 0.599222 0.026639
vt 0.591440 0.059426
vt 0.599222 0.059426
vt 0.591440 0.096311
vt 0.599222 0.133197
vt 0.591440 0.133197
vt 0.599222 0.165984
vt 0.591440 0.165984
vt 0.599222 0.192623
vt 0.591440 0.192623
vt 0.591440 0.219262
vt 0.599222 0.219262
vt 0.591440 0.252049
vt 0.599222 0.252049
vt 0.591440 0.288934
vt 0.599222 0.325820
vt 0.560311 0.288934
vt 0.552529 0.325820
vt 0.552529 0.288934
vt 0.560311 0.325820
vt 0.552529 0.358607
vt 0.560311 0.358607
vt 0.552529 0.385246
vt 0.560311 0.026639
vt 0.552529 -0.000000
vt 0.560311 -0.000000
vt 0.560311 0.059426
vt 0.552529 0.026639
vt 0.560311 0.096311
vt 0.552529 0.059426
vt 0.552529 0.133197
vt 0.552529 0.096311
vt 0.560311 0.133197
vt 0.552529 0.165984
vt 0.560311 0.165984
vt 0.552529 0.192623
vt 0.560311 0.219262
vt 0.560311 0.192623
vt 0.560311 0.252049
vt 0.552529 0.219262
vt 0.552529 0.252049
vt 0.591440 0.325820
vt 0.599222 0.358607
vt 0.591440 0.358607
vt 0.599222 0.385246
vt 0.591440 0.385246
vt 0.599222 0.000000
vt 0.591440 0.026639
vt 0.591440 -0.000000
vt 0.599222 0.026639
vt 0.591440 0.059426
vt 0.599222 0.059426
vt 0.591440 0.096311
vt 0.599222 0.133197
vt 0.591440 0.133197
vt 0.599222 0.165984
vt 0.591440 0.165984
vt 0.599222 0.192623
vt 0.591440 0.192623
vt 0.591440 0.219262
vt 0.599222 0.219262
vt 0.591440 0.252049
vt 0.599222 0.252049
vt 0.591440 0.288934
vt 0.599222 0.325820
vt 0.591440 0.288934
vt 0.599222 0.325820
vt 0.591440 0.325820
vt 0.599222 0.252049
vt 0.591440 0.252049
vt 0.599222 0.219262
vt 0.591440 0.219262
vt 0.599222 0.192623
vt 0.591440 0.192623
vt 0.591440 0.165984
vt 0.591440 0.133197
vt 0.599222 0.165984
vt 0.591440 0.096311
vt 0.599222 0.133197
vt 0.599222 0.059426
vt 0.591440 0.059426
vt 0.599222 0.026639
vt 0.591440 0.026639
vt 0.599222 0.000000
vt 0.591440 0.000000
vt 0.591440 0.358607
vt 0.599222 0.385246
vt 0.591440 0.385246
vt 0.599222 0.358607
vt 0.560311 0.288934
vt 0.552529 0.252049
vt 0.560311 0.252049
vt 0.552529 0.219262
vt 0.560311 0.219262
vt 0.552529 0.192623
vt 0.560311 0.192623
vt 0.560311 0.165984
vt 0.552529 0.165984
vt 0.560311 0.133197
vt 0.552529 0.133197
vt 0.560311 0.096311
vt 0.552529 0.096311
vt 0.552529 0.059426
vt 0.560311 0.059426
vt 0.552529 0.026639
vt 0.560311 0.026639
vt 0.552529 -0.000000
vt 0.560311 -0.000000
vt 0.560311 0.358607
vt 0.552529 0.385246
vt 0.552529 0.358607
vt 0.560311 0.325820
vt 0.552529 0.325820
vt 0.552529 0.288934
vt 0.591440 0.288934
vt 0.599222 0.325820
vt 0.591440 0.325820
vt 0.599222 0.252049
vt 0.591440 0.252049
vt 0.599222 0.219262
vt 0.591440 0.219262
vt 0.599222 0.192623
vt 0.591440 0.192623
vt 0.591440 0.165984
vt 0.591440 0.133197
vt 0.599222 0.165984
vt 0.591440 0.096311
vt 0.599222 0.133197
vt 0.599222 0.059426
vt 0.591440 0.059426
vt 0.599222 0.026639
vt 0.591440 0.026639
vt 0.599222 0.000000
vt 0.591440 0.000000
vt 0.591440 0.358607
vt 0.599222 0.385246
vt 0.591440 0.385246
vt 0.599222 0.358607
vt 0.560311 0.288934
vt 0.552529 0.325820
vt 0.552529 0.288934
vt 0.560311 0.325820
vt 0.552529 0.358607
vt 0.560311 0.358607
vt 0.552529 0.385246
vt 0.560311 0.026639
vt 0.552529 -0.000000
vt 0.560311 0.000000
vt 0.560311 0.059426
vt 0.552529 0.026639
vt 0.560311 0.096311
vt 0.552529 0.059426
vt 0.552529 0.133197
vt 0.552529 0.096311
vt 0.560311 0.133197
vt 0.552529 0.165984
vt 0.560311 0.165984
vt 0.552529 0.192623
vt 0.560311 0.219262
vt 0.560311 0.192623
vt 0.560311 0.252049
vt 0.552529 0.219262
vt 0.552529 0.252049
vt 0.591440 0.325820
vt 0.599222 0.358607
vt 0.591440 0.358607
vt 0.599222 0.385246
vt 0.591440 0.385246
vt 0.599222 -0.000000
vt 0.591440 0.026639
vt 0.591440 -0.000000
vt 0.599222 0.026639
vt 0.591440 0.059426
vt 0.599222 0.059426
vt 0.591440 0.096311
vt 0.599222 0.133197
vt 0.591440 0.133197
vt 0.599222 0.165984
vt 0.591440 0.165984
vt 0.599222 0.192623
vt 0.591440 0.192623
vt 0.591440 0.219262
vt 0.599222 0.219262
vt 0.591440 0.252049
vt 0.599222 0.252049
vt 0.591440 0.288934
vt 0.599222 0.325820
vt 0.560311 0.288934
vt 0.552529 0.252049
vt 0.560311 0.252049
vt 0.552529 0.219262
vt 0.560311 0.219262
vt 0.552529 0.192623
vt 0.560311 0.192623
vt 0.560311 0.165984
vt 0.552529 0.165984
vt 0.560311 0.133197
vt 0.552529 0.133197
vt 0.560311 0.096311
vt 0.552529 0.096311
vt 0.552529 0.059426
vt 0.560311 0.059426
vt 0.552529 0.026639
vt 0.560311 0.026639
vt 0.552529 -0.000000
vt 0.560311 -0.000000
vt 0.560311 0.358607
vt 0.552529 0.385246
vt 0.552529 0.358607
vt 0.560311 0.325820
vt 0.552529 0.325820
vt 0.552529 0.288934
vt 0.591440 0.325820
vt 0.599222 0.358607
vt 0.591440 0.358607
vt 0.599222 0.385246
vt 0.591440 0.385246
vt 0.599222 0.000000
vt 0.591440 0.026639
vt 0.591440 0.000000
vt 0.599222 0.026639
vt 0.591440 0.059426
vt 0.599222 0.059426
vt 0.591440 0.096311
vt 0.599222 0.133197
vt 0.591440 0.133197
vt 0.599222 0.165984
vt 0.591440 0.165984
vt 0.599222 0.192623
vt 0.591440 0.192623
vt 0.591440 0.219262
vt 0.599222 0.219262
vt 0.591440 0.252049
vt 0.599222 0.252049
vt 0.591440 0.288934
vt 0.599222 0.325820
vt 0.560311 0.288934
vt 0.552529 0.325820
vt 0.552529 0.288934
vt 0.560311 0.325820
vt 0.552529 0.358607
vt 0.560311 0.358607
vt 0.552529 0.385246
vt 0.560311 0.026639
vt 0.552529 -0.000000
vt 0.560311 -0.000000
vt 0.560311 0.059426
vt 0.552529 0.026639
vt 0.560311 0.096311
vt 0.552529 0.059426
vt 0.552529 0.133197
vt 0.552529 0.096311
vt 0.560311 0.133197
vt 0.552529 0.165984
vt 0.560311 0.165984
vt 0.552529 0.192623
vt 0.560311 0.219262
vt 0.560311 0.192623
vt 0.560311 0.252049
vt 0.552529 0.219262
vt 0.552529 0.252049
vt 0.591440 0.288934
vt 0.599222 0.325820
vt 0.591440 0.325820
vt 0.599222 0.252049
vt 0.591440 0.252049
vt 0.599222 0.219262
vt 0.591440 0.219262
vt 0.599222 0.192623
vt 0.591440 0.192623
vt 0.591440 0.165984
vt 0.591440 0.133197
vt 0.599222 0.165984
vt 0.591440 0.096311
vt 0.599222 0.133197
vt 0.599222 0.059426
vt 0.591440 0.059426
vt 0.599222 0.026639
vt 0.591440 0.026639
vt 0.599222 0.000000
vt 0.591440 0.000000
vt 0.591440 0.358607
vt 0.599222 0.385246
vt 0.591440 0.385246
vt 0.599222 0.358607
vt 0.147860 0.500000
vt 0.085603 0.678279
vt 0.007782 0.647541
vt 0.007782 0.844262
vt 0.085603 0.813525
vt 0.147860 0.991803
vt 0.177043 0.909836
vt 0.334630 0.991803
vt 0.396887 0.813525
vt 0.474708 0.844262
vt 0.474708 0.647541
vt 0.396887 0.678279
vt 0.334630 0.500000
vt 0.305447 0.581967
vt 0.560311 0.288934
vt 0.552529 0.252049
vt 0.560311 0.252049
vt 0.552529 0.219262
vt 0.560311 0.219262
vt 0.552529 0.192623
vt 0.560311 0.192623
vt 0.560311 0.165984
vt 0.552529 0.165984
vt 0.560311 0.133197
vt 0.552529 0.133197
vt 0.560311 0.096311
vt 0.552529 0.096311
vt 0.552529 0.059426
vt 0.560311 0.059426
vt 0.552529 0.026639
vt 0.560311 0.026639
vt 0.552529 -0.000000
vt 0.560311 -0.000000
vt 0.560311 0.358607
vt 0.552529 0.385246
vt 0.552529 0.358607
vt 0.560311 0.325820
vt 0.552529 0.325820
vt 0.552529 0.288934
vt 0.591440 0.325820
vt 0.599222 0.358607
vt 0.591440 0.358607
vt 0.599222 0.385246
vt 0.591440 0.385246
vt 0.599222 0.000000
vt 0.591440 0.026639
vt 0.591440 0.000000
vt 0.599222 0.026639
vt 0.591440 0.059426
vt 0.599222 0.059426
vt 0.591440 0.096311
vt 0.599222 0.133197
vt 0.591440 0.133197
vt 0.599222 0.165984
vt 0.591440 0.165984
vt 0.599222 0.192623
vt 0.591440 0.192623
vt 0.591440 0.219262
vt 0.599222 0.219262
vt 0.591440 0.252049
vt 0.599222 0.252049
vt 0.591440 0.288934
vt 0.599222 0.325820
vt 0.560311 0.288934
vt 0.552529 0.325820
vt 0.552529 0.288934
vt 0.560311 0.325820
vt 0.552529 0.358607
vt 0.560311 0.358607
vt 0.552529 0.385246
vt 0.560311 0.026639
vt 0.552529 -0.000000
vt 0.560311 -0.000000
vt 0.560311 0.059426
vt 0.552529 0.026639
vt 0.560311 0.096311
vt 0.552529 0.059426
vt 0.552529 0.133197
vt 0.552529 0.096311
vt 0.560311 0.133197
vt 0.552529 0.165984
vt 0.560311 0.165984
vt 0.552529 0.192623
vt 0.560311 0.219262
vt 0.560311 0.192623
vt 0.560311 0.252049
vt 0.552529 0.219262
vt 0.552529 0.252049
vt 0.591440 0.325820
vt 0.599222 0.358607
vt 0.591440 0.358607
vt 0.599222 0.385246
vt 0.591440 0.385246
vt 0.599222 0.000000
vt 0.591440 0.026639
vt 0.591440 0.000000
vt 0.599222 0.026639
vt 0.591440 0.059426
vt 0.599222 0.059426
vt 0.591440 0.096311
vt 0.599222 0.133197
vt 0.591440 0.133197
vt 0.599222 0.165984
vt 0.591440 0.165984
vt 0.599222 0.192623
vt 0.591440 0.192623
vt 0.591440 0.219262
vt 0.599222 0.219262
vt 0.591440 0.252049
vt 0.599222 0.252049
vt 0.591440 0.288934
vt 0.599222 0.325820
vt 0.591440 0.325820
vt 0.599222 0.358607
vt 0.591440 0.358607
vt 0.599222 0.385246
vt 0.591440 0.385246
vt 0.599222 0.000000
vt 0.591440 0.026639
vt 0.591440 -0.000000
vt 0.599222 0.026639
vt 0.591440 0.059426
vt 0.599222 0.059426
vt 0.591440 0.096311
vt 0.599222 0.133197
vt 0.591440 0.133197
vt 0.599222 0.165984
vt 0.591440 0.165984
vt 0.599222 0.192623
vt 0.591440 0.192623
vt 0.591440 0.219262
vt 0.599222 0.219262
vt 0.591440 0.252049
vt 0.599222 0.252049
vt 0.591440 0.288934
vt 0.599222 0.325820
vt 0.560311 0.288934
vt 0.552529 0.325820
vt 0.552529 0.288934
vt 0.560311 0.325820
vt 0.552529 0.358607
vt 0.560311 0.358607
vt 0.552529 0.385246
vt 0.560311 0.026639
vt 0.552529 -0.000000
vt 0.560311 -0.000000
vt 0.560311 0.059426
vt 0.552529 0.026639
vt 0.560311 0.096311
vt 0.552529 0.059426
vt 0.552529 0.133197
vt 0.552529 0.096311
vt 0.560311 0.133197
vt 0.552529 0.165984
vt 0.560311 0.165984
vt 0.552529 0.192623
vt 0.560311 0.219262
vt 0.560311 0.192623
vt 0.560311 0.252049
vt 0.552529 0.219262
vt 0.552529 0.252049
vt 0.607004 0.356557
vt 0.599222 0.327869
vt 0.607004 0.327869
vt 0.673152 0.368852
vt 0.607004 0.360656
vt 0.673152 0.360656
vt 0.607004 0.295082
vt 0.673152 0.286885
vt 0.673152 0.295082
vt 0.607004 0.299180
vt 0.599222 0.295082
vt 0.607004 0.299180
vt 0.599222 0.327869
vt 0.599222 0.295082
vt 0.607004 0.295082
vt 0.673152 0.286885
vt 0.673152 0.295082
vt 0.607004 0.299180
vt 0.599222 0.327869
vt 0.599222 0.295082
vt 0.607004 0.286885
vt 0.673152 0.295082
vt 0.607004 0.295082
vt 0.680934 0.327869
vt 0.673152 0.299180
vt 0.680934 0.295082
vt 0.673152 0.356557
vt 0.673152 0.327869
vt 0.673152 0.299180
vt 0.680934 0.327869
vt 0.673152 0.327869
vt 0.673152 0.356557
vt 0.607004 0.368852
vt 0.673152 0.360656
vt 0.673152 0.368852
vt 0.607004 0.356557
vt 0.607004 0.327869
vt 0.673152 0.360656
vt 0.607004 0.368852
vt 0.607004 0.360656
vt 0.607004 0.356557
vt 0.599222 0.360656
vt 0.548638 0.385246
vt 0.548638 0.418033
vt 0.536965 0.397541
vt 0.626459 0.385246
vt 0.626459 0.418033
vt 0.595331 0.385246
vt 0.595331 0.418033
vt 0.579767 0.385246
vt 0.521401 0.385246
vt 0.536965 0.385246
vt 0.548638 0.385246
vt 0.548638 0.418033
vt 0.536965 0.397541
vt 0.626459 0.385246
vt 0.626459 0.418033
vt 0.595331 0.385246
vt 0.579767 0.418033
vt 0.579767 0.385246
vt 0.536965 0.385246
vt 0.521401 0.397541
vt 0.521401 0.385246
vt 0.548638 0.385246
vt 0.548638 0.418033
vt 0.536965 0.397541
vt 0.626459 0.385246
vt 0.626459 0.418033
vt 0.595331 0.385246
vt 0.579767 0.418033
vt 0.579767 0.385246
vt 0.521401 0.385246
vt 0.536965 0.385246
vt 0.536965 0.397541
vt 0.521401 0.385246
vt 0.536965 0.385246
vt 0.595331 0.418033
vt 0.579767 0.385246
vt 0.595331 0.385246
vt 0.626459 0.385246
vt 0.626459 0.418033
vt 0.548638 0.385246
vt 0.548638 0.418033
vt 0.536965 0.397541
vt 0.521401 0.385246
vt 0.536965 0.385246
vt 0.595331 0.418033
vt 0.579767 0.385246
vt 0.595331 0.385246
vt 0.626459 0.385246
vt 0.626459 0.418033
vt 0.548638 0.385246
vt 0.548638 0.418033
vt 0.548638 0.385246
vt 0.548638 0.418033
vt 0.536965 0.397541
vt 0.626459 0.385246
vt 0.626459 0.418033
vt 0.595331 0.385246
vt 0.579767 0.418033
vt 0.579767 0.385246
vt 0.521401 0.385246
vt 0.536965 0.385246
vt 0.548638 0.385246
vt 0.548638 0.418033
vt 0.536965 0.397541
vt 0.626459 0.385246
vt 0.626459 0.418033
vt 0.595331 0.385246
vt 0.595331 0.418033
vt 0.579767 0.385246
vt 0.521401 0.385246
vt 0.536965 0.385246
vt 0.536965 0.397541
vt 0.521401 0.385246
vt 0.536965 0.385246
vt 0.595331 0.385246
vt 0.579767 0.418033
vt 0.579767 0.385246
vt 0.626459 0.385246
vt 0.626459 0.418033
vt 0.548638 0.385246
vt 0.548638 0.418033
vt 0.536965 0.397541
vt 0.521401 0.385246
vt 0.536965 0.385246
vt 0.595331 0.418033
vt 0.579767 0.385246
vt 0.595331 0.385246
vt 0.626459 0.385246
vt 0.626459 0.418033
vt 0.548638 0.385246
vt 0.548638 0.418033
vt 0.548638 0.385246
vt 0.548638 0.418033
vt 0.536965 0.397541
vt 0.626459 0.385246
vt 0.626459 0.418033
vt 0.595331 0.385246
vt 0.595331 0.418033
vt 0.579767 0.385246
vt 0.521401 0.385246
vt 0.536965 0.385246
vt 0.536965 0.397541
vt 0.521401 0.385246
vt 0.536965 0.385246
vt 0.595331 0.418033
vt 0.579767 0.385246
vt 0.595331 0.385246
vt 0.626459 0.385246
vt 0.626459 0.418033
vt 0.548638 0.385246
vt 0.548638 0.418033
vt 0.536965 0.397541
vt 0.521401 0.385246
vt 0.536965 0.385246
vt 0.595331 0.418033
vt 0.579767 0.385246
vt 0.595331 0.385246
vt 0.626459 0.385246
vt 0.626459 0.418033
vt 0.548638 0.385246
vt 0.548638 0.418033
vt 0.673152 0.299180
vt 0.680934 0.327869
vt 0.673152 0.327869
vt 0.673152 0.356557
vt 0.599222 0.327869
vt 0.607004 0.356557
vt 0.599222 0.360656
vt 0.673152 0.360656
vt 0.607004 0.368852
vt 0.607004 0.360656
vt 0.680934 0.327869
vt 0.673152 0.356557
vt 0.673152 0.327869
vt 0.673152 0.299180
vt 0.607004 0.295082
vt 0.673152 0.286885
vt 0.673152 0.295082
vt 0.607004 0.299180
vt 0.599222 0.295082
vt 0.505837 0.700820
vt 0.521401 0.680328
vt 0.521401 0.704918
vt 0.505837 0.676230
vt 0.521401 0.655738
vt 0.505837 0.651639
vt 0.521401 0.631148
vt 0.505837 0.627049
vt 0.521401 0.606557
vt 0.505837 0.602459
vt 0.521401 0.581967
vt 0.505837 0.577869
vt 0.521401 0.557377
vt 0.505837 0.553279
vt 0.521401 0.532787
vt 0.505837 0.528689
vt 0.521401 0.508197
vt 0.505837 0.487705
vt 0.521401 0.483607
vt 0.521401 0.778689
vt 0.505837 0.758197
vt 0.521401 0.754098
vt 0.505837 0.733607
vt 0.521401 0.729508
vt 0.505837 0.725410
vt 0.474708 0.336066
vt 0.521401 0.368852
vt 0.474708 0.368852
vt 0.474708 0.450820
vt 0.521401 0.450820
vt 0.474708 0.483607
vt 0.474708 0.336066
vt 0.521401 0.368852
vt 0.474708 0.368852
vt 0.474708 0.450820
vt 0.521401 0.450820
vt 0.474708 0.483607
vt 0.474708 0.368852
vt 0.521401 0.336066
vt 0.521401 0.368852
vt 0.474708 0.450820
vt 0.521401 0.483607
vt 0.474708 0.483607
vt 0.474708 0.368852
vt 0.521401 0.336066
vt 0.521401 0.368852
vt 0.474708 0.450820
vt 0.521401 0.483607
vt 0.474708 0.483607
vt 0.474708 0.336066
vt 0.521401 0.368852
vt 0.474708 0.368852
vt 0.474708 0.450820
vt 0.521401 0.450820
vt 0.474708 0.483607
vt 0.474708 0.336066
vt 0.521401 0.368852
vt 0.474708 0.368852
vt 0.474708 0.450820
vt 0.521401 0.450820
vt 0.474708 0.483607
vt 0.474708 0.336066
vt 0.521401 0.368852
vt 0.474708 0.368852
vt 0.474708 0.450820
vt 0.521401 0.450820
vt 0.474708 0.483607
vt 0.474708 0.368852
vt 0.521401 0.336066
vt 0.521401 0.368852
vt 0.474708 0.450820
vt 0.521401 0.483607
vt 0.474708 0.483607
vt 0.992218 0.168033
vt 0.926070 0.196721
vt 0.898833 0.127049
vt 0.926070 0.204918
vt 0.992218 0.233607
vt 0.964981 0.303279
vt 1.000000 0.274590
vt 1.000000 0.233607
vt 0.992218 0.196721
vt 0.964981 0.204918
vt 0.964981 0.196721
vt 0.898833 0.311475
vt 0.926070 0.303279
vt 0.926070 0.311475
vt 0.964981 0.311475
vt 0.898833 0.204918
vt 0.898833 0.196721
vt 0.992218 0.303279
vt 0.992218 0.311475
vt 0.891051 0.233607
vt 0.898833 0.274590
vt 0.891051 0.274590
vt 0.992218 0.233607
vt 1.000000 0.274590
vt 0.992218 0.274590
vt 0.926070 0.303279
vt 0.898833 0.311475
vt 0.898833 0.303279
vt 0.964981 0.204918
vt 0.992218 0.196721
vt 0.992218 0.204918
vt 0.926070 0.204918
vt 0.964981 0.196721
vt 0.964981 0.303279
vt 0.926070 0.311475
vt 0.992218 0.303279
vt 0.964981 0.311475
vt 0.898833 0.204918
vt 0.926070 0.196721
vt 0.898833 0.274590
vt 0.891051 0.233607
vt 0.898833 0.233607
vt 0.898833 0.168033
vt 0.926070 0.098361
vt 0.774319 0.372951
vt 0.758755 0.221311
vt 0.774319 0.221311
vt 0.743191 0.221311
vt 0.727626 0.356557
vt 0.727626 0.221311
vt 0.743191 0.356557
vt 0.712062 0.221311
vt 0.712062 0.372951
vt 0.389105 0.813525
vt 0.389105 0.678279
vt 0.305447 0.909836
vt 0.177043 0.901639
vt 0.305447 0.901639
vt 0.085603 0.813525
vt 0.093385 0.678279
vt 0.093385 0.813525
vt 0.305447 0.909836
vt 0.177043 0.901639
vt 0.305447 0.901639
vt 0.396887 0.678279
vt 0.389105 0.813525
vt 0.389105 0.678279
vt 0.177043 0.581967
vt 0.305447 0.590164
vt 0.177043 0.590164
vt 0.093385 0.678279
vt 0.093385 0.813525
vt 0.177043 0.581967
vt 0.305447 0.590164
vt 0.177043 0.590164
vt 0.482490 0.844262
vt 0.482490 0.647541
vt 0.334630 0.491803
vt 0.147860 0.500000
vt 0.147860 0.491803
vt 0.147860 1.000000
vt 0.334630 1.000000
vt -0.000000 0.647541
vt 0.007782 0.844262
vt -0.000000 0.844262
vt 0.000000 0.647541
vt 0.000000 0.844262
vt 0.147860 1.000000
vt 0.334630 0.991803
vt 0.334630 1.000000
vt 0.482490 0.844262
vt 0.474708 0.647541
vt 0.482490 0.647541
vt 0.305447 0.581967
vt 0.147860 0.500000
vt 0.334630 0.500000
vt 0.474708 0.647541
vt 0.474708 0.844262
vt 0.396887 0.678279
vt 0.334630 0.991803
vt 0.396887 0.813525
vt 0.147860 0.991803
vt 0.305447 0.909836
vt 0.007782 0.844262
vt 0.177043 0.909836
vt 0.007782 0.647541
vt 0.085603 0.813525
vt 0.085603 0.678279
vt 0.334630 0.491803
vt 0.396887 0.313525
vt 0.474708 0.344262
vt 0.474708 0.147541
vt 0.396887 0.178279
vt 0.334630 -0.000000
vt 0.305447 0.081967
vt 0.147860 -0.000000
vt 0.085603 0.178279
vt 0.007782 0.147541
vt 0.007782 0.344262
vt 0.085603 0.313525
vt 0.147860 0.491803
vt 0.177043 0.409836
vt 0.085603 0.813525
vt 0.093385 0.678279
vt 0.093385 0.813525
vt 0.305447 0.909836
vt 0.177043 0.901639
vt 0.305447 0.901639
vt 0.177043 0.581967
vt 0.305447 0.590164
vt 0.177043 0.590164
vt 0.396887 0.678279
vt 0.389105 0.813525
vt 0.389105 0.678279
vt 0.305447 0.909836
vt 0.177043 0.901639
vt 0.305447 0.901639
vt 0.085603 0.813525
vt 0.093385 0.678279
vt 0.093385 0.813525
vt 0.396887 0.678279
vt 0.389105 0.813525
vt 0.389105 0.678279
vt 0.177043 0.581967
vt 0.305447 0.590164
vt 0.177043 0.590164
vt -0.000000 0.647541
vt 0.007782 0.844262
vt 0.000000 0.844262
vt -0.000000 0.647541
vt 0.007782 0.844262
vt 0.000000 0.844262
vt 0.147860 1.000000
vt 0.334630 0.991803
vt 0.334630 1.000000
vt 0.334630 0.491803
vt 0.147860 0.500000
vt 0.147860 0.491803
vt 0.482490 0.844262
vt 0.474708 0.647541
vt 0.482490 0.647541
vt 0.482490 0.844262
vt 0.474708 0.647541
vt 0.482490 0.647541
vt 0.334630 0.491803
vt 0.147860 0.500000
vt 0.147860 0.491803
vt 0.147860 1.000000
vt 0.334630 0.991803
vt 0.334630 1.000000
vt 0.797665 0.319672
vt 0.789883 0.295082
vt 0.797665 0.295082
vt 0.797665 0.319672
vt 0.789883 0.295082
vt 0.797665 0.295082
vt 0.774319 0.295082
vt 0.782101 0.270492
vt 0.782101 0.295082
vt 0.774319 0.319672
vt 0.789883 0.270492
vt 0.797665 0.270492
vt 0.797665 0.245902
vt 0.774319 0.270492
vt 0.782101 0.245902
vt 0.789883 0.245902
vt 0.797665 0.221311
vt 0.774319 0.221311
vt 0.782101 0.221311
vt 0.774319 0.295082
vt 0.782101 0.270492
vt 0.782101 0.295082
vt 0.774319 0.319672
vt 0.789883 0.270492
vt 0.797665 0.270492
vt 0.797665 0.245902
vt 0.774319 0.270492
vt 0.782101 0.245902
vt 0.789883 0.245902
vt 0.797665 0.221311
vt 0.774319 0.221311
vt 0.782101 0.221311
vt 0.805447 0.278689
vt 0.873541 0.286885
vt 0.805447 0.286885
vt 0.805447 0.278689
vt 0.873541 0.286885
vt 0.805447 0.286885
vt 0.805447 0.278689
vt 0.873541 0.286885
vt 0.805447 0.286885
vt 0.805447 0.278689
vt 0.873541 0.286885
vt 0.805447 0.286885
vt 0.805447 0.278689
vt 0.873541 0.286885
vt 0.805447 0.286885
vt 0.805447 0.278689
vt 0.873541 0.286885
vt 0.805447 0.286885
vt 0.805447 0.278689
vt 0.873541 0.286885
vt 0.805447 0.286885
vt 0.805447 0.278689
vt 0.873541 0.286885
vt 0.805447 0.286885
vt 0.805447 0.278689
vt 0.873541 0.286885
vt 0.805447 0.286885
vt 0.805447 0.278689
vt 0.873541 0.286885
vt 0.805447 0.286885
vt 0.869650 0.303279
vt 0.805447 0.286885
vt 0.873541 0.286885
vt 0.805447 0.278689
vt 0.873541 0.286885
vt 0.805447 0.286885
vt 0.805447 0.278689
vt 0.869650 0.303279
vt 0.809339 0.262295
vt 0.873541 0.278689
vt 0.869650 0.254098
vt 0.809339 0.262295
vt 0.809339 0.254098
vt 0.809339 0.262295
vt 0.873541 0.278689
vt 0.869650 0.254098
vt 0.809339 0.262295
vt 0.809339 0.254098
vt 0.869650 0.262295
vt 0.873541 0.278689
vt 0.869650 0.262295
vt 0.873541 0.278689
vt 0.869650 0.254098
vt 0.809339 0.262295
vt 0.809339 0.254098
vt 0.873541 0.278689
vt 0.869650 0.303279
vt 0.869650 0.254098
vt 0.809339 0.254098
vt 0.869650 0.262295
vt 0.873541 0.278689
vt 0.869650 0.303279
vt 0.869650 0.254098
vt 0.809339 0.254098
vt 0.869650 0.262295
vt 0.873541 0.278689
vt 0.869650 0.303279
vt 0.869650 0.254098
vt 0.809339 0.262295
vt 0.809339 0.254098
vt 0.869650 0.262295
vt 0.873541 0.278689
vt 0.869650 0.303279
vt 0.869650 0.254098
vt 0.809339 0.262295
vt 0.809339 0.254098
vt 0.809339 0.262295
vt 0.873541 0.278689
vt 0.809339 0.303279
vt 0.869650 0.254098
vt 0.809339 0.262295
vt 0.809339 0.254098
vt 0.873541 0.278689
vt 0.869650 0.303279
vt 0.869650 0.254098
vt 0.809339 0.254098
vt 0.869650 0.262295
vt 0.873541 0.278689
vt 0.869650 0.303279
vt 0.869650 0.254098
vt 0.809339 0.262295
vt 0.809339 0.254098
vt 0.869650 0.303279
vt 0.869650 0.303279
vt 0.869650 0.254098
vt 0.809339 0.262295
vt 0.809339 0.254098
vt 0.873541 0.278689
vt 0.869650 0.254098
vt 0.809339 0.262295
vt 0.809339 0.254098
vt 0.869650 0.303279
vt 0.529183 0.557377
vt 0.544747 0.577869
vt 0.529183 0.581967
vt 0.544747 0.602459
vt 0.529183 0.606557
vt 0.544747 0.627049
vt 0.529183 0.631148
vt 0.544747 0.651639
vt 0.529183 0.655738
vt 0.544747 0.676230
vt 0.529183 0.680328
vt 0.544747 0.700820
vt 0.529183 0.704918
vt 0.529183 0.729508
vt 0.544747 0.709016
vt 0.544747 0.725410
vt 0.529183 0.754098
vt 0.544747 0.733607
vt 0.544747 0.750000
vt 0.529183 0.778689
vt 0.544747 0.758197
vt 0.544747 0.774590
vt 0.529183 0.508197
vt 0.544747 0.487705
vt 0.544747 0.504098
vt 0.544747 0.528689
vt 0.529183 0.532787
vt 0.544747 0.553279
vt 0.548638 0.561475
vt 0.556420 0.575820
vt 0.548638 0.577869
vt 0.548638 0.586066
vt 0.556420 0.600410
vt 0.548638 0.602459
vt 0.548638 0.610656
vt 0.556420 0.625000
vt 0.548638 0.627049
vt 0.548638 0.651639
vt 0.556420 0.637295
vt 0.556420 0.649590
vt 0.548638 0.676230
vt 0.556420 0.661885
vt 0.556420 0.674180
vt 0.548638 0.684426
vt 0.556420 0.698770
vt 0.548638 0.700820
vt 0.548638 0.709016
vt 0.556420 0.723361
vt 0.548638 0.725410
vt 0.548638 0.733607
vt 0.556420 0.747951
vt 0.548638 0.750000
vt 0.548638 0.758197
vt 0.556420 0.772541
vt 0.548638 0.774590
vt 0.548638 0.487705
vt 0.556420 0.502049
vt 0.548638 0.504098
vt 0.548638 0.512295
vt 0.556420 0.526639
vt 0.548638 0.528689
vt 0.548638 0.536885
vt 0.556420 0.551230
vt 0.548638 0.553279
vt 0.560311 0.674180
vt 0.560311 0.661885
vt 0.583658 0.668033
vt 0.560311 0.649590
vt 0.560311 0.637295
vt 0.583658 0.643443
vt 0.560311 0.625000
vt 0.560311 0.612705
vt 0.583658 0.618852
vt 0.560311 0.600410
vt 0.560311 0.588115
vt 0.583658 0.594262
vt 0.560311 0.575820
vt 0.560311 0.563525
vt 0.583658 0.569672
vt 0.560311 0.551230
vt 0.560311 0.538934
vt 0.583658 0.545082
vt 0.560311 0.526639
vt 0.560311 0.514344
vt 0.583658 0.520492
vt 0.560311 0.502049
vt 0.560311 0.489754
vt 0.583658 0.495902
vt 0.560311 0.772541
vt 0.560311 0.760246
vt 0.583658 0.766393
vt 0.560311 0.747951
vt 0.560311 0.735656
vt 0.583658 0.741803
vt 0.560311 0.723361
vt 0.560311 0.711066
vt 0.583658 0.717213
vt 0.560311 0.698770
vt 0.560311 0.686475
vt 0.583658 0.692623
vt 0.548638 0.385246
vt 0.548638 0.418033
vt 0.536965 0.397541
vt 0.626459 0.385246
vt 0.626459 0.418033
vt 0.595331 0.385246
vt 0.595331 0.418033
vt 0.579767 0.385246
vt 0.521401 0.385246
vt 0.536965 0.385246
vt 0.548638 0.385246
vt 0.548638 0.418033
vt 0.536965 0.397541
vt 0.626459 0.385246
vt 0.626459 0.418033
vt 0.595331 0.385246
vt 0.595331 0.418033
vt 0.579767 0.385246
vt 0.536965 0.385246
vt 0.521401 0.397541
vt 0.521401 0.385246
vt 0.548638 0.385246
vt 0.548638 0.418033
vt 0.536965 0.397541
vt 0.626459 0.385246
vt 0.626459 0.418033
vt 0.595331 0.385246
vt 0.579767 0.418033
vt 0.579767 0.385246
vt 0.521401 0.385246
vt 0.536965 0.385246
vt 0.536965 0.397541
vt 0.521401 0.385246
vt 0.536965 0.385246
vt 0.595331 0.418033
vt 0.579767 0.385246
vt 0.595331 0.385246
vt 0.626459 0.385246
vt 0.626459 0.418033
vt 0.548638 0.385246
vt 0.548638 0.418033
vt 0.536965 0.397541
vt 0.521401 0.385246
vt 0.536965 0.385246
vt 0.595331 0.418033
vt 0.579767 0.385246
vt 0.595331 0.385246
vt 0.626459 0.385246
vt 0.626459 0.418033
vt 0.548638 0.385246
vt 0.548638 0.418033
vt 0.548638 0.385246
vt 0.548638 0.418033
vt 0.536965 0.397541
vt 0.626459 0.385246
vt 0.626459 0.418033
vt 0.595331 0.385246
vt 0.595331 0.418033
vt 0.579767 0.385246
vt 0.521401 0.385246
vt 0.536965 0.385246
vt 0.548638 0.385246
vt 0.548638 0.418033
vt 0.536965 0.397541
vt 0.626459 0.385246
vt 0.626459 0.418033
vt 0.595331 0.385246
vt 0.595331 0.418033
vt 0.579767 0.385246
vt 0.521401 0.385246
vt 0.536965 0.385246
vt 0.536965 0.397541
vt 0.521401 0.385246
vt 0.536965 0.385246
vt 0.595331 0.385246
vt 0.579767 0.418033
vt 0.579767 0.385246
vt 0.626459 0.385246
vt 0.626459 0.418033
vt 0.548638 0.385246
vt 0.548638 0.418033
vt 0.536965 0.397541
vt 0.521401 0.385246
vt 0.536965 0.385246
vt 0.595331 0.385246
vt 0.579767 0.418033
vt 0.579767 0.385246
vt 0.626459 0.385246
vt 0.626459 0.418033
vt 0.548638 0.385246
vt 0.548638 0.418033
vt 0.548638 0.385246
vt 0.548638 0.418033
vt 0.536965 0.397541
vt 0.626459 0.385246
vt 0.626459 0.418033
vt 0.595331 0.385246
vt 0.595331 0.418033
vt 0.579767 0.385246
vt 0.521401 0.385246
vt 0.536965 0.385246
vt 0.536965 0.397541
vt 0.521401 0.385246
vt 0.536965 0.385246
vt 0.595331 0.418033
vt 0.579767 0.385246
vt 0.595331 0.385246
vt 0.626459 0.385246
vt 0.626459 0.418033
vt 0.548638 0.385246
vt 0.548638 0.418033
vt 0.536965 0.385246
vt 0.521401 0.397541
vt 0.521401 0.385246
vt 0.595331 0.418033
vt 0.579767 0.385246
vt 0.595331 0.385246
vt 0.626459 0.385246
vt 0.626459 0.418033
vt 0.548638 0.385246
vt 0.548638 0.418033
vt 0.536965 0.397541
vt 0.774319 0.372951
vt 0.758755 0.221311
vt 0.774319 0.221311
vt 0.743191 0.221311
vt 0.727626 0.356557
vt 0.727626 0.221311
vt 0.743191 0.356557
vt 0.712062 0.221311
vt 0.712062 0.372951
vt 0.774319 0.372951
vt 0.758755 0.221311
vt 0.774319 0.221311
vt 0.743191 0.221311
vt 0.727626 0.356557
vt 0.727626 0.221311
vt 0.743191 0.356557
vt 0.712062 0.221311
vt 0.712062 0.372951
vt 0.774319 0.372951
vt 0.758755 0.221311
vt 0.774319 0.221311
vt 0.743191 0.221311
vt 0.727626 0.356557
vt 0.727626 0.221311
vt 0.743191 0.356557
vt 0.712062 0.221311
vt 0.712062 0.372951
vt 0.774319 0.372951
vt 0.758755 0.221311
vt 0.774319 0.221311
vt 0.743191 0.221311
vt 0.727626 0.356557
vt 0.727626 0.221311
vt 0.743191 0.356557
vt 0.712062 0.221311
vt 0.712062 0.372951
vt 0.774319 0.372951
vt 0.758755 0.221311
vt 0.774319 0.221311
vt 0.743191 0.221311
vt 0.727626 0.356557
vt 0.727626 0.221311
vt 0.743191 0.356557
vt 0.712062 0.221311
vt 0.712062 0.372951
vt 0.774319 0.372951
vt 0.758755 0.221311
vt 0.774319 0.221311
vt 0.743191 0.221311
vt 0.727626 0.356557
vt 0.727626 0.221311
vt 0.743191 0.356557
vt 0.712062 0.221311
vt 0.712062 0.372951
vt 0.774319 0.372951
vt 0.758755 0.221311
vt 0.774319 0.221311
vt 0.743191 0.221311
vt 0.727626 0.356557
vt 0.727626 0.221311
vt 0.743191 0.356557
vt 0.712062 0.221311
vt 0.712062 0.372951
vt 0.797665 0.319672
vt 0.789883 0.295082
vt 0.797665 0.295082
vt 0.797665 0.319672
vt 0.789883 0.295082
vt 0.797665 0.295082
vt 0.774319 0.295082
vt 0.782101 0.270492
vt 0.782101 0.295082
vt 0.774319 0.319672
vt 0.789883 0.270492
vt 0.797665 0.270492
vt 0.797665 0.245902
vt 0.774319 0.270492
vt 0.782101 0.245902
vt 0.789883 0.245902
vt 0.797665 0.221311
vt 0.774319 0.221311
vt 0.782101 0.221311
vt 0.774319 0.295082
vt 0.782101 0.270492
vt 0.782101 0.295082
vt 0.774319 0.319672
vt 0.789883 0.270492
vt 0.797665 0.270492
vt 0.797665 0.245902
vt 0.774319 0.270492
vt 0.782101 0.245902
vt 0.789883 0.245902
vt 0.797665 0.221311
vt 0.774319 0.221311
vt 0.782101 0.221311
vt 0.797665 0.319672
vt 0.789883 0.295082
vt 0.797665 0.295082
vt 0.797665 0.319672
vt 0.789883 0.295082
vt 0.797665 0.295082
vt 0.774319 0.295082
vt 0.782101 0.270492
vt 0.782101 0.295082
vt 0.774319 0.319672
vt 0.789883 0.270492
vt 0.797665 0.270492
vt 0.797665 0.245902
vt 0.774319 0.270492
vt 0.782101 0.245902
vt 0.789883 0.245902
vt 0.797665 0.221311
vt 0.774319 0.221311
vt 0.782101 0.221311
vt 0.774319 0.295082
vt 0.782101 0.270492
vt 0.782101 0.295082
vt 0.774319 0.319672
vt 0.789883 0.270492
vt 0.797665 0.270492
vt 0.797665 0.245902
vt 0.774319 0.270492
vt 0.782101 0.245902
vt 0.789883 0.245902
vt 0.797665 0.221311
vt 0.774319 0.221311
vt 0.782101 0.221311
vt 0.797665 0.319672
vt 0.789883 0.295082
vt 0.797665 0.295082
vt 0.797665 0.319672
vt 0.789883 0.295082
vt 0.797665 0.295082
vt 0.774319 0.295082
vt 0.782101 0.270492
vt 0.782101 0.295082
vt 0.774319 0.319672
vt 0.789883 0.270492
vt 0.797665 0.270492
vt 0.797665 0.245902
vt 0.774319 0.270492
vt 0.782101 0.245902
vt 0.789883 0.245902
vt 0.797665 0.221311
vt 0.774319 0.221311
vt 0.782101 0.221311
vt 0.774319 0.295082
vt 0.782101 0.270492
vt 0.782101 0.295082
vt 0.774319 0.319672
vt 0.789883 0.270492
vt 0.797665 0.270492
vt 0.797665 0.245902
vt 0.774319 0.270492
vt 0.782101 0.245902
vt 0.789883 0.245902
vt 0.797665 0.221311
vt 0.774319 0.221311
vt 0.782101 0.221311
vt 0.521401 0.704918
vt 0.505837 0.684426
vt 0.521401 0.680328
vt 0.505837 0.676230
vt 0.521401 0.655738
vt 0.505837 0.651639
vt 0.521401 0.631148
vt 0.505837 0.627049
vt 0.521401 0.606557
vt 0.505837 0.602459
vt 0.521401 0.581967
vt 0.505837 0.577869
vt 0.521401 0.557377
vt 0.505837 0.553279
vt 0.521401 0.532787
vt 0.505837 0.528689
vt 0.521401 0.508197
vt 0.505837 0.487705
vt 0.521401 0.483607
vt 0.521401 0.778689
vt 0.505837 0.758197
vt 0.521401 0.754098
vt 0.505837 0.733607
vt 0.521401 0.729508
vt 0.505837 0.725410
vt 0.529183 0.557377
vt 0.544747 0.577869
vt 0.529183 0.581967
vt 0.544747 0.602459
vt 0.529183 0.606557
vt 0.544747 0.627049
vt 0.529183 0.631148
vt 0.544747 0.651639
vt 0.529183 0.655738
vt 0.544747 0.676230
vt 0.529183 0.680328
vt 0.544747 0.700820
vt 0.529183 0.704918
vt 0.544747 0.725410
vt 0.529183 0.729508
vt 0.529183 0.754098
vt 0.544747 0.733607
vt 0.544747 0.750000
vt 0.529183 0.778689
vt 0.544747 0.758197
vt 0.544747 0.774590
vt 0.529183 0.508197
vt 0.544747 0.487705
vt 0.544747 0.504098
vt 0.544747 0.528689
vt 0.529183 0.532787
vt 0.544747 0.553279
vt 0.548638 0.577869
vt 0.556420 0.563525
vt 0.556420 0.575820
vt 0.548638 0.586066
vt 0.556420 0.600410
vt 0.548638 0.602459
vt 0.548638 0.610656
vt 0.556420 0.625000
vt 0.548638 0.627049
vt 0.548638 0.651639
vt 0.556420 0.637295
vt 0.556420 0.649590
vt 0.548638 0.659836
vt 0.556420 0.674180
vt 0.548638 0.676230
vt 0.548638 0.700820
vt 0.556420 0.686475
vt 0.556420 0.698770
vt 0.548638 0.709016
vt 0.556420 0.723361
vt 0.548638 0.725410
vt 0.548638 0.733607
vt 0.556420 0.747951
vt 0.548638 0.750000
vt 0.548638 0.758197
vt 0.556420 0.772541
vt 0.548638 0.774590
vt 0.548638 0.504098
vt 0.556420 0.489754
vt 0.556420 0.502049
vt 0.548638 0.512295
vt 0.556420 0.526639
vt 0.548638 0.528689
vt 0.548638 0.536885
vt 0.556420 0.551230
vt 0.548638 0.553279
vt 0.560311 0.674180
vt 0.560311 0.661885
vt 0.583658 0.668033
vt 0.560311 0.649590
vt 0.560311 0.637295
vt 0.583658 0.643443
vt 0.560311 0.625000
vt 0.560311 0.612705
vt 0.583658 0.618852
vt 0.560311 0.600410
vt 0.560311 0.588115
vt 0.583658 0.594262
vt 0.560311 0.575820
vt 0.560311 0.563525
vt 0.583658 0.569672
vt 0.560311 0.551230
vt 0.560311 0.538934
vt 0.583658 0.545082
vt 0.560311 0.526639
vt 0.560311 0.514344
vt 0.583658 0.520492
vt 0.560311 0.502049
vt 0.560311 0.489754
vt 0.583658 0.495902
vt 0.560311 0.772541
vt 0.560311 0.760246
vt 0.583658 0.766393
vt 0.560311 0.747951
vt 0.560311 0.735656
vt 0.583658 0.741803
vt 0.560311 0.723361
vt 0.560311 0.711066
vt 0.583658 0.717213
vt 0.560311 0.698770
vt 0.560311 0.686475
vt 0.583658 0.692623
vt 0.521401 0.704918
vt 0.505837 0.684426
vt 0.521401 0.680328
vt 0.505837 0.676230
vt 0.521401 0.655738
vt 0.505837 0.651639
vt 0.521401 0.631148
vt 0.505837 0.627049
vt 0.521401 0.606557
vt 0.505837 0.602459
vt 0.521401 0.581967
vt 0.505837 0.577869
vt 0.521401 0.557377
vt 0.505837 0.553279
vt 0.521401 0.532787
vt 0.505837 0.528689
vt 0.521401 0.508197
vt 0.505837 0.487705
vt 0.521401 0.483607
vt 0.521401 0.778689
vt 0.505837 0.758197
vt 0.521401 0.754098
vt 0.505837 0.733607
vt 0.521401 0.729508
vt 0.505837 0.725410
vt 0.529183 0.581967
vt 0.544747 0.561475
vt 0.544747 0.577869
vt 0.544747 0.602459
vt 0.529183 0.606557
vt 0.544747 0.627049
vt 0.529183 0.631148
vt 0.544747 0.651639
vt 0.529183 0.655738
vt 0.544747 0.676230
vt 0.529183 0.680328
vt 0.529183 0.704918
vt 0.544747 0.684426
vt 0.544747 0.700820
vt 0.529183 0.729508
vt 0.544747 0.709016
vt 0.544747 0.725410
vt 0.529183 0.754098
vt 0.544747 0.733607
vt 0.544747 0.750000
vt 0.529183 0.778689
vt 0.544747 0.758197
vt 0.544747 0.774590
vt 0.529183 0.508197
vt 0.544747 0.487705
vt 0.544747 0.504098
vt 0.544747 0.528689
vt 0.529183 0.532787
vt 0.544747 0.553279
vt 0.529183 0.557377
vt 0.548638 0.577869
vt 0.556420 0.563525
vt 0.556420 0.575820
vt 0.548638 0.586066
vt 0.556420 0.600410
vt 0.548638 0.602459
vt 0.548638 0.610656
vt 0.556420 0.625000
vt 0.548638 0.627049
vt 0.548638 0.635246
vt 0.556420 0.649590
vt 0.548638 0.651639
vt 0.548638 0.676230
vt 0.556420 0.661885
vt 0.556420 0.674180
vt 0.548638 0.684426
vt 0.556420 0.698770
vt 0.548638 0.700820
vt 0.548638 0.709016
vt 0.556420 0.723361
vt 0.548638 0.725410
vt 0.548638 0.733607
vt 0.556420 0.747951
vt 0.548638 0.750000
vt 0.548638 0.758197
vt 0.556420 0.772541
vt 0.548638 0.774590
vt 0.548638 0.504098
vt 0.556420 0.489754
vt 0.556420 0.502049
vt 0.548638 0.512295
vt 0.556420 0.526639
vt 0.548638 0.528689
vt 0.548638 0.536885
vt 0.556420 0.551230
vt 0.548638 0.553279
vt 0.560311 0.674180
vt 0.560311 0.661885
vt 0.583658 0.668033
vt 0.560311 0.649590
vt 0.560311 0.637295
vt 0.583658 0.643443
vt 0.560311 0.625000
vt 0.560311 0.612705
vt 0.583658 0.618852
vt 0.560311 0.600410
vt 0.560311 0.588115
vt 0.583658 0.594262
vt 0.560311 0.575820
vt 0.560311 0.563525
vt 0.583658 0.569672
vt 0.560311 0.551230
vt 0.560311 0.538934
vt 0.583658 0.545082
vt 0.560311 0.526639
vt 0.560311 0.514344
vt 0.583658 0.520492
vt 0.560311 0.502049
vt 0.560311 0.489754
vt 0.583658 0.495902
vt 0.560311 0.772541
vt 0.560311 0.760246
vt 0.583658 0.766393
vt 0.560311 0.747951
vt 0.560311 0.735656
vt 0.583658 0.741803
vt 0.560311 0.723361
vt 0.560311 0.711066
vt 0.583658 0.717213
vt 0.560311 0.698770
vt 0.560311 0.686475
vt 0.583658 0.692623
vt 0.505837 0.700820
vt 0.521401 0.680328
vt 0.521401 0.704918
vt 0.505837 0.676230
vt 0.521401 0.655738
vt 0.505837 0.651639
vt 0.521401 0.631148
vt 0.505837 0.627049
vt 0.521401 0.606557
vt 0.505837 0.586066
vt 0.521401 0.581967
vt 0.505837 0.577869
vt 0.521401 0.557377
vt 0.505837 0.553279
vt 0.521401 0.532787
vt 0.505837 0.528689
vt 0.521401 0.508197
vt 0.505837 0.487705
vt 0.521401 0.483607
vt 0.521401 0.778689
vt 0.505837 0.758197
vt 0.521401 0.754098
vt 0.505837 0.733607
vt 0.521401 0.729508
vt 0.505837 0.709016
vt 0.529183 0.557377
vt 0.544747 0.577869
vt 0.529183 0.581967
vt 0.544747 0.602459
vt 0.529183 0.606557
vt 0.544747 0.627049
vt 0.529183 0.631148
vt 0.544747 0.651639
vt 0.529183 0.655738
vt 0.529183 0.680328
vt 0.544747 0.659836
vt 0.544747 0.676230
vt 0.544747 0.700820
vt 0.529183 0.704918
vt 0.529183 0.729508
vt 0.544747 0.709016
vt 0.544747 0.725410
vt 0.529183 0.754098
vt 0.544747 0.733607
vt 0.544747 0.750000
vt 0.529183 0.778689
vt 0.544747 0.758197
vt 0.544747 0.774590
vt 0.529183 0.508197
vt 0.544747 0.487705
vt 0.544747 0.504098
vt 0.544747 0.528689
vt 0.529183 0.532787
vt 0.544747 0.553279
vt 0.548638 0.561475
vt 0.556420 0.575820
vt 0.548638 0.577869
vt 0.548638 0.602459
vt 0.556420 0.588115
vt 0.556420 0.600410
vt 0.548638 0.627049
vt 0.556420 0.612705
vt 0.556420 0.625000
vt 0.548638 0.651639
vt 0.556420 0.637295
vt 0.556420 0.649590
vt 0.548638 0.676230
vt 0.556420 0.661885
vt 0.556420 0.674180
vt 0.548638 0.684426
vt 0.556420 0.698770
vt 0.548638 0.700820
vt 0.548638 0.725410
vt 0.556420 0.711066
vt 0.556420 0.723361
vt 0.548638 0.733607
vt 0.556420 0.747951
vt 0.548638 0.750000
vt 0.548638 0.758197
vt 0.556420 0.772541
vt 0.548638 0.774590
vt 0.548638 0.487705
vt 0.556420 0.502049
vt 0.548638 0.504098
vt 0.548638 0.512295
vt 0.556420 0.526639
vt 0.548638 0.528689
vt 0.548638 0.553279
vt 0.556420 0.538934
vt 0.556420 0.551230
vt 0.560311 0.674180
vt 0.560311 0.661885
vt 0.583658 0.668033
vt 0.560311 0.649590
vt 0.560311 0.637295
vt 0.583658 0.643443
vt 0.560311 0.625000
vt 0.560311 0.612705
vt 0.583658 0.618852
vt 0.560311 0.600410
vt 0.560311 0.588115
vt 0.583658 0.594262
vt 0.560311 0.575820
vt 0.560311 0.563525
vt 0.583658 0.569672
vt 0.560311 0.551230
vt 0.560311 0.538934
vt 0.583658 0.545082
vt 0.560311 0.526639
vt 0.560311 0.514344
vt 0.583658 0.520492
vt 0.560311 0.502049
vt 0.560311 0.489754
vt 0.583658 0.495902
vt 0.560311 0.772541
vt 0.560311 0.760246
vt 0.583658 0.766393
vt 0.560311 0.747951
vt 0.560311 0.735656
vt 0.583658 0.741803
vt 0.560311 0.723361
vt 0.560311 0.711066
vt 0.583658 0.717213
vt 0.560311 0.698770
vt 0.560311 0.686475
vt 0.583658 0.692623
vt 0.521401 0.368852
vt 0.474708 0.336066
vt 0.474708 0.368852
vt 0.474708 0.450820
vt 0.474708 0.483607
vt 0.521401 0.450820
vt 0.521401 0.368852
vt 0.474708 0.336066
vt 0.474708 0.368852
vt 0.474708 0.450820
vt 0.474708 0.483607
vt 0.521401 0.450820
vt 0.474708 0.368852
vt 0.521401 0.336066
vt 0.474708 0.336066
vt 0.474708 0.450820
vt 0.521401 0.368852
vt 0.521401 0.483607
vt 0.521401 0.450820
vt 0.474708 0.368852
vt 0.521401 0.336066
vt 0.474708 0.336066
vt 0.474708 0.450820
vt 0.521401 0.368852
vt 0.521401 0.483607
vt 0.521401 0.450820
vt 0.521401 0.368852
vt 0.474708 0.336066
vt 0.474708 0.368852
vt 0.474708 0.450820
vt 0.474708 0.483607
vt 0.521401 0.450820
vt 0.521401 0.368852
vt 0.474708 0.336066
vt 0.474708 0.368852
vt 0.474708 0.450820
vt 0.474708 0.483607
vt 0.521401 0.450820
vt 0.521401 0.368852
vt 0.474708 0.336066
vt 0.474708 0.368852
vt 0.474708 0.450820
vt 0.474708 0.483607
vt 0.521401 0.450820
vt 0.474708 0.368852
vt 0.521401 0.336066
vt 0.474708 0.336066
vt 0.474708 0.450820
vt 0.521401 0.368852
vt 0.521401 0.483607
vt 0.521401 0.450820
vt 0.305447 0.409836
vt 0.560311 0.385246
vt 0.599222 0.288934
vt 0.599222 0.096311
vt 0.560311 0.385246
vt 0.599222 0.288934
vt 0.599222 0.096311
vt 0.560311 0.385246
vt 0.560311 0.385246
vt 0.599222 0.096311
vt 0.599222 0.288934
vt 0.560311 0.385246
vt 0.599222 0.096311
vt 0.599222 0.288934
vt 0.599222 0.288934
vt 0.599222 0.096311
vt 0.560311 0.385246
vt 0.599222 0.288934
vt 0.599222 0.096311
vt 0.560311 0.385246
vt 0.599222 0.096311
vt 0.599222 0.288934
vt 0.560311 0.385246
vt 0.599222 0.096311
vt 0.599222 0.288934
vt 0.560311 0.385246
vt 0.599222 0.288934
vt 0.599222 0.096311
vt 0.560311 0.385246
vt 0.599222 0.096311
vt 0.599222 0.288934
vt 0.560311 0.385246
vt 0.599222 0.096311
vt 0.599222 0.288934
vt 0.599222 0.096311
vt 0.599222 0.288934
vt 0.560311 0.385246
vt 0.599222 0.360656
vt 0.607004 0.368852
vt 0.607004 0.286885
vt 0.607004 0.286885
vt 0.607004 0.327869
vt 0.673152 0.286885
vt 0.680934 0.360656
vt 0.680934 0.295082
vt 0.680934 0.360656
vt 0.607004 0.360656
vt 0.599222 0.360656
vt 0.673152 0.368852
vt 0.638132 0.397541
vt 0.579767 0.418033
vt 0.521401 0.397541
vt 0.638132 0.397541
vt 0.595331 0.418033
vt 0.638132 0.397541
vt 0.595331 0.418033
vt 0.521401 0.397541
vt 0.521401 0.397541
vt 0.579767 0.418033
vt 0.638132 0.397541
vt 0.521401 0.397541
vt 0.579767 0.418033
vt 0.638132 0.397541
vt 0.638132 0.397541
vt 0.595331 0.418033
vt 0.521401 0.397541
vt 0.638132 0.397541
vt 0.579767 0.418033
vt 0.521401 0.397541
vt 0.521401 0.397541
vt 0.595331 0.418033
vt 0.638132 0.397541
vt 0.521401 0.397541
vt 0.579767 0.418033
vt 0.638132 0.397541
vt 0.638132 0.397541
vt 0.579767 0.418033
vt 0.521401 0.397541
vt 0.521401 0.397541
vt 0.579767 0.418033
vt 0.638132 0.397541
vt 0.521401 0.397541
vt 0.579767 0.418033
vt 0.638132 0.397541
vt 0.680934 0.295082
vt 0.680934 0.360656
vt 0.607004 0.327869
vt 0.673152 0.368852
vt 0.680934 0.360656
vt 0.680934 0.295082
vt 0.607004 0.286885
vt 0.505837 0.684426
vt 0.505837 0.659836
vt 0.505837 0.635246
vt 0.505837 0.610656
vt 0.505837 0.586066
vt 0.505837 0.561475
vt 0.505837 0.536885
vt 0.505837 0.512295
vt 0.505837 0.504098
vt 0.505837 0.774590
vt 0.505837 0.750000
vt 0.505837 0.709016
vt 0.521401 0.336066
vt 0.521401 0.483607
vt 0.521401 0.336066
vt 0.521401 0.483607
vt 0.474708 0.336066
vt 0.521401 0.450820
vt 0.474708 0.336066
vt 0.521401 0.450820
vt 0.521401 0.336066
vt 0.521401 0.483607
vt 0.521401 0.336066
vt 0.521401 0.483607
vt 0.521401 0.336066
vt 0.521401 0.483607
vt 0.474708 0.336066
vt 0.521401 0.450820
vt 0.926070 0.098361
vt 0.964981 0.098361
vt 0.992218 0.127049
vt 0.898833 0.168033
vt 0.898833 0.233607
vt 0.992218 0.274590
vt 0.992218 0.204918
vt 0.898833 0.303279
vt 1.000000 0.233607
vt 0.992218 0.311475
vt 0.898833 0.196721
vt 0.891051 0.274590
vt 0.964981 0.098361
vt 0.992218 0.127049
vt 0.992218 0.168033
vt 0.898833 0.127049
vt 0.758755 0.372951
vt 0.085603 0.678279
vt 0.177043 0.909836
vt 0.396887 0.813525
vt 0.305447 0.581967
vt 0.334630 0.500000
vt 0.007782 0.647541
vt 0.147860 0.991803
vt 0.474708 0.844262
vt 0.177043 0.581967
vt 0.305447 0.409836
vt 0.177043 0.081967
vt 0.085603 0.678279
vt 0.177043 0.909836
vt 0.305447 0.581967
vt 0.396887 0.813525
vt 0.177043 0.909836
vt 0.085603 0.678279
vt 0.396887 0.813525
vt 0.305447 0.581967
vt 0.007782 0.647541
vt 0.007782 0.647541
vt 0.147860 0.991803
vt 0.334630 0.500000
vt 0.474708 0.844262
vt 0.474708 0.844262
vt 0.334630 0.500000
vt 0.147860 0.991803
vt 0.789883 0.319672
vt 0.789883 0.319672
vt 0.782101 0.319672
vt 0.774319 0.245902
vt 0.789883 0.221311
vt 0.782101 0.319672
vt 0.774319 0.245902
vt 0.789883 0.221311
vt 0.809339 0.303279
vt 0.809339 0.303279
vt 0.869650 0.262295
vt 0.869650 0.262295
vt 0.869650 0.262295
vt 0.809339 0.303279
vt 0.809339 0.303279
vt 0.809339 0.303279
vt 0.869650 0.262295
vt 0.809339 0.303279
vt 0.869650 0.262295
vt 0.869650 0.303279
vt 0.869650 0.262295
vt 0.809339 0.303279
vt 0.809339 0.303279
vt 0.809339 0.303279
vt 0.809339 0.303279
vt 0.809339 0.303279
vt 0.544747 0.561475
vt 0.544747 0.586066
vt 0.544747 0.610656
vt 0.544747 0.635246
vt 0.544747 0.659836
vt 0.544747 0.684426
vt 0.529183 0.483607
vt 0.544747 0.512295
vt 0.544747 0.536885
vt 0.556420 0.563525
vt 0.556420 0.588115
vt 0.556420 0.612705
vt 0.548638 0.635246
vt 0.548638 0.659836
vt 0.556420 0.686475
vt 0.556420 0.711066
vt 0.556420 0.735656
vt 0.556420 0.760246
vt 0.556420 0.489754
vt 0.556420 0.514344
vt 0.556420 0.538934
vt 0.638132 0.397541
vt 0.579767 0.418033
vt 0.521401 0.397541
vt 0.638132 0.397541
vt 0.579767 0.418033
vt 0.638132 0.397541
vt 0.595331 0.418033
vt 0.521401 0.397541
vt 0.521401 0.397541
vt 0.579767 0.418033
vt 0.638132 0.397541
vt 0.521401 0.397541
vt 0.579767 0.418033
vt 0.638132 0.397541
vt 0.638132 0.397541
vt 0.579767 0.418033
vt 0.521401 0.397541
vt 0.638132 0.397541
vt 0.579767 0.418033
vt 0.521401 0.397541
vt 0.521401 0.397541
vt 0.595331 0.418033
vt 0.638132 0.397541
vt 0.521401 0.397541
vt 0.595331 0.418033
vt 0.638132 0.397541
vt 0.638132 0.397541
vt 0.579767 0.418033
vt 0.521401 0.397541
vt 0.521401 0.397541
vt 0.579767 0.418033
vt 0.638132 0.397541
vt 0.579767 0.418033
vt 0.638132 0.397541
vt 0.758755 0.372951
vt 0.758755 0.372951
vt 0.758755 0.372951
vt 0.758755 0.372951
vt 0.758755 0.372951
vt 0.758755 0.372951
vt 0.758755 0.372951
vt 0.789883 0.319672
vt 0.789883 0.319672
vt 0.782101 0.319672
vt 0.774319 0.245902
vt 0.789883 0.221311
vt 0.782101 0.319672
vt 0.774319 0.245902
vt 0.789883 0.221311
vt 0.789883 0.319672
vt 0.789883 0.319672
vt 0.782101 0.319672
vt 0.774319 0.245902
vt 0.789883 0.221311
vt 0.782101 0.319672
vt 0.774319 0.245902
vt 0.789883 0.221311
vt 0.789883 0.319672
vt 0.789883 0.319672
vt 0.782101 0.319672
vt 0.774319 0.245902
vt 0.789883 0.221311
vt 0.782101 0.319672
vt 0.774319 0.245902
vt 0.789883 0.221311
vt 0.505837 0.700820
vt 0.505837 0.659836
vt 0.505837 0.635246
vt 0.505837 0.610656
vt 0.505837 0.586066
vt 0.505837 0.561475
vt 0.505837 0.536885
vt 0.505837 0.512295
vt 0.505837 0.504098
vt 0.505837 0.774590
vt 0.505837 0.750000
vt 0.505837 0.709016
vt 0.544747 0.561475
vt 0.544747 0.586066
vt 0.544747 0.610656
vt 0.544747 0.635246
vt 0.544747 0.659836
vt 0.544747 0.684426
vt 0.544747 0.709016
vt 0.529183 0.483607
vt 0.544747 0.512295
vt 0.544747 0.536885
vt 0.548638 0.561475
vt 0.556420 0.588115
vt 0.556420 0.612705
vt 0.548638 0.635246
vt 0.556420 0.661885
vt 0.548638 0.684426
vt 0.556420 0.711066
vt 0.556420 0.735656
vt 0.556420 0.760246
vt 0.548638 0.487705
vt 0.556420 0.514344
vt 0.556420 0.538934
vt 0.505837 0.700820
vt 0.505837 0.659836
vt 0.505837 0.635246
vt 0.505837 0.610656
vt 0.505837 0.586066
vt 0.505837 0.561475
vt 0.505837 0.536885
vt 0.505837 0.512295
vt 0.505837 0.504098
vt 0.505837 0.774590
vt 0.505837 0.750000
vt 0.505837 0.709016
vt 0.544747 0.586066
vt 0.544747 0.610656
vt 0.544747 0.635246
vt 0.544747 0.659836
vt 0.529183 0.483607
vt 0.544747 0.512295
vt 0.544747 0.536885
vt 0.548638 0.561475
vt 0.556420 0.588115
vt 0.556420 0.612705
vt 0.556420 0.637295
vt 0.548638 0.659836
vt 0.556420 0.686475
vt 0.556420 0.711066
vt 0.556420 0.735656
vt 0.556420 0.760246
vt 0.548638 0.487705
vt 0.556420 0.514344
vt 0.556420 0.538934
vt 0.505837 0.684426
vt 0.505837 0.659836
vt 0.505837 0.635246
vt 0.505837 0.610656
vt 0.505837 0.602459
vt 0.505837 0.561475
vt 0.505837 0.536885
vt 0.505837 0.512295
vt 0.505837 0.504098
vt 0.505837 0.774590
vt 0.505837 0.750000
vt 0.505837 0.725410
vt 0.544747 0.561475
vt 0.544747 0.586066
vt 0.544747 0.610656
vt 0.544747 0.635246
vt 0.544747 0.684426
vt 0.529183 0.483607
vt 0.544747 0.512295
vt 0.544747 0.536885
vt 0.556420 0.563525
vt 0.548638 0.586066
vt 0.548638 0.610656
vt 0.548638 0.635246
vt 0.548638 0.659836
vt 0.556420 0.686475
vt 0.548638 0.709016
vt 0.556420 0.735656
vt 0.556420 0.760246
vt 0.556420 0.489754
vt 0.556420 0.514344
vt 0.548638 0.536885
vt 0.521401 0.336066
vt 0.521401 0.483607
vt 0.521401 0.336066
vt 0.521401 0.483607
vt 0.474708 0.483607
vt 0.474708 0.483607
vt 0.521401 0.336066
vt 0.521401 0.483607
vt 0.521401 0.336066
vt 0.521401 0.483607
vt 0.521401 0.336066
vt 0.521401 0.483607
vt 0.474708 0.483607
vt 0.673152 0.286885
vt 0.704280 0.268443
vt 0.704280 0.286885
vt 0.673152 0.071721
vt 0.704280 0.043033
vt 0.704280 0.071721
vt 0.704280 0.186475
vt 0.673152 0.161885
vt 0.704280 0.161885
vt 0.673152 0.143443
vt 0.704280 0.125000
vt 0.704280 0.143443
vt 0.673152 0.268443
vt 0.704280 0.243852
vt 0.673152 0.043033
vt 0.704280 0.018443
vt 0.673152 0.125000
vt 0.704280 0.100410
vt 0.673152 0.243852
vt 0.704280 0.215164
vt 0.673152 0.018443
vt 0.704280 0.000000
vt 0.673152 0.100410
vt 0.673152 0.215164
vt 0.704280 0.286885
vt 0.673152 0.268443
vt 0.704280 0.268443
vt 0.673152 0.071721
vt 0.704280 0.043033
vt 0.704280 0.071721
vt 0.673152 0.186475
vt 0.704280 0.161885
vt 0.704280 0.186475
vt 0.704280 0.143443
vt 0.673152 0.125000
vt 0.704280 0.125000
vt 0.673152 0.243852
vt 0.704280 0.243852
vt 0.673152 0.018443
vt 0.704280 0.018443
vt 0.673152 0.161885
vt 0.704280 0.100410
vt 0.704280 0.215164
vt 0.704280 0.000000
vt 0.673152 0.100410
vt 0.673152 0.215164
vt 0.673152 0.215164
vt 0.704280 0.186475
vt 0.704280 0.215164
vt 0.673152 0.100410
vt 0.704280 0.071721
vt 0.704280 0.100410
vt 0.673152 0.018443
vt 0.704280 0.000000
vt 0.704280 0.018443
vt 0.673152 0.243852
vt 0.704280 0.243852
vt 0.673152 0.125000
vt 0.704280 0.125000
vt 0.673152 0.161885
vt 0.704280 0.143443
vt 0.704280 0.161885
vt 0.704280 0.043033
vt 0.704280 0.268443
vt 0.673152 0.071721
vt 0.673152 0.286885
vt 0.704280 0.286885
vt 0.673152 0.215164
vt 0.704280 0.186475
vt 0.704280 0.215164
vt 0.673152 0.100410
vt 0.704280 0.071721
vt 0.704280 0.100410
vt 0.673152 0.018443
vt 0.704280 0.000000
vt 0.704280 0.018443
vt 0.704280 0.243852
vt 0.673152 0.125000
vt 0.704280 0.125000
vt 0.704280 0.161885
vt 0.673152 0.143443
vt 0.704280 0.143443
vt 0.704280 0.043033
vt 0.673152 0.268443
vt 0.704280 0.268443
vt 0.673152 0.186475
vt 0.673152 0.071721
vt 0.673152 0.286885
vt 0.704280 0.286885
vt 0.704280 0.286885
vt 0.673152 0.268443
vt 0.704280 0.268443
vt 0.673152 0.071721
vt 0.704280 0.043033
vt 0.704280 0.071721
vt 0.673152 0.186475
vt 0.704280 0.161885
vt 0.704280 0.186475
vt 0.673152 0.143443
vt 0.704280 0.125000
vt 0.704280 0.143443
vt 0.704280 0.243852
vt 0.673152 0.043033
vt 0.704280 0.018443
vt 0.673152 0.100410
vt 0.704280 0.100410
vt 0.673152 0.243852
vt 0.704280 0.215164
vt 0.673152 0.000000
vt 0.704280 0.000000
vt 0.673152 0.286885
vt 0.704280 0.268443
vt 0.704280 0.286885
vt 0.673152 0.071721
vt 0.704280 0.043033
vt 0.704280 0.071721
vt 0.704280 0.186475
vt 0.673152 0.161885
vt 0.704280 0.161885
vt 0.704280 0.143443
vt 0.673152 0.125000
vt 0.704280 0.125000
vt 0.673152 0.243852
vt 0.704280 0.243852
vt 0.673152 0.018443
vt 0.704280 0.018443
vt 0.704280 0.100410
vt 0.704280 0.215164
vt 0.704280 0.000000
vt 0.673152 0.100410
vt 0.673152 0.215164
vt 0.673152 0.215164
vt 0.704280 0.186475
vt 0.704280 0.215164
vt 0.673152 0.100410
vt 0.704280 0.071721
vt 0.704280 0.100410
vt 0.704280 0.018443
vt 0.673152 0.000000
vt 0.704280 0.000000
vt 0.704280 0.243852
vt 0.673152 0.125000
vt 0.704280 0.125000
vt 0.673152 0.161885
vt 0.704280 0.143443
vt 0.704280 0.161885
vt 0.704280 0.043033
vt 0.673152 0.018443
vt 0.673152 0.268443
vt 0.704280 0.268443
vt 0.673152 0.143443
vt 0.673152 0.071721
vt 0.704280 0.286885
vt 0.704280 0.215164
vt 0.673152 0.186475
vt 0.704280 0.186475
vt 0.704280 0.100410
vt 0.673152 0.071721
vt 0.704280 0.071721
vt 0.704280 0.018443
vt 0.673152 0.000000
vt 0.704280 0.000000
vt 0.673152 0.243852
vt 0.704280 0.243852
vt 0.673152 0.125000
vt 0.704280 0.125000
vt 0.704280 0.161885
vt 0.673152 0.143443
vt 0.704280 0.143443
vt 0.704280 0.043033
vt 0.673152 0.018443
vt 0.673152 0.268443
vt 0.704280 0.268443
vt 0.704280 0.286885
vt 0.673152 0.286885
vt 0.704280 0.268443
vt 0.704280 0.286885
vt 0.673152 0.071721
vt 0.704280 0.043033
vt 0.704280 0.071721
vt 0.673152 0.186475
vt 0.704280 0.161885
vt 0.704280 0.186475
vt 0.673152 0.143443
vt 0.704280 0.125000
vt 0.704280 0.143443
vt 0.673152 0.268443
vt 0.704280 0.243852
vt 0.673152 0.043033
vt 0.704280 0.018443
vt 0.673152 0.161885
vt 0.673152 0.125000
vt 0.704280 0.100410
vt 0.673152 0.243852
vt 0.704280 0.215164
vt 0.673152 0.018443
vt 0.704280 0.000000
vt 0.673152 0.100410
vt 0.673152 0.215164
vt 0.673152 0.215164
vt 0.704280 0.186475
vt 0.704280 0.215164
vt 0.673152 0.100410
vt 0.704280 0.071721
vt 0.704280 0.100410
vt 0.673152 0.018443
vt 0.704280 0.000000
vt 0.704280 0.018443
vt 0.673152 0.243852
vt 0.704280 0.243852
vt 0.673152 0.125000
vt 0.704280 0.125000
vt 0.673152 0.161885
vt 0.704280 0.143443
vt 0.704280 0.161885
vt 0.673152 0.043033
vt 0.704280 0.043033
vt 0.673152 0.268443
vt 0.704280 0.268443
vt 0.673152 0.143443
vt 0.673152 0.186475
vt 0.673152 0.071721
vt 0.673152 0.286885
vt 0.704280 0.286885
vt 0.673152 0.215164
vt 0.704280 0.186475
vt 0.704280 0.215164
vt 0.673152 0.100410
vt 0.704280 0.071721
vt 0.704280 0.100410
vt 0.673152 0.018443
vt 0.704280 0.000000
vt 0.704280 0.018443
vt 0.673152 0.243852
vt 0.704280 0.243852
vt 0.673152 0.125000
vt 0.704280 0.125000
vt 0.673152 0.161885
vt 0.704280 0.143443
vt 0.704280 0.161885
vt 0.704280 0.043033
vt 0.673152 0.268443
vt 0.704280 0.268443
vt 0.673152 0.143443
vt 0.673152 0.186475
vt 0.673152 0.071721
vt 0.673152 0.286885
vt 0.704280 0.286885
vt 0.673152 0.215164
vt 0.704280 0.186475
vt 0.704280 0.215164
vt 0.673152 0.100410
vt 0.704280 0.071721
vt 0.704280 0.100410
vt 0.673152 0.018443
vt 0.704280 0.000000
vt 0.704280 0.018443
vt 0.673152 0.243852
vt 0.704280 0.243852
vt 0.673152 0.125000
vt 0.704280 0.125000
vt 0.704280 0.161885
vt 0.673152 0.143443
vt 0.704280 0.143443
vt 0.704280 0.043033
vt 0.673152 0.268443
vt 0.704280 0.268443
vt 0.673152 0.186475
vt 0.673152 0.043033
vt 0.704280 0.286885
vt 0.614786 0.071721
vt 0.659533 0.043033
vt 0.657588 0.071721
vt 0.612840 0.100410
vt 0.659533 0.100410
vt 0.661479 0.125000
vt 0.665370 0.143443
vt 0.610895 0.125000
vt 0.603113 0.161885
vt 0.669261 0.161885
vt 0.599222 0.186475
vt 0.603113 0.268443
vt 0.669261 0.268443
vt 0.665370 0.286885
vt 0.610895 0.018443
vt 0.665370 -0.000000
vt 0.661479 0.018443
vt 0.474708 0.116803
vt 0.546693 0.145492
vt 0.480545 0.145492
vt 0.542802 0.168033
vt 0.484436 0.168033
vt 0.490272 0.190574
vt 0.536965 0.190574
vt 0.492218 0.219262
vt 0.535019 0.219262
vt 0.494163 0.252049
vt 0.533074 0.252049
vt 0.492218 0.284836
vt 0.536965 0.313525
vt 0.490272 0.313525
vt 0.484436 0.336066
vt 0.542802 0.000000
vt 0.480545 0.022541
vt 0.484436 0.000000
vt 0.546693 0.022541
vt 0.474708 0.051230
vt 0.612840 0.043033
vt 0.657588 0.071721
vt 0.614786 0.071721
vt 0.612840 0.100410
vt 0.659533 0.100410
vt 0.610895 0.125000
vt 0.661479 0.125000
vt 0.607004 0.143443
vt 0.665370 0.143443
vt 0.669261 0.161885
vt 0.603113 0.161885
vt 0.599222 0.186475
vt 0.599222 0.215164
vt 0.599222 0.243852
vt 0.603113 0.268443
vt 0.669261 0.268443
vt 0.607004 0.286885
vt 0.665370 0.286885
vt 0.607004 -0.000000
vt 0.661479 0.018443
vt 0.610895 0.018443
vt 0.659533 0.043033
vt 0.552529 0.116803
vt 0.474708 0.084016
vt 0.552529 0.084016
vt 0.546693 0.145492
vt 0.474708 0.116803
vt 0.484436 0.168033
vt 0.480545 0.145492
vt 0.536965 0.190574
vt 0.542802 0.168033
vt 0.535019 0.219262
vt 0.490272 0.190574
vt 0.494163 0.252049
vt 0.492218 0.219262
vt 0.535019 0.284836
vt 0.533074 0.252049
vt 0.490272 0.313525
vt 0.492218 0.284836
vt 0.536965 0.313525
vt 0.484436 0.336066
vt 0.546693 0.022541
vt 0.484436 0.000000
vt 0.542802 0.000000
vt 0.552529 0.051230
vt 0.480545 0.022541
vt 0.474708 0.051230
vt 0.614786 0.071721
vt 0.659533 0.043033
vt 0.657588 0.071721
vt 0.659533 0.100410
vt 0.610895 0.125000
vt 0.661479 0.125000
vt 0.607004 0.143443
vt 0.665370 0.143443
vt 0.603113 0.161885
vt 0.669261 0.161885
vt 0.599222 0.186475
vt 0.673152 0.186475
vt 0.599222 0.215164
vt 0.603113 0.268443
vt 0.669261 0.268443
vt 0.665370 0.286885
vt 0.610895 0.018443
vt 0.665370 -0.000000
vt 0.661479 0.018443
vt 0.552529 0.116803
vt 0.474708 0.084016
vt 0.552529 0.084016
vt 0.546693 0.145492
vt 0.474708 0.116803
vt 0.542802 0.168033
vt 0.480545 0.145492
vt 0.536965 0.190574
vt 0.484436 0.168033
vt 0.535019 0.219262
vt 0.490272 0.190574
vt 0.494163 0.252049
vt 0.492218 0.219262
vt 0.535019 0.284836
vt 0.533074 0.252049
vt 0.536965 0.313525
vt 0.492218 0.284836
vt 0.542802 0.336066
vt 0.490272 0.313525
vt 0.546693 0.022541
vt 0.484436 0.000000
vt 0.542802 0.000000
vt 0.552529 0.051230
vt 0.480545 0.022541
vt 0.474708 0.051230
vt 0.614786 0.071721
vt 0.659533 0.043033
vt 0.657588 0.071721
vt 0.612840 0.100410
vt 0.659533 0.100410
vt 0.610895 0.125000
vt 0.661479 0.125000
vt 0.665370 0.143443
vt 0.603113 0.161885
vt 0.669261 0.161885
vt 0.673152 0.186475
vt 0.669261 0.268443
vt 0.599222 0.243852
vt 0.665370 0.286885
vt 0.603113 0.268443
vt 0.610895 0.018443
vt 0.665370 0.000000
vt 0.661479 0.018443
vt 0.546693 0.145492
vt 0.474708 0.116803
vt 0.552529 0.116803
vt 0.542802 0.168033
vt 0.480545 0.145492
vt 0.536965 0.190574
vt 0.484436 0.168033
vt 0.492218 0.219262
vt 0.490272 0.190574
vt 0.533074 0.252049
vt 0.535019 0.219262
vt 0.535019 0.284836
vt 0.494163 0.252049
vt 0.490272 0.313525
vt 0.492218 0.284836
vt 0.542802 0.336066
vt 0.536965 0.313525
vt 0.542802 0.000000
vt 0.480545 0.022541
vt 0.484436 0.000000
vt 0.552529 0.051230
vt 0.546693 0.022541
vt 0.612840 0.043033
vt 0.657588 0.071721
vt 0.614786 0.071721
vt 0.612840 0.100410
vt 0.659533 0.100410
vt 0.661479 0.125000
vt 0.610895 0.125000
vt 0.665370 0.143443
vt 0.607004 0.143443
vt 0.603113 0.161885
vt 0.669261 0.161885
vt 0.599222 0.215164
vt 0.603113 0.268443
vt 0.669261 0.268443
vt 0.607004 0.286885
vt 0.665370 0.286885
vt 0.610895 0.018443
vt 0.665370 -0.000000
vt 0.661479 0.018443
vt 0.659533 0.043033
vt 0.552529 0.084016
vt 0.474708 0.116803
vt 0.474708 0.084016
vt 0.552529 0.116803
vt 0.480545 0.145492
vt 0.546693 0.145492
vt 0.484436 0.168033
vt 0.536965 0.190574
vt 0.490272 0.190574
vt 0.492218 0.219262
vt 0.533074 0.252049
vt 0.494163 0.252049
vt 0.535019 0.284836
vt 0.492218 0.284836
vt 0.490272 0.313525
vt 0.542802 0.336066
vt 0.484436 0.336066
vt 0.542802 0.000000
vt 0.480545 0.022541
vt 0.484436 0.000000
vt 0.546693 0.022541
vt 0.474708 0.051230
vt 0.552529 0.051230
vt 0.612840 0.043033
vt 0.657588 0.071721
vt 0.614786 0.071721
vt 0.659533 0.100410
vt 0.612840 0.100410
vt 0.661479 0.125000
vt 0.610895 0.125000
vt 0.607004 0.143443
vt 0.665370 0.143443
vt 0.603113 0.161885
vt 0.669261 0.161885
vt 0.599222 0.186475
vt 0.673152 0.215164
vt 0.599222 0.215164
vt 0.599222 0.243852
vt 0.669261 0.268443
vt 0.603113 0.268443
vt 0.665370 0.286885
vt 0.607004 0.286885
vt 0.607004 -0.000000
vt 0.661479 0.018443
vt 0.610895 0.018443
vt 0.659533 0.043033
vt 0.474708 0.084016
vt 0.552529 0.116803
vt 0.474708 0.116803
vt 0.480545 0.145492
vt 0.542802 0.168033
vt 0.484436 0.168033
vt 0.536965 0.190574
vt 0.490272 0.190574
vt 0.492218 0.219262
vt 0.535019 0.219262
vt 0.494163 0.252049
vt 0.533074 0.252049
vt 0.492218 0.284836
vt 0.535019 0.284836
vt 0.490272 0.313525
vt 0.536965 0.313525
vt 0.484436 0.336066
vt 0.542802 0.000000
vt 0.480545 0.022541
vt 0.484436 0.000000
vt 0.546693 0.022541
vt 0.474708 0.051230
vt 0.552529 0.084016
vt 0.614786 0.071721
vt 0.659533 0.043033
vt 0.657588 0.071721
vt 0.659533 0.100410
vt 0.610895 0.125000
vt 0.661479 0.125000
vt 0.607004 0.143443
vt 0.665370 0.143443
vt 0.669261 0.161885
vt 0.599222 0.186475
vt 0.603113 0.268443
vt 0.673152 0.243852
vt 0.669261 0.268443
vt 0.665370 0.286885
vt 0.661479 0.018443
vt 0.607004 -0.000000
vt 0.665370 -0.000000
vt 0.612840 0.043033
vt 0.546693 0.145492
vt 0.474708 0.116803
vt 0.552529 0.116803
vt 0.484436 0.168033
vt 0.480545 0.145492
vt 0.536965 0.190574
vt 0.542802 0.168033
vt 0.535019 0.219262
vt 0.490272 0.190574
vt 0.494163 0.252049
vt 0.492218 0.219262
vt 0.535019 0.284836
vt 0.533074 0.252049
vt 0.536965 0.313525
vt 0.492218 0.284836
vt 0.542802 0.336066
vt 0.490272 0.313525
vt 0.546693 0.022541
vt 0.484436 0.000000
vt 0.542802 0.000000
vt 0.474708 0.051230
vt 0.480545 0.022541
vt 0.612840 0.043033
vt 0.657588 0.071721
vt 0.614786 0.071721
vt 0.612840 0.100410
vt 0.659533 0.100410
vt 0.610895 0.125000
vt 0.661479 0.125000
vt 0.607004 0.143443
vt 0.665370 0.143443
vt 0.669261 0.161885
vt 0.603113 0.161885
vt 0.599222 0.186475
vt 0.599222 0.215164
vt 0.599222 0.243852
vt 0.603113 0.268443
vt 0.669261 0.268443
vt 0.665370 0.286885
vt 0.607004 0.286885
vt 0.607004 -0.000000
vt 0.661479 0.018443
vt 0.610895 0.018443
vt 0.659533 0.043033
vt 0.474708 0.084016
vt 0.552529 0.116803
vt 0.474708 0.116803
vt 0.480545 0.145492
vt 0.546693 0.145492
vt 0.484436 0.168033
vt 0.536965 0.190574
vt 0.490272 0.190574
vt 0.492218 0.219262
vt 0.533074 0.252049
vt 0.494163 0.252049
vt 0.492218 0.284836
vt 0.535019 0.284836
vt 0.490272 0.313525
vt 0.536965 0.313525
vt 0.484436 0.336066
vt 0.542802 0.000000
vt 0.480545 0.022541
vt 0.484436 0.000000
vt 0.552529 0.051230
vt 0.474708 0.051230
vt 0.657588 0.071721
vt 0.612840 0.043033
vt 0.659533 0.043033
vt 0.612840 0.100410
vt 0.659533 0.100410
vt 0.661479 0.125000
vt 0.607004 0.143443
vt 0.665370 0.143443
vt 0.669261 0.161885
vt 0.673152 0.186475
vt 0.603113 0.161885
vt 0.599222 0.215164
vt 0.599222 0.243852
vt 0.673152 0.243852
vt 0.603113 0.268443
vt 0.669261 0.268443
vt 0.607004 0.286885
vt 0.665370 0.286885
vt 0.610895 0.018443
vt 0.665370 -0.000000
vt 0.661479 0.018443
vt 0.552529 0.084016
vt 0.474708 0.116803
vt 0.474708 0.084016
vt 0.546693 0.145492
vt 0.552529 0.116803
vt 0.542802 0.168033
vt 0.480545 0.145492
vt 0.490272 0.190574
vt 0.484436 0.168033
vt 0.535019 0.219262
vt 0.536965 0.190574
vt 0.533074 0.252049
vt 0.492218 0.219262
vt 0.535019 0.284836
vt 0.494163 0.252049
vt 0.536965 0.313525
vt 0.492218 0.284836
vt 0.542802 0.336066
vt 0.490272 0.313525
vt 0.542802 0.000000
vt 0.480545 0.022541
vt 0.484436 0.000000
vt 0.552529 0.051230
vt 0.546693 0.022541
vt 0.474708 0.051230
vt 0.614786 0.071721
vt 0.659533 0.043033
vt 0.657588 0.071721
vt 0.612840 0.100410
vt 0.659533 0.100410
vt 0.610895 0.125000
vt 0.661479 0.125000
vt 0.665370 0.143443
vt 0.669261 0.161885
vt 0.607004 0.143443
vt 0.603113 0.161885
vt 0.603113 0.268443
vt 0.669261 0.268443
vt 0.665370 0.286885
vt 0.610895 0.018443
vt 0.665370 0.000000
vt 0.661479 0.018443
vt 0.546693 0.145492
vt 0.474708 0.116803
vt 0.552529 0.116803
vt 0.542802 0.168033
vt 0.480545 0.145492
vt 0.490272 0.190574
vt 0.484436 0.168033
vt 0.535019 0.219262
vt 0.536965 0.190574
vt 0.533074 0.252049
vt 0.492218 0.219262
vt 0.535019 0.284836
vt 0.494163 0.252049
vt 0.490272 0.313525
vt 0.492218 0.284836
vt 0.542802 0.336066
vt 0.536965 0.313525
vt 0.546693 0.022541
vt 0.484436 0.000000
vt 0.542802 0.000000
vt 0.552529 0.051230
vt 0.480545 0.022541
vt 0.612840 0.100410
vt 0.657588 0.071721
vt 0.659533 0.100410
vt 0.610895 0.125000
vt 0.661479 0.125000
vt 0.665370 0.143443
vt 0.603113 0.161885
vt 0.669261 0.161885
vt 0.599222 0.186475
vt 0.673152 0.186475
vt 0.599222 0.215164
vt 0.603113 0.268443
vt 0.669261 0.268443
vt 0.665370 0.286885
vt 0.610895 0.018443
vt 0.665370 -0.000000
vt 0.661479 0.018443
vt 0.659533 0.043033
vt 0.614786 0.071721
vt 0.546693 0.145492
vt 0.474708 0.116803
vt 0.552529 0.116803
vt 0.542802 0.168033
vt 0.480545 0.145492
vt 0.490272 0.190574
vt 0.484436 0.168033
vt 0.536965 0.190574
vt 0.492218 0.219262
vt 0.535019 0.219262
vt 0.494163 0.252049
vt 0.535019 0.284836
vt 0.533074 0.252049
vt 0.536965 0.313525
vt 0.492218 0.284836
vt 0.542802 0.336066
vt 0.490272 0.313525
vt 0.542802 0.000000
vt 0.480545 0.022541
vt 0.484436 0.000000
vt 0.552529 0.051230
vt 0.546693 0.022541
vt 0.474708 0.084016
vt 0.474708 0.051230
vt 0.552529 0.084016
vt 0.614786 0.071721
vt 0.659533 0.043033
vt 0.657588 0.071721
vt 0.659533 0.100410
vt 0.612840 0.100410
vt 0.661479 0.125000
vt 0.610895 0.125000
vt 0.607004 0.143443
vt 0.665370 0.143443
vt 0.603113 0.161885
vt 0.669261 0.161885
vt 0.599222 0.186475
vt 0.673152 0.215164
vt 0.599222 0.215164
vt 0.599222 0.243852
vt 0.669261 0.268443
vt 0.603113 0.268443
vt 0.665370 0.286885
vt 0.607004 0.286885
vt 0.607004 -0.000000
vt 0.661479 0.018443
vt 0.610895 0.018443
vt 0.612840 0.043033
vt 0.552529 0.116803
vt 0.480545 0.145492
vt 0.474708 0.116803
vt 0.542802 0.168033
vt 0.484436 0.168033
vt 0.490272 0.190574
vt 0.536965 0.190574
vt 0.492218 0.219262
vt 0.535019 0.219262
vt 0.494163 0.252049
vt 0.535019 0.284836
vt 0.492218 0.284836
vt 0.490272 0.313525
vt 0.536965 0.313525
vt 0.484436 0.336066
vt 0.542802 0.000000
vt 0.480545 0.022541
vt 0.484436 0.000000
vt 0.552529 0.051230
vt 0.474708 0.051230
vt 0.474708 0.084016
vt 0.673152 0.360656
vt 0.607004 0.327869
vt 0.673152 0.327869
vt 0.607004 0.295082
vt 0.673152 0.295082
vt 0.673152 0.360656
vt 0.607004 0.327869
vt 0.673152 0.327869
vt 0.673152 0.295082
vt 0.607004 0.295082
vt 0.673152 0.360656
vt 0.607004 0.327869
vt 0.673152 0.327869
vt 0.673152 0.295082
vt 0.607004 0.295082
vt 0.673152 0.360656
vt 0.607004 0.327869
vt 0.673152 0.327869
vt 0.607004 0.295082
vt 0.673152 0.295082
vt 0.482490 0.733607
vt 0.482490 0.610656
vt 0.482490 0.536885
vt 0.482490 0.758197
vt 0.482490 0.635246
vt 0.482490 0.561475
vt 0.482490 0.487705
vt 0.482490 0.659836
vt 0.482490 0.709016
vt 0.482490 0.586066
vt 0.482490 0.512295
vt 0.482490 0.684426
vt 0.914397 0.391393
vt 0.836576 0.385246
vt 0.914397 0.385246
vt 0.914397 0.379098
vt 0.836576 0.372951
vt 0.914397 0.372951
vt 0.914397 0.415984
vt 0.836576 0.409836
vt 0.914397 0.409836
vt 0.836576 0.403689
vt 0.914397 0.403689
vt 0.914397 0.397541
vt 0.836576 0.391393
vt 0.836576 0.379098
vt 0.914397 0.422131
vt 0.836576 0.415984
vt 0.836576 0.397541
vt 0.916342 0.391393
vt 0.926070 0.385246
vt 0.926070 0.391393
vt 0.920233 0.409836
vt 0.926070 0.415984
vt 0.924125 0.415984
vt 0.916342 0.403689
vt 0.926070 0.409836
vt 0.926070 0.397541
vt 0.920233 0.385246
vt 0.926070 0.379098
vt 0.926070 0.403689
vt 0.931907 0.385246
vt 0.935798 0.391393
vt 0.931907 0.409836
vt 0.928016 0.415984
vt 0.937743 0.397541
vt 0.935798 0.403689
vt 0.926070 0.422131
vt 0.926070 0.372951
vt 0.924125 0.379098
vt 0.928016 0.379098
vt 0.937743 0.409836
vt 0.961089 0.415984
vt 0.937743 0.415984
vt 0.937743 0.372951
vt 0.961089 0.379098
vt 0.937743 0.379098
vt 0.937743 0.403689
vt 0.961089 0.409836
vt 0.961089 0.422131
vt 0.937743 0.422131
vt 0.937743 0.391393
vt 0.961089 0.397541
vt 0.961089 0.385246
vt 0.937743 0.385246
vt 0.961089 0.403689
vt 0.961089 0.391393
vt 0.758755 0.403689
vt 0.836576 0.409836
vt 0.758755 0.409836
vt 0.758755 0.415984
vt 0.836576 0.422131
vt 0.758755 0.422131
vt 0.758755 0.379098
vt 0.836576 0.385246
vt 0.758755 0.385246
vt 0.836576 0.391393
vt 0.758755 0.391393
vt 0.758755 0.397541
vt 0.836576 0.403689
vt 0.836576 0.415984
vt 0.758755 0.372951
vt 0.836576 0.379098
vt 0.836576 0.397541
vt 0.756809 0.403689
vt 0.747082 0.409836
vt 0.747082 0.403689
vt 0.752918 0.385246
vt 0.747082 0.379098
vt 0.749027 0.379098
vt 0.756809 0.391393
vt 0.747082 0.385246
vt 0.747082 0.397541
vt 0.752918 0.409836
vt 0.747082 0.415984
vt 0.747082 0.391393
vt 0.741245 0.409836
vt 0.737354 0.403689
vt 0.741245 0.385246
vt 0.745136 0.379098
vt 0.735409 0.397541
vt 0.737354 0.391393
vt 0.747082 0.372951
vt 0.747082 0.422131
vt 0.749027 0.415984
vt 0.745136 0.415984
vt 0.735409 0.385246
vt 0.712062 0.379098
vt 0.735409 0.379098
vt 0.735409 0.422131
vt 0.712062 0.415984
vt 0.735409 0.415984
vt 0.735409 0.391393
vt 0.712062 0.385246
vt 0.712062 0.372951
vt 0.735409 0.372951
vt 0.735409 0.403689
vt 0.712062 0.397541
vt 0.712062 0.409836
vt 0.735409 0.409836
vt 0.712062 0.391393
vt 0.712062 0.403689
vt 0.859922 0.196721
vt 0.844358 0.221311
vt 0.844358 0.196721
vt 0.782101 0.196721
vt 0.766537 0.221311
vt 0.766537 0.196721
vt 0.735409 0.196721
vt 0.719844 0.221311
vt 0.719844 0.196721
vt 0.828794 0.221311
vt 0.828794 0.196721
vt 0.875486 0.196721
vt 0.859922 0.221311
vt 0.797665 0.196721
vt 0.782101 0.221311
vt 0.750973 0.196721
vt 0.735409 0.221311
vt 0.891051 0.196721
vt 0.875486 0.221311
vt 0.813230 0.196721
vt 0.797665 0.221311
vt 0.750973 0.221311
vt 0.704280 0.221311
vt 0.704280 0.196721
vt 0.813230 0.221311
vt 0.859922 0.196721
vt 0.844358 0.221311
vt 0.844358 0.196721
vt 0.782101 0.196721
vt 0.766537 0.221311
vt 0.766537 0.196721
vt 0.735409 0.196721
vt 0.719844 0.221311
vt 0.719844 0.196721
vt 0.828794 0.221311
vt 0.828794 0.196721
vt 0.875486 0.196721
vt 0.859922 0.221311
vt 0.797665 0.196721
vt 0.782101 0.221311
vt 0.750973 0.196721
vt 0.735409 0.221311
vt 0.891051 0.196721
vt 0.875486 0.221311
vt 0.813230 0.196721
vt 0.797665 0.221311
vt 0.750973 0.221311
vt 0.704280 0.221311
vt 0.704280 0.196721
vt 0.813230 0.221311
vt 0.805447 0.319672
vt 0.805447 0.295082
vt 0.805447 0.270492
vt 0.805447 0.245902
vt 0.805447 0.221311
vt 0.805447 0.319672
vt 0.805447 0.295082
vt 0.805447 0.270492
vt 0.805447 0.245902
vt 0.805447 0.221311
vt 0.914397 0.391393
vt 0.836576 0.385246
vt 0.914397 0.385246
vt 0.914397 0.379098
vt 0.836576 0.372951
vt 0.914397 0.372951
vt 0.914397 0.415984
vt 0.836576 0.409836
vt 0.914397 0.409836
vt 0.836576 0.403689
vt 0.914397 0.403689
vt 0.914397 0.397541
vt 0.836576 0.391393
vt 0.836576 0.379098
vt 0.914397 0.422131
vt 0.836576 0.415984
vt 0.836576 0.397541
vt 0.916342 0.391393
vt 0.926070 0.385246
vt 0.926070 0.391393
vt 0.920233 0.409836
vt 0.926070 0.415984
vt 0.924125 0.415984
vt 0.916342 0.403689
vt 0.926070 0.409836
vt 0.926070 0.397541
vt 0.920233 0.385246
vt 0.926070 0.379098
vt 0.926070 0.403689
vt 0.931907 0.385246
vt 0.935798 0.391393
vt 0.931907 0.409836
vt 0.928016 0.415984
vt 0.937743 0.397541
vt 0.935798 0.403689
vt 0.926070 0.422131
vt 0.926070 0.372951
vt 0.924125 0.379098
vt 0.928016 0.379098
vt 0.937743 0.409836
vt 0.961089 0.415984
vt 0.937743 0.415984
vt 0.937743 0.372951
vt 0.961089 0.379098
vt 0.937743 0.379098
vt 0.937743 0.403689
vt 0.961089 0.409836
vt 0.961089 0.422131
vt 0.937743 0.422131
vt 0.937743 0.391393
vt 0.961089 0.397541
vt 0.961089 0.385246
vt 0.937743 0.385246
vt 0.961089 0.403689
vt 0.961089 0.391393
vt 0.758755 0.403689
vt 0.836576 0.409836
vt 0.758755 0.409836
vt 0.758755 0.415984
vt 0.836576 0.422131
vt 0.758755 0.422131
vt 0.758755 0.379098
vt 0.836576 0.385246
vt 0.758755 0.385246
vt 0.836576 0.391393
vt 0.758755 0.391393
vt 0.758755 0.397541
vt 0.836576 0.403689
vt 0.836576 0.415984
vt 0.758755 0.372951
vt 0.836576 0.379098
vt 0.836576 0.397541
vt 0.756809 0.403689
vt 0.747082 0.409836
vt 0.747082 0.403689
vt 0.752918 0.385246
vt 0.747082 0.379098
vt 0.749027 0.379098
vt 0.756809 0.391393
vt 0.747082 0.385246
vt 0.747082 0.397541
vt 0.752918 0.409836
vt 0.747082 0.415984
vt 0.747082 0.391393
vt 0.741245 0.409836
vt 0.737354 0.403689
vt 0.741245 0.385246
vt 0.745136 0.379098
vt 0.735409 0.397541
vt 0.737354 0.391393
vt 0.747082 0.372951
vt 0.747082 0.422131
vt 0.749027 0.415984
vt 0.745136 0.415984
vt 0.735409 0.385246
vt 0.712062 0.379098
vt 0.735409 0.379098
vt 0.735409 0.422131
vt 0.712062 0.415984
vt 0.735409 0.415984
vt 0.735409 0.391393
vt 0.712062 0.385246
vt 0.712062 0.372951
vt 0.735409 0.372951
vt 0.735409 0.403689
vt 0.712062 0.397541
vt 0.712062 0.409836
vt 0.735409 0.409836
vt 0.712062 0.391393
vt 0.712062 0.403689
vt 0.914397 0.391393
vt 0.836576 0.385246
vt 0.914397 0.385246
vt 0.914397 0.379098
vt 0.836576 0.372951
vt 0.914397 0.372951
vt 0.914397 0.415984
vt 0.836576 0.409836
vt 0.914397 0.409836
vt 0.836576 0.403689
vt 0.914397 0.403689
vt 0.914397 0.397541
vt 0.836576 0.391393
vt 0.836576 0.379098
vt 0.914397 0.422131
vt 0.836576 0.415984
vt 0.836576 0.397541
vt 0.916342 0.391393
vt 0.926070 0.385246
vt 0.926070 0.391393
vt 0.924125 0.415984
vt 0.926070 0.409836
vt 0.926070 0.415984
vt 0.916342 0.403689
vt 0.920233 0.409836
vt 0.926070 0.397541
vt 0.920233 0.385246
vt 0.926070 0.379098
vt 0.926070 0.403689
vt 0.935798 0.391393
vt 0.931907 0.409836
vt 0.928016 0.415984
vt 0.937743 0.397541
vt 0.931907 0.385246
vt 0.935798 0.403689
vt 0.926070 0.422131
vt 0.926070 0.372951
vt 0.924125 0.379098
vt 0.928016 0.379098
vt 0.937743 0.409836
vt 0.961089 0.415984
vt 0.937743 0.415984
vt 0.937743 0.372951
vt 0.961089 0.379098
vt 0.937743 0.379098
vt 0.937743 0.403689
vt 0.961089 0.409836
vt 0.961089 0.422131
vt 0.937743 0.422131
vt 0.937743 0.391393
vt 0.961089 0.397541
vt 0.961089 0.385246
vt 0.937743 0.385246
vt 0.961089 0.403689
vt 0.961089 0.391393
vt 0.758755 0.403689
vt 0.836576 0.409836
vt 0.758755 0.409836
vt 0.758755 0.415984
vt 0.836576 0.422131
vt 0.758755 0.422131
vt 0.758755 0.385246
vt 0.836576 0.379098
vt 0.836576 0.385246
vt 0.836576 0.391393
vt 0.758755 0.391393
vt 0.758755 0.397541
vt 0.836576 0.403689
vt 0.836576 0.415984
vt 0.758755 0.372951
vt 0.758755 0.379098
vt 0.836576 0.397541
vt 0.752918 0.409836
vt 0.747082 0.403689
vt 0.756809 0.403689
vt 0.752918 0.385246
vt 0.747082 0.379098
vt 0.749027 0.379098
vt 0.747082 0.391393
vt 0.747082 0.385246
vt 0.747082 0.397541
vt 0.747082 0.415984
vt 0.747082 0.409836
vt 0.756809 0.391393
vt 0.741245 0.409836
vt 0.737354 0.403689
vt 0.741245 0.385246
vt 0.745136 0.379098
vt 0.735409 0.397541
vt 0.737354 0.391393
vt 0.747082 0.372951
vt 0.747082 0.422131
vt 0.749027 0.415984
vt 0.745136 0.415984
vt 0.735409 0.385246
vt 0.712062 0.379098
vt 0.735409 0.379098
vt 0.735409 0.422131
vt 0.712062 0.415984
vt 0.735409 0.415984
vt 0.735409 0.391393
vt 0.712062 0.385246
vt 0.712062 0.372951
vt 0.735409 0.372951
vt 0.735409 0.403689
vt 0.712062 0.397541
vt 0.712062 0.409836
vt 0.735409 0.409836
vt 0.712062 0.391393
vt 0.712062 0.403689
vt 0.914397 0.391393
vt 0.836576 0.385246
vt 0.914397 0.385246
vt 0.914397 0.379098
vt 0.836576 0.372951
vt 0.914397 0.372951
vt 0.914397 0.415984
vt 0.836576 0.409836
vt 0.914397 0.409836
vt 0.836576 0.403689
vt 0.914397 0.403689
vt 0.914397 0.397541
vt 0.836576 0.391393
vt 0.836576 0.379098
vt 0.914397 0.422131
vt 0.836576 0.415984
vt 0.836576 0.397541
vt 0.916342 0.391393
vt 0.926070 0.385246
vt 0.926070 0.391393
vt 0.924125 0.415984
vt 0.926070 0.409836
vt 0.926070 0.415984
vt 0.916342 0.403689
vt 0.920233 0.409836
vt 0.926070 0.397541
vt 0.920233 0.385246
vt 0.926070 0.379098
vt 0.926070 0.403689
vt 0.935798 0.391393
vt 0.931907 0.409836
vt 0.928016 0.415984
vt 0.937743 0.397541
vt 0.931907 0.385246
vt 0.935798 0.403689
vt 0.926070 0.422131
vt 0.926070 0.372951
vt 0.924125 0.379098
vt 0.928016 0.379098
vt 0.937743 0.409836
vt 0.961089 0.415984
vt 0.937743 0.415984
vt 0.937743 0.372951
vt 0.961089 0.379098
vt 0.937743 0.379098
vt 0.937743 0.403689
vt 0.961089 0.409836
vt 0.961089 0.422131
vt 0.937743 0.422131
vt 0.937743 0.391393
vt 0.961089 0.397541
vt 0.961089 0.385246
vt 0.937743 0.385246
vt 0.961089 0.403689
vt 0.961089 0.391393
vt 0.758755 0.403689
vt 0.836576 0.409836
vt 0.758755 0.409836
vt 0.758755 0.415984
vt 0.836576 0.422131
vt 0.758755 0.422131
vt 0.758755 0.385246
vt 0.836576 0.379098
vt 0.836576 0.385246
vt 0.836576 0.391393
vt 0.758755 0.391393
vt 0.758755 0.397541
vt 0.836576 0.403689
vt 0.836576 0.415984
vt 0.758755 0.372951
vt 0.758755 0.379098
vt 0.836576 0.397541
vt 0.752918 0.409836
vt 0.747082 0.403689
vt 0.756809 0.403689
vt 0.752918 0.385246
vt 0.747082 0.379098
vt 0.749027 0.379098
vt 0.747082 0.391393
vt 0.747082 0.385246
vt 0.747082 0.397541
vt 0.747082 0.415984
vt 0.747082 0.409836
vt 0.756809 0.391393
vt 0.741245 0.409836
vt 0.737354 0.403689
vt 0.741245 0.385246
vt 0.745136 0.379098
vt 0.735409 0.397541
vt 0.737354 0.391393
vt 0.747082 0.372951
vt 0.747082 0.422131
vt 0.749027 0.415984
vt 0.745136 0.415984
vt 0.735409 0.385246
vt 0.712062 0.379098
vt 0.735409 0.379098
vt 0.735409 0.422131
vt 0.712062 0.415984
vt 0.735409 0.415984
vt 0.735409 0.391393
vt 0.712062 0.385246
vt 0.712062 0.372951
vt 0.735409 0.372951
vt 0.735409 0.403689
vt 0.712062 0.397541
vt 0.712062 0.409836
vt 0.735409 0.409836
vt 0.712062 0.391393
vt 0.712062 0.403689
vt 0.914397 0.391393
vt 0.836576 0.385246
vt 0.914397 0.385246
vt 0.914397 0.379098
vt 0.836576 0.372951
vt 0.914397 0.372951
vt 0.914397 0.415984
vt 0.836576 0.409836
vt 0.914397 0.409836
vt 0.836576 0.403689
vt 0.914397 0.403689
vt 0.914397 0.397541
vt 0.836576 0.391393
vt 0.836576 0.379098
vt 0.914397 0.422131
vt 0.836576 0.415984
vt 0.836576 0.397541
vt 0.916342 0.391393
vt 0.926070 0.385246
vt 0.926070 0.391393
vt 0.920233 0.409836
vt 0.926070 0.415984
vt 0.924125 0.415984
vt 0.916342 0.403689
vt 0.926070 0.409836
vt 0.926070 0.397541
vt 0.920233 0.385246
vt 0.926070 0.379098
vt 0.926070 0.403689
vt 0.935798 0.391393
vt 0.931907 0.409836
vt 0.928016 0.415984
vt 0.935798 0.403689
vt 0.937743 0.397541
vt 0.931907 0.385246
vt 0.926070 0.422131
vt 0.926070 0.372951
vt 0.924125 0.379098
vt 0.928016 0.379098
vt 0.937743 0.409836
vt 0.961089 0.415984
vt 0.937743 0.415984
vt 0.937743 0.372951
vt 0.961089 0.379098
vt 0.937743 0.379098
vt 0.937743 0.403689
vt 0.961089 0.409836
vt 0.961089 0.422131
vt 0.937743 0.422131
vt 0.937743 0.391393
vt 0.961089 0.397541
vt 0.961089 0.385246
vt 0.937743 0.385246
vt 0.961089 0.403689
vt 0.961089 0.391393
vt 0.758755 0.403689
vt 0.836576 0.409836
vt 0.758755 0.409836
vt 0.758755 0.415984
vt 0.836576 0.422131
vt 0.758755 0.422131
vt 0.758755 0.379098
vt 0.836576 0.385246
vt 0.758755 0.385246
vt 0.758755 0.391393
vt 0.836576 0.391393
vt 0.758755 0.397541
vt 0.836576 0.403689
vt 0.836576 0.415984
vt 0.758755 0.372951
vt 0.836576 0.379098
vt 0.836576 0.397541
vt 0.756809 0.403689
vt 0.747082 0.409836
vt 0.747082 0.403689
vt 0.752918 0.385246
vt 0.747082 0.379098
vt 0.749027 0.379098
vt 0.756809 0.391393
vt 0.747082 0.385246
vt 0.747082 0.397541
vt 0.752918 0.409836
vt 0.747082 0.415984
vt 0.747082 0.391393
vt 0.741245 0.409836
vt 0.737354 0.403689
vt 0.741245 0.385246
vt 0.745136 0.379098
vt 0.735409 0.397541
vt 0.737354 0.391393
vt 0.747082 0.372951
vt 0.747082 0.422131
vt 0.749027 0.415984
vt 0.745136 0.415984
vt 0.735409 0.385246
vt 0.712062 0.379098
vt 0.735409 0.379098
vt 0.735409 0.422131
vt 0.712062 0.415984
vt 0.735409 0.415984
vt 0.735409 0.391393
vt 0.712062 0.385246
vt 0.712062 0.372951
vt 0.735409 0.372951
vt 0.735409 0.403689
vt 0.712062 0.397541
vt 0.712062 0.409836
vt 0.735409 0.409836
vt 0.712062 0.391393
vt 0.712062 0.403689
vt 0.914397 0.391393
vt 0.836576 0.385246
vt 0.914397 0.385246
vt 0.914397 0.379098
vt 0.836576 0.372951
vt 0.914397 0.372951
vt 0.914397 0.415984
vt 0.836576 0.409836
vt 0.914397 0.409836
vt 0.836576 0.403689
vt 0.914397 0.403689
vt 0.914397 0.397541
vt 0.836576 0.391393
vt 0.836576 0.379098
vt 0.914397 0.422131
vt 0.836576 0.415984
vt 0.836576 0.397541
vt 0.916342 0.391393
vt 0.926070 0.385246
vt 0.926070 0.391393
vt 0.920233 0.409836
vt 0.926070 0.415984
vt 0.924125 0.415984
vt 0.916342 0.403689
vt 0.926070 0.409836
vt 0.926070 0.397541
vt 0.920233 0.385246
vt 0.926070 0.379098
vt 0.926070 0.403689
vt 0.935798 0.391393
vt 0.931907 0.409836
vt 0.928016 0.415984
vt 0.935798 0.403689
vt 0.937743 0.397541
vt 0.931907 0.385246
vt 0.926070 0.422131
vt 0.926070 0.372951
vt 0.924125 0.379098
vt 0.928016 0.379098
vt 0.937743 0.409836
vt 0.961089 0.415984
vt 0.937743 0.415984
vt 0.937743 0.372951
vt 0.961089 0.379098
vt 0.937743 0.379098
vt 0.937743 0.403689
vt 0.961089 0.409836
vt 0.961089 0.422131
vt 0.937743 0.422131
vt 0.937743 0.391393
vt 0.961089 0.397541
vt 0.961089 0.385246
vt 0.937743 0.385246
vt 0.961089 0.403689
vt 0.961089 0.391393
vt 0.758755 0.403689
vt 0.836576 0.409836
vt 0.758755 0.409836
vt 0.758755 0.415984
vt 0.836576 0.422131
vt 0.758755 0.422131
vt 0.758755 0.385246
vt 0.836576 0.379098
vt 0.836576 0.385246
vt 0.758755 0.391393
vt 0.836576 0.391393
vt 0.758755 0.397541
vt 0.836576 0.403689
vt 0.836576 0.415984
vt 0.758755 0.372951
vt 0.758755 0.379098
vt 0.836576 0.397541
vt 0.756809 0.403689
vt 0.747082 0.409836
vt 0.747082 0.403689
vt 0.752918 0.385246
vt 0.747082 0.379098
vt 0.749027 0.379098
vt 0.756809 0.391393
vt 0.747082 0.385246
vt 0.747082 0.397541
vt 0.752918 0.409836
vt 0.747082 0.415984
vt 0.747082 0.391393
vt 0.741245 0.409836
vt 0.737354 0.403689
vt 0.741245 0.385246
vt 0.745136 0.379098
vt 0.735409 0.397541
vt 0.737354 0.391393
vt 0.747082 0.372951
vt 0.747082 0.422131
vt 0.749027 0.415984
vt 0.745136 0.415984
vt 0.735409 0.385246
vt 0.712062 0.379098
vt 0.735409 0.379098
vt 0.735409 0.422131
vt 0.712062 0.415984
vt 0.735409 0.415984
vt 0.735409 0.391393
vt 0.712062 0.385246
vt 0.712062 0.372951
vt 0.735409 0.372951
vt 0.735409 0.403689
vt 0.712062 0.397541
vt 0.712062 0.409836
vt 0.735409 0.409836
vt 0.712062 0.391393
vt 0.712062 0.403689
vt 0.914397 0.391393
vt 0.836576 0.385246
vt 0.914397 0.385246
vt 0.914397 0.379098
vt 0.836576 0.372951
vt 0.914397 0.372951
vt 0.914397 0.415984
vt 0.836576 0.409836
vt 0.914397 0.409836
vt 0.836576 0.403689
vt 0.914397 0.403689
vt 0.914397 0.397541
vt 0.836576 0.391393
vt 0.836576 0.379098
vt 0.914397 0.422131
vt 0.836576 0.415984
vt 0.836576 0.397541
vt 0.916342 0.391393
vt 0.926070 0.385246
vt 0.926070 0.391393
vt 0.924125 0.415984
vt 0.926070 0.409836
vt 0.926070 0.415984
vt 0.916342 0.403689
vt 0.920233 0.409836
vt 0.926070 0.397541
vt 0.924125 0.379098
vt 0.920233 0.385246
vt 0.926070 0.403689
vt 0.931907 0.385246
vt 0.935798 0.391393
vt 0.928016 0.415984
vt 0.931907 0.409836
vt 0.937743 0.397541
vt 0.928016 0.379098
vt 0.935798 0.403689
vt 0.926070 0.422131
vt 0.926070 0.372951
vt 0.926070 0.379098
vt 0.937743 0.409836
vt 0.961089 0.415984
vt 0.937743 0.415984
vt 0.937743 0.372951
vt 0.961089 0.379098
vt 0.937743 0.379098
vt 0.937743 0.403689
vt 0.961089 0.409836
vt 0.961089 0.422131
vt 0.937743 0.422131
vt 0.937743 0.391393
vt 0.961089 0.397541
vt 0.961089 0.385246
vt 0.937743 0.385246
vt 0.961089 0.403689
vt 0.961089 0.391393
vt 0.758755 0.403689
vt 0.836576 0.409836
vt 0.758755 0.409836
vt 0.758755 0.415984
vt 0.836576 0.422131
vt 0.758755 0.422131
vt 0.758755 0.385246
vt 0.836576 0.379098
vt 0.836576 0.385246
vt 0.836576 0.391393
vt 0.758755 0.391393
vt 0.758755 0.397541
vt 0.836576 0.403689
vt 0.836576 0.415984
vt 0.758755 0.372951
vt 0.758755 0.379098
vt 0.836576 0.397541
vt 0.752918 0.409836
vt 0.747082 0.403689
vt 0.756809 0.403689
vt 0.752918 0.385246
vt 0.747082 0.379098
vt 0.749027 0.379098
vt 0.747082 0.391393
vt 0.747082 0.385246
vt 0.747082 0.397541
vt 0.747082 0.415984
vt 0.747082 0.409836
vt 0.756809 0.391393
vt 0.737354 0.403689
vt 0.741245 0.385246
vt 0.745136 0.379098
vt 0.735409 0.397541
vt 0.741245 0.409836
vt 0.737354 0.391393
vt 0.747082 0.372951
vt 0.747082 0.422131
vt 0.749027 0.415984
vt 0.745136 0.415984
vt 0.735409 0.385246
vt 0.712062 0.379098
vt 0.735409 0.379098
vt 0.735409 0.422131
vt 0.712062 0.415984
vt 0.735409 0.415984
vt 0.735409 0.391393
vt 0.712062 0.385246
vt 0.712062 0.372951
vt 0.735409 0.372951
vt 0.735409 0.403689
vt 0.712062 0.397541
vt 0.712062 0.409836
vt 0.735409 0.409836
vt 0.712062 0.391393
vt 0.712062 0.403689
vt 0.914397 0.391393
vt 0.836576 0.385246
vt 0.914397 0.385246
vt 0.914397 0.379098
vt 0.836576 0.372951
vt 0.914397 0.372951
vt 0.914397 0.415984
vt 0.836576 0.409836
vt 0.914397 0.409836
vt 0.836576 0.403689
vt 0.914397 0.403689
vt 0.914397 0.397541
vt 0.836576 0.391393
vt 0.836576 0.379098
vt 0.914397 0.422131
vt 0.836576 0.415984
vt 0.836576 0.397541
vt 0.916342 0.391393
vt 0.926070 0.385246
vt 0.926070 0.391393
vt 0.924125 0.415984
vt 0.926070 0.409836
vt 0.926070 0.415984
vt 0.916342 0.403689
vt 0.920233 0.409836
vt 0.926070 0.397541
vt 0.924125 0.379098
vt 0.920233 0.385246
vt 0.926070 0.403689
vt 0.931907 0.385246
vt 0.935798 0.391393
vt 0.928016 0.415984
vt 0.931907 0.409836
vt 0.937743 0.397541
vt 0.928016 0.379098
vt 0.935798 0.403689
vt 0.926070 0.422131
vt 0.926070 0.372951
vt 0.926070 0.379098
vt 0.937743 0.409836
vt 0.961089 0.415984
vt 0.937743 0.415984
vt 0.937743 0.372951
vt 0.961089 0.379098
vt 0.937743 0.379098
vt 0.937743 0.403689
vt 0.961089 0.409836
vt 0.961089 0.422131
vt 0.937743 0.422131
vt 0.937743 0.391393
vt 0.961089 0.397541
vt 0.961089 0.385246
vt 0.937743 0.385246
vt 0.961089 0.403689
vt 0.961089 0.391393
vt 0.758755 0.403689
vt 0.836576 0.409836
vt 0.758755 0.409836
vt 0.758755 0.415984
vt 0.836576 0.422131
vt 0.758755 0.422131
vt 0.758755 0.385246
vt 0.836576 0.379098
vt 0.836576 0.385246
vt 0.836576 0.391393
vt 0.758755 0.391393
vt 0.758755 0.397541
vt 0.836576 0.403689
vt 0.836576 0.415984
vt 0.758755 0.372951
vt 0.758755 0.379098
vt 0.836576 0.397541
vt 0.752918 0.409836
vt 0.747082 0.403689
vt 0.756809 0.403689
vt 0.752918 0.385246
vt 0.747082 0.379098
vt 0.749027 0.379098
vt 0.747082 0.391393
vt 0.747082 0.385246
vt 0.747082 0.397541
vt 0.747082 0.415984
vt 0.747082 0.409836
vt 0.756809 0.391393
vt 0.737354 0.403689
vt 0.741245 0.385246
vt 0.745136 0.379098
vt 0.735409 0.397541
vt 0.741245 0.409836
vt 0.737354 0.391393
vt 0.747082 0.372951
vt 0.747082 0.422131
vt 0.749027 0.415984
vt 0.745136 0.415984
vt 0.735409 0.385246
vt 0.712062 0.379098
vt 0.735409 0.379098
vt 0.735409 0.422131
vt 0.712062 0.415984
vt 0.735409 0.415984
vt 0.735409 0.391393
vt 0.712062 0.385246
vt 0.712062 0.372951
vt 0.735409 0.372951
vt 0.735409 0.403689
vt 0.712062 0.397541
vt 0.712062 0.409836
vt 0.735409 0.409836
vt 0.712062 0.391393
vt 0.712062 0.403689
vt 0.805447 0.319672
vt 0.805447 0.295082
vt 0.805447 0.270492
vt 0.805447 0.245902
vt 0.805447 0.221311
vt 0.805447 0.319672
vt 0.805447 0.295082
vt 0.805447 0.270492
vt 0.805447 0.245902
vt 0.805447 0.221311
vt 0.805447 0.319672
vt 0.805447 0.295082
vt 0.805447 0.270492
vt 0.805447 0.245902
vt 0.805447 0.221311
vt 0.805447 0.319672
vt 0.805447 0.295082
vt 0.805447 0.270492
vt 0.805447 0.245902
vt 0.805447 0.221311
vt 0.805447 0.319672
vt 0.805447 0.295082
vt 0.805447 0.270492
vt 0.805447 0.245902
vt 0.805447 0.221311
vt 0.805447 0.319672
vt 0.805447 0.295082
vt 0.805447 0.270492
vt 0.805447 0.245902
vt 0.805447 0.221311
vt 0.482490 0.733607
vt 0.482490 0.610656
vt 0.482490 0.536885
vt 0.482490 0.758197
vt 0.482490 0.651639
vt 0.482490 0.635246
vt 0.482490 0.561475
vt 0.482490 0.504098
vt 0.482490 0.487705
vt 0.482490 0.659836
vt 0.482490 0.709016
vt 0.482490 0.586066
vt 0.482490 0.512295
vt 0.482490 0.684426
vt 0.482490 0.733607
vt 0.482490 0.610656
vt 0.482490 0.553279
vt 0.482490 0.536885
vt 0.482490 0.758197
vt 0.482490 0.635246
vt 0.482490 0.561475
vt 0.482490 0.487705
vt 0.482490 0.659836
vt 0.482490 0.709016
vt 0.482490 0.602459
vt 0.482490 0.586066
vt 0.482490 0.512295
vt 0.482490 0.684426
vt 0.482490 0.733607
vt 0.482490 0.610656
vt 0.482490 0.536885
vt 0.482490 0.758197
vt 0.482490 0.635246
vt 0.482490 0.577869
vt 0.482490 0.561475
vt 0.482490 0.487705
vt 0.482490 0.659836
vt 0.482490 0.709016
vt 0.482490 0.586066
vt 0.482490 0.512295
vt 0.482490 0.684426
vt 0.607004 0.327869
vt 0.673152 0.360656
vt 0.673152 0.327869
vt 0.673152 0.295082
vt 0.607004 0.327869
vt 0.673152 0.360656
vt 0.673152 0.327869
vt 0.673152 0.295082
vt 0.607004 0.327869
vt 0.673152 0.360656
vt 0.673152 0.327869
vt 0.673152 0.295082
vt 0.607004 0.327869
vt 0.673152 0.360656
vt 0.673152 0.327869
vt 0.607004 0.295082
vt 0.673152 0.295082
vt 0.673152 0.000000
vt 0.673152 0.286885
vt 0.673152 0.043033
vt 0.673152 0.143443
vt 0.673152 0.000000
vt 0.673152 0.000000
vt 0.673152 0.143443
vt 0.673152 0.043033
vt 0.673152 0.268443
vt 0.673152 0.000000
vt 0.673152 0.161885
vt 0.673152 0.043033
vt 0.673152 0.286885
vt 0.673152 0.161885
vt 0.673152 0.125000
vt 0.673152 0.018443
vt 0.673152 0.268443
vt 0.673152 0.043033
vt 0.673152 0.143443
vt 0.673152 0.000000
vt 0.673152 0.043033
vt 0.673152 0.286885
vt 0.673152 0.100410
vt 0.673152 0.161885
vt 0.673152 0.043033
vt 0.673152 0.286885
vt 0.673152 0.000000
vt 0.673152 0.000000
vt 0.673152 0.000000
vt 0.673152 0.043033
vt 0.673152 0.071721
vt 0.673152 0.000000
vt 0.673152 0.161885
vt 0.673152 0.286885
vt 0.612840 0.043033
vt 0.607004 0.143443
vt 0.599222 0.243852
vt 0.607004 0.286885
vt 0.607004 -0.000000
vt 0.552529 0.116803
vt 0.535019 0.284836
vt 0.542802 0.336066
vt 0.552529 0.051230
vt 0.665370 -0.000000
vt 0.542802 0.336066
vt 0.612840 0.043033
vt 0.612840 0.100410
vt 0.599222 0.243852
vt 0.607004 0.286885
vt 0.607004 -0.000000
vt 0.484436 0.336066
vt 0.612840 0.043033
vt 0.607004 0.143443
vt 0.599222 0.186475
vt 0.607004 0.286885
vt 0.607004 0.000000
vt 0.484436 0.336066
vt 0.474708 0.051230
vt 0.599222 0.186475
vt 0.599222 0.243852
vt 0.607004 -0.000000
vt 0.542802 0.168033
vt 0.535019 0.219262
vt 0.536965 0.313525
vt 0.665370 -0.000000
vt 0.546693 0.145492
vt 0.542802 0.336066
vt 0.552529 0.051230
vt 0.612840 0.100410
vt 0.603113 0.161885
vt 0.599222 0.243852
vt 0.607004 0.286885
vt 0.610895 0.018443
vt 0.484436 0.336066
vt 0.552529 0.051230
vt 0.665370 -0.000000
vt 0.552529 0.084016
vt 0.542802 0.168033
vt 0.535019 0.219262
vt 0.542802 0.336066
vt 0.546693 0.022541
vt 0.614786 0.071721
vt 0.610895 0.125000
vt 0.599222 0.186475
vt 0.607004 -0.000000
vt 0.484436 0.336066
vt 0.612840 0.043033
vt 0.599222 0.186475
vt 0.599222 0.243852
vt 0.607004 0.286885
vt 0.607004 -0.000000
vt 0.484436 0.336066
vt 0.474708 0.051230
vt 0.607004 0.143443
vt 0.599222 0.243852
vt 0.607004 0.286885
vt 0.607004 -0.000000
vt 0.612840 0.043033
vt 0.484436 0.336066
vt 0.665370 -0.000000
vt 0.546693 0.145492
vt 0.533074 0.252049
vt 0.542802 0.336066
vt 0.546693 0.022541
vt 0.552529 0.084016
vt 0.607004 0.360656
vt 0.607004 0.360656
vt 0.607004 0.360656
vt 0.607004 0.360656
vt 0.482490 0.750000
vt 0.482490 0.627049
vt 0.482490 0.553279
vt 0.482490 0.774590
vt 0.482490 0.651639
vt 0.482490 0.577869
vt 0.482490 0.504098
vt 0.482490 0.676230
vt 0.482490 0.725410
vt 0.482490 0.602459
vt 0.482490 0.528689
vt 0.482490 0.700820
vt 0.836576 0.422131
vt 0.961089 0.372951
vt 0.836576 0.372951
vt 0.712062 0.422131
vt 0.891051 0.221311
vt 0.891051 0.221311
vt 0.836576 0.422131
vt 0.961089 0.372951
vt 0.836576 0.372951
vt 0.712062 0.422131
vt 0.836576 0.422131
vt 0.961089 0.372951
vt 0.836576 0.372951
vt 0.712062 0.422131
vt 0.836576 0.422131
vt 0.961089 0.372951
vt 0.836576 0.372951
vt 0.712062 0.422131
vt 0.836576 0.422131
vt 0.961089 0.372951
vt 0.836576 0.372951
vt 0.712062 0.422131
vt 0.836576 0.422131
vt 0.961089 0.372951
vt 0.836576 0.372951
vt 0.712062 0.422131
vt 0.836576 0.422131
vt 0.961089 0.372951
vt 0.836576 0.372951
vt 0.712062 0.422131
vt 0.836576 0.422131
vt 0.961089 0.372951
vt 0.836576 0.372951
vt 0.712062 0.422131
vt 0.482490 0.750000
vt 0.482490 0.627049
vt 0.482490 0.553279
vt 0.482490 0.774590
vt 0.482490 0.577869
vt 0.482490 0.676230
vt 0.482490 0.725410
vt 0.482490 0.602459
vt 0.482490 0.528689
vt 0.482490 0.700820
vt 0.482490 0.750000
vt 0.482490 0.627049
vt 0.482490 0.774590
vt 0.482490 0.651639
vt 0.482490 0.577869
vt 0.482490 0.504098
vt 0.482490 0.676230
vt 0.482490 0.725410
vt 0.482490 0.528689
vt 0.482490 0.700820
vt 0.482490 0.750000
vt 0.482490 0.627049
vt 0.482490 0.553279
vt 0.482490 0.774590
vt 0.482490 0.651639
vt 0.482490 0.504098
vt 0.482490 0.676230
vt 0.482490 0.725410
vt 0.482490 0.602459
vt 0.482490 0.528689
vt 0.482490 0.700820
vt 0.607004 0.360656
vt 0.607004 0.295082
vt 0.607004 0.360656
vt 0.607004 0.295082
vt 0.607004 0.360656
vt 0.607004 0.295082
vt 0.607004 0.360656
vn 0.0000 -1.0000 0.0000
vn -0.0000 0.0000 1.0000
vn 0.0000 0.0000 -1.0000
vn -0.8660 0.0000 -0.5000
vn 0.5000 -0.0000 -0.8660
vn -0.5000 -0.0000 0.8660
vn 0.8660 0.0000 0.5000
vn 0.5000 0.0000 0.8660
vn 0.8660 0.0000 -0.5000
vn -0.8660 0.0000 0.5000
vn -0.5000 -0.0000 -0.8660
vn 1.0000 0.0000 0.0000
vn 0.0000 1.0000 0.0000
vn -1.0000 0.0000 0.0000
vn 0.3628 -0.8584 -0.3628
vn 0.3628 0.8584 -0.3628
vn 0.3628 0.8584 0.3628
vn -0.3628 0.8584 0.3628
vn 0.3628 -0.8584 0.3628
vn -0.3628 -0.8584 0.3628
vn 0.0000 0.7071 0.7071
vn 0.0000 -0.7071 -0.7071
vn 0.6124 0.7071 0.3536
vn -0.6124 -0.7071 -0.3536
vn -0.3536 0.7071 0.6124
vn 0.3536 -0.7071 -0.6124
vn -0.3536 -0.7071 0.6124
vn 0.3536 0.7071 -0.6124
vn 0.6124 -0.7071 0.3536
vn -0.6124 0.7071 -0.3536
vn -0.3536 0.7071 -0.6124
vn 0.3536 -0.7071 0.6124
vn 0.6124 0.7071 -0.3536
vn -0.6124 -0.7071 0.3536
vn 0.6124 -0.7071 -0.3536
vn -0.6124 0.7071 0.3536
vn -0.3536 -0.7071 -0.6124
vn 0.3536 0.7071 0.6124
vn -0.7071 0.7071 0.0000
vn 0.7071 -0.7071 0.0000
vn -0.7071 -0.7071 0.0000
vn 0.7071 0.7071 0.0000
vn 0.0000 -0.7071 0.7071
vn 0.0000 0.7071 -0.7071
vn -0.3628 -0.8584 -0.3628
vn -0.3628 0.8584 -0.3628
vn 0.7071 0.0000 -0.7071
vn -0.7071 0.0000 0.7071
vn 0.7071 0.0000 0.7071
vn -0.7071 0.0000 -0.7071
vn 0.2588 0.0000 -0.9659
vn 0.9659 0.0000 -0.2588
vn 0.9659 0.0000 0.2588
vn 0.2588 0.0000 0.9659
vn -0.2588 0.0000 0.9659
vn -0.9659 0.0000 0.2588
vn -0.9659 0.0000 -0.2588
vn -0.2588 0.0000 -0.9659
vn -0.0000 0.8660 0.5000
vn -0.0000 0.5000 0.8660
vn 0.0000 -0.5000 -0.8660
vn 0.0000 0.5000 -0.8660
vn 0.0000 0.8660 -0.5000
vn -0.0000 -0.8660 0.5000
vn 0.0000 -0.8660 -0.5000
vn -0.0000 -0.5000 0.8660
vn -0.6307 -0.7760 0.0000
vn -0.9278 0.3731 0.0000
vn 0.9278 0.3731 0.0000
vn 0.6307 -0.7760 0.0000
vn -0.9278 -0.3731 0.0000
vn 0.6307 0.7760 0.0000
vn -0.6307 0.7760 0.0000
vn 0.9278 -0.3731 0.0000
vn -0.0352 0.9993 -0.0094
vn -0.6876 0.7204 0.0914
vn -0.0352 0.9993 0.0094
vn 0.9912 0.0000 0.1322
vn 0.9351 0.3315 -0.1249
vn 0.9912 0.0000 -0.1322
vn -0.9387 -0.3225 0.1222
vn -0.6876 -0.7204 -0.0914
vn -0.6876 -0.7204 0.0914
vn -0.0352 -0.9993 -0.0094
vn 0.6610 -0.7453 -0.0875
vn -0.0352 -0.9993 0.0094
vn -0.6876 0.7204 -0.0914
vn -0.9387 0.3225 0.1222
vn 0.9351 0.3315 0.1249
vn 0.6610 0.7453 -0.0875
vn 0.6610 -0.7453 0.0875
vn 0.9351 -0.3315 -0.1249
vn -0.9387 0.3225 -0.1222
vn -0.9917 0.0000 0.1289
vn 0.6610 0.7453 0.0875
vn 0.9351 -0.3315 0.1249
vn -0.9917 0.0000 -0.1289
vn -0.4639 -0.3731 0.8035
vn 0.4639 0.3731 -0.8035
vn 0.3154 0.7760 -0.5462
vn -0.3154 0.7760 0.5462
vn 0.4639 -0.3731 -0.8035
vn 0.3154 -0.7760 -0.5462
vn -0.3154 -0.7760 0.5462
vn -0.4639 0.3731 0.8035
vn -0.5497 0.7204 -0.4229
vn -0.6411 0.7204 -0.2646
vn 0.7923 0.0000 0.6101
vn 0.8723 0.3315 0.3594
vn 0.9245 0.0000 0.3811
vn -0.7615 -0.3818 -0.5237
vn -0.6411 -0.7204 -0.2646
vn -0.8740 -0.3225 -0.3635
vn 0.5287 -0.7453 0.4063
vn 0.6162 -0.7453 0.2547
vn -0.7615 0.3818 -0.5237
vn -0.8740 0.3225 -0.3635
vn 0.5287 0.7453 0.4063
vn 0.6162 0.7453 0.2547
vn -0.5497 -0.7204 -0.4229
vn 0.8723 -0.3315 0.3594
vn -0.9233 0.0000 -0.3842
vn 0.7474 -0.3315 0.5758
vn -0.5462 -0.7760 -0.3154
vn -0.8035 0.3731 -0.4639
vn 0.8035 0.3731 0.4639
vn 0.5462 -0.7760 0.3154
vn -0.8035 -0.3731 -0.4639
vn 0.5462 0.7760 0.3154
vn -0.5462 0.7760 -0.3154
vn 0.8035 -0.3731 0.4639
vn 0.8740 -0.3225 0.3635
vn 0.9233 0.0000 0.3842
vn -0.7474 -0.3315 -0.5758
vn -0.9245 0.0000 -0.3811
vn -0.8723 -0.3315 -0.3594
vn -0.5287 0.7453 -0.4063
vn 0.0352 0.9993 0.0094
vn -0.6162 0.7453 -0.2547
vn 0.7615 0.3818 0.5237
vn 0.8740 0.3225 0.3635
vn -0.5287 -0.7453 -0.4063
vn -0.6162 -0.7453 -0.2547
vn 0.5497 -0.7204 0.4229
vn 0.0352 -0.9993 0.0094
vn 0.6411 -0.7204 0.2646
vn -0.8723 0.3315 -0.3594
vn 0.6411 0.7204 0.2646
vn -0.7923 0.0000 -0.6101
vn 0.0257 0.9993 0.0257
vn 0.3635 -0.3225 -0.8740
vn 0.3842 0.0000 -0.9233
vn -0.5758 -0.3315 0.7474
vn -0.3811 0.0000 0.9245
vn -0.3594 -0.3315 0.8723
vn -0.4063 0.7453 0.5287
vn 0.0094 0.9993 -0.0352
vn -0.2547 0.7453 0.6162
vn 0.3635 0.3225 -0.8740
vn -0.4063 -0.7453 0.5287
vn -0.2547 -0.7453 0.6162
vn 0.2646 -0.7204 -0.6411
vn 0.0257 -0.9993 -0.0257
vn 0.0094 -0.9993 -0.0352
vn -0.3594 0.3315 0.8723
vn 0.4229 0.7204 -0.5497
vn 0.2646 0.7204 -0.6411
vn 0.5237 -0.3818 -0.7615
vn -0.6101 0.0000 0.7923
vn 0.0257 0.9993 -0.0257
vn 0.6411 0.7204 -0.2646
vn 0.5497 0.7204 -0.4229
vn -0.9245 0.0000 0.3811
vn -0.7474 0.3315 0.5758
vn -0.7923 0.0000 0.6101
vn 0.8740 -0.3225 -0.3635
vn 0.5497 -0.7204 -0.4229
vn 0.7615 -0.3818 -0.5237
vn 0.0352 -0.9993 -0.0094
vn -0.5287 -0.7453 0.4063
vn 0.7615 0.3818 -0.5237
vn -0.8723 0.3315 0.3594
vn -0.5287 0.7453 0.4063
vn -0.8723 -0.3315 0.3594
vn -0.7474 -0.3315 0.5758
vn 0.8740 0.3225 -0.3635
vn 0.0352 0.9993 -0.0094
vn 0.3154 -0.7760 0.5462
vn 0.4639 0.3731 0.8035
vn -0.4639 0.3731 -0.8035
vn -0.3154 -0.7760 -0.5462
vn 0.4639 -0.3731 0.8035
vn -0.3154 0.7760 -0.5462
vn 0.3154 0.7760 0.5462
vn -0.4639 -0.3731 -0.8035
vn 0.0094 0.9993 0.0352
vn 0.4229 0.7204 0.5497
vn -0.3811 0.0000 -0.9245
vn -0.5758 0.3315 -0.7474
vn -0.6101 0.0000 -0.7923
vn 0.5237 -0.3818 0.7615
vn 0.2646 -0.7204 0.6411
vn 0.4229 -0.7204 0.5497
vn 0.0257 -0.9993 0.0257
vn -0.2547 -0.7453 -0.6162
vn -0.4063 -0.7453 -0.5287
vn 0.3635 0.3225 0.8740
vn 0.5237 0.3818 0.7615
vn -0.2547 0.7453 -0.6162
vn -0.4063 0.7453 -0.5287
vn -0.5758 -0.3315 -0.7474
vn -0.3594 -0.3315 -0.8723
vn 0.3842 0.0000 0.9233
vn -0.3842 0.0000 -0.9233
vn -0.5237 -0.3818 -0.7615
vn 0.3594 -0.3315 0.8723
vn 0.6101 0.0000 0.7923
vn 0.5758 -0.3315 0.7474
vn 0.4063 0.7453 0.5287
vn -0.0094 0.9993 -0.0352
vn -0.0257 0.9993 -0.0257
vn -0.5237 0.3818 -0.7615
vn 0.2547 -0.7453 0.6162
vn 0.4063 -0.7453 0.5287
vn -0.2646 -0.7204 -0.6411
vn -0.0257 -0.9993 -0.0257
vn -0.4229 -0.7204 -0.5497
vn 0.5758 0.3315 0.7474
vn 0.2547 0.7453 0.6162
vn -0.2646 0.7204 -0.6411
vn -0.4229 0.7204 -0.5497
vn -0.0094 -0.9993 -0.0352
vn 0.3811 0.0000 0.9245
vn 0.5462 -0.7760 -0.3154
vn 0.8035 0.3731 -0.4639
vn -0.8035 0.3731 0.4639
vn -0.5462 -0.7760 0.3154
vn 0.8035 -0.3731 -0.4639
vn -0.5462 0.7760 0.3154
vn 0.5462 0.7760 -0.3154
vn -0.8035 -0.3731 0.4639
vn -0.8740 -0.3225 0.3635
vn -0.7615 -0.3818 0.5237
vn 0.7474 -0.3315 -0.5758
vn 0.9245 0.0000 -0.3811
vn 0.7923 0.0000 -0.6101
vn 0.5287 0.7453 -0.4063
vn -0.0257 0.9993 0.0257
vn -0.8740 0.3225 0.3635
vn -0.7615 0.3818 0.5237
vn 0.6162 -0.7453 -0.2547
vn 0.5287 -0.7453 -0.4063
vn -0.5497 -0.7204 0.4229
vn -0.0257 -0.9993 0.0257
vn 0.7474 0.3315 -0.5758
vn 0.6162 0.7453 -0.2547
vn -0.6411 0.7204 0.2646
vn -0.5497 0.7204 0.4229
vn -0.0914 0.7204 -0.6876
vn -0.1322 0.0000 0.9912
vn 0.1249 0.3315 0.9351
vn 0.1322 0.0000 0.9912
vn 0.1222 -0.3225 -0.9387
vn -0.0914 -0.7204 -0.6876
vn -0.1222 -0.3225 -0.9387
vn 0.0875 -0.7453 0.6610
vn 0.0914 0.7204 -0.6876
vn -0.1222 0.3225 -0.9387
vn -0.1249 0.3315 0.9351
vn 0.0875 0.7453 0.6610
vn 0.0914 -0.7204 -0.6876
vn -0.0875 -0.7453 0.6610
vn 0.1249 -0.3315 0.9351
vn 0.1222 0.3225 -0.9387
vn -0.1289 0.0000 -0.9917
vn -0.0875 0.7453 0.6610
vn -0.1249 -0.3315 0.9351
vn 0.1289 0.0000 -0.9917
vn 0.0000 -0.7760 -0.6307
vn 0.0000 0.3731 -0.9278
vn 0.0000 0.3731 0.9278
vn 0.0000 -0.7760 0.6307
vn 0.0000 -0.3731 -0.9278
vn 0.0000 0.7760 0.6307
vn 0.0000 0.7760 -0.6307
vn 0.0000 -0.3731 0.9278
vn -0.1289 0.0000 0.9917
vn 0.1222 -0.3225 0.9387
vn 0.1289 0.0000 0.9917
vn 0.1249 -0.3315 -0.9351
vn -0.1322 0.0000 -0.9912
vn -0.1249 -0.3315 -0.9351
vn 0.0875 0.7453 -0.6610
vn -0.0875 0.7453 -0.6610
vn -0.1222 0.3225 0.9387
vn 0.1222 0.3225 0.9387
vn 0.0875 -0.7453 -0.6610
vn -0.0875 -0.7453 -0.6610
vn -0.0914 -0.7204 0.6876
vn 0.0094 -0.9993 0.0352
vn 0.0914 -0.7204 0.6876
vn 0.1249 0.3315 -0.9351
vn -0.1249 0.3315 -0.9351
vn -0.0914 0.7204 0.6876
vn 0.0914 0.7204 0.6876
vn -0.0094 -0.9993 0.0352
vn -0.1222 -0.3225 0.9387
vn 0.1322 0.0000 -0.9912
vn -0.0094 0.9993 0.0352
vn 0.9917 0.0000 0.1289
vn 0.9387 -0.3225 -0.1222
vn 0.9917 0.0000 -0.1289
vn -0.9351 -0.3315 -0.1249
vn -0.9912 0.0000 0.1322
vn -0.9351 -0.3315 0.1249
vn -0.6610 0.7453 -0.0875
vn -0.6610 0.7453 0.0875
vn 0.9387 0.3225 0.1222
vn 0.9387 0.3225 -0.1222
vn -0.6610 -0.7453 -0.0875
vn -0.6610 -0.7453 0.0875
vn 0.6876 -0.7204 0.0914
vn 0.6876 -0.7204 -0.0914
vn -0.9351 0.3315 0.1249
vn 0.6876 0.7204 0.0914
vn 0.6876 0.7204 -0.0914
vn 0.9387 -0.3225 0.1222
vn -0.9912 0.0000 -0.1322
vn -0.3635 -0.3225 0.8740
vn -0.3842 0.0000 0.9233
vn 0.5758 -0.3315 -0.7474
vn 0.3811 0.0000 -0.9245
vn 0.3594 -0.3315 -0.8723
vn 0.4063 0.7453 -0.5287
vn 0.2547 0.7453 -0.6162
vn -0.5237 0.3818 0.7615
vn -0.3635 0.3225 0.8740
vn 0.4063 -0.7453 -0.5287
vn 0.2547 -0.7453 -0.6162
vn -0.2646 -0.7204 0.6411
vn 0.3594 0.3315 -0.8723
vn -0.4229 0.7204 0.5497
vn -0.2646 0.7204 0.6411
vn -0.5237 -0.3818 0.7615
vn 0.5758 0.3315 -0.7474
vn 0.6101 0.0000 -0.7923
vn -0.4229 -0.7204 0.5497
vn 0.6053 0.5168 -0.6053
vn 0.4881 0.7236 -0.4881
vn 0.0479 0.9977 -0.0479
vn -0.4479 0.7738 0.4479
vn -0.6611 0.3547 0.6611
vn -0.6611 -0.3547 0.6611
vn -0.4479 -0.7738 0.4479
vn 0.0479 -0.9977 -0.0479
vn 0.4881 -0.7236 -0.4881
vn 0.6053 -0.5168 -0.6053
vn 0.2440 0.3338 -0.9105
vn 0.1786 0.7236 -0.6667
vn 0.0175 0.9977 -0.0654
vn -0.1640 0.7738 0.6119
vn -0.2420 0.3547 0.9031
vn -0.2420 -0.3547 0.9031
vn -0.1640 -0.7738 0.6119
vn 0.0175 -0.9977 -0.0654
vn 0.1786 -0.7236 -0.6667
vn 0.2440 -0.3338 -0.9105
vn -0.3594 0.3315 -0.8723
vn 0.3635 -0.3225 0.8740
vn 0.2646 0.7204 0.6411
vn -0.2440 0.3338 -0.9105
vn -0.1786 0.7236 -0.6667
vn -0.0175 0.9977 -0.0654
vn 0.1640 0.7738 0.6119
vn 0.2420 0.3547 0.9031
vn 0.2420 -0.3547 0.9031
vn 0.1640 -0.7738 0.6119
vn -0.0175 -0.9977 -0.0654
vn -0.1786 -0.7236 -0.6667
vn -0.2440 -0.3338 -0.9105
vn -0.7474 0.3315 -0.5758
vn 0.7615 -0.3818 0.5237
vn 0.5497 0.7204 0.4229
vn -0.4881 0.7236 -0.4881
vn -0.6053 0.5168 -0.6053
vn -0.0479 0.9977 -0.0479
vn 0.4479 0.7738 0.4479
vn 0.6611 0.3547 0.6611
vn 0.6611 -0.3547 0.6611
vn 0.4479 -0.7738 0.4479
vn -0.0479 -0.9977 -0.0479
vn -0.4881 -0.7236 -0.4881
vn -0.6053 -0.5168 -0.6053
vn -0.9351 0.3315 -0.1249
vn -0.9105 0.3338 -0.2440
vn -0.6667 0.7236 -0.1786
vn -0.0654 0.9977 -0.0175
vn 0.6119 0.7738 0.1640
vn 0.9031 0.3547 0.2420
vn 0.9031 -0.3547 0.2420
vn 0.6119 -0.7738 0.1640
vn -0.0654 -0.9977 -0.0175
vn -0.6667 -0.7236 -0.1786
vn -0.9105 -0.3338 -0.2440
vn -0.6162 -0.7453 0.2547
vn 0.6411 -0.7204 -0.2646
vn 0.9233 0.0000 -0.3842
vn -0.6162 0.7453 0.2547
vn -0.9105 0.3338 0.2440
vn -0.6667 0.7236 0.1786
vn -0.0654 0.9977 0.0175
vn 0.6119 0.7738 -0.1640
vn 0.9031 0.3547 -0.2420
vn 0.9031 -0.3547 -0.2420
vn 0.6119 -0.7738 -0.1640
vn -0.0654 -0.9977 0.0175
vn -0.6667 -0.7236 0.1786
vn -0.9105 -0.3338 0.2440
vn -0.5758 0.3315 0.7474
vn 0.4229 -0.7204 -0.5497
vn 0.5237 0.3818 -0.7615
vn -0.4881 0.7236 0.4881
vn -0.6053 0.5168 0.6053
vn -0.0479 0.9977 0.0479
vn 0.4479 0.7738 -0.4479
vn 0.6611 0.3547 -0.6611
vn 0.6611 -0.3547 -0.6611
vn 0.4479 -0.7738 -0.4479
vn -0.0479 -0.9977 0.0479
vn -0.4881 -0.7236 0.4881
vn -0.6053 -0.5168 0.6053
vn -0.2440 0.3338 0.9105
vn -0.1786 0.7236 0.6667
vn -0.0175 0.9977 0.0654
vn 0.1640 0.7738 -0.6119
vn 0.2420 0.3547 -0.9031
vn 0.2420 -0.3547 -0.9031
vn 0.1640 -0.7738 -0.6119
vn -0.0175 -0.9977 0.0654
vn -0.1786 -0.7236 0.6667
vn -0.2440 -0.3338 0.9105
vn 0.3594 0.3315 0.8723
vn -0.3635 -0.3225 -0.8740
vn -0.3635 0.3225 -0.8740
vn 0.2440 0.3338 0.9105
vn 0.1786 0.7236 0.6667
vn 0.0175 0.9977 0.0654
vn -0.1640 0.7738 -0.6119
vn -0.2420 0.3547 -0.9031
vn -0.2420 -0.3547 -0.9031
vn -0.1640 -0.7738 -0.6119
vn 0.0175 -0.9977 0.0654
vn 0.1786 -0.7236 0.6667
vn 0.2440 -0.3338 0.9105
vn 0.7474 0.3315 0.5758
vn 0.4881 0.7236 0.4881
vn 0.6053 0.5168 0.6053
vn 0.0479 0.9977 0.0479
vn -0.4479 0.7738 -0.4479
vn -0.6611 0.3547 -0.6611
vn -0.6611 -0.3547 -0.6611
vn -0.4479 -0.7738 -0.4479
vn 0.0479 -0.9977 0.0479
vn 0.4881 -0.7236 0.4881
vn 0.6053 -0.5168 0.6053
vn -0.9387 -0.3225 -0.1222
vn 0.6667 0.7236 0.1786
vn 0.9105 0.3338 0.2440
vn 0.0654 0.9977 0.0175
vn -0.6119 0.7738 -0.1640
vn -0.9031 0.3547 -0.2420
vn -0.9031 -0.3547 -0.2420
vn -0.6119 -0.7738 -0.1640
vn 0.0654 -0.9977 0.0175
vn 0.6667 -0.7236 0.1786
vn 0.9105 -0.3338 0.2440
vn 0.8723 0.3315 -0.3594
vn 0.8723 -0.3315 -0.3594
vn -0.6411 -0.7204 0.2646
vn -0.9233 0.0000 0.3842
vn 0.9105 0.3338 -0.2440
vn 0.6667 0.7236 -0.1786
vn 0.0654 0.9977 -0.0175
vn -0.6119 0.7738 0.1640
vn -0.9031 0.3547 0.2420
vn -0.9031 -0.3547 0.2420
vn -0.6119 -0.7738 0.1640
vn 0.0654 -0.9977 -0.0175
vn 0.6667 -0.7236 -0.1786
vn 0.9105 -0.3338 -0.2440
vn 0.6980 0.1597 0.6980
vn 0.6980 -0.1597 0.6980
vn -0.6980 0.1597 -0.6980
vn -0.6980 -0.1597 -0.6980
vn 0.6980 0.1597 -0.6980
vn 0.6980 -0.1597 -0.6980
vn -0.6980 0.1597 0.6980
vn -0.6980 -0.1597 0.6980
vn 0.7194 -0.6794 -0.1448
vn 0.0473 -0.9987 -0.0196
vn -0.6737 -0.7263 0.1363
vn -0.6737 0.7263 0.1363
vn 0.0473 0.9987 -0.0196
vn 0.7194 0.6794 -0.1448
vn 0.9824 0.0000 -0.1866
vn 0.0671 -0.9955 -0.0671
vn 0.5294 -0.6630 -0.5294
vn -0.4617 0.7574 0.4617
vn 0.0671 0.9955 -0.0671
vn -0.4617 -0.7574 0.4617
vn 0.5294 0.6630 -0.5294
vn 0.0196 -0.9987 -0.0473
vn 0.1448 -0.6794 -0.7194
vn 0.0196 0.9987 -0.0473
vn -0.1363 0.7263 0.6737
vn 0.1866 0.0000 -0.9824
vn 0.1448 0.6794 -0.7194
vn -0.1363 -0.7263 0.6737
vn 0.7194 0.6794 0.1448
vn 0.0473 0.9987 0.0196
vn -0.6737 0.7263 -0.1363
vn -0.6737 -0.7263 -0.1363
vn 0.0473 -0.9987 0.0196
vn 0.7194 -0.6794 0.1448
vn 0.9824 -0.0000 0.1866
vn 0.0671 0.9955 0.0671
vn 0.5294 0.6630 0.5294
vn -0.4617 -0.7574 -0.4617
vn 0.0671 -0.9955 0.0671
vn -0.4617 0.7574 -0.4617
vn 0.5294 -0.6630 0.5294
vn 0.0196 0.9987 0.0473
vn 0.1448 0.6794 0.7194
vn 0.0196 -0.9987 0.0473
vn -0.1363 -0.7263 -0.6737
vn 0.1866 0.0000 0.9824
vn 0.1448 -0.6794 0.7194
vn -0.1363 0.7263 -0.6737
vn 0.5303 -0.7906 -0.3062
vn 0.6622 -0.6444 -0.3823
vn -0.5303 0.7906 0.3062
vn -0.6622 0.6444 0.3823
vn -0.1922 0.9751 0.1109
vn 0.1387 0.9871 -0.0801
vn 0.1922 -0.9751 -0.1109
vn -0.1387 -0.9871 0.0801
vn 0.2739 0.9487 -0.1581
vn -0.2739 -0.9487 0.1581
vn 0.3062 -0.7906 -0.5303
vn 0.3823 -0.6444 -0.6622
vn -0.3062 0.7906 0.5303
vn -0.3823 0.6444 0.6622
vn -0.1109 0.9751 0.1922
vn 0.0801 0.9871 -0.1387
vn 0.1109 -0.9751 -0.1922
vn -0.0801 -0.9871 0.1387
vn 0.1581 0.9487 -0.2739
vn -0.1581 -0.9487 0.2739
vn -0.7194 -0.6794 0.1448
vn -0.0473 -0.9987 0.0196
vn 0.6737 -0.7263 -0.1363
vn 0.6737 0.7263 -0.1363
vn -0.0473 0.9987 0.0196
vn -0.7194 0.6794 0.1448
vn -0.9824 0.0000 0.1866
vn -0.0671 -0.9955 0.0671
vn -0.5294 -0.6630 0.5294
vn -0.0671 0.9955 0.0671
vn 0.4617 0.7574 -0.4617
vn 0.4617 -0.7574 -0.4617
vn -0.5294 0.6630 0.5294
vn -0.1448 -0.6794 0.7194
vn -0.0196 0.9987 0.0473
vn 0.1363 0.7263 -0.6737
vn -0.1866 -0.0000 0.9824
vn -0.0196 -0.9987 0.0473
vn -0.1448 0.6794 0.7194
vn 0.1363 -0.7263 -0.6737
vn -0.7194 0.6794 -0.1448
vn -0.0473 0.9987 -0.0196
vn 0.6737 0.7263 0.1363
vn -0.0473 -0.9987 -0.0196
vn -0.7194 -0.6794 -0.1448
vn -0.9824 0.0000 -0.1866
vn 0.6737 -0.7263 0.1363
vn -0.5294 0.6630 -0.5294
vn 0.4617 -0.7574 0.4617
vn -0.5294 -0.6630 -0.5294
vn -0.0671 -0.9955 -0.0671
vn 0.4617 0.7574 0.4617
vn -0.0671 0.9955 -0.0671
vn -0.0196 0.9987 -0.0473
vn -0.1448 0.6794 -0.7194
vn -0.0196 -0.9987 -0.0473
vn 0.1363 -0.7263 0.6737
vn -0.1866 0.0000 -0.9824
vn -0.1448 -0.6794 -0.7194
vn 0.1363 0.7263 0.6737
vn 0.5294 0.6630 -0.5293
vn 0.5293 0.6630 0.5294
vn -0.5303 -0.7906 0.3062
vn -0.6622 -0.6444 0.3823
vn 0.5303 0.7906 -0.3062
vn 0.6622 0.6444 -0.3823
vn 0.1922 0.9751 -0.1109
vn -0.1387 0.9871 0.0801
vn -0.1922 -0.9751 0.1109
vn 0.1387 -0.9871 -0.0801
vn -0.2739 0.9487 0.1581
vn 0.2739 -0.9487 -0.1581
vn -0.3062 -0.7906 0.5303
vn -0.3823 -0.6444 0.6622
vn 0.3062 0.7906 -0.5303
vn 0.3823 0.6444 -0.6622
vn 0.1109 0.9751 -0.1922
vn -0.0801 0.9871 0.1387
vn -0.1109 -0.9751 0.1922
vn 0.0801 -0.9871 -0.1387
vn -0.1581 0.9487 0.2739
vn 0.1581 -0.9487 -0.2739
vn -0.3062 -0.7906 -0.5303
vn -0.3823 -0.6444 -0.6622
vn 0.3062 0.7906 0.5303
vn 0.3823 0.6444 0.6622
vn 0.1109 0.9751 0.1922
vn -0.0801 0.9871 -0.1387
vn -0.1109 -0.9751 -0.1922
vn 0.0801 -0.9871 0.1387
vn -0.1581 0.9487 -0.2739
vn 0.1581 -0.9487 0.2739
vn -0.5303 -0.7906 -0.3062
vn -0.6622 -0.6444 -0.3823
vn 0.5303 0.7906 0.3062
vn 0.6622 0.6444 0.3823
vn 0.1922 0.9751 0.1109
vn -0.1387 0.9871 -0.0801
vn -0.1922 -0.9751 -0.1109
vn 0.1387 -0.9871 0.0801
vn -0.2739 0.9487 -0.1581
vn 0.2739 -0.9487 0.1581
vn 0.3062 -0.7906 0.5303
vn 0.3823 -0.6444 0.6622
vn -0.3062 0.7906 -0.5303
vn -0.3823 0.6444 -0.6622
vn -0.1109 0.9751 -0.1922
vn 0.0801 0.9871 0.1387
vn 0.1109 -0.9751 0.1922
vn -0.0801 -0.9871 -0.1387
vn 0.1581 0.9487 0.2739
vn -0.1581 -0.9487 -0.2739
vn 0.5303 -0.7906 0.3062
vn 0.6622 -0.6444 0.3823
vn -0.6622 0.6444 -0.3823
vn -0.5303 0.7906 -0.3062
vn -0.1922 0.9751 -0.1109
vn 0.1387 0.9871 0.0801
vn 0.1922 -0.9751 0.1109
vn -0.1387 -0.9871 -0.0801
vn 0.2739 0.9487 0.1581
vn -0.2739 -0.9487 -0.1581
vn 0.5000 0.8660 0.0000
vn 0.8660 0.5000 0.0000
vn -0.8660 -0.5000 -0.0000
vn -0.8660 0.5000 -0.0000
vn -0.5000 0.8660 -0.0000
vn 0.5000 -0.8660 0.0000
vn -0.5000 -0.8660 -0.0000
vn 0.8660 -0.5000 0.0000
s off
f 2555/2295/471 1276/2296/471 1274/2297/471
f 1277/2298/471 2555/2295/471 1274/2297/471
f 1279/2299/471 2552/2300/471 1277/2298/471
f 1273/2301/471 2550/2302/471 1279/2299/471
f 1275/2303/471 2556/2304/471 1273/2301/471
f 1280/2305/471 2554/2306/471 1275/2303/471
f 1278/2307/471 2549/2308/471 1280/2305/471
f 1276/2296/471 2551/2309/471 1278/2307/471
f 1328/2310/472 1351/2311/472 1327/2312/472
f 1327/2312/472 1350/2313/472 1326/2314/472
f 1326/2314/472 1349/2315/472 1325/2316/472
f 1336/2317/472 1349/2315/472 1360/2318/472
f 1335/2319/472 1360/2318/472 1359/2320/472
f 1334/2321/472 1359/2320/472 1358/2322/472
f 1334/2321/472 1357/2323/472 1333/2324/472
f 1333/2324/472 1356/2325/472 1332/2326/472
f 1332/2326/472 1355/2327/472 1331/2328/472
f 1330/2329/472 1355/2330/472 1354/2331/472
f 1329/2332/472 1354/2331/472 1353/2333/472
f 1328/2310/472 1353/2333/472 1352/2334/472
f 1316/2335/473 1341/2336/473 1317/2337/473
f 1339/2338/473 1316/2335/473 1315/2339/473
f 1338/2340/473 1315/2339/473 1314/2341/473
f 1337/2342/473 1314/2341/473 1313/2343/473
f 1324/2344/473 1337/2342/473 1313/2343/473
f 1323/2345/473 1348/2346/473 1324/2344/473
f 1322/2347/473 1347/2348/473 1323/2345/473
f 1345/2349/473 1322/2347/473 1321/2350/473
f 1344/2351/473 1321/2350/473 1320/2352/473
f 1343/2353/473 1320/2352/473 1319/2354/473
f 1318/2355/473 1343/2356/473 1319/2357/473
f 1317/2337/473 1342/2358/473 1318/2355/473
f 1545/2359/474 1496/2360/474 1497/2361/474
f 1544/2362/474 1495/2363/474 1496/2360/474
f 1543/2364/474 1494/2365/474 1495/2363/474
f 1541/2366/474 1494/2367/474 1542/2368/474
f 1540/2369/474 1493/2370/474 1541/2366/474
f 1539/2371/474 1492/2372/474 1540/2369/474
f 1539/2371/474 1490/2373/474 1491/2374/474
f 1538/2375/474 1489/2376/474 1490/2373/474
f 1537/2377/474 1500/2378/474 1489/2376/474
f 1547/2379/474 1500/2378/474 1548/2380/474
f 1546/2381/474 1499/2382/474 1547/2379/474
f 1545/2359/474 1498/2383/474 1546/2381/474
f 1564/2384/475 1589/2385/475 1565/2386/475
f 1587/2387/475 1564/2384/475 1563/2388/475
f 1586/2389/475 1563/2388/475 1562/2390/475
f 1585/2391/475 1562/2390/475 1561/2392/475
f 1572/2393/475 1585/2391/475 1561/2392/475
f 1571/2394/475 1596/2395/475 1572/2393/475
f 1570/2396/475 1595/2397/475 1571/2394/475
f 1593/2398/475 1570/2396/475 1569/2399/475
f 1592/2400/475 1569/2399/475 1568/2401/475
f 1591/2402/475 1568/2401/475 1567/2403/475
f 1566/2404/475 1591/2405/475 1567/2406/475
f 1565/2386/475 1590/2407/475 1566/2404/475
f 1576/2408/476 1599/2409/476 1575/2410/476
f 1575/2410/476 1598/2411/476 1574/2412/476
f 1574/2412/476 1597/2413/476 1573/2414/476
f 1584/2415/476 1597/2413/476 1608/2416/476
f 1583/2417/476 1608/2416/476 1607/2418/476
f 1582/2419/476 1607/2418/476 1606/2420/476
f 1582/2419/476 1605/2421/476 1581/2422/476
f 1581/2422/476 1604/2423/476 1580/2424/476
f 1580/2424/476 1603/2425/476 1579/2426/476
f 1578/2427/476 1603/2428/476 1602/2429/476
f 1577/2430/476 1602/2429/476 1601/2431/476
f 1576/2408/476 1601/2431/476 1600/2432/476
f 2009/2433/473 1744/2434/473 1937/2435/473
f 1960/2436/473 1743/2437/473 1744/2434/473
f 1959/2438/473 1742/2439/473 1743/2437/473
f 1957/2440/473 1742/2441/473 1958/2442/473
f 1956/2443/473 1741/2444/473 1957/2440/473
f 1955/2445/473 1740/2446/473 1956/2443/473
f 1955/2445/473 1738/2447/473 1739/2448/473
f 1954/2449/473 1737/2450/473 1738/2447/473
f 1953/2451/473 1940/2452/473 1737/2450/473
f 2011/2453/473 1940/2452/473 2012/2454/473
f 2010/2455/473 1939/2456/473 2011/2453/473
f 2009/2433/473 1938/2457/473 2010/2455/473
f 1460/2458/476 1435/2459/476 1459/2460/476
f 1459/2460/476 1434/2461/476 1458/2462/476
f 1434/2463/476 1457/2464/476 1458/2465/476
f 1433/2466/476 1456/2467/476 1457/2464/476
f 1432/2468/476 1455/2469/476 1456/2467/476
f 1455/2469/476 1430/2470/476 1454/2471/476
f 1454/2471/476 1429/2472/476 1453/2473/476
f 1453/2473/476 1440/2474/476 1464/2475/476
f 1440/2474/476 1463/2476/476 1464/2475/476
f 1439/2477/476 1462/2478/476 1463/2476/476
f 1438/2479/476 1461/2480/476 1462/2478/476
f 1461/2480/476 1436/2481/476 1460/2458/476
f 1449/2482/475 1688/2483/475 1425/2484/475
f 1448/2485/475 1687/2486/475 1688/2483/475
f 1447/2487/475 1686/2488/475 1687/2486/475
f 1445/2489/475 1686/2490/475 1446/2491/475
f 1444/2492/475 1685/2493/475 1445/2489/475
f 1443/2494/475 1684/2495/475 1444/2492/475
f 1443/2494/475 1682/2496/475 1683/2497/475
f 1442/2498/475 1681/2499/475 1682/2496/475
f 1441/2500/475 1428/2501/475 1681/2499/475
f 1451/2502/475 1428/2501/475 1452/2503/475
f 1450/2504/475 1427/2505/475 1451/2502/475
f 1449/2482/475 1426/2506/475 1450/2504/475
f 1556/2507/477 1531/2508/477 1555/2509/477
f 1555/2509/477 1530/2510/477 1554/2511/477
f 1530/2512/477 1553/2513/477 1554/2514/477
f 1529/2515/477 1552/2516/477 1553/2513/477
f 1504/2517/477 1551/2518/477 1552/2516/477
f 1551/2518/477 1502/2519/477 1550/2520/477
f 1550/2520/477 1501/2521/477 1549/2522/477
f 1549/2522/477 1536/2523/477 1560/2524/477
f 1536/2523/477 1559/2525/477 1560/2524/477
f 1535/2526/477 1558/2527/477 1559/2525/477
f 1534/2528/477 1557/2529/477 1558/2527/477
f 1557/2529/477 1532/2530/477 1556/2507/477
f 1820/2531/478 1845/2532/478 1821/2533/478
f 1843/2534/478 1820/2531/478 1819/2535/478
f 1842/2536/478 1819/2535/478 1818/2537/478
f 1841/2538/478 1818/2537/478 1817/2539/478
f 1828/2540/478 1841/2538/478 1817/2539/478
f 1827/2541/478 1852/2542/478 1828/2540/478
f 1826/2543/478 1851/2544/478 1827/2541/478
f 1849/2545/478 1826/2543/478 1825/2546/478
f 1848/2547/478 1825/2546/478 1824/2548/478
f 1847/2549/478 1824/2548/478 1823/2550/478
f 1822/2551/478 1847/2552/478 1823/2553/478
f 1821/2533/478 1846/2554/478 1822/2551/478
f 1904/2555/479 1927/2556/479 1903/2557/479
f 1903/2557/479 1926/2558/479 1902/2559/479
f 1902/2559/479 1925/2560/479 1901/2561/479
f 1912/2562/479 1925/2560/479 1696/2563/479
f 1911/2564/479 1696/2563/479 1695/2565/479
f 1910/2566/479 1695/2565/479 1694/2567/479
f 1910/2566/479 1693/2568/479 1909/2569/479
f 1909/2569/479 1692/2570/479 1908/2571/479
f 1908/2571/479 1691/2572/479 1907/2573/479
f 1906/2574/479 1691/2575/479 1690/2576/479
f 1905/2577/479 1690/2576/479 1689/2578/479
f 1904/2555/479 1689/2578/479 1928/2579/479
f 1892/2580/480 1917/2581/480 1893/2582/480
f 1915/2583/480 1892/2580/480 1891/2584/480
f 1914/2585/480 1891/2584/480 1890/2586/480
f 1913/2587/480 1890/2586/480 1889/2588/480
f 1900/2589/480 1913/2587/480 1889/2588/480
f 1899/2590/480 1924/2591/480 1900/2589/480
f 1898/2592/480 1923/2593/480 1899/2590/480
f 1921/2594/480 1898/2592/480 1897/2595/480
f 1920/2596/480 1897/2595/480 1896/2597/480
f 1919/2598/480 1896/2597/480 1895/2599/480
f 1894/2600/480 1919/2601/480 1895/2602/480
f 1893/2582/480 1918/2603/480 1894/2600/480
f 1801/2604/480 1776/2605/480 1777/2606/480
f 1800/2607/480 1775/2608/480 1776/2605/480
f 1799/2609/480 1774/2610/480 1775/2608/480
f 1797/2611/480 1774/2612/480 1798/2613/480
f 1796/2614/480 1773/2615/480 1797/2611/480
f 1795/2616/480 1772/2617/480 1796/2614/480
f 1795/2616/480 1770/2618/480 1771/2619/480
f 1794/2620/480 1769/2621/480 1770/2618/480
f 1793/2622/480 1780/2623/480 1769/2621/480
f 1803/2624/480 1780/2623/480 1804/2625/480
f 1802/2626/480 1779/2627/480 1803/2624/480
f 1801/2604/480 1778/2628/480 1802/2626/480
f 1812/2629/479 1787/2630/479 1811/2631/479
f 1811/2631/479 1786/2632/479 1810/2633/479
f 1786/2634/479 1809/2635/479 1810/2636/479
f 1785/2637/479 1808/2638/479 1809/2635/479
f 1784/2639/479 1807/2640/479 1808/2638/479
f 1807/2640/479 1782/2641/479 1806/2642/479
f 1806/2642/479 1781/2643/479 1805/2644/479
f 1805/2644/479 1792/2645/479 1816/2646/479
f 1792/2645/479 1815/2647/479 1816/2646/479
f 1791/2648/479 1814/2649/479 1815/2647/479
f 1790/2650/479 1813/2651/479 1814/2649/479
f 1813/2651/479 1788/2652/479 1812/2629/479
f 1832/2653/481 1855/2654/481 1831/2655/481
f 1831/2655/481 1854/2656/481 1830/2657/481
f 1830/2657/481 1853/2658/481 1829/2659/481
f 1840/2660/481 1853/2658/481 1864/2661/481
f 1839/2662/481 1864/2661/481 1863/2663/481
f 1838/2664/481 1863/2663/481 1862/2665/481
f 1838/2664/481 1861/2666/481 1837/2667/481
f 1837/2667/481 1860/2668/481 1836/2669/481
f 1836/2669/481 1859/2670/481 1835/2671/481
f 1834/2672/481 1859/2673/481 1858/2674/481
f 1833/2675/481 1858/2674/481 1857/2676/481
f 1832/2653/481 1857/2676/481 1856/2677/481
f 2036/2678/481 1995/2679/481 2035/2680/481
f 2035/2680/481 1994/2681/481 2034/2682/481
f 1994/2683/481 2033/2684/481 2034/2685/481
f 1993/2686/481 2032/2687/481 2033/2684/481
f 1992/2688/481 2031/2689/481 2032/2687/481
f 2031/2689/481 1990/2690/481 2030/2691/481
f 2030/2691/481 1989/2692/481 2029/2693/481
f 2029/2693/481 2000/2694/481 2040/2695/481
f 2000/2694/481 2039/2696/481 2040/2695/481
f 1999/2697/481 2038/2698/481 2039/2696/481
f 1998/2699/481 2037/2700/481 2038/2698/481
f 2037/2700/481 1996/2701/481 2036/2678/481
f 2025/2702/478 1984/2703/478 1985/2704/478
f 2008/2705/478 1983/2706/478 1984/2703/478
f 2007/2707/478 1982/2708/478 1983/2706/478
f 2005/2709/478 1982/2710/478 2006/2711/478
f 2004/2712/478 1981/2713/478 2005/2709/478
f 2003/2714/478 1980/2715/478 2004/2712/478
f 2003/2714/478 1978/2716/478 1979/2717/478
f 2002/2718/478 1977/2719/478 1978/2716/478
f 2001/2720/478 1988/2721/478 1977/2719/478
f 2027/2722/478 1988/2721/478 2028/2723/478
f 2026/2724/478 1987/2725/478 2027/2722/478
f 2025/2702/478 1986/2726/478 2026/2724/478
f 2044/2727/482 2069/2728/482 2045/2729/482
f 2067/2730/482 2044/2727/482 2043/2731/482
f 2066/2732/482 2043/2731/482 2042/2733/482
f 2065/2734/482 2042/2733/482 2041/2735/482
f 2052/2736/482 2065/2734/482 2041/2735/482
f 2051/2737/482 2076/2738/482 2052/2736/482
f 2050/2739/482 2075/2740/482 2051/2737/482
f 2073/2741/482 2050/2739/482 2049/2742/482
f 2072/2743/482 2049/2742/482 2048/2744/482
f 2071/2745/482 2048/2744/482 2047/2746/482
f 2046/2747/482 2071/2748/482 2047/2749/482
f 2045/2729/482 2070/2750/482 2046/2747/482
f 2561/2751/483 1284/2752/483 2564/2753/483
f 1284/2752/483 2563/2754/483 2564/2753/483
f 1282/2755/483 2558/2756/483 2563/2754/483
f 1288/2757/483 2557/2758/483 2558/2756/483
f 2557/2758/483 1281/2759/483 2560/2760/483
f 1281/2759/483 2559/2761/483 2560/2760/483
f 1283/2762/483 2562/2763/483 2559/2761/483
f 1285/2764/483 2561/2751/483 2562/2763/483
f 2056/2765/484 2079/2766/484 2055/2767/484
f 2055/2767/484 2078/2768/484 2054/2769/484
f 2054/2769/484 2077/2770/484 2053/2771/484
f 2064/2772/484 2077/2770/484 2088/2773/484
f 2063/2774/484 2088/2773/484 2087/2775/484
f 2062/2776/484 2087/2775/484 2086/2777/484
f 2062/2776/484 2085/2778/484 2061/2779/484
f 2061/2779/484 2084/2780/484 2060/2781/484
f 2060/2781/484 2083/2782/484 2059/2783/484
f 2058/2784/484 2083/2785/484 2082/2786/484
f 2057/2787/484 2082/2786/484 2081/2788/484
f 2056/2765/484 2081/2788/484 2080/2789/484
f 1660/2790/484 1515/2791/484 1659/2792/484
f 1659/2792/484 1514/2793/484 1658/2794/484
f 1514/2795/484 1657/2796/484 1658/2797/484
f 1513/2798/484 1656/2799/484 1657/2796/484
f 1512/2800/484 1655/2801/484 1656/2799/484
f 1655/2801/484 1510/2802/484 1654/2803/484
f 1654/2803/484 1509/2804/484 1653/2805/484
f 1653/2805/484 1520/2806/484 1664/2807/484
f 1520/2806/484 1663/2808/484 1664/2807/484
f 1519/2809/484 1662/2810/484 1663/2808/484
f 1518/2811/484 1661/2812/484 1662/2810/484
f 1661/2812/484 1516/2813/484 1660/2790/484
f 1649/2814/482 2144/2815/482 1505/2816/482
f 1528/2817/482 2143/2818/482 2144/2815/482
f 1527/2819/482 2142/2820/482 2143/2818/482
f 1525/2821/482 2142/2822/482 1526/2823/482
f 1524/2824/482 2141/2825/482 1525/2821/482
f 1523/2826/482 2140/2827/482 1524/2824/482
f 1523/2826/482 2138/2828/482 2139/2829/482
f 1522/2830/482 2137/2831/482 2138/2828/482
f 1521/2832/482 1508/2833/482 2137/2831/482
f 1651/2834/482 1508/2833/482 1652/2835/482
f 1650/2836/482 1507/2837/482 1651/2834/482
f 1649/2814/482 1506/2838/482 1650/2836/482
f 2020/2839/472 1947/2840/472 2019/2841/472
f 2019/2841/472 1946/2842/472 2018/2843/472
f 1946/2844/472 2017/2845/472 2018/2846/472
f 1945/2847/472 2016/2848/472 2017/2845/472
f 1944/2849/472 2015/2850/472 2016/2848/472
f 2015/2850/472 1942/2851/472 2014/2852/472
f 2014/2852/472 1941/2853/472 2013/2854/472
f 2013/2854/472 1952/2855/472 2024/2856/472
f 1952/2855/472 2023/2857/472 2024/2856/472
f 1951/2858/472 2022/2859/472 2023/2857/472
f 1950/2860/472 2021/2861/472 2022/2859/472
f 2021/2861/472 1948/2862/472 2020/2839/472
f 2172/2863/474 2147/2864/474 2171/2865/474
f 2171/2865/474 2146/2866/474 2170/2867/474
f 2146/2868/474 2169/2869/474 2170/2870/474
f 2145/2871/474 2168/2872/474 2169/2869/474
f 1385/2873/474 2167/2874/474 2168/2872/474
f 2167/2874/474 1387/2875/474 2166/2876/474
f 2166/2876/474 1388/2877/474 2165/2878/474
f 2165/2878/474 2152/2879/474 2176/2880/474
f 2152/2879/474 2175/2881/474 2176/2880/474
f 2151/2882/474 2174/2883/474 2175/2881/474
f 2150/2884/474 2173/2885/474 2174/2883/474
f 2173/2885/474 2148/2886/474 2172/2863/474
f 2161/2887/477 1393/2888/477 1392/2889/477
f 2160/2890/477 1394/2891/477 1393/2888/477
f 2159/2892/477 1395/2893/477 1394/2891/477
f 2157/2894/477 1395/2895/477 2158/2896/477
f 2156/2897/477 1396/2898/477 2157/2894/477
f 2155/2899/477 1397/2900/477 2156/2897/477
f 2155/2899/477 1399/2901/477 1398/2902/477
f 2154/2903/477 1400/2904/477 1399/2901/477
f 2153/2905/477 1389/2906/477 1400/2904/477
f 2163/2907/477 1389/2906/477 2164/2908/477
f 2162/2909/477 1390/2910/477 2163/2907/477
f 2161/2887/477 1391/2911/477 2162/2909/477
f 1966/2912/481 1991/2913/481 1967/2914/481
f 1399/2915/485 1966/2916/485 1423/2917/485
f 1968/2918/486 1397/2919/486 1421/2920/486
f 1968/2921/481 1991/2913/481 1992/2922/481
f 1760/2923/479 1783/2924/479 1784/2925/479
f 1760/2926/487 1605/2927/487 1629/2928/487
f 1873/2929/478 1850/2930/478 1849/2931/478
f 1849/2932/488 1468/2933/488 1873/2934/488
f 1606/2935/476 1629/2936/476 1605/2937/476
f 1606/2935/476 1631/2938/476 1630/2939/476
f 1468/2940/474 1491/2941/474 1467/2942/474
f 1491/2941/474 1466/2943/474 1467/2942/474
f 1782/2944/489 1631/2945/489 1607/2946/489
f 1758/2947/479 1783/2924/479 1759/2948/479
f 1466/2949/490 1851/2950/490 1875/2951/490
f 1850/2930/478 1875/2952/478 1851/2953/478
f 2178/2954/484 2184/2955/484 2182/2956/484
f 2177/2957/482 2183/2958/482 2179/2959/482
f 2183/2960/491 2180/2961/491 2179/2959/491
f 2182/2956/492 2177/2962/492 2178/2963/492
f 2186/2964/476 2192/2965/476 2190/2966/476
f 2185/2967/475 2191/2968/475 2187/2969/475
f 2187/2969/493 2192/2970/493 2188/2971/493
f 2186/2972/494 2189/2973/494 2185/2974/494
f 2194/2975/474 2200/2976/474 2198/2977/474
f 2193/2978/477 2199/2979/477 2195/2980/477
f 2195/2980/495 2200/2981/495 2196/2982/495
f 2198/2977/496 2193/2983/496 2194/2984/496
f 2203/2985/497 2208/2986/497 2207/2987/497
f 2202/2988/498 2205/2989/498 2206/2990/498
f 2208/2991/474 2202/2992/474 2206/2990/474
f 2207/2993/477 2201/2994/477 2203/2985/477
f 2211/2995/499 2216/2996/499 2215/2997/499
f 2210/2998/500 2213/2999/500 2214/3000/500
f 2216/3001/476 2210/3002/476 2214/3000/476
f 2215/3003/475 2209/3004/475 2211/2995/475
f 2218/3005/479 2224/3006/479 2222/3007/479
f 2217/3008/480 2223/3009/480 2219/3010/480
f 2219/3010/501 2224/3011/501 2220/3012/501
f 2222/3007/502 2217/3013/502 2218/3014/502
f 2226/3015/478 2232/3016/478 2230/3017/478
f 2225/3018/481 2231/3019/481 2227/3020/481
f 2231/3021/503 2228/3022/503 2227/3020/503
f 2230/3017/504 2225/3023/504 2226/3024/504
f 2235/3025/505 2240/3026/505 2239/3027/505
f 2238/3028/506 2233/3029/506 2237/3030/506
f 2240/3031/478 2234/3032/478 2238/3028/478
f 2239/3033/481 2233/3034/481 2235/3025/481
f 2243/3035/507 2248/3036/507 2247/3037/507
f 2242/3038/508 2245/3039/508 2246/3040/508
f 2248/3041/479 2242/3042/479 2246/3040/479
f 2247/3043/480 2241/3044/480 2243/3035/480
f 2250/3045/473 2256/3046/473 2254/3047/473
f 2249/3048/472 2255/3049/472 2251/3050/472
f 2255/3051/509 2252/3052/509 2251/3050/509
f 2254/3047/510 2249/3053/510 2250/3054/510
f 2259/3055/511 2264/3056/511 2263/3057/511
f 2258/3058/512 2261/3059/512 2262/3060/512
f 2264/3061/473 2258/3062/473 2262/3060/473
f 2263/3063/472 2257/3064/472 2259/3055/472
f 2267/3065/513 2272/3066/513 2271/3067/513
f 2266/3068/514 2269/3069/514 2270/3070/514
f 2272/3071/484 2266/3072/484 2270/3070/484
f 2271/3073/482 2265/3074/482 2267/3065/482
f 1421/3075/477 1398/3076/477 1422/3077/477
f 1398/3076/477 1423/3078/477 1422/3077/477
f 1922/3079/480 1707/3080/480 1923/3081/480
f 1634/3082/515 1923/3083/515 1707/3084/515
f 1683/3085/475 1634/3086/475 1635/3087/475
f 1636/3088/475 1683/3085/475 1635/3087/475
f 1705/3089/516 1684/3090/516 1636/3091/516
f 1705/3092/480 1922/3079/480 1921/3093/480
f 2284/3094/484 1301/3095/484 1302/3096/484
f 2283/3097/484 1303/3098/484 1301/3095/484
f 2282/3099/484 1304/3100/484 1303/3098/484
f 2281/3101/484 1305/3102/484 1304/3100/484
f 2280/3103/484 1306/3104/484 1305/3102/484
f 2279/3105/484 1307/3106/484 1306/3104/484
f 2278/3107/484 1308/3108/484 1307/3106/484
f 2277/3109/484 1309/3110/484 1308/3108/484
f 1309/3110/484 2275/3111/484 1310/3112/484
f 1310/3113/484 2274/3114/484 1311/3115/484
f 1311/3115/484 2273/3116/484 1312/3117/484
f 2273/3118/484 1302/3096/484 1312/3117/484
f 2398/3119/510 2399/3120/510 2397/3121/510
f 2399/3120/482 2401/3122/482 2397/3121/482
f 2402/3123/512 2403/3124/512 2401/3122/512
f 2406/3125/510 2407/3126/510 2405/3127/510
f 2407/3126/482 2409/3128/482 2405/3127/482
f 2410/3129/512 2411/3130/512 2409/3128/512
f 2413/3131/511 2416/3132/511 2415/3133/511
f 2415/3133/484 2417/3134/484 2413/3131/484
f 2417/3134/509 2420/3135/509 2419/3136/509
f 2421/3137/511 2424/3138/511 2423/3139/511
f 2423/3139/484 2425/3140/484 2421/3137/484
f 2425/3140/509 2428/3141/509 2427/3142/509
f 2430/3143/492 2431/3144/492 2429/3145/492
f 2431/3144/473 2433/3146/473 2429/3145/473
f 2434/3147/514 2435/3148/514 2433/3146/514
f 2438/3149/492 2439/3150/492 2437/3151/492
f 2439/3150/473 2441/3152/473 2437/3151/473
f 2442/3153/514 2443/3154/514 2441/3152/514
f 2446/3155/513 2447/3156/513 2445/3157/513
f 2447/3156/472 2449/3158/472 2445/3157/472
f 2450/3159/491 2451/3160/491 2449/3158/491
f 2453/3161/513 2456/3162/513 2455/3163/513
f 2455/3163/472 2457/3164/472 2453/3161/472
f 2457/3164/491 2460/3165/491 2459/3166/491
f 2464/3167/471 2468/3168/471 2461/3169/471
f 2469/3170/483 2473/3171/483 2472/3172/483
f 2463/3173/473 2473/3171/473 2464/3174/473
f 2464/3175/517 2470/3176/517 2467/3177/517
f 2461/3178/518 2471/3179/518 2466/3180/518
f 2466/3180/484 2472/3172/484 2465/3181/484
f 2467/3177/482 2469/3170/482 2468/3168/482
f 2468/3168/519 2475/3182/519 2462/3183/519
f 2465/3181/520 2474/3184/520 2463/3185/520
f 2462/3186/472 2476/3187/472 2461/3188/472
f 2491/3189/472 2477/3190/472 2492/3191/472
f 2488/3192/520 2479/3193/520 2490/3194/520
f 2485/3195/519 2478/3196/519 2491/3197/519
f 2486/3198/482 2484/3199/482 2485/3195/482
f 2487/3200/484 2481/3201/484 2488/3192/484
f 2492/3202/518 2482/3203/518 2487/3200/518
f 2489/3204/517 2483/3205/517 2486/3198/517
f 2490/3206/473 2480/3207/473 2489/3208/473
f 2484/3199/483 2480/3209/483 2481/3210/483
f 2489/3208/471 2485/3195/471 2492/3191/471
f 2543/3211/483 2542/3212/483 2541/3213/483
f 2547/3214/471 2545/3215/471 2546/3216/471
f 2542/3212/473 2548/3217/473 2547/3214/473
f 2541/3218/472 2545/3215/472 2543/3219/472
f 1283/2762/472 2549/3220/472 2551/3221/472
f 1286/3222/482 2556/3223/482 2554/3224/482
f 1284/3225/520 2555/3226/520 2552/3227/520
f 1288/3228/517 2550/3229/517 2556/3230/517
f 1281/3231/519 2554/3232/519 2549/3233/519
f 1285/3234/518 2551/3235/518 2553/3236/518
f 1282/2755/473 2552/3237/473 2550/3238/473
f 1287/3239/484 2553/3240/484 2555/3241/484
f 1280/3242/473 2559/2761/473 1278/3243/473
f 1278/3244/517 2562/3245/517 1276/3246/517
f 1273/3247/484 2557/2758/484 1275/3248/484
f 1274/3249/519 2564/3250/519 1277/3251/519
f 1277/3252/472 2563/2754/472 1279/3253/472
f 1279/3254/518 2558/3255/518 1273/3256/518
f 1276/2296/482 2561/2751/482 1274/2297/482
f 1275/3257/520 2560/3258/520 1280/3259/520
f 2587/3260/471 2568/3261/471 2566/3262/471
f 2569/3263/471 2587/3260/471 2566/3262/471
f 2571/3264/471 2584/3265/471 2569/3263/471
f 2565/3266/471 2582/3267/471 2571/3264/471
f 2567/3268/471 2588/3269/471 2565/3266/471
f 2572/3270/471 2586/3271/471 2567/3268/471
f 2570/3272/471 2581/3273/471 2572/3270/471
f 2568/3261/471 2583/3274/471 2570/3272/471
f 2593/3275/483 2576/3276/483 2596/3277/483
f 2576/3276/483 2595/3278/483 2596/3277/483
f 2574/3279/483 2590/3280/483 2595/3278/483
f 2580/3281/483 2589/3282/483 2590/3280/483
f 2589/3282/483 2573/3283/483 2592/3284/483
f 2573/3283/483 2591/3285/483 2592/3284/483
f 2575/3286/483 2594/3287/483 2591/3285/483
f 2577/3288/483 2593/3275/483 2594/3287/483
f 2575/3289/472 2581/3290/472 2583/3291/472
f 2578/3292/482 2588/3293/482 2586/3294/482
f 2576/3295/520 2587/3296/520 2584/3297/520
f 2580/3298/517 2582/3299/517 2588/3300/517
f 2573/3301/519 2586/3302/519 2581/3303/519
f 2577/3304/518 2583/3305/518 2585/3306/518
f 2574/3307/473 2584/3308/473 2582/3309/473
f 2579/3310/484 2585/3311/484 2587/3312/484
f 2572/3313/473 2591/3314/473 2570/3315/473
f 2570/3316/517 2594/3317/517 2568/3318/517
f 2565/3319/484 2589/3320/484 2567/3321/484
f 2566/3322/519 2596/3323/519 2569/3324/519
f 2569/3325/472 2595/3326/472 2571/3327/472
f 2571/3328/518 2590/3329/518 2565/3330/518
f 2568/3331/482 2593/3332/482 2566/3333/482
f 2567/3334/520 2592/3335/520 2572/3336/520
f 2619/3337/477 2624/3338/477 2623/3339/477
f 2599/3340/478 2604/3341/478 2603/3342/478
f 2601/3343/481 2608/3344/481 2602/3345/481
f 2602/3345/481 2597/3346/481 2601/3343/481
f 2603/3342/478 2605/3347/478 2606/3348/478
f 2605/3347/478 2610/3349/478 2606/3348/478
f 2607/3350/481 2612/3351/481 2608/3344/481
f 2609/3352/478 2614/3353/478 2610/3349/478
f 2612/3351/481 2615/3354/481 2616/3355/481
f 2621/3356/474 2628/3357/474 2622/3358/474
f 2622/3358/474 2617/3359/474 2621/3356/474
f 2623/3339/477 2625/3360/477 2626/3361/477
f 2625/3360/477 2630/3362/477 2626/3361/477
f 2627/3363/474 2632/3364/474 2628/3357/474
f 2629/3365/477 2634/3366/477 2630/3362/477
f 2632/3364/474 2635/3367/474 2636/3368/474
f 2638/3369/521 2639/3370/521 2637/3371/521
f 2640/3372/517 2641/3373/517 2639/3374/517
f 2642/3375/522 2643/3376/522 2641/3377/522
f 2644/3378/523 2645/3379/523 2643/3380/523
f 2646/3381/519 2647/3382/519 2645/3383/519
f 2648/3384/524 2649/3385/524 2647/3386/524
f 2650/3387/525 2651/3388/525 2649/3389/525
f 2652/3390/518 2653/3391/518 2651/3392/518
f 2654/3393/526 2655/3394/526 2653/3395/526
f 2656/3396/527 2657/3397/527 2655/3398/527
f 2661/3399/471 2659/3400/471 2637/3401/471
f 2658/3402/520 2659/3403/520 2657/3404/520
f 2660/3405/528 2637/3401/528 2659/3400/528
f 2663/3406/471 2637/3371/471 2639/3370/471
f 2670/3407/483 2648/3408/483 2646/3381/483
f 2663/3409/525 2662/3410/525 2661/3411/525
f 2668/3412/483 2646/3413/483 2644/3378/483
f 2665/3414/518 2664/3415/518 2663/3416/518
f 2640/3372/483 2666/3417/483 2642/3418/483
f 2642/3375/483 2668/3419/483 2644/3420/483
f 2667/3421/526 2666/3422/526 2665/3423/526
f 2662/3410/483 2640/3424/483 2638/3369/483
f 2669/3425/471 2643/3380/471 2645/3379/471
f 2669/3426/527 2668/3412/527 2667/3427/527
f 2660/3405/483 2662/3428/483 2638/3429/483
f 2671/3430/471 2645/3383/471 2647/3382/471
f 2671/3431/520 2670/3407/520 2669/3432/520
f 2658/3402/483 2684/3433/483 2660/3434/483
f 2673/3435/471 2647/3386/471 2649/3385/471
f 2673/3436/528 2672/3437/528 2671/3438/528
f 2656/3396/483 2682/3439/483 2658/3440/483
f 2675/3441/471 2649/3389/471 2651/3388/471
f 2675/3442/521 2674/3443/521 2673/3444/521
f 2678/3445/483 2656/3446/483 2654/3393/483
f 2653/3391/471 2675/3447/471 2651/3392/471
f 2677/3448/517 2676/3449/517 2675/3450/517
f 2676/3449/483 2654/3451/483 2652/3390/483
f 2679/3452/471 2653/3395/471 2655/3394/471
f 2679/3453/522 2678/3445/522 2677/3454/522
f 2650/3387/483 2676/3455/483 2652/3456/483
f 2681/3457/471 2655/3398/471 2657/3397/471
f 2681/3458/523 2680/3459/523 2679/3460/523
f 2665/3461/471 2639/3374/471 2641/3373/471
f 2683/3462/471 2657/3404/471 2659/3403/471
f 2683/3463/519 2682/3464/519 2681/3465/519
f 2672/3437/483 2650/3466/483 2648/3384/483
f 2661/3467/524 2684/3468/524 2683/3469/524
f 2667/3470/471 2641/3377/471 2643/3376/471
f 1295/3471/482 2690/3472/482 1294/3473/482
f 1294/3473/482 2689/3474/482 1293/3475/482
f 1293/3475/482 2688/3476/482 1292/3477/482
f 1292/3477/482 2687/3478/482 1291/3479/482
f 1291/3479/482 2686/3480/482 1290/3481/482
f 1290/3481/482 2685/3482/482 1289/3483/482
f 1300/3484/482 2685/3485/482 2696/3486/482
f 1299/3487/482 2696/3488/482 2695/3489/482
f 1298/3490/482 2695/3491/482 2694/3492/482
f 1297/3493/482 2694/3494/482 2693/3495/482
f 1297/3493/482 2692/3496/482 1296/3497/482
f 1296/3497/482 2691/3498/482 1295/3471/482
f 2715/3499/482 2726/3500/482 2714/3501/482
f 2714/3502/482 2725/3503/482 2713/3504/482
f 2713/3505/482 2724/3506/482 2712/3507/482
f 2711/3508/482 2724/3509/482 2723/3510/482
f 2709/3511/482 2723/3512/482 2721/3513/482
f 2709/3514/482 2722/3515/482 2710/3516/482
f 2710/3517/482 2732/3518/482 2720/3519/482
f 2720/3520/482 2731/3521/482 2719/3522/482
f 2719/3523/482 2730/3524/482 2718/3525/482
f 2718/3526/482 2729/3527/482 2717/3528/482
f 2717/3529/482 2728/3530/482 2716/3531/482
f 2716/3532/482 2727/3533/482 2715/3534/482
f 2698/3535/482 2699/3536/482 2733/3537/482
f 2699/3538/482 2700/3539/482 2733/3540/482
f 2700/3541/482 2701/3542/482 2733/3543/482
f 2701/3544/482 2702/3545/482 2733/3546/482
f 2702/3547/482 2703/3548/482 2733/3549/482
f 2703/3550/482 2704/3551/482 2733/3552/482
f 2704/3553/482 2705/3554/482 2733/3555/482
f 2705/3556/482 2706/3557/482 2733/3558/482
f 2706/3559/482 2707/3560/482 2733/3561/482
f 2707/3562/482 2708/3563/482 2733/3564/482
f 2708/3565/482 2697/3566/482 2733/3567/482
f 2697/3568/482 2698/3569/482 2733/3570/482
f 2735/3571/482 2741/3572/482 2739/3573/482
f 2734/3574/484 2740/3575/484 2736/3576/484
f 2740/3577/513 2737/3578/513 2736/3576/513
f 2739/3573/514 2734/3579/514 2735/3580/514
f 2743/3581/478 2749/3582/478 2747/3583/478
f 2742/3584/481 2748/3585/481 2744/3586/481
f 2748/3587/504 2745/3588/504 2744/3586/504
f 2743/3589/503 2746/3590/503 2742/3591/503
f 2751/3592/479 2757/3593/479 2755/3594/479
f 2750/3595/480 2756/3596/480 2752/3597/480
f 2752/3597/502 2757/3598/502 2753/3599/502
f 2755/3594/501 2750/3600/501 2751/3601/501
f 2760/3602/508 2765/3603/508 2764/3604/508
f 2759/3605/507 2762/3606/507 2763/3607/507
f 2765/3608/479 2759/3609/479 2763/3607/479
f 2764/3610/480 2758/3611/480 2760/3602/480
f 2768/3612/506 2773/3613/506 2772/3614/506
f 2767/3615/505 2770/3616/505 2771/3617/505
f 2773/3618/478 2767/3619/478 2771/3617/478
f 2772/3620/481 2766/3621/481 2768/3612/481
f 2775/3622/474 2781/3623/474 2779/3624/474
f 2774/3625/477 2780/3626/477 2776/3627/477
f 2780/3628/496 2777/3629/496 2776/3627/496
f 2779/3624/495 2774/3630/495 2775/3631/495
f 2783/3632/476 2789/3633/476 2787/3634/476
f 2782/3635/475 2788/3636/475 2784/3637/475
f 2788/3638/494 2785/3639/494 2784/3637/494
f 2787/3634/493 2782/3640/493 2783/3641/493
f 2792/3642/500 2797/3643/500 2796/3644/500
f 2795/3645/499 2790/3646/499 2794/3647/499
f 2797/3648/476 2791/3649/476 2795/3645/476
f 2796/3650/475 2790/3651/475 2792/3642/475
f 2800/3652/498 2805/3653/498 2804/3654/498
f 2803/3655/497 2798/3656/497 2802/3657/497
f 2805/3658/474 2799/3659/474 2803/3655/474
f 2804/3660/477 2798/3661/477 2800/3652/477
f 2807/3662/473 2813/3663/473 2811/3664/473
f 2806/3665/472 2812/3666/472 2808/3667/472
f 2812/3668/510 2809/3669/510 2808/3667/510
f 2811/3664/509 2806/3670/509 2807/3671/509
f 2816/3672/512 2821/3673/512 2820/3674/512
f 2815/3675/511 2818/3676/511 2819/3677/511
f 2821/3678/473 2815/3679/473 2819/3677/473
f 2820/3680/472 2814/3681/472 2816/3672/472
f 2828/3682/491 2825/3683/491 2829/3684/491
f 2823/3685/492 2826/3686/492 2827/3687/492
f 2829/3688/482 2823/3689/482 2827/3687/482
f 2828/3690/484 2822/3691/484 2824/3692/484
f 3364/3693/483 3363/3694/483 3362/3695/483
f 3368/3696/471 3366/3697/471 3367/3698/471
f 3363/3694/472 3369/3699/472 3368/3696/472
f 3362/3700/473 3366/3697/473 3364/3701/473
f 3372/3702/483 3371/3703/483 3370/3704/483
f 3376/3705/471 3374/3706/471 3375/3707/471
f 3371/3703/484 3377/3708/484 3376/3705/484
f 3370/3709/482 3374/3706/482 3372/3710/482
f 3380/3711/483 3379/3712/483 3378/3713/483
f 3384/3714/471 3382/3715/471 3383/3716/471
f 3379/3712/482 3385/3717/482 3384/3714/482
f 3378/3718/484 3382/3715/484 3380/3719/484
f 3388/3720/471 3387/3721/471 3386/3722/471
f 3392/3723/483 3390/3724/483 3391/3725/483
f 3387/3721/472 3393/3726/472 3392/3723/472
f 3386/3727/473 3390/3724/473 3388/3728/473
f 3396/3729/471 3395/3730/471 3394/3731/471
f 3400/3732/483 3398/3733/483 3399/3734/483
f 3395/3730/473 3401/3735/473 3400/3732/473
f 3394/3736/472 3398/3733/472 3396/3737/472
f 3404/3738/471 3403/3739/471 3402/3740/471
f 3408/3741/483 3406/3742/483 3407/3743/483
f 3403/3739/484 3409/3744/484 3408/3741/484
f 3402/3745/482 3406/3742/482 3404/3746/482
f 3412/3747/471 3411/3748/471 3410/3749/471
f 3416/3750/483 3414/3751/483 3415/3752/483
f 3411/3748/482 3417/3753/482 3416/3750/482
f 3410/3754/484 3414/3751/484 3412/3755/484
f 3440/3756/474 3445/3757/474 3444/3758/474
f 3420/3759/481 3425/3760/481 3424/3761/481
f 3422/3762/478 3429/3763/478 3423/3764/478
f 3423/3764/478 3418/3765/478 3422/3762/478
f 3424/3761/481 3426/3766/481 3427/3767/481
f 3426/3766/481 3431/3768/481 3427/3767/481
f 3428/3769/478 3433/3770/478 3429/3763/478
f 3430/3771/481 3435/3772/481 3431/3768/481
f 3433/3770/478 3436/3773/478 3437/3774/478
f 3442/3775/477 3449/3776/477 3443/3777/477
f 3443/3777/477 3438/3778/477 3442/3775/477
f 3444/3758/474 3446/3779/474 3447/3780/474
f 3446/3779/474 3451/3781/474 3447/3780/474
f 3448/3782/477 3453/3783/477 3449/3776/477
f 3450/3784/474 3455/3785/474 3451/3781/474
f 3453/3783/477 3456/3786/477 3457/3787/477
f 3480/3788/475 3485/3789/475 3484/3790/475
f 3460/3791/479 3465/3792/479 3464/3793/479
f 3462/3794/480 3469/3795/480 3463/3796/480
f 3463/3796/480 3458/3797/480 3462/3794/480
f 3464/3793/479 3466/3798/479 3467/3799/479
f 3466/3798/479 3471/3800/479 3467/3799/479
f 3468/3801/480 3473/3802/480 3469/3795/480
f 3470/3803/479 3475/3804/479 3471/3800/479
f 3473/3802/480 3476/3805/480 3477/3806/480
f 3482/3807/476 3489/3808/476 3483/3809/476
f 3483/3809/476 3478/3810/476 3482/3807/476
f 3484/3790/475 3486/3811/475 3487/3812/475
f 3486/3811/475 3491/3813/475 3487/3812/475
f 3488/3814/476 3493/3815/476 3489/3808/476
f 3490/3816/475 3495/3817/475 3491/3813/475
f 3493/3815/476 3496/3818/476 3497/3819/476
f 3520/3820/476 3525/3821/476 3524/3822/476
f 3500/3823/480 3505/3824/480 3504/3825/480
f 3502/3826/479 3509/3827/479 3503/3828/479
f 3503/3828/479 3498/3829/479 3502/3826/479
f 3504/3825/480 3506/3830/480 3507/3831/480
f 3506/3830/480 3511/3832/480 3507/3831/480
f 3508/3833/479 3513/3834/479 3509/3827/479
f 3510/3835/480 3515/3836/480 3511/3832/480
f 3513/3834/479 3516/3837/479 3517/3838/479
f 3522/3839/475 3529/3840/475 3523/3841/475
f 3523/3841/475 3518/3842/475 3522/3839/475
f 3524/3822/476 3526/3843/476 3527/3844/476
f 3526/3843/476 3531/3845/476 3527/3844/476
f 3528/3846/475 3533/3847/475 3529/3840/475
f 3530/3848/476 3535/3849/476 3531/3845/476
f 3533/3847/475 3536/3850/475 3537/3851/475
f 3551/3852/482 3572/3853/482 3550/3854/482
f 3572/3855/482 3552/3856/482 3550/3854/482
f 3571/3857/482 3553/3858/482 3552/3856/482
f 3570/3859/482 3554/3860/482 3553/3858/482
f 3569/3861/482 3555/3862/482 3554/3860/482
f 3568/3863/482 3556/3864/482 3555/3862/482
f 3567/3865/482 3557/3866/482 3556/3864/482
f 3566/3867/482 3558/3868/482 3557/3866/482
f 3558/3868/482 3564/3869/482 3559/3870/482
f 3559/3871/482 3563/3872/482 3560/3873/482
f 3560/3873/482 3562/3874/482 3561/3875/482
f 3562/3876/482 3551/3852/482 3561/3875/482
f 3544/3877/484 3591/3878/484 3543/3879/484
f 3543/3879/484 3590/3880/484 3542/3881/484
f 3542/3881/484 3589/3882/484 3541/3883/484
f 3541/3883/484 3588/3884/484 3540/3885/484
f 3540/3885/484 3587/3886/484 3539/3887/484
f 3539/3887/484 3586/3888/484 3538/3889/484
f 3538/3889/484 3597/3890/484 3549/3891/484
f 3548/3892/484 3597/3893/484 3596/3894/484
f 3547/3895/484 3596/3896/484 3595/3897/484
f 3546/3898/484 3595/3899/484 3594/3900/484
f 3546/3898/484 3593/3901/484 3545/3902/484
f 3545/3902/484 3592/3903/484 3544/3877/484
f 3615/3904/484 3628/3905/484 3627/3906/484
f 3615/3907/484 3626/3908/484 3614/3909/484
f 3614/3910/484 3625/3911/484 3613/3912/484
f 3612/3913/484 3625/3914/484 3624/3915/484
f 3612/3916/484 3622/3917/484 3610/3918/484
f 3611/3919/484 3622/3920/484 3623/3921/484
f 3611/3922/484 3633/3923/484 3621/3924/484
f 3621/3925/484 3632/3926/484 3620/3927/484
f 3620/3928/484 3631/3929/484 3619/3930/484
f 3618/3931/484 3631/3932/484 3630/3933/484
f 3618/3934/484 3629/3935/484 3617/3936/484
f 3617/3937/484 3628/3938/484 3616/3939/484
f 3599/3940/484 3600/3941/484 3634/3942/484
f 3600/3943/484 3601/3944/484 3634/3945/484
f 3601/3946/484 3602/3947/484 3634/3948/484
f 3602/3949/484 3603/3950/484 3634/3951/484
f 3603/3952/484 3604/3953/484 3634/3954/484
f 3604/3955/484 3605/3956/484 3634/3957/484
f 3605/3958/484 3606/3959/484 3634/3960/484
f 3606/3961/484 3607/3962/484 3634/3963/484
f 3607/3964/484 3608/3965/484 3634/3966/484
f 3608/3967/484 3609/3968/484 3634/3969/484
f 3609/3970/484 3598/3971/484 3634/3972/484
f 3598/3973/484 3599/3974/484 3634/3975/484
f 3648/3976/472 3669/3977/472 3647/3978/472
f 3669/3979/472 3649/3980/472 3647/3978/472
f 3668/3981/472 3650/3982/472 3649/3980/472
f 3667/3983/472 3651/3984/472 3650/3982/472
f 3666/3985/472 3652/3986/472 3651/3984/472
f 3665/3987/472 3653/3988/472 3652/3986/472
f 3664/3989/472 3654/3990/472 3653/3988/472
f 3663/3991/472 3655/3992/472 3654/3990/472
f 3655/3992/472 3661/3993/472 3656/3994/472
f 3656/3995/472 3660/3996/472 3657/3997/472
f 3657/3997/472 3659/3998/472 3658/3999/472
f 3659/4000/472 3648/3976/472 3658/3999/472
f 3640/4001/473 3689/4002/473 3688/4003/473
f 3640/4001/473 3687/4004/473 3639/4005/473
f 3639/4005/473 3686/4006/473 3638/4007/473
f 3638/4007/473 3685/4008/473 3637/4009/473
f 3637/4009/473 3684/4010/473 3636/4011/473
f 3635/4012/473 3684/4013/473 3683/4014/473
f 3646/4015/473 3683/4016/473 3694/4017/473
f 3645/4018/473 3694/4019/473 3693/4020/473
f 3644/4021/473 3693/4022/473 3692/4023/473
f 3643/4024/473 3692/4025/473 3691/4026/473
f 3643/4024/473 3690/4027/473 3642/4028/473
f 3642/4028/473 3689/4029/473 3641/4030/473
f 3712/4031/473 3725/4032/473 3724/4033/473
f 3712/4034/473 3723/4035/473 3711/4036/473
f 3711/4037/473 3722/4038/473 3710/4039/473
f 3710/4040/473 3721/4041/473 3709/4042/473
f 3707/4043/473 3721/4044/473 3719/4045/473
f 3707/4046/473 3720/4047/473 3708/4048/473
f 3708/4049/473 3730/4050/473 3718/4051/473
f 3718/4052/473 3729/4053/473 3717/4054/473
f 3717/4055/473 3728/4056/473 3716/4057/473
f 3715/4058/473 3728/4059/473 3727/4060/473
f 3715/4061/473 3726/4062/473 3714/4063/473
f 3714/4064/473 3725/4065/473 3713/4066/473
f 3696/4067/473 3697/4068/473 3731/4069/473
f 3697/4070/473 3698/4071/473 3731/4072/473
f 3698/4073/473 3699/4074/473 3731/4075/473
f 3699/4076/473 3700/4077/473 3731/4078/473
f 3700/4079/473 3701/4080/473 3731/4081/473
f 3701/4082/473 3702/4083/473 3731/4084/473
f 3702/4085/473 3703/4086/473 3731/4087/473
f 3703/4088/473 3704/4089/473 3731/4090/473
f 3704/4091/473 3705/4092/473 3731/4093/473
f 3705/4094/473 3706/4095/473 3731/4096/473
f 3706/4097/473 3695/4098/473 3731/4099/473
f 3695/4100/473 3696/4101/473 3731/4102/473
f 3767/4103/473 3744/4104/473 3745/4105/473
f 3766/4106/473 3746/4107/473 3744/4104/473
f 3765/4108/473 3747/4109/473 3746/4107/473
f 3764/4110/473 3748/4111/473 3747/4109/473
f 3748/4111/473 3762/4112/473 3749/4113/473
f 3762/4114/473 3750/4115/473 3749/4113/473
f 3761/4116/473 3751/4117/473 3750/4115/473
f 3760/4118/473 3752/4119/473 3751/4117/473
f 3752/4119/473 3758/4120/473 3753/4121/473
f 3753/4122/473 3757/4123/473 3754/4124/473
f 3754/4124/473 3756/4125/473 3755/4126/473
f 3755/4126/473 3767/4127/473 3745/4105/473
f 3738/4128/472 3785/4129/472 3737/4130/472
f 3737/4130/472 3784/4131/472 3736/4132/472
f 3736/4132/472 3783/4133/472 3735/4134/472
f 3735/4134/472 3782/4135/472 3734/4136/472
f 3733/4137/472 3782/4138/472 3781/4139/472
f 3733/4137/472 3780/4140/472 3732/4141/472
f 3743/4142/472 3780/4143/472 3791/4144/472
f 3742/4145/472 3791/4146/472 3790/4147/472
f 3741/4148/472 3790/4149/472 3789/4150/472
f 3740/4151/472 3789/4152/472 3788/4153/472
f 3740/4151/472 3787/4154/472 3739/4155/472
f 3739/4155/472 3786/4156/472 3738/4128/472
f 3810/4157/472 3821/4158/472 3809/4159/472
f 3808/4160/472 3821/4161/472 3820/4162/472
f 3807/4163/472 3820/4164/472 3819/4165/472
f 3806/4166/472 3819/4167/472 3818/4168/472
f 3804/4169/472 3818/4170/472 3816/4171/472
f 3804/4172/472 3817/4173/472 3805/4174/472
f 3815/4175/472 3817/4176/472 3827/4177/472
f 3815/4178/472 3826/4179/472 3814/4180/472
f 3814/4181/472 3825/4182/472 3813/4183/472
f 3813/4184/472 3824/4185/472 3812/4186/472
f 3812/4187/472 3823/4188/472 3811/4189/472
f 3810/4190/472 3823/4191/472 3822/4192/472
f 3793/4193/472 3794/4194/472 3828/4195/472
f 3794/4196/472 3795/4197/472 3828/4198/472
f 3795/4199/472 3796/4200/472 3828/4201/472
f 3796/4202/472 3797/4203/472 3828/4204/472
f 3797/4205/472 3798/4206/472 3828/4207/472
f 3798/4208/472 3799/4209/472 3828/4210/472
f 3799/4211/472 3800/4212/472 3828/4213/472
f 3800/4214/472 3801/4215/472 3828/4216/472
f 3801/4217/472 3802/4218/472 3828/4219/472
f 3802/4220/472 3803/4221/472 3828/4222/472
f 3803/4223/472 3792/4224/472 3828/4225/472
f 3792/4226/472 3793/4227/472 3828/4228/472
f 3855/4229/509 3854/4230/509 3853/4231/509
f 3857/4232/484 3855/4229/484 3853/4231/484
f 3859/4233/511 3858/4234/511 3857/4232/511
f 3863/4235/509 3862/4236/509 3861/4237/509
f 3865/4238/484 3863/4235/484 3861/4237/484
f 3867/4239/511 3866/4240/511 3865/4238/511
f 3869/4241/512 3872/4242/512 3870/4243/512
f 3873/4244/482 3871/4245/482 3869/4241/482
f 3873/4244/510 3876/4246/510 3874/4247/510
f 3877/4248/512 3880/4249/512 3878/4250/512
f 3881/4251/482 3879/4252/482 3877/4248/482
f 3881/4251/510 3884/4253/510 3882/4254/510
f 3887/4255/491 3886/4256/491 3885/4257/491
f 3889/4258/472 3887/4255/472 3885/4257/472
f 3891/4259/513 3890/4260/513 3889/4258/513
f 3895/4261/491 3894/4262/491 3893/4263/491
f 3897/4264/472 3895/4261/472 3893/4263/472
f 3899/4265/513 3898/4266/513 3897/4264/513
f 3903/4267/514 3902/4268/514 3901/4269/514
f 3905/4270/473 3903/4267/473 3901/4269/473
f 3907/4271/492 3906/4272/492 3905/4270/492
f 3909/4273/514 3912/4274/514 3910/4275/514
f 3913/4276/473 3911/4277/473 3909/4273/473
f 3913/4276/492 3916/4278/492 3914/4279/492
f 2555/2295/471 2553/4280/471 1276/2296/471
f 1277/2298/471 2552/2300/471 2555/2295/471
f 1279/2299/471 2550/2302/471 2552/2300/471
f 1273/2301/471 2556/2304/471 2550/2302/471
f 1275/2303/471 2554/2306/471 2556/2304/471
f 1280/2305/471 2549/2308/471 2554/2306/471
f 1278/2307/471 2551/2309/471 2549/2308/471
f 1276/2296/471 2553/4280/471 2551/2309/471
f 1328/2310/472 1352/2334/472 1351/2311/472
f 1327/2312/472 1351/2311/472 1350/2313/472
f 1326/2314/472 1350/2313/472 1349/2315/472
f 1336/2317/472 1325/2316/472 1349/2315/472
f 1335/2319/472 1336/2317/472 1360/2318/472
f 1334/2321/472 1335/2319/472 1359/2320/472
f 1334/2321/472 1358/2322/472 1357/2323/472
f 1333/2324/472 1357/2323/472 1356/2325/472
f 1332/2326/472 1356/2325/472 1355/2327/472
f 1330/2329/472 1331/4281/472 1355/2330/472
f 1329/2332/472 1330/2329/472 1354/2331/472
f 1328/2310/472 1329/2332/472 1353/2333/472
f 1316/2335/473 1340/4282/473 1341/2336/473
f 1339/2338/473 1340/4282/473 1316/2335/473
f 1338/2340/473 1339/2338/473 1315/2339/473
f 1337/2342/473 1338/2340/473 1314/2341/473
f 1324/2344/473 1348/2346/473 1337/2342/473
f 1323/2345/473 1347/2348/473 1348/2346/473
f 1322/2347/473 1346/4283/473 1347/2348/473
f 1345/2349/473 1346/4283/473 1322/2347/473
f 1344/2351/473 1345/2349/473 1321/2350/473
f 1343/2353/473 1344/2351/473 1320/2352/473
f 1318/2355/473 1342/2358/473 1343/2356/473
f 1317/2337/473 1341/2336/473 1342/2358/473
f 1545/2359/474 1544/2362/474 1496/2360/474
f 1544/2362/474 1543/2364/474 1495/2363/474
f 1543/2364/474 1542/4284/474 1494/2365/474
f 1541/2366/474 1493/2370/474 1494/2367/474
f 1540/2369/474 1492/2372/474 1493/2370/474
f 1539/2371/474 1491/2374/474 1492/2372/474
f 1539/2371/474 1538/2375/474 1490/2373/474
f 1538/2375/474 1537/2377/474 1489/2376/474
f 1537/2377/474 1548/2380/474 1500/2378/474
f 1547/2379/474 1499/2382/474 1500/2378/474
f 1546/2381/474 1498/2383/474 1499/2382/474
f 1545/2359/474 1497/2361/474 1498/2383/474
f 1564/2384/475 1588/4285/475 1589/2385/475
f 1587/2387/475 1588/4285/475 1564/2384/475
f 1586/2389/475 1587/2387/475 1563/2388/475
f 1585/2391/475 1586/2389/475 1562/2390/475
f 1572/2393/475 1596/2395/475 1585/2391/475
f 1571/2394/475 1595/2397/475 1596/2395/475
f 1570/2396/475 1594/4286/475 1595/2397/475
f 1593/2398/475 1594/4286/475 1570/2396/475
f 1592/2400/475 1593/2398/475 1569/2399/475
f 1591/2402/475 1592/2400/475 1568/2401/475
f 1566/2404/475 1590/2407/475 1591/2405/475
f 1565/2386/475 1589/2385/475 1590/2407/475
f 1576/2408/476 1600/2432/476 1599/2409/476
f 1575/2410/476 1599/2409/476 1598/2411/476
f 1574/2412/476 1598/2411/476 1597/2413/476
f 1584/2415/476 1573/2414/476 1597/2413/476
f 1583/2417/476 1584/2415/476 1608/2416/476
f 1582/2419/476 1583/2417/476 1607/2418/476
f 1582/2419/476 1606/2420/476 1605/2421/476
f 1581/2422/476 1605/2421/476 1604/2423/476
f 1580/2424/476 1604/2423/476 1603/2425/476
f 1578/2427/476 1579/4287/476 1603/2428/476
f 1577/2430/476 1578/2427/476 1602/2429/476
f 1576/2408/476 1577/2430/476 1601/2431/476
f 2009/2433/473 1960/2436/473 1744/2434/473
f 1960/2436/473 1959/2438/473 1743/2437/473
f 1959/2438/473 1958/4288/473 1742/2439/473
f 1957/2440/473 1741/2444/473 1742/2441/473
f 1956/2443/473 1740/2446/473 1741/2444/473
f 1955/2445/473 1739/2448/473 1740/2446/473
f 1955/2445/473 1954/2449/473 1738/2447/473
f 1954/2449/473 1953/2451/473 1737/2450/473
f 1953/2451/473 2012/2454/473 1940/2452/473
f 2011/2453/473 1939/2456/473 1940/2452/473
f 2010/2455/473 1938/2457/473 1939/2456/473
f 2009/2433/473 1937/2435/473 1938/2457/473
f 1460/2458/476 1436/2481/476 1435/2459/476
f 1459/2460/476 1435/2459/476 1434/2461/476
f 1434/2463/476 1433/2466/476 1457/2464/476
f 1433/2466/476 1432/2468/476 1456/2467/476
f 1432/2468/476 1431/4289/476 1455/2469/476
f 1455/2469/476 1431/4289/476 1430/2470/476
f 1454/2471/476 1430/2470/476 1429/2472/476
f 1453/2473/476 1429/2472/476 1440/2474/476
f 1440/2474/476 1439/2477/476 1463/2476/476
f 1439/2477/476 1438/2479/476 1462/2478/476
f 1438/2479/476 1437/4290/476 1461/2480/476
f 1461/2480/476 1437/4290/476 1436/2481/476
f 1449/2482/475 1448/2485/475 1688/2483/475
f 1448/2485/475 1447/2487/475 1687/2486/475
f 1447/2487/475 1446/4291/475 1686/2488/475
f 1445/2489/475 1685/2493/475 1686/2490/475
f 1444/2492/475 1684/2495/475 1685/2493/475
f 1443/2494/475 1683/2497/475 1684/2495/475
f 1443/2494/475 1442/2498/475 1682/2496/475
f 1442/2498/475 1441/2500/475 1681/2499/475
f 1441/2500/475 1452/2503/475 1428/2501/475
f 1451/2502/475 1427/2505/475 1428/2501/475
f 1450/2504/475 1426/2506/475 1427/2505/475
f 1449/2482/475 1425/2484/475 1426/2506/475
f 1556/2507/477 1532/2530/477 1531/2508/477
f 1555/2509/477 1531/2508/477 1530/2510/477
f 1530/2512/477 1529/2515/477 1553/2513/477
f 1529/2515/477 1504/2517/477 1552/2516/477
f 1504/2517/477 1503/4292/477 1551/2518/477
f 1551/2518/477 1503/4292/477 1502/2519/477
f 1550/2520/477 1502/2519/477 1501/2521/477
f 1549/2522/477 1501/2521/477 1536/2523/477
f 1536/2523/477 1535/2526/477 1559/2525/477
f 1535/2526/477 1534/2528/477 1558/2527/477
f 1534/2528/477 1533/4293/477 1557/2529/477
f 1557/2529/477 1533/4293/477 1532/2530/477
f 1820/2531/478 1844/4294/478 1845/2532/478
f 1843/2534/478 1844/4294/478 1820/2531/478
f 1842/2536/478 1843/2534/478 1819/2535/478
f 1841/2538/478 1842/2536/478 1818/2537/478
f 1828/2540/478 1852/2542/478 1841/2538/478
f 1827/2541/478 1851/2544/478 1852/2542/478
f 1826/2543/478 1850/4295/478 1851/2544/478
f 1849/2545/478 1850/4295/478 1826/2543/478
f 1848/2547/478 1849/2545/478 1825/2546/478
f 1847/2549/478 1848/2547/478 1824/2548/478
f 1822/2551/478 1846/2554/478 1847/2552/478
f 1821/2533/478 1845/2532/478 1846/2554/478
f 1904/2555/479 1928/2579/479 1927/2556/479
f 1903/2557/479 1927/2556/479 1926/2558/479
f 1902/2559/479 1926/2558/479 1925/2560/479
f 1912/2562/479 1901/2561/479 1925/2560/479
f 1911/2564/479 1912/2562/479 1696/2563/479
f 1910/2566/479 1911/2564/479 1695/2565/479
f 1910/2566/479 1694/2567/479 1693/2568/479
f 1909/2569/479 1693/2568/479 1692/2570/479
f 1908/2571/479 1692/2570/479 1691/2572/479
f 1906/2574/479 1907/4296/479 1691/2575/479
f 1905/2577/479 1906/2574/479 1690/2576/479
f 1904/2555/479 1905/2577/479 1689/2578/479
f 1892/2580/480 1916/4297/480 1917/2581/480
f 1915/2583/480 1916/4297/480 1892/2580/480
f 1914/2585/480 1915/2583/480 1891/2584/480
f 1913/2587/480 1914/2585/480 1890/2586/480
f 1900/2589/480 1924/2591/480 1913/2587/480
f 1899/2590/480 1923/2593/480 1924/2591/480
f 1898/2592/480 1922/4298/480 1923/2593/480
f 1921/2594/480 1922/4298/480 1898/2592/480
f 1920/2596/480 1921/2594/480 1897/2595/480
f 1919/2598/480 1920/2596/480 1896/2597/480
f 1894/2600/480 1918/2603/480 1919/2601/480
f 1893/2582/480 1917/2581/480 1918/2603/480
f 1801/2604/480 1800/2607/480 1776/2605/480
f 1800/2607/480 1799/2609/480 1775/2608/480
f 1799/2609/480 1798/4299/480 1774/2610/480
f 1797/2611/480 1773/2615/480 1774/2612/480
f 1796/2614/480 1772/2617/480 1773/2615/480
f 1795/2616/480 1771/2619/480 1772/2617/480
f 1795/2616/480 1794/2620/480 1770/2618/480
f 1794/2620/480 1793/2622/480 1769/2621/480
f 1793/2622/480 1804/2625/480 1780/2623/480
f 1803/2624/480 1779/2627/480 1780/2623/480
f 1802/2626/480 1778/2628/480 1779/2627/480
f 1801/2604/480 1777/2606/480 1778/2628/480
f 1812/2629/479 1788/2652/479 1787/2630/479
f 1811/2631/479 1787/2630/479 1786/2632/479
f 1786/2634/479 1785/2637/479 1809/2635/479
f 1785/2637/479 1784/2639/479 1808/2638/479
f 1784/2639/479 1783/4300/479 1807/2640/479
f 1807/2640/479 1783/4300/479 1782/2641/479
f 1806/2642/479 1782/2641/479 1781/2643/479
f 1805/2644/479 1781/2643/479 1792/2645/479
f 1792/2645/479 1791/2648/479 1815/2647/479
f 1791/2648/479 1790/2650/479 1814/2649/479
f 1790/2650/479 1789/4301/479 1813/2651/479
f 1813/2651/479 1789/4301/479 1788/2652/479
f 1832/2653/481 1856/2677/481 1855/2654/481
f 1831/2655/481 1855/2654/481 1854/2656/481
f 1830/2657/481 1854/2656/481 1853/2658/481
f 1840/2660/481 1829/2659/481 1853/2658/481
f 1839/2662/481 1840/2660/481 1864/2661/481
f 1838/2664/481 1839/2662/481 1863/2663/481
f 1838/2664/481 1862/2665/481 1861/2666/481
f 1837/2667/481 1861/2666/481 1860/2668/481
f 1836/2669/481 1860/2668/481 1859/2670/481
f 1834/2672/481 1835/4302/481 1859/2673/481
f 1833/2675/481 1834/2672/481 1858/2674/481
f 1832/2653/481 1833/2675/481 1857/2676/481
f 2036/2678/481 1996/2701/481 1995/2679/481
f 2035/2680/481 1995/2679/481 1994/2681/481
f 1994/2683/481 1993/2686/481 2033/2684/481
f 1993/2686/481 1992/2688/481 2032/2687/481
f 1992/2688/481 1991/4303/481 2031/2689/481
f 2031/2689/481 1991/4303/481 1990/2690/481
f 2030/2691/481 1990/2690/481 1989/2692/481
f 2029/2693/481 1989/2692/481 2000/2694/481
f 2000/2694/481 1999/2697/481 2039/2696/481
f 1999/2697/481 1998/2699/481 2038/2698/481
f 1998/2699/481 1997/4304/481 2037/2700/481
f 2037/2700/481 1997/4304/481 1996/2701/481
f 2025/2702/478 2008/2705/478 1984/2703/478
f 2008/2705/478 2007/2707/478 1983/2706/478
f 2007/2707/478 2006/4305/478 1982/2708/478
f 2005/2709/478 1981/2713/478 1982/2710/478
f 2004/2712/478 1980/2715/478 1981/2713/478
f 2003/2714/478 1979/2717/478 1980/2715/478
f 2003/2714/478 2002/2718/478 1978/2716/478
f 2002/2718/478 2001/2720/478 1977/2719/478
f 2001/2720/478 2028/2723/478 1988/2721/478
f 2027/2722/478 1987/2725/478 1988/2721/478
f 2026/2724/478 1986/2726/478 1987/2725/478
f 2025/2702/478 1985/2704/478 1986/2726/478
f 2044/2727/482 2068/4306/482 2069/2728/482
f 2067/2730/482 2068/4306/482 2044/2727/482
f 2066/2732/482 2067/2730/482 2043/2731/482
f 2065/2734/482 2066/2732/482 2042/2733/482
f 2052/2736/482 2076/2738/482 2065/2734/482
f 2051/2737/482 2075/2740/482 2076/2738/482
f 2050/2739/482 2074/4307/482 2075/2740/482
f 2073/2741/482 2074/4307/482 2050/2739/482
f 2072/2743/482 2073/2741/482 2049/2742/482
f 2071/2745/482 2072/2743/482 2048/2744/482
f 2046/2747/482 2070/2750/482 2071/2748/482
f 2045/2729/482 2069/2728/482 2070/2750/482
f 2561/2751/483 1287/3239/483 1284/2752/483
f 1284/2752/483 1282/2755/483 2563/2754/483
f 1282/2755/483 1288/2757/483 2558/2756/483
f 1288/2757/483 1286/3222/483 2557/2758/483
f 2557/2758/483 1286/3222/483 1281/2759/483
f 1281/2759/483 1283/2762/483 2559/2761/483
f 1283/2762/483 1285/2764/483 2562/2763/483
f 1285/2764/483 1287/3239/483 2561/2751/483
f 2056/2765/484 2080/2789/484 2079/2766/484
f 2055/2767/484 2079/2766/484 2078/2768/484
f 2054/2769/484 2078/2768/484 2077/2770/484
f 2064/2772/484 2053/2771/484 2077/2770/484
f 2063/2774/484 2064/2772/484 2088/2773/484
f 2062/2776/484 2063/2774/484 2087/2775/484
f 2062/2776/484 2086/2777/484 2085/2778/484
f 2061/2779/484 2085/2778/484 2084/2780/484
f 2060/2781/484 2084/2780/484 2083/2782/484
f 2058/2784/484 2059/4308/484 2083/2785/484
f 2057/2787/484 2058/2784/484 2082/2786/484
f 2056/2765/484 2057/2787/484 2081/2788/484
f 1660/2790/484 1516/2813/484 1515/2791/484
f 1659/2792/484 1515/2791/484 1514/2793/484
f 1514/2795/484 1513/2798/484 1657/2796/484
f 1513/2798/484 1512/2800/484 1656/2799/484
f 1512/2800/484 1511/4309/484 1655/2801/484
f 1655/2801/484 1511/4309/484 1510/2802/484
f 1654/2803/484 1510/2802/484 1509/2804/484
f 1653/2805/484 1509/2804/484 1520/2806/484
f 1520/2806/484 1519/2809/484 1663/2808/484
f 1519/2809/484 1518/2811/484 1662/2810/484
f 1518/2811/484 1517/4310/484 1661/2812/484
f 1661/2812/484 1517/4310/484 1516/2813/484
f 1649/2814/482 1528/2817/482 2144/2815/482
f 1528/2817/482 1527/2819/482 2143/2818/482
f 1527/2819/482 1526/4311/482 2142/2820/482
f 1525/2821/482 2141/2825/482 2142/2822/482
f 1524/2824/482 2140/2827/482 2141/2825/482
f 1523/2826/482 2139/2829/482 2140/2827/482
f 1523/2826/482 1522/2830/482 2138/2828/482
f 1522/2830/482 1521/2832/482 2137/2831/482
f 1521/2832/482 1652/2835/482 1508/2833/482
f 1651/2834/482 1507/2837/482 1508/2833/482
f 1650/2836/482 1506/2838/482 1507/2837/482
f 1649/2814/482 1505/2816/482 1506/2838/482
f 2020/2839/472 1948/2862/472 1947/2840/472
f 2019/2841/472 1947/2840/472 1946/2842/472
f 1946/2844/472 1945/2847/472 2017/2845/472
f 1945/2847/472 1944/2849/472 2016/2848/472
f 1944/2849/472 1943/4312/472 2015/2850/472
f 2015/2850/472 1943/4312/472 1942/2851/472
f 2014/2852/472 1942/2851/472 1941/2853/472
f 2013/2854/472 1941/2853/472 1952/2855/472
f 1952/2855/472 1951/2858/472 2023/2857/472
f 1951/2858/472 1950/2860/472 2022/2859/472
f 1950/2860/472 1949/4313/472 2021/2861/472
f 2021/2861/472 1949/4313/472 1948/2862/472
f 2172/2863/474 2148/2886/474 2147/2864/474
f 2171/2865/474 2147/2864/474 2146/2866/474
f 2146/2868/474 2145/2871/474 2169/2869/474
f 2145/2871/474 1385/2873/474 2168/2872/474
f 1385/2873/474 1386/4314/474 2167/2874/474
f 2167/2874/474 1386/4314/474 1387/2875/474
f 2166/2876/474 1387/2875/474 1388/2877/474
f 2165/2878/474 1388/2877/474 2152/2879/474
f 2152/2879/474 2151/2882/474 2175/2881/474
f 2151/2882/474 2150/2884/474 2174/2883/474
f 2150/2884/474 2149/4315/474 2173/2885/474
f 2173/2885/474 2149/4315/474 2148/2886/474
f 2161/2887/477 2160/2890/477 1393/2888/477
f 2160/2890/477 2159/2892/477 1394/2891/477
f 2159/2892/477 2158/4316/477 1395/2893/477
f 2157/2894/477 1396/2898/477 1395/2895/477
f 2156/2897/477 1397/2900/477 1396/2898/477
f 2155/2899/477 1398/2902/477 1397/2900/477
f 2155/2899/477 2154/2903/477 1399/2901/477
f 2154/2903/477 2153/2905/477 1400/2904/477
f 2153/2905/477 2164/2908/477 1389/2906/477
f 2163/2907/477 1390/2910/477 1389/2906/477
f 2162/2909/477 1391/2911/477 1390/2910/477
f 2161/2887/477 1392/2889/477 1391/2911/477
f 1966/2912/481 1990/4317/481 1991/2913/481
f 1399/2915/485 1990/4318/485 1966/2916/485
f 1968/2918/486 1992/4319/486 1397/2919/486
f 1968/2921/481 1967/2914/481 1991/2913/481
f 1760/2923/479 1759/2948/479 1783/2924/479
f 1760/2926/487 1784/4320/487 1605/2927/487
f 1873/2929/478 1874/4321/478 1850/2930/478
f 1849/2932/488 1492/4322/488 1468/2933/488
f 1606/2935/476 1630/2939/476 1629/2936/476
f 1606/2935/476 1607/4323/476 1631/2938/476
f 1468/2940/474 1492/4324/474 1491/2941/474
f 1491/2941/474 1490/4325/474 1466/2943/474
f 1782/2944/489 1758/4326/489 1631/2945/489
f 1758/2947/479 1782/4327/479 1783/2924/479
f 1466/2949/490 1490/4328/490 1851/2950/490
f 1850/2930/478 1874/4321/478 1875/2952/478
f 2178/2954/484 2180/2961/484 2184/2955/484
f 2177/2957/482 2181/4329/482 2183/2958/482
f 2183/2960/491 2184/4330/491 2180/2961/491
f 2182/2956/492 2181/4331/492 2177/2962/492
f 2186/2964/476 2188/2971/476 2192/2965/476
f 2185/2967/475 2189/4332/475 2191/2968/475
f 2187/2969/493 2191/4333/493 2192/2970/493
f 2186/2972/494 2190/2966/494 2189/2973/494
f 2194/2975/474 2196/2982/474 2200/2976/474
f 2193/2978/477 2197/4334/477 2199/2979/477
f 2195/2980/495 2199/4335/495 2200/2981/495
f 2198/2977/496 2197/4336/496 2193/2983/496
f 2203/2985/497 2204/4337/497 2208/2986/497
f 2202/2988/498 2201/4338/498 2205/2989/498
f 2208/2991/474 2204/4339/474 2202/2992/474
f 2207/2993/477 2205/2989/477 2201/2994/477
f 2211/2995/499 2212/4340/499 2216/2996/499
f 2210/2998/500 2209/4341/500 2213/2999/500
f 2216/3001/476 2212/4342/476 2210/3002/476
f 2215/3003/475 2213/2999/475 2209/3004/475
f 2218/3005/479 2220/3012/479 2224/3006/479
f 2217/3008/480 2221/4343/480 2223/3009/480
f 2219/3010/501 2223/4344/501 2224/3011/501
f 2222/3007/502 2221/4345/502 2217/3013/502
f 2226/3015/478 2228/3022/478 2232/3016/478
f 2225/3018/481 2229/4346/481 2231/3019/481
f 2231/3021/503 2232/4347/503 2228/3022/503
f 2230/3017/504 2229/4348/504 2225/3023/504
f 2235/3025/505 2236/4349/505 2240/3026/505
f 2238/3028/506 2234/4350/506 2233/3029/506
f 2240/3031/478 2236/4351/478 2234/3032/478
f 2239/3033/481 2237/3030/481 2233/3034/481
f 2243/3035/507 2244/4352/507 2248/3036/507
f 2242/3038/508 2241/4353/508 2245/3039/508
f 2248/3041/479 2244/4354/479 2242/3042/479
f 2247/3043/480 2245/3039/480 2241/3044/480
f 2250/3045/473 2252/3052/473 2256/3046/473
f 2249/3048/472 2253/4355/472 2255/3049/472
f 2255/3051/509 2256/4356/509 2252/3052/509
f 2254/3047/510 2253/4357/510 2249/3053/510
f 2259/3055/511 2260/4358/511 2264/3056/511
f 2258/3058/512 2257/4359/512 2261/3059/512
f 2264/3061/473 2260/4360/473 2258/3062/473
f 2263/3063/472 2261/3059/472 2257/3064/472
f 2267/3065/513 2268/4361/513 2272/3066/513
f 2266/3068/514 2265/4362/514 2269/3069/514
f 2272/3071/484 2268/4363/484 2266/3072/484
f 2271/3073/482 2269/3069/482 2265/3074/482
f 1421/3075/477 1397/4364/477 1398/3076/477
f 1398/3076/477 1399/4365/477 1423/3078/477
f 1922/3079/480 1706/4366/480 1707/3080/480
f 1634/3082/515 1682/4367/515 1923/3083/515
f 1683/3085/475 1682/4368/475 1634/3086/475
f 1636/3088/475 1684/4369/475 1683/3085/475
f 1705/3089/516 1921/4370/516 1684/3090/516
f 1705/3092/480 1706/4366/480 1922/3079/480
f 2284/3094/484 2283/4371/484 1301/3095/484
f 2283/3097/484 2282/4372/484 1303/3098/484
f 2282/3099/484 2281/4373/484 1304/3100/484
f 2281/3101/484 2280/4374/484 1305/3102/484
f 2280/3103/484 2279/4375/484 1306/3104/484
f 2279/3105/484 2278/4376/484 1307/3106/484
f 2278/3107/484 2277/4377/484 1308/3108/484
f 2277/3109/484 2276/4378/484 1309/3110/484
f 1309/3110/484 2276/4379/484 2275/3111/484
f 1310/3113/484 2275/4380/484 2274/3114/484
f 1311/3115/484 2274/4381/484 2273/3116/484
f 2273/3118/484 2284/4382/484 1302/3096/484
f 2398/3119/510 2400/4383/510 2399/3120/510
f 2399/3120/482 2402/3123/482 2401/3122/482
f 2402/3123/512 2404/4384/512 2403/3124/512
f 2406/3125/510 2408/4385/510 2407/3126/510
f 2407/3126/482 2410/3129/482 2409/3128/482
f 2410/3129/512 2412/4386/512 2411/3130/512
f 2413/3131/511 2414/4387/511 2416/3132/511
f 2415/3133/484 2418/4388/484 2417/3134/484
f 2417/3134/509 2418/4388/509 2420/3135/509
f 2421/3137/511 2422/4389/511 2424/3138/511
f 2423/3139/484 2426/4390/484 2425/3140/484
f 2425/3140/509 2426/4390/509 2428/3141/509
f 2430/3143/492 2432/4391/492 2431/3144/492
f 2431/3144/473 2434/3147/473 2433/3146/473
f 2434/3147/514 2436/4392/514 2435/3148/514
f 2438/3149/492 2440/4393/492 2439/3150/492
f 2439/3150/473 2442/3153/473 2441/3152/473
f 2442/3153/514 2444/4394/514 2443/3154/514
f 2446/3155/513 2448/4395/513 2447/3156/513
f 2447/3156/472 2450/3159/472 2449/3158/472
f 2450/3159/491 2452/4396/491 2451/3160/491
f 2453/3161/513 2454/4397/513 2456/3162/513
f 2455/3163/472 2458/4398/472 2457/3164/472
f 2457/3164/491 2458/4398/491 2460/3165/491
f 2461/3169/471 2466/4399/471 2465/4400/471
f 2465/4400/471 2463/4401/471 2464/3167/471
f 2464/3167/471 2467/3177/471 2468/3168/471
f 2468/3168/471 2462/4402/471 2461/3169/471
f 2461/3169/471 2465/4400/471 2464/3167/471
f 2472/3172/483 2471/3179/483 2476/3187/483
f 2476/3187/483 2475/4403/483 2469/3170/483
f 2469/3170/483 2470/3176/483 2473/3171/483
f 2473/3171/483 2474/4404/483 2472/3172/483
f 2472/3172/483 2476/3187/483 2469/3170/483
f 2463/3173/473 2474/4404/473 2473/3171/473
f 2464/3175/517 2473/4405/517 2470/3176/517
f 2461/3178/518 2476/4406/518 2471/3179/518
f 2466/3180/484 2471/3179/484 2472/3172/484
f 2467/3177/482 2470/3176/482 2469/3170/482
f 2468/3168/519 2469/3170/519 2475/3182/519
f 2465/3181/520 2472/3172/520 2474/3184/520
f 2462/3186/472 2475/4403/472 2476/3187/472
f 2491/3189/472 2478/4407/472 2477/3190/472
f 2488/3192/520 2481/3201/520 2479/3193/520
f 2485/3195/519 2484/3199/519 2478/3196/519
f 2486/3198/482 2483/3205/482 2484/3199/482
f 2487/3200/484 2482/3203/484 2481/3201/484
f 2492/3202/518 2477/4408/518 2482/3203/518
f 2489/3204/517 2480/4409/517 2483/3205/517
f 2490/3206/473 2479/4410/473 2480/3207/473
f 2481/3210/483 2482/4411/483 2477/4412/483
f 2477/4412/483 2478/4413/483 2484/3199/483
f 2484/3199/483 2483/3205/483 2480/3209/483
f 2480/3209/483 2479/4414/483 2481/3210/483
f 2481/3210/483 2477/4412/483 2484/3199/483
f 2492/3191/471 2487/3200/471 2488/3192/471
f 2488/3192/471 2490/3206/471 2489/3208/471
f 2489/3208/471 2486/3198/471 2485/3195/471
f 2485/3195/471 2491/3189/471 2492/3191/471
f 2492/3191/471 2488/3192/471 2489/3208/471
f 2543/3211/483 2544/4415/483 2542/3212/483
f 2547/3214/471 2548/3217/471 2545/3215/471
f 2542/3212/473 2544/4415/473 2548/3217/473
f 2541/3218/472 2546/3216/472 2545/3215/472
f 1283/2762/472 1281/2759/472 2549/3220/472
f 1286/3222/482 1288/2757/482 2556/3223/482
f 1284/3225/520 1287/4416/520 2555/3226/520
f 1288/3228/517 1282/4417/517 2550/3229/517
f 1281/3231/519 1286/4418/519 2554/3232/519
f 1285/3234/518 1283/4419/518 2551/3235/518
f 1282/2755/473 1284/2752/473 2552/3237/473
f 1287/3239/484 1285/2764/484 2553/3240/484
f 1280/3242/473 2560/2760/473 2559/2761/473
f 1278/3244/517 2559/4420/517 2562/3245/517
f 1273/3247/484 2558/2756/484 2557/2758/484
f 1274/3249/519 2561/4421/519 2564/3250/519
f 1277/3252/472 2564/2753/472 2563/2754/472
f 1279/3254/518 2563/4422/518 2558/3255/518
f 1276/2296/482 2562/2763/482 2561/2751/482
f 1275/3257/520 2557/4423/520 2560/3258/520
f 2587/3260/471 2585/4424/471 2568/3261/471
f 2569/3263/471 2584/3265/471 2587/3260/471
f 2571/3264/471 2582/3267/471 2584/3265/471
f 2565/3266/471 2588/3269/471 2582/3267/471
f 2567/3268/471 2586/3271/471 2588/3269/471
f 2572/3270/471 2581/3273/471 2586/3271/471
f 2570/3272/471 2583/3274/471 2581/3273/471
f 2568/3261/471 2585/4424/471 2583/3274/471
f 2593/3275/483 2579/4425/483 2576/3276/483
f 2576/3276/483 2574/3279/483 2595/3278/483
f 2574/3279/483 2580/3281/483 2590/3280/483
f 2580/3281/483 2578/4426/483 2589/3282/483
f 2589/3282/483 2578/4426/483 2573/3283/483
f 2573/3283/483 2575/3286/483 2591/3285/483
f 2575/3286/483 2577/3288/483 2594/3287/483
f 2577/3288/483 2579/4425/483 2593/3275/483
f 2575/3289/472 2573/4427/472 2581/3290/472
f 2578/3292/482 2580/4428/482 2588/3293/482
f 2576/3295/520 2579/4429/520 2587/3296/520
f 2580/3298/517 2574/4430/517 2582/3299/517
f 2573/3301/519 2578/4431/519 2586/3302/519
f 2577/3304/518 2575/4432/518 2583/3305/518
f 2574/3307/473 2576/4433/473 2584/3308/473
f 2579/3310/484 2577/4434/484 2585/3311/484
f 2572/3313/473 2592/4435/473 2591/3314/473
f 2570/3316/517 2591/4436/517 2594/3317/517
f 2565/3319/484 2590/4437/484 2589/3320/484
f 2566/3322/519 2593/4438/519 2596/3323/519
f 2569/3325/472 2596/4439/472 2595/3326/472
f 2571/3328/518 2595/4440/518 2590/3329/518
f 2568/3331/482 2594/4441/482 2593/3332/482
f 2567/3334/520 2589/4442/520 2592/3335/520
f 2619/3337/477 2620/4443/477 2624/3338/477
f 2599/3340/478 2600/4444/478 2604/3341/478
f 2601/3343/481 2607/3350/481 2608/3344/481
f 2602/3345/481 2598/4445/481 2597/3346/481
f 2603/3342/478 2604/3341/478 2605/3347/478
f 2605/3347/478 2609/3352/478 2610/3349/478
f 2607/3350/481 2611/4446/481 2612/3351/481
f 2609/3352/478 2613/4447/478 2614/3353/478
f 2612/3351/481 2611/4446/481 2615/3354/481
f 2621/3356/474 2627/3363/474 2628/3357/474
f 2622/3358/474 2618/4448/474 2617/3359/474
f 2623/3339/477 2624/3338/477 2625/3360/477
f 2625/3360/477 2629/3365/477 2630/3362/477
f 2627/3363/474 2631/4449/474 2632/3364/474
f 2629/3365/477 2633/4450/477 2634/3366/477
f 2632/3364/474 2631/4449/474 2635/3367/474
f 2638/3369/521 2640/3424/521 2639/3370/521
f 2640/3372/517 2642/3418/517 2641/3373/517
f 2642/3375/522 2644/3420/522 2643/3376/522
f 2644/3378/523 2646/3413/523 2645/3379/523
f 2646/3381/519 2648/3408/519 2647/3382/519
f 2648/3384/524 2650/3466/524 2649/3385/524
f 2650/3387/525 2652/3456/525 2651/3388/525
f 2652/3390/518 2654/3451/518 2653/3391/518
f 2654/3393/526 2656/3446/526 2655/3394/526
f 2656/3396/527 2658/3440/527 2657/3397/527
f 2661/3399/471 2683/4451/471 2659/3400/471
f 2658/3402/520 2660/3434/520 2659/3403/520
f 2660/3405/528 2638/3429/528 2637/3401/528
f 2663/3406/471 2661/4452/471 2637/3371/471
f 2670/3407/483 2672/4453/483 2648/3408/483
f 2663/3409/525 2664/4454/525 2662/3410/525
f 2668/3412/483 2670/4455/483 2646/3413/483
f 2665/3414/518 2666/3417/518 2664/3415/518
f 2640/3372/483 2664/3415/483 2666/3417/483
f 2642/3375/483 2666/3422/483 2668/3419/483
f 2667/3421/526 2668/3419/526 2666/3422/526
f 2662/3410/483 2664/4454/483 2640/3424/483
f 2669/3425/471 2667/4456/471 2643/3380/471
f 2669/3426/527 2670/4455/527 2668/3412/527
f 2660/3405/483 2684/3468/483 2662/3428/483
f 2671/3430/471 2669/4457/471 2645/3383/471
f 2671/3431/520 2672/4453/520 2670/3407/520
f 2658/3402/483 2682/3464/483 2684/3433/483
f 2673/3435/471 2671/4458/471 2647/3386/471
f 2673/3436/528 2674/4459/528 2672/3437/528
f 2656/3396/483 2680/3459/483 2682/3439/483
f 2675/3441/471 2673/4460/471 2649/3389/471
f 2675/3442/521 2676/3455/521 2674/3443/521
f 2678/3445/483 2680/4461/483 2656/3446/483
f 2653/3391/471 2677/4462/471 2675/3447/471
f 2677/3448/517 2678/4463/517 2676/3449/517
f 2676/3449/483 2678/4463/483 2654/3451/483
f 2679/3452/471 2677/4464/471 2653/3395/471
f 2679/3453/522 2680/4461/522 2678/3445/522
f 2650/3387/483 2674/3443/483 2676/3455/483
f 2681/3457/471 2679/4465/471 2655/3398/471
f 2681/3458/523 2682/3439/523 2680/3459/523
f 2665/3461/471 2663/4466/471 2639/3374/471
f 2683/3462/471 2681/4467/471 2657/3404/471
f 2683/3463/519 2684/3433/519 2682/3464/519
f 2672/3437/483 2674/4459/483 2650/3466/483
f 2661/3467/524 2662/3428/524 2684/3468/524
f 2667/3470/471 2665/4468/471 2641/3377/471
f 1295/3471/482 2691/4469/482 2690/3472/482
f 1294/3473/482 2690/4470/482 2689/3474/482
f 1293/3475/482 2689/4471/482 2688/3476/482
f 1292/3477/482 2688/4472/482 2687/3478/482
f 1291/3479/482 2687/4473/482 2686/3480/482
f 1290/3481/482 2686/4474/482 2685/3482/482
f 1300/3484/482 1289/3483/482 2685/3485/482
f 1299/3487/482 1300/3484/482 2696/3488/482
f 1298/3490/482 1299/3487/482 2695/3491/482
f 1297/3493/482 1298/4475/482 2694/3494/482
f 1297/3493/482 2693/4476/482 2692/3496/482
f 1296/3497/482 2692/4477/482 2691/3498/482
f 2715/3499/482 2727/4478/482 2726/3500/482
f 2714/3502/482 2726/4479/482 2725/3503/482
f 2713/3505/482 2725/4480/482 2724/3506/482
f 2711/3508/482 2712/4481/482 2724/3509/482
f 2709/3511/482 2711/4482/482 2723/3512/482
f 2709/3514/482 2721/4483/482 2722/3515/482
f 2710/3517/482 2722/4484/482 2732/3518/482
f 2720/3520/482 2732/4485/482 2731/3521/482
f 2719/3523/482 2731/4486/482 2730/3524/482
f 2718/3526/482 2730/4487/482 2729/3527/482
f 2717/3529/482 2729/4488/482 2728/3530/482
f 2716/3532/482 2728/4489/482 2727/3533/482
f 2735/3571/482 2737/3578/482 2741/3572/482
f 2734/3574/484 2738/4490/484 2740/3575/484
f 2740/3577/513 2741/4491/513 2737/3578/513
f 2739/3573/514 2738/4492/514 2734/3579/514
f 2743/3581/478 2745/3588/478 2749/3582/478
f 2742/3584/481 2746/4493/481 2748/3585/481
f 2748/3587/504 2749/4494/504 2745/3588/504
f 2743/3589/503 2747/3583/503 2746/3590/503
f 2751/3592/479 2753/3599/479 2757/3593/479
f 2750/3595/480 2754/4495/480 2756/3596/480
f 2752/3597/502 2756/4496/502 2757/3598/502
f 2755/3594/501 2754/4497/501 2750/3600/501
f 2760/3602/508 2761/4498/508 2765/3603/508
f 2759/3605/507 2758/4499/507 2762/3606/507
f 2765/3608/479 2761/4500/479 2759/3609/479
f 2764/3610/480 2762/3606/480 2758/3611/480
f 2768/3612/506 2769/4501/506 2773/3613/506
f 2767/3615/505 2766/4502/505 2770/3616/505
f 2773/3618/478 2769/4503/478 2767/3619/478
f 2772/3620/481 2770/3616/481 2766/3621/481
f 2775/3622/474 2777/3629/474 2781/3623/474
f 2774/3625/477 2778/4504/477 2780/3626/477
f 2780/3628/496 2781/4505/496 2777/3629/496
f 2779/3624/495 2778/4506/495 2774/3630/495
f 2783/3632/476 2785/3639/476 2789/3633/476
f 2782/3635/475 2786/4507/475 2788/3636/475
f 2788/3638/494 2789/4508/494 2785/3639/494
f 2787/3634/493 2786/4509/493 2782/3640/493
f 2792/3642/500 2793/4510/500 2797/3643/500
f 2795/3645/499 2791/4511/499 2790/3646/499
f 2797/3648/476 2793/4512/476 2791/3649/476
f 2796/3650/475 2794/3647/475 2790/3651/475
f 2800/3652/498 2801/4513/498 2805/3653/498
f 2803/3655/497 2799/4514/497 2798/3656/497
f 2805/3658/474 2801/4515/474 2799/3659/474
f 2804/3660/477 2802/3657/477 2798/3661/477
f 2807/3662/473 2809/3669/473 2813/3663/473
f 2806/3665/472 2810/4516/472 2812/3666/472
f 2812/3668/510 2813/4517/510 2809/3669/510
f 2811/3664/509 2810/4518/509 2806/3670/509
f 2816/3672/512 2817/4519/512 2821/3673/512
f 2815/3675/511 2814/4520/511 2818/3676/511
f 2821/3678/473 2817/4521/473 2815/3679/473
f 2820/3680/472 2818/3676/472 2814/3681/472
f 2828/3682/491 2824/3692/491 2825/3683/491
f 2823/3685/492 2822/4522/492 2826/3686/492
f 2829/3688/482 2825/4523/482 2823/3689/482
f 2828/3690/484 2826/3686/484 2822/3691/484
f 3364/3693/483 3365/4524/483 3363/3694/483
f 3368/3696/471 3369/3699/471 3366/3697/471
f 3363/3694/472 3365/4524/472 3369/3699/472
f 3362/3700/473 3367/3698/473 3366/3697/473
f 3372/3702/483 3373/4525/483 3371/3703/483
f 3376/3705/471 3377/3708/471 3374/3706/471
f 3371/3703/484 3373/4525/484 3377/3708/484
f 3370/3709/482 3375/3707/482 3374/3706/482
f 3380/3711/483 3381/4526/483 3379/3712/483
f 3384/3714/471 3385/3717/471 3382/3715/471
f 3379/3712/482 3381/4526/482 3385/3717/482
f 3378/3718/484 3383/3716/484 3382/3715/484
f 3388/3720/471 3389/4527/471 3387/3721/471
f 3392/3723/483 3393/3726/483 3390/3724/483
f 3387/3721/472 3389/4527/472 3393/3726/472
f 3386/3727/473 3391/3725/473 3390/3724/473
f 3396/3729/471 3397/4528/471 3395/3730/471
f 3400/3732/483 3401/3735/483 3398/3733/483
f 3395/3730/473 3397/4528/473 3401/3735/473
f 3394/3736/472 3399/3734/472 3398/3733/472
f 3404/3738/471 3405/4529/471 3403/3739/471
f 3408/3741/483 3409/3744/483 3406/3742/483
f 3403/3739/484 3405/4529/484 3409/3744/484
f 3402/3745/482 3407/3743/482 3406/3742/482
f 3412/3747/471 3413/4530/471 3411/3748/471
f 3416/3750/483 3417/3753/483 3414/3751/483
f 3411/3748/482 3413/4530/482 3417/3753/482
f 3410/3754/484 3415/3752/484 3414/3751/484
f 3440/3756/474 3441/4531/474 3445/3757/474
f 3420/3759/481 3421/4532/481 3425/3760/481
f 3422/3762/478 3428/3769/478 3429/3763/478
f 3423/3764/478 3419/4533/478 3418/3765/478
f 3424/3761/481 3425/3760/481 3426/3766/481
f 3426/3766/481 3430/3771/481 3431/3768/481
f 3428/3769/478 3432/4534/478 3433/3770/478
f 3430/3771/481 3434/4535/481 3435/3772/481
f 3433/3770/478 3432/4534/478 3436/3773/478
f 3442/3775/477 3448/3782/477 3449/3776/477
f 3443/3777/477 3439/4536/477 3438/3778/477
f 3444/3758/474 3445/3757/474 3446/3779/474
f 3446/3779/474 3450/3784/474 3451/3781/474
f 3448/3782/477 3452/4537/477 3453/3783/477
f 3450/3784/474 3454/4538/474 3455/3785/474
f 3453/3783/477 3452/4537/477 3456/3786/477
f 3480/3788/475 3481/4539/475 3485/3789/475
f 3460/3791/479 3461/4540/479 3465/3792/479
f 3462/3794/480 3468/3801/480 3469/3795/480
f 3463/3796/480 3459/4541/480 3458/3797/480
f 3464/3793/479 3465/3792/479 3466/3798/479
f 3466/3798/479 3470/3803/479 3471/3800/479
f 3468/3801/480 3472/4542/480 3473/3802/480
f 3470/3803/479 3474/4543/479 3475/3804/479
f 3473/3802/480 3472/4542/480 3476/3805/480
f 3482/3807/476 3488/3814/476 3489/3808/476
f 3483/3809/476 3479/4544/476 3478/3810/476
f 3484/3790/475 3485/3789/475 3486/3811/475
f 3486/3811/475 3490/3816/475 3491/3813/475
f 3488/3814/476 3492/4545/476 3493/3815/476
f 3490/3816/475 3494/4546/475 3495/3817/475
f 3493/3815/476 3492/4545/476 3496/3818/476
f 3520/3820/476 3521/4547/476 3525/3821/476
f 3500/3823/480 3501/4548/480 3505/3824/480
f 3502/3826/479 3508/3833/479 3509/3827/479
f 3503/3828/479 3499/4549/479 3498/3829/479
f 3504/3825/480 3505/3824/480 3506/3830/480
f 3506/3830/480 3510/3835/480 3511/3832/480
f 3508/3833/479 3512/4550/479 3513/3834/479
f 3510/3835/480 3514/4551/480 3515/3836/480
f 3513/3834/479 3512/4550/479 3516/3837/479
f 3522/3839/475 3528/3846/475 3529/3840/475
f 3523/3841/475 3519/4552/475 3518/3842/475
f 3524/3822/476 3525/3821/476 3526/3843/476
f 3526/3843/476 3530/3848/476 3531/3845/476
f 3528/3846/475 3532/4553/475 3533/3847/475
f 3530/3848/476 3534/4554/476 3535/3849/476
f 3533/3847/475 3532/4553/475 3536/3850/475
f 3551/3852/482 3573/4555/482 3572/3853/482
f 3572/3855/482 3571/4556/482 3552/3856/482
f 3571/3857/482 3570/4557/482 3553/3858/482
f 3570/3859/482 3569/4558/482 3554/3860/482
f 3569/3861/482 3568/4559/482 3555/3862/482
f 3568/3863/482 3567/4560/482 3556/3864/482
f 3567/3865/482 3566/4561/482 3557/3866/482
f 3566/3867/482 3565/4562/482 3558/3868/482
f 3558/3868/482 3565/4563/482 3564/3869/482
f 3559/3871/482 3564/4564/482 3563/3872/482
f 3560/3873/482 3563/4565/482 3562/3874/482
f 3562/3876/482 3573/4566/482 3551/3852/482
f 3544/3877/484 3592/4567/484 3591/3878/484
f 3543/3879/484 3591/4568/484 3590/3880/484
f 3542/3881/484 3590/4569/484 3589/3882/484
f 3541/3883/484 3589/4570/484 3588/3884/484
f 3540/3885/484 3588/4571/484 3587/3886/484
f 3539/3887/484 3587/4572/484 3586/3888/484
f 3538/3889/484 3586/4573/484 3597/3890/484
f 3548/3892/484 3549/3891/484 3597/3893/484
f 3547/3895/484 3548/3892/484 3596/3896/484
f 3546/3898/484 3547/4574/484 3595/3899/484
f 3546/3898/484 3594/4575/484 3593/3901/484
f 3545/3902/484 3593/4576/484 3592/3903/484
f 3615/3904/484 3616/4577/484 3628/3905/484
f 3615/3907/484 3627/4578/484 3626/3908/484
f 3614/3910/484 3626/4579/484 3625/3911/484
f 3612/3913/484 3613/4580/484 3625/3914/484
f 3612/3916/484 3624/4581/484 3622/3917/484
f 3611/3919/484 3610/4582/484 3622/3920/484
f 3611/3922/484 3623/4583/484 3633/3923/484
f 3621/3925/484 3633/4584/484 3632/3926/484
f 3620/3928/484 3632/4585/484 3631/3929/484
f 3618/3931/484 3619/4586/484 3631/3932/484
f 3618/3934/484 3630/4587/484 3629/3935/484
f 3617/3937/484 3629/4588/484 3628/3938/484
f 3648/3976/472 3670/4589/472 3669/3977/472
f 3669/3979/472 3668/4590/472 3649/3980/472
f 3668/3981/472 3667/4591/472 3650/3982/472
f 3667/3983/472 3666/4592/472 3651/3984/472
f 3666/3985/472 3665/4593/472 3652/3986/472
f 3665/3987/472 3664/4594/472 3653/3988/472
f 3664/3989/472 3663/4595/472 3654/3990/472
f 3663/3991/472 3662/4596/472 3655/3992/472
f 3655/3992/472 3662/4597/472 3661/3993/472
f 3656/3995/472 3661/4598/472 3660/3996/472
f 3657/3997/472 3660/4599/472 3659/3998/472
f 3659/4000/472 3670/4600/472 3648/3976/472
f 3640/4001/473 3641/4030/473 3689/4002/473
f 3640/4001/473 3688/4601/473 3687/4004/473
f 3639/4005/473 3687/4602/473 3686/4006/473
f 3638/4007/473 3686/4603/473 3685/4008/473
f 3637/4009/473 3685/4604/473 3684/4010/473
f 3635/4012/473 3636/4011/473 3684/4013/473
f 3646/4015/473 3635/4012/473 3683/4016/473
f 3645/4018/473 3646/4015/473 3694/4019/473
f 3644/4021/473 3645/4018/473 3693/4022/473
f 3643/4024/473 3644/4605/473 3692/4025/473
f 3643/4024/473 3691/4606/473 3690/4027/473
f 3642/4028/473 3690/4607/473 3689/4029/473
f 3712/4031/473 3713/4608/473 3725/4032/473
f 3712/4034/473 3724/4609/473 3723/4035/473
f 3711/4037/473 3723/4610/473 3722/4038/473
f 3710/4040/473 3722/4611/473 3721/4041/473
f 3707/4043/473 3709/4612/473 3721/4044/473
f 3707/4046/473 3719/4613/473 3720/4047/473
f 3708/4049/473 3720/4614/473 3730/4050/473
f 3718/4052/473 3730/4615/473 3729/4053/473
f 3717/4055/473 3729/4616/473 3728/4056/473
f 3715/4058/473 3716/4617/473 3728/4059/473
f 3715/4061/473 3727/4618/473 3726/4062/473
f 3714/4064/473 3726/4619/473 3725/4065/473
f 3767/4103/473 3766/4620/473 3744/4104/473
f 3766/4106/473 3765/4621/473 3746/4107/473
f 3765/4108/473 3764/4622/473 3747/4109/473
f 3764/4110/473 3763/4623/473 3748/4111/473
f 3748/4111/473 3763/4624/473 3762/4112/473
f 3762/4114/473 3761/4625/473 3750/4115/473
f 3761/4116/473 3760/4626/473 3751/4117/473
f 3760/4118/473 3759/4627/473 3752/4119/473
f 3752/4119/473 3759/4628/473 3758/4120/473
f 3753/4122/473 3758/4629/473 3757/4123/473
f 3754/4124/473 3757/4630/473 3756/4125/473
f 3755/4126/473 3756/4631/473 3767/4127/473
f 3738/4128/472 3786/4632/472 3785/4129/472
f 3737/4130/472 3785/4633/472 3784/4131/472
f 3736/4132/472 3784/4634/472 3783/4133/472
f 3735/4134/472 3783/4635/472 3782/4135/472
f 3733/4137/472 3734/4136/472 3782/4138/472
f 3733/4137/472 3781/4636/472 3780/4140/472
f 3743/4142/472 3732/4141/472 3780/4143/472
f 3742/4145/472 3743/4142/472 3791/4146/472
f 3741/4148/472 3742/4145/472 3790/4149/472
f 3740/4151/472 3741/4637/472 3789/4152/472
f 3740/4151/472 3788/4638/472 3787/4154/472
f 3739/4155/472 3787/4639/472 3786/4156/472
f 3810/4157/472 3822/4640/472 3821/4158/472
f 3808/4160/472 3809/4641/472 3821/4161/472
f 3807/4163/472 3808/4642/472 3820/4164/472
f 3806/4166/472 3807/4643/472 3819/4167/472
f 3804/4169/472 3806/4644/472 3818/4170/472
f 3804/4172/472 3816/4645/472 3817/4173/472
f 3815/4175/472 3805/4646/472 3817/4176/472
f 3815/4178/472 3827/4647/472 3826/4179/472
f 3814/4181/472 3826/4648/472 3825/4182/472
f 3813/4184/472 3825/4649/472 3824/4185/472
f 3812/4187/472 3824/4650/472 3823/4188/472
f 3810/4190/472 3811/4651/472 3823/4191/472
f 3855/4229/509 3856/4652/509 3854/4230/509
f 3857/4232/484 3858/4234/484 3855/4229/484
f 3859/4233/511 3860/4653/511 3858/4234/511
f 3863/4235/509 3864/4654/509 3862/4236/509
f 3865/4238/484 3866/4240/484 3863/4235/484
f 3867/4239/511 3868/4655/511 3866/4240/511
f 3869/4241/512 3871/4245/512 3872/4242/512
f 3873/4244/482 3874/4247/482 3871/4245/482
f 3873/4244/510 3875/4656/510 3876/4246/510
f 3877/4248/512 3879/4252/512 3880/4249/512
f 3881/4251/482 3882/4254/482 3879/4252/482
f 3881/4251/510 3883/4657/510 3884/4253/510
f 3887/4255/491 3888/4658/491 3886/4256/491
f 3889/4258/472 3890/4260/472 3887/4255/472
f 3891/4259/513 3892/4659/513 3890/4260/513
f 3895/4261/491 3896/4660/491 3894/4262/491
f 3897/4264/472 3898/4266/472 3895/4261/472
f 3899/4265/513 3900/4661/513 3898/4266/513
f 3903/4267/514 3904/4662/514 3902/4268/514
f 3905/4270/473 3906/4272/473 3903/4267/473
f 3907/4271/492 3908/4663/492 3906/4272/492
f 3909/4273/514 3911/4277/514 3912/4274/514
f 3913/4276/473 3914/4279/473 3911/4277/473
f 3913/4276/492 3915/4664/492 3916/4278/492
s 1
f 1293/3475/529 1306/3104/530 1294/3473/530
f 1300/3484/531 1302/3096/473 1289/3483/473
f 1290/3481/532 1303/3098/533 1291/3479/533
f 1298/4475/471 1309/3110/534 1310/3112/471
f 1294/3473/530 1307/3106/472 1295/3471/472
f 1291/3479/533 1304/3100/483 1292/3477/483
f 1299/3487/535 1310/3113/471 1311/3115/535
f 1295/3471/472 1308/3108/536 1296/3497/536
f 1292/3477/483 1305/3102/529 1293/3475/529
f 1300/3484/531 1311/3115/535 1312/3117/531
f 1289/3483/473 1301/3095/532 1290/3481/532
f 1297/3493/534 1308/3108/536 1309/3110/534
f 1319/2357/471 1330/2329/537 1318/2355/537
f 1316/2335/484 1327/2312/538 1315/2339/538
f 1323/2345/539 1334/2321/482 1322/2347/482
f 1320/2352/540 1331/2328/471 1319/2354/471
f 1317/2337/541 1328/2310/484 1316/2335/484
f 1324/2344/542 1335/2319/539 1323/2345/539
f 1314/2341/543 1325/2316/483 1313/2343/483
f 1321/2350/544 1332/2326/540 1320/2352/540
f 1317/2337/541 1330/2329/537 1329/2332/541
f 1313/2343/483 1336/2317/542 1324/2344/542
f 1315/2339/538 1326/2314/543 1314/2341/543
f 1322/2347/482 1333/2324/544 1321/2350/544
f 1379/4665/545 1368/4666/546 1367/4667/547
f 1376/4668/548 1365/4669/549 1364/4670/550
f 1371/4671/551 1384/4672/552 1372/4673/553
f 1373/4674/554 1362/4675/555 1361/4676/556
f 1380/4677/557 1369/4678/558 1368/4666/546
f 1377/4679/559 1366/4680/560 1365/4669/549
f 1384/4672/552 1361/4676/556 1372/4673/553
f 1374/4681/561 1363/4682/562 1362/4675/555
f 1381/4683/563 1370/4684/564 1369/4678/558
f 1378/4685/565 1367/4686/547 1366/4680/560
f 1375/4687/566 1364/4670/550 1363/4682/562
f 1382/4688/567 1371/4671/551 1370/4684/564
f 1552/2516/568 1539/2371/476 1540/2369/568
f 1558/2527/569 1547/2379/570 1559/2525/570
f 1549/2522/571 1548/2380/483 1537/2377/571
f 1556/2507/572 1543/2364/573 1544/2362/572
f 1552/2516/568 1541/2366/574 1553/2513/574
f 1559/2525/570 1548/2380/483 1560/2524/483
f 1549/2522/571 1538/2375/575 1550/2520/575
f 1556/2507/572 1545/2359/475 1557/2529/475
f 1553/2513/574 1542/2368/471 1554/2514/471
f 1551/2518/476 1538/2375/575 1539/2371/476
f 1557/2529/475 1546/2381/569 1558/2527/569
f 1554/2511/471 1543/2364/573 1555/2509/573
f 1615/4689/545 1628/4690/576 1616/4691/577
f 1624/4692/578 1613/4693/579 1612/4694/580
f 1631/4695/581 1620/4696/582 1619/4697/583
f 1609/4698/554 1622/4699/584 1610/4700/585
f 1616/4691/577 1629/4701/586 1617/4702/587
f 1613/4693/579 1626/4703/588 1614/4704/589
f 1632/4705/590 1609/4698/554 1620/4696/582
f 1622/4699/584 1611/4706/591 1610/4700/585
f 1629/4701/586 1618/4707/592 1617/4702/587
f 1626/4703/588 1615/4708/545 1614/4704/589
f 1623/4709/593 1612/4694/580 1611/4706/591
f 1630/4710/474 1619/4697/583 1618/4707/592
f 1567/2406/471 1578/2427/594 1566/2404/594
f 1563/2388/595 1576/2408/474 1575/2410/595
f 1571/2394/596 1582/2419/477 1570/2396/477
f 1567/2403/471 1580/2424/597 1579/2426/471
f 1565/2386/598 1576/2408/474 1564/2384/474
f 1572/2393/599 1583/2417/596 1571/2394/596
f 1561/2392/483 1574/2412/600 1573/2414/483
f 1569/2399/601 1580/2424/597 1568/2401/597
f 1566/2404/594 1577/2430/598 1565/2386/598
f 1572/2393/599 1573/2414/483 1584/2415/599
f 1563/2388/595 1574/2412/600 1562/2390/600
f 1570/2396/477 1581/2422/601 1569/2399/601
f 1635/4711/477 1646/4712/602 1647/4713/603
f 1642/4714/604 1677/4715/605 1678/4716/606
f 1639/4717/607 1674/4718/608 1675/4719/609
f 1636/4720/610 1647/4713/603 1648/4721/611
f 1643/4722/612 1678/4716/606 1679/4723/613
f 1633/4724/614 1680/4725/615 1645/4726/616
f 1676/4727/617 1639/4717/607 1675/4719/609
f 1673/4728/618 1636/4720/610 1648/4721/611
f 1680/4725/615 1643/4722/612 1679/4723/613
f 1646/4712/602 1633/4724/614 1645/4726/616
f 1641/4729/619 1676/4727/617 1677/4715/605
f 1638/4730/620 1673/4728/618 1674/4731/608
f 1455/2469/474 1444/2492/598 1456/2467/598
f 1462/2478/596 1451/2502/599 1463/2476/599
f 1453/2473/600 1452/2503/483 1441/2500/600
f 1459/2460/597 1448/2485/601 1460/2458/601
f 1456/2467/598 1445/2489/594 1457/2464/594
f 1464/2475/483 1451/2502/599 1452/2503/483
f 1453/2473/600 1442/2498/595 1454/2471/595
f 1460/2458/601 1449/2482/477 1461/2480/477
f 1457/2464/594 1446/2491/471 1458/2465/471
f 1454/2471/595 1443/2494/474 1455/2469/474
f 1461/2480/477 1450/2504/596 1462/2478/596
f 1458/2462/471 1447/2487/597 1459/2460/597
f 1467/4732/475 1478/4733/621 1479/4734/622
f 1474/4735/623 1485/4736/624 1486/4737/625
f 1471/4738/626 1482/4739/627 1483/4740/628
f 1480/4741/629 1467/4732/475 1479/4734/622
f 1475/4742/630 1486/4737/625 1487/4743/631
f 1477/4744/632 1476/4745/633 1488/4746/634
f 1484/4747/635 1471/4738/626 1483/4740/628
f 1469/4748/636 1480/4741/629 1481/4749/637
f 1476/4745/633 1487/4743/631 1488/4746/634
f 1466/4750/638 1477/4744/632 1478/4733/621
f 1473/4751/639 1484/4747/635 1485/4736/624
f 1470/4752/640 1481/4749/637 1482/4753/627
f 1871/4754/640 1884/4755/641 1872/4756/642
f 1880/4757/643 1869/4758/644 1868/4759/645
f 1887/4760/646 1876/4761/647 1875/4762/648
f 1877/4763/649 1866/4764/650 1865/4765/633
f 1884/4755/641 1873/4766/651 1872/4756/642
f 1881/4767/652 1870/4768/653 1869/4758/644
f 1876/4761/647 1877/4763/649 1865/4765/633
f 1866/4764/650 1879/4769/654 1867/4770/655
f 1885/4771/656 1874/4772/479 1873/4766/651
f 1870/4768/653 1883/4773/657 1871/4774/640
f 1867/4770/655 1880/4757/643 1868/4759/645
f 1874/4772/479 1887/4760/646 1875/4762/648
f 2015/2850/484 1956/2443/541 2016/2848/541
f 2022/2859/539 2011/2453/542 2023/2857/542
f 2024/2856/483 1953/2451/543 2013/2854/543
f 2019/2841/540 1960/2436/544 2020/2839/544
f 2016/2848/541 1957/2440/537 2017/2845/537
f 2023/2857/542 2012/2454/483 2024/2856/483
f 2013/2854/543 1954/2449/538 2014/2852/538
f 2020/2839/544 2009/2433/482 2021/2861/482
f 2018/2846/471 1957/2440/537 1958/2442/471
f 2014/2852/538 1955/2445/484 2015/2850/484
f 2021/2861/482 2010/2455/539 2022/2859/539
f 2018/2843/471 1959/2438/540 2019/2841/540
f 1895/2602/471 1906/2574/658 1894/2600/658
f 1892/2580/478 1903/2557/659 1891/2584/659
f 1898/2592/481 1911/2564/660 1910/2566/481
f 1896/2597/661 1907/2573/471 1895/2599/471
f 1892/2580/478 1905/2577/662 1904/2555/478
f 1900/2589/663 1911/2564/660 1899/2590/660
f 1889/2588/483 1902/2559/664 1901/2561/483
f 1896/2597/661 1909/2569/665 1908/2571/661
f 1894/2600/658 1905/2577/662 1893/2582/662
f 1889/2588/483 1912/2562/663 1900/2589/663
f 1890/2586/664 1903/2557/659 1902/2559/664
f 1898/2592/481 1909/2569/665 1897/2595/665
f 1715/4775/666 1704/4776/667 1703/4777/620
f 1712/4778/668 1701/4779/669 1700/4780/670
f 1707/4781/671 1720/4782/672 1708/4783/673
f 1697/4784/674 1710/4785/675 1698/4786/676
f 1704/4776/667 1717/4787/677 1705/4788/678
f 1701/4779/669 1714/4789/679 1702/4790/680
f 1720/4782/672 1697/4784/674 1708/4783/673
f 1710/4785/675 1699/4791/681 1698/4786/676
f 1717/4787/677 1706/4792/478 1705/4788/678
f 1714/4789/679 1703/4793/620 1702/4790/680
f 1711/4794/682 1700/4780/670 1699/4791/681
f 1718/4795/683 1707/4781/671 1706/4792/478
f 1807/2640/478 1796/2614/662 1808/2638/662
f 1814/2649/660 1803/2624/663 1815/2647/663
f 1816/2646/483 1793/2622/664 1805/2644/664
f 1812/2629/665 1799/2609/661 1800/2607/665
f 1808/2638/662 1797/2611/658 1809/2635/658
f 1815/2647/663 1804/2625/483 1816/2646/483
f 1805/2644/664 1794/2620/659 1806/2642/659
f 1812/2629/665 1801/2604/481 1813/2651/481
f 1810/2636/471 1797/2611/658 1798/2613/471
f 1806/2642/659 1795/2616/478 1807/2640/478
f 1814/2649/660 1801/2604/481 1802/2626/660
f 1811/2631/661 1798/4299/471 1799/2609/661
f 1747/4796/684 1758/4797/685 1759/4798/481
f 1754/4799/686 1765/4800/687 1766/4801/688
f 1763/4802/689 1750/4803/690 1762/4804/691
f 1760/4805/692 1747/4796/684 1759/4798/481
f 1755/4806/693 1766/4801/688 1767/4807/694
f 1745/4808/695 1768/4809/696 1757/4810/697
f 1764/4811/698 1751/4812/699 1763/4802/689
f 1749/4813/700 1760/4805/692 1761/4814/701
f 1756/4815/702 1767/4807/694 1768/4809/696
f 1758/4797/685 1745/4808/695 1757/4810/697
f 1753/4816/703 1764/4811/698 1765/4800/687
f 1762/4817/691 1749/4813/700 1761/4814/701
f 1822/2551/704 1835/4302/471 1834/2672/704
f 1820/2531/479 1831/2655/705 1819/2535/705
f 1827/2541/706 1838/2664/480 1826/2543/480
f 1824/2548/707 1835/2671/471 1823/2550/471
f 1820/2531/479 1833/2675/708 1832/2653/479
f 1828/2540/709 1839/2662/706 1827/2541/706
f 1818/2537/710 1829/2659/483 1817/2539/483
f 1825/2546/711 1836/2669/707 1824/2548/707
f 1822/2551/704 1833/2675/708 1821/2533/708
f 1817/2539/483 1840/2660/709 1828/2540/709
f 1819/2535/705 1830/2657/710 1818/2537/710
f 1825/2546/711 1838/2664/480 1837/2667/711
f 1967/4818/480 1930/4819/712 1966/4820/713
f 1974/4821/714 1961/4822/715 1973/4823/716
f 1971/4824/717 1934/4825/547 1970/4826/718
f 1932/4827/719 1967/4818/480 1968/4828/720
f 1963/4829/721 1974/4821/714 1975/4830/722
f 1965/4831/723 1964/4832/556 1976/4833/724
f 1972/4834/725 1935/4835/726 1971/4824/717
f 1933/4836/727 1968/4828/720 1969/4837/728
f 1964/4832/556 1975/4830/722 1976/4833/724
f 1930/4819/712 1965/4831/723 1966/4820/713
f 1961/4822/715 1972/4834/725 1973/4823/716
f 1970/4838/718 1933/4836/727 1969/4837/728
f 2032/2687/708 2003/2714/479 2004/2712/708
f 2039/2696/709 2026/2724/706 2027/2722/709
f 2040/2695/483 2001/2720/710 2029/2693/710
f 2035/2680/707 2008/2705/711 2036/2678/711
f 2033/2684/704 2004/2712/708 2005/2709/704
f 2039/2696/709 2028/2723/483 2040/2695/483
f 2030/2691/705 2001/2720/710 2002/2718/705
f 2037/2700/480 2008/2705/711 2025/2702/480
f 2033/2684/704 2006/2711/471 2034/2685/471
f 2030/2691/705 2003/2714/479 2031/2689/479
f 2037/2700/480 2026/2724/706 2038/2698/706
f 2034/2682/471 2007/2707/707 2035/2680/707
f 2107/4839/627 2096/4840/729 2095/4841/690
f 2104/4842/730 2093/4843/731 2092/4844/732
f 2111/4845/733 2100/4846/734 2099/4847/735
f 2101/4848/634 2090/4849/736 2089/4850/702
f 2108/4851/737 2097/4852/738 2096/4840/729
f 2105/4853/739 2094/4854/740 2093/4843/731
f 2112/4855/741 2089/4850/702 2100/4846/734
f 2102/4856/742 2091/4857/743 2090/4849/736
f 2109/4858/744 2098/4859/745 2097/4852/738
f 2106/4860/746 2095/4861/690 2094/4854/740
f 2103/4862/747 2092/4844/732 2091/4857/743
f 2110/4863/748 2099/4847/735 2098/4859/745
f 2047/2749/471 2058/2784/749 2046/2747/749
f 2044/2727/473 2055/2767/750 2043/2731/750
f 2051/2737/751 2062/2776/472 2050/2739/472
f 2048/2744/752 2059/2783/471 2047/2746/471
f 2045/2729/753 2056/2765/473 2044/2727/473
f 2052/2736/754 2063/2774/751 2051/2737/751
f 2042/2733/755 2053/2771/483 2041/2735/483
f 2048/2744/752 2061/2779/756 2060/2781/752
f 2046/2747/749 2057/2787/753 2045/2729/753
f 2041/2735/483 2064/2772/754 2052/2736/754
f 2043/2731/750 2054/2769/755 2042/2733/755
f 2050/2739/472 2061/2779/756 2049/2742/756
f 2115/4864/757 2126/4865/758 2127/4866/759
f 2122/4867/760 2133/4868/761 2134/4869/762
f 2119/4870/763 2130/4871/666 2131/4872/764
f 2116/4873/765 2127/4866/759 2128/4874/766
f 2123/4875/767 2134/4869/762 2135/4876/768
f 2113/4877/769 2136/4878/770 2125/4879/771
f 2120/4880/772 2131/4872/764 2132/4881/773
f 2117/4882/774 2128/4874/766 2129/4883/775
f 2124/4884/776 2135/4876/768 2136/4878/770
f 2114/4885/777 2125/4879/771 2126/4865/758
f 2121/4886/778 2132/4881/773 2133/4868/761
f 2118/4887/779 2129/4883/775 2130/4888/666
f 1655/2801/473 1524/2824/753 1656/2799/753
f 1662/2810/751 1651/2834/754 1663/2808/754
f 1664/2807/483 1521/2832/755 1653/2805/755
f 1659/2792/752 1528/2817/756 1660/2790/756
f 1656/2799/753 1525/2821/749 1657/2796/749
f 1663/2808/754 1652/2835/483 1664/2807/483
f 1653/2805/755 1522/2830/750 1654/2803/750
f 1660/2790/756 1649/2814/472 1661/2812/472
f 1657/2796/749 1526/2823/471 1658/2797/471
f 1654/2803/750 1523/2826/473 1655/2801/473
f 1661/2812/472 1650/2836/751 1662/2810/751
f 1658/2794/471 1527/2819/752 1659/2792/752
f 1667/4889/780 1726/4890/781 1727/4891/782
f 1722/4892/783 1733/4893/784 1734/4894/785
f 1671/4895/786 1730/4896/657 1731/4897/787
f 1668/4898/788 1727/4891/782 1728/4899/789
f 1723/4900/790 1734/4894/785 1735/4901/791
f 1665/4902/792 1736/4903/649 1725/4904/793
f 1732/4905/794 1671/4895/786 1731/4897/787
f 1669/4906/795 1728/4899/789 1729/4907/796
f 1724/4908/615 1735/4901/791 1736/4903/649
f 1666/4909/797 1725/4904/793 1726/4890/781
f 1721/4910/798 1732/4905/794 1733/4893/784
f 1670/4911/608 1729/4907/796 1730/4912/657
f 1422/4913/476 1411/4914/799 1410/4915/800
f 1415/4916/801 1404/4917/802 1403/4918/803
f 1418/4919/804 1407/4920/779 1406/4921/805
f 1421/4922/806 1410/4915/800 1409/4923/807
f 1414/4924/808 1403/4918/803 1402/4925/809
f 1412/4926/810 1413/4927/724 1401/4928/776
f 1405/4929/811 1418/4919/804 1406/4921/805
f 1420/4930/812 1409/4923/807 1408/4931/813
f 1401/4928/776 1414/4924/808 1402/4925/809
f 1423/4932/814 1412/4926/810 1411/4914/799
f 1404/4917/802 1417/4933/815 1405/4929/811
f 1407/4934/779 1420/4930/812 1408/4931/813
f 2168/2872/572 2155/2899/475 2156/2897/572
f 2175/2881/571 2162/2909/575 2163/2907/571
f 2165/2878/570 2164/2908/483 2153/2905/570
f 2172/2863/568 2159/2892/574 2160/2890/568
f 2168/2872/572 2157/2894/573 2169/2869/573
f 2175/2881/571 2164/2908/483 2176/2880/483
f 2165/2878/570 2154/2903/569 2166/2876/569
f 2173/2885/476 2160/2890/568 2161/2887/476
f 2169/2869/573 2158/2896/471 2170/2870/471
f 2166/2876/569 2155/2899/475 2167/2874/475
f 2173/2885/476 2162/2909/575 2174/2883/575
f 2170/2867/471 2159/2892/574 2171/2865/574
f 1973/4935/716 1417/4936/815 1416/4937/816
f 1974/4938/714 1416/4937/816 1415/4939/801
f 1414/4940/808 1974/4938/714 1415/4939/801
f 1413/4941/724 1975/4942/722 1414/4940/808
f 1965/4943/723 1413/4941/724 1424/4944/817
f 1966/4945/713 1424/4944/817 1423/4932/814
f 1969/4946/728 1421/4922/806 1420/4947/812
f 1419/4948/718 1969/4946/728 1420/4947/812
f 1971/4949/717 1419/4950/718 1418/4951/804
f 1417/4936/815 1971/4949/717 1418/4951/804
f 1990/4952/818 1400/4953/819 1989/4954/819
f 1989/4954/819 1389/4955/820 2000/4956/820
f 1389/4955/820 1999/4957/821 2000/4956/820
f 1390/4958/821 1998/4959/822 1999/4957/821
f 1391/4960/822 1997/4961/518 1998/4959/822
f 1392/4962/518 1996/4963/823 1997/4961/518
f 1996/4963/823 1394/4964/824 1995/4965/824
f 1394/4964/824 1994/4966/825 1995/4965/824
f 1395/4967/825 1993/4968/826 1994/4969/825
f 1396/4970/826 1992/4971/827 1993/4968/826
f 1405/4972/811 2121/4973/778 1404/4974/802
f 1403/4975/803 2121/4973/778 2122/4976/760
f 1402/4977/809 2122/4976/760 2123/4978/767
f 1401/4979/776 2123/4978/767 2124/4980/776
f 1401/4979/776 2113/4981/769 1412/4982/810
f 1411/4983/799 2113/4981/769 2114/4885/777
f 1410/4984/800 2114/4885/777 2115/4864/757
f 1410/4984/800 2116/4873/765 1409/4985/807
f 1408/4986/813 2116/4873/765 2117/4987/774
f 1407/4988/779 2117/4987/774 2118/4989/779
f 1407/4990/779 2119/4991/763 1406/4992/805
f 1406/4992/805 2120/4993/772 1405/4972/811
f 2138/4994/828 1386/4995/521 2139/4996/521
f 2137/4997/829 1387/4998/828 2138/4994/828
f 2137/4997/829 2152/4999/830 1388/5000/829
f 1507/5001/831 2152/4999/830 1508/5002/830
f 1506/5003/832 2151/5004/831 1507/5001/831
f 1506/5003/832 2149/5005/525 2150/5006/832
f 2144/5007/833 2149/5005/525 1505/5008/525
f 2144/5007/833 2147/5009/834 2148/5010/833
f 2143/5011/834 2146/5012/835 2147/5009/834
f 2141/5013/836 2146/5014/835 2142/5015/835
f 2140/5016/837 2145/5017/836 2141/5013/836
f 2140/5016/837 1386/4995/521 1385/5018/837
f 2133/5019/761 1713/5020/838 1712/5021/668
f 1711/5022/682 2133/5019/761 1712/5021/668
f 2135/5023/768 1711/5022/682 1710/5024/675
f 2136/5025/770 1710/5024/675 1709/5026/770
f 2125/5027/771 1709/5026/770 1720/5028/672
f 2126/5029/758 1720/5028/672 1719/5030/839
f 2127/5031/759 1719/5030/839 1718/4795/683
f 1717/4787/677 2127/5031/759 1718/4795/683
f 2129/5032/775 1717/4787/677 1716/5033/840
f 1715/5034/666 2129/5032/775 1716/5033/840
f 2131/5035/764 1715/5036/666 1714/5037/679
f 1713/5020/838 2131/5035/764 1714/5037/679
f 1695/5038/841 1511/5039/528 1694/5040/528
f 1696/5041/842 1510/5042/841 1695/5038/841
f 1925/5043/843 1509/5044/842 1696/5041/842
f 1926/5045/844 1520/5046/843 1925/5043/843
f 1927/5047/845 1519/5048/844 1926/5045/844
f 1927/5047/845 1517/5049/524 1518/5050/845
f 1689/5051/846 1517/5049/524 1928/5052/524
f 1690/5053/847 1516/5054/846 1689/5051/846
f 1691/5055/848 1515/5056/847 1690/5053/847
f 1692/5057/849 1514/5058/848 1691/5059/848
f 1693/5060/850 1513/5061/849 1692/5057/849
f 1694/5040/528 1512/5062/850 1693/5060/850
f 1700/5063/670 1640/5064/851 1641/5065/619
f 1699/5066/681 1641/5065/619 1642/5067/604
f 1698/5068/676 1642/5067/604 1643/5069/612
f 1644/5070/674 1698/5068/676 1643/5069/612
f 1708/5071/673 1644/5070/674 1633/5072/614
f 1634/5073/852 1708/5071/673 1633/5072/614
f 1637/5074/853 1705/5075/678 1636/4720/610
f 1638/5076/620 1704/5077/667 1637/5074/853
f 1702/5078/680 1638/5079/620 1639/5080/607
f 1640/5064/851 1702/5078/680 1639/5080/607
f 1681/5081/854 1923/5082/855 1682/5083/855
f 1428/5084/856 1924/5085/854 1681/5081/854
f 1427/5086/857 1913/5087/856 1428/5084/856
f 1427/5086/857 1915/5088/858 1914/5089/857
f 1425/5090/519 1915/5088/858 1426/5091/858
f 1688/5092/859 1916/5093/519 1425/5090/519
f 1688/5092/859 1918/5094/860 1917/5095/859
f 1686/5096/861 1918/5094/860 1687/5097/860
f 1686/5098/861 1920/5099/862 1919/5100/861
f 1684/5101/863 1920/5099/862 1685/5102/862
f 1676/5103/617 1721/5104/798 1677/5105/605
f 1678/5106/606 1721/5104/798 1722/5107/783
f 1678/5106/606 1723/5108/790 1679/5109/613
f 1679/5109/613 1724/5110/615 1680/5111/615
f 1645/5112/616 1724/5110/615 1665/5113/792
f 1666/4909/797 1645/5112/616 1665/5113/792
f 1647/5114/603 1666/4909/797 1667/4889/780
f 1668/4898/788 1647/5114/603 1667/4889/780
f 1673/5115/618 1668/4898/788 1669/5116/795
f 1674/5117/608 1669/5116/795 1670/5118/608
f 1675/5119/609 1670/5120/608 1671/5121/786
f 1672/5122/864 1675/5119/609 1671/5121/786
f 1739/5123/527 1430/5124/865 1431/5125/527
f 1738/5126/865 1429/5127/866 1430/5124/865
f 1737/5128/866 1440/5129/867 1429/5127/866
f 1440/5129/867 1939/5130/868 1439/5131/868
f 1939/5130/868 1438/5132/869 1439/5131/868
f 1438/5132/869 1937/5133/523 1437/5134/523
f 1437/5134/523 1744/5135/870 1436/5136/870
f 1744/5135/870 1435/5137/871 1436/5136/870
f 1435/5137/871 1742/5138/872 1434/5139/872
f 1742/5140/872 1433/5141/873 1434/5142/872
f 1741/5143/873 1432/5144/874 1433/5141/873
f 1740/5145/874 1431/5125/527 1432/5144/874
f 1732/5146/794 1880/5147/643 1733/5148/784
f 1733/5148/784 1879/5149/654 1734/5150/785
f 1734/5150/785 1878/5151/875 1735/5152/791
f 1736/5153/649 1878/5151/875 1877/5154/649
f 1725/5155/793 1877/5154/649 1888/5156/876
f 1726/5157/781 1888/5156/876 1887/4760/646
f 1726/5157/781 1886/5158/877 1727/5159/782
f 1728/5160/789 1886/5158/877 1885/4771/656
f 1728/5160/789 1884/5161/641 1729/5162/796
f 1729/5162/796 1883/5163/657 1730/5164/657
f 1730/5165/657 1882/5166/878 1731/5167/787
f 1731/5167/787 1881/5168/652 1732/5146/794
f 1943/5169/526 1863/5170/879 1942/5171/879
f 1863/5170/879 1941/5172/880 1942/5171/879
f 1941/5172/880 1853/5173/881 1952/5174/881
f 1952/5174/881 1854/5175/882 1951/5176/882
f 1854/5175/882 1950/5177/883 1951/5176/882
f 1855/5178/883 1949/5179/522 1950/5177/883
f 1856/5180/522 1948/5181/884 1949/5179/522
f 1857/5182/884 1947/5183/885 1948/5181/884
f 1858/5184/885 1946/5185/886 1947/5183/885
f 1859/5186/886 1945/5187/887 1946/5188/886
f 1860/5189/887 1944/5190/888 1945/5187/887
f 1944/5190/888 1862/5191/526 1943/5169/526
f 1868/5192/645 1472/5193/889 1473/5194/639
f 1474/5195/623 1868/5192/645 1473/5194/639
f 1866/5196/650 1474/5195/623 1475/5197/630
f 1865/5198/633 1475/5197/630 1476/5199/633
f 1465/5200/890 1865/5198/633 1476/5199/633
f 1875/5201/648 1465/5200/890 1466/4750/638
f 1872/5202/642 1468/5203/891 1469/5204/636
f 1470/5205/640 1872/5202/642 1469/5204/636
f 1471/5206/626 1871/5207/640 1470/5208/640
f 1869/5209/644 1471/5206/626 1472/5193/889
f 1489/5210/892 1851/5211/893 1490/5212/893
f 1489/5210/892 1841/5213/894 1852/5214/892
f 1499/5215/895 1841/5213/894 1500/5216/894
f 1498/5217/896 1842/5218/895 1499/5215/895
f 1498/5217/896 1844/5219/517 1843/5220/896
f 1496/5221/897 1844/5219/517 1497/5222/517
f 1495/5223/898 1845/5224/897 1496/5221/897
f 1494/5225/899 1846/5226/898 1495/5223/898
f 1493/5227/900 1847/5228/899 1494/5229/899
f 1493/5227/900 1849/5230/901 1848/5231/900
f 1484/5232/635 2104/5233/730 1485/5234/624
f 1486/5235/625 2104/5233/730 2103/5236/747
f 1487/5237/631 2103/5236/747 2102/5238/742
f 1488/5239/634 2102/5238/742 2101/5240/634
f 1488/5239/634 2112/5241/741 1477/5242/632
f 1478/5243/621 2112/5241/741 2111/4845/733
f 1479/5244/622 2111/4845/733 2110/4863/748
f 1479/5244/622 2109/4858/744 1480/5245/629
f 1481/5246/637 2109/4858/744 2108/5247/737
f 1481/5246/637 2107/5248/627 1482/5249/627
f 1482/5250/627 2106/5251/746 1483/5252/628
f 1483/5252/628 2105/5253/739 1484/5232/635
f 1503/5254/525 2087/5255/902 1502/5256/902
f 2087/5255/902 1501/5257/903 1502/5256/902
f 2088/5258/903 1536/5259/904 1501/5257/903
f 1536/5259/904 2078/5260/905 1535/5261/905
f 2078/5260/905 1534/5262/906 1535/5261/905
f 1534/5262/906 2080/5263/521 1533/5264/521
f 2080/5263/521 1532/5265/907 1533/5264/521
f 2081/5266/907 1531/5267/908 1532/5265/907
f 2082/5268/908 1530/5269/909 1531/5267/908
f 2083/5270/909 1529/5271/910 1530/5272/909
f 1529/5271/910 2085/5273/911 1504/5274/911
f 2085/5273/911 1503/5254/525 1504/5274/911
f 1753/5275/703 2093/5276/731 1752/5277/912
f 2091/5278/743 1753/5275/703 1754/5279/686
f 1755/5280/693 2091/5278/743 1754/5279/686
f 2089/5281/702 1755/5280/693 1756/5282/702
f 1745/5283/695 2089/5281/702 1756/5282/702
f 1746/5284/913 2100/5285/734 1745/5283/695
f 2098/5286/745 1746/5284/913 1747/4796/684
f 2097/5287/738 1747/4796/684 1748/5288/914
f 2096/5289/729 1748/5288/914 1749/5290/700
f 2095/5291/690 1749/5290/700 1750/5292/690
f 2094/5293/740 1750/5294/690 1751/5295/699
f 2093/5276/731 1751/5295/699 1752/5277/912
f 1771/5296/524 2075/5297/915 2074/5298/524
f 1769/5299/916 2075/5297/915 1770/5300/915
f 1780/5301/917 2076/5302/916 1769/5299/916
f 1780/5301/917 2066/5303/918 2065/5304/917
f 1778/5305/919 2066/5303/918 1779/5306/918
f 1777/5307/528 2067/5308/919 1778/5305/919
f 1776/5309/920 2068/5310/528 1777/5307/528
f 1775/5311/921 2069/5312/920 1776/5309/920
f 1774/5313/922 2070/5314/921 1775/5311/921
f 1774/5315/922 2072/5316/923 2071/5317/922
f 1772/5318/924 2072/5316/923 1773/5319/923
f 1771/5296/524 2073/5320/924 1772/5318/924
f 1765/5321/687 1625/5322/925 1624/5323/578
f 1766/5324/688 1624/5323/578 1623/5325/593
f 1767/5326/694 1623/5325/593 1622/5327/584
f 1621/5328/696 1767/5326/694 1622/5327/584
f 1632/5329/590 1768/5330/696 1621/5328/696
f 1631/4695/581 1757/5331/697 1632/5329/590
f 1761/5332/701 1629/4701/586 1628/5333/576
f 1627/5334/691 1761/5332/701 1628/5333/576
f 1763/5335/689 1627/5336/691 1626/5337/588
f 1625/5322/925 1763/5335/689 1626/5337/588
f 1608/5338/926 1782/5339/927 1607/5340/927
f 1597/5341/928 1781/5342/926 1608/5338/926
f 1597/5341/928 1791/5343/929 1792/5344/928
f 1599/5345/930 1791/5343/929 1598/5346/929
f 1600/5347/520 1790/5348/930 1599/5345/930
f 1601/5349/931 1789/5350/520 1600/5347/520
f 1601/5349/931 1787/5351/932 1788/5352/931
f 1603/5353/933 1787/5351/932 1602/5354/932
f 1604/5355/934 1786/5356/933 1603/5357/933
f 1605/5358/935 1785/5359/934 1604/5355/934
f 1611/5360/591 1376/5361/548 1375/5362/566
f 1610/5363/585 1375/5362/566 1374/5364/561
f 1373/5365/554 1610/5363/585 1374/5364/561
f 1620/5366/582 1373/5365/554 1384/5367/552
f 1619/5368/583 1384/5367/552 1383/5369/936
f 1382/4688/567 1619/5368/583 1383/5369/936
f 1381/4683/563 1618/5370/592 1382/4688/567
f 1616/5371/577 1381/4683/563 1380/5372/557
f 1379/5373/545 1616/5371/577 1380/5372/557
f 1614/5374/589 1379/5375/545 1378/5376/565
f 1377/5377/559 1614/5374/589 1378/5376/565
f 1612/5378/580 1377/5377/559 1376/5361/548
f 1360/5379/937 1595/5380/938 1359/5381/938
f 1349/5382/939 1596/5383/937 1360/5379/937
f 1349/5382/939 1586/5384/940 1585/5385/939
f 1350/5386/940 1587/5387/941 1586/5384/940
f 1351/5388/941 1588/5389/527 1587/5387/941
f 1353/5390/942 1588/5389/527 1352/5391/527
f 1354/5392/943 1589/5393/942 1353/5390/942
f 1355/5394/944 1590/5395/943 1354/5392/943
f 1355/5396/944 1592/5397/945 1591/5398/944
f 1357/5399/946 1592/5397/945 1356/5400/945
f 1357/5399/946 1594/5401/523 1593/5402/946
f 1359/5381/938 1594/5401/523 1358/5403/523
f 1364/5404/550 1936/5405/947 1961/5406/715
f 1364/5404/550 1962/5407/948 1363/5408/562
f 1363/5408/562 1963/5409/721 1362/5410/555
f 1361/5411/556 1963/5409/721 1964/5412/556
f 1372/5413/553 1964/5412/556 1929/5414/949
f 1371/5415/551 1929/5414/949 1930/4819/712
f 1371/5415/551 1931/5416/950 1370/5417/564
f 1370/5417/564 1932/4827/719 1369/5418/558
f 1369/5418/558 1933/5419/727 1368/5420/546
f 1368/5420/546 1934/5421/547 1367/5422/547
f 1367/5423/547 1935/5424/726 1366/5425/560
f 1366/5425/560 1936/5405/947 1365/5426/549
f 1978/5427/951 1348/5428/952 1347/5429/951
f 1348/5428/952 1988/5430/953 1337/5431/953
f 1988/5430/953 1338/5432/954 1337/5431/953
f 1987/5433/954 1339/5434/955 1338/5432/954
f 1986/5435/955 1340/5436/526 1339/5434/955
f 1340/5436/526 1984/5437/956 1341/5438/956
f 1984/5437/956 1342/5439/957 1341/5438/956
f 1983/5440/957 1343/5441/958 1342/5439/957
f 1982/5442/958 1344/5443/959 1343/5444/958
f 1344/5443/959 1980/5445/960 1345/5446/960
f 1980/5445/960 1346/5447/522 1345/5446/960
f 1346/5447/522 1978/5427/951 1347/5429/951
f 2287/5448/961 2289/5449/519 2286/5450/519
f 2286/5450/519 2290/5451/962 2285/5452/962
f 2293/5453/963 2295/5454/520 2292/5455/520
f 2291/5456/964 2295/5454/520 2296/5457/964
f 2299/5458/965 2301/5459/517 2298/5460/517
f 2297/5461/966 2301/5459/517 2302/5462/966
f 2305/5463/967 2307/5464/518 2304/5465/518
f 2304/5465/518 2308/5466/968 2303/5467/968
f 2274/4381/535 2309/5468/531 2273/3116/531
f 2281/3101/483 2316/5469/529 2280/4374/529
f 2278/3107/472 2313/5470/536 2277/4377/536
f 2275/4380/471 2310/5471/535 2274/3114/535
f 2282/3099/533 2317/5472/483 2281/4373/483
f 2279/3105/530 2314/5473/472 2278/4376/472
f 2276/4379/534 2311/5474/471 2275/3111/471
f 2283/3097/532 2318/5475/533 2282/4372/533
f 2273/3118/531 2320/5476/473 2284/4382/473
f 2280/3103/529 2315/5477/530 2279/4375/530
f 2277/3109/536 2312/5478/534 2276/4378/534
f 2284/3094/473 2319/5479/532 2283/4371/532
f 2326/5480/969 2333/5481/471 2325/5482/970
f 2324/5483/971 2331/5484/484 2323/5485/518
f 2322/5486/972 2329/5487/483 2321/5488/973
f 2321/5488/973 2336/5489/512 2328/5490/974
f 2327/5491/975 2334/5492/510 2326/5480/969
f 2325/5482/970 2332/5493/511 2324/5483/971
f 2323/5494/518 2330/5495/509 2322/5486/972
f 2328/5490/974 2335/5496/482 2327/5491/975
f 2326/5497/969 2340/5498/976 2341/5499/977
f 2321/5500/973 2338/5501/978 2322/5502/972
f 2328/5503/974 2337/5504/979 2321/5500/973
f 2326/5497/969 2342/5505/517 2327/5491/975
f 2325/5506/970 2339/5507/980 2340/5498/976
f 2328/5503/974 2342/5505/517 2343/5508/981
f 2341/5499/977 2347/5509/982 2348/5510/983
f 2338/5501/978 2344/5511/984 2345/5512/985
f 2343/5508/981 2344/5511/984 2337/5504/979
f 2341/5499/977 2349/5513/986 2342/5505/517
f 2339/5507/980 2347/5509/982 2340/5498/976
f 2343/5508/981 2349/5513/986 2350/5514/987
f 2322/5502/972 2338/5501/978 2323/5515/518
f 2338/5501/978 2345/5512/985 2323/5515/518
f 2323/5516/518 2339/5507/980 2324/5517/971
f 2339/5507/980 2323/5516/518 2346/5518/988
f 2344/5519/984 2353/5520/491 2345/5521/985
f 2323/5522/518 2354/5523/513 2346/5524/988
f 2350/5525/987 2352/5526/483 2344/5519/984
f 2345/5521/985 2351/5527/472 2323/5528/518
f 2348/5529/983 2357/5530/473 2349/5513/986
f 2346/5524/988 2355/5531/471 2347/5532/982
f 2349/5513/986 2358/5533/514 2350/5525/987
f 2347/5532/982 2356/5534/492 2348/5529/983
f 2364/5535/989 2371/5536/483 2363/5537/990
f 2362/5538/991 2369/5539/484 2361/5540/520
f 2360/5541/992 2367/5542/471 2359/5543/993
f 2359/5543/993 2374/5544/510 2366/5545/994
f 2365/5546/995 2372/5547/512 2364/5535/989
f 2363/5537/990 2370/5548/509 2362/5538/991
f 2361/5549/520 2368/5550/511 2360/5541/992
f 2366/5545/994 2373/5551/482 2365/5546/995
f 2364/5552/989 2378/5553/996 2379/5554/997
f 2359/5555/993 2376/5556/998 2360/5557/992
f 2366/5558/994 2375/5559/999 2359/5555/993
f 2364/5552/989 2380/5560/519 2365/5546/995
f 2363/5561/990 2377/5562/1000 2378/5553/996
f 2365/5546/995 2381/5563/1001 2366/5558/994
f 2379/5554/997 2385/5564/1002 2386/5565/1003
f 2376/5556/998 2382/5566/1004 2383/5567/1005
f 2381/5563/1001 2382/5566/1004 2375/5559/999
f 2379/5554/997 2387/5568/1006 2380/5560/519
f 2377/5562/1000 2385/5564/1002 2378/5553/996
f 2380/5560/519 2388/5569/1007 2381/5563/1001
f 2360/5557/992 2376/5556/998 2361/5570/520
f 2376/5556/998 2383/5567/1005 2361/5570/520
f 2361/5571/520 2377/5562/1000 2362/5572/991
f 2377/5562/1000 2361/5571/520 2384/5573/1008
f 2382/5574/1004 2391/5575/492 2383/5576/1005
f 2361/5577/520 2392/5578/514 2384/5579/1008
f 2388/5580/1007 2390/5581/471 2382/5574/1004
f 2383/5576/1005 2389/5582/473 2361/5583/520
f 2386/5584/1003 2395/5585/472 2387/5568/1006
f 2384/5579/1008 2393/5586/483 2385/5587/1002
f 2387/5568/1006 2396/5588/513 2388/5580/1007
f 2385/5587/1002 2394/5589/491 2386/5584/1003
f 2494/5590/481 2505/5591/473 2493/5592/473
f 2501/5593/477 2512/5594/478 2500/5595/478
f 2498/5596/476 2509/5597/480 2497/5598/480
f 2493/5592/473 2516/5599/475 2504/5600/475
f 2495/5601/474 2506/5602/481 2494/5590/481
f 2502/5603/482 2513/5604/477 2501/5593/477
f 2499/5605/472 2510/5606/476 2498/5596/476
f 2496/5607/484 2507/5608/474 2495/5601/474
f 2503/5609/479 2514/5610/482 2502/5603/482
f 2500/5595/478 2511/5611/472 2499/5605/472
f 2497/5598/480 2508/5612/484 2496/5613/484
f 2504/5600/475 2515/5614/479 2503/5609/479
f 2518/5615/481 2529/5616/473 2517/5617/473
f 2525/5618/477 2536/5619/478 2524/5620/478
f 2522/5621/476 2533/5622/480 2521/5623/480
f 2517/5617/473 2540/5624/475 2528/5625/475
f 2519/5626/474 2530/5627/481 2518/5615/481
f 2526/5628/482 2537/5629/477 2525/5618/477
f 2523/5630/472 2534/5631/476 2522/5621/476
f 2520/5632/484 2531/5633/474 2519/5626/474
f 2527/5634/479 2538/5635/482 2526/5628/482
f 2524/5620/478 2535/5636/472 2523/5630/472
f 2521/5623/480 2532/5637/484 2520/5638/484
f 2528/5625/475 2539/5639/479 2527/5634/479
f 2603/3342/1009 2597/5640/1010 2599/3340/1010
f 2604/3341/1011 2598/4445/1012 2602/3345/1011
f 2608/3344/1013 2609/3352/1014 2605/3347/1013
f 2601/5641/1009 2606/3348/1015 2607/5642/1015
f 2602/3345/1011 2605/3347/1013 2604/3341/1011
f 2607/5642/1015 2610/3349/1016 2611/5643/1016
f 2612/3351/1014 2613/4447/1017 2609/3352/1014
f 2610/3349/1016 2615/5644/1018 2611/5643/1016
f 2623/3339/1019 2617/5645/1020 2619/3337/1020
f 2624/3338/1021 2618/4448/1022 2622/3358/1021
f 2628/3357/1023 2629/3365/1024 2625/3360/1023
f 2621/5646/1019 2626/3361/1025 2627/5647/1025
f 2622/3358/1021 2625/3360/1023 2624/3338/1021
f 2627/5647/1025 2630/3362/1026 2631/5648/1026
f 2632/3364/1024 2633/4450/1027 2629/3365/1024
f 2631/5648/1026 2634/3366/1028 2635/5649/1028
f 2704/3553/536 2729/4488/534 2705/3554/534
f 2690/4470/531 2713/3504/535 2689/3474/535
f 2685/3485/472 2720/3519/530 2696/3486/530
f 2703/3550/472 2728/4489/536 2704/3551/536
f 2689/4471/535 2712/3507/471 2688/3476/471
f 2696/3488/530 2719/3522/529 2695/3489/529
f 2702/3547/530 2727/4478/472 2703/3548/472
f 2688/4472/471 2711/3508/534 2687/3478/534
f 2695/3491/529 2718/3525/483 2694/3492/483
f 2701/3544/529 2726/4479/530 2702/3545/530
f 2687/4473/534 2709/3511/536 2686/3480/536
f 2708/3565/531 2722/4484/473 2697/3566/473
f 2697/3568/473 2721/4483/532 2698/3569/532
f 2691/4469/473 2714/3501/531 2690/3472/531
f 2705/3556/534 2730/4487/471 2706/3557/471
f 2698/3535/532 2723/3512/533 2699/3536/533
f 2692/4477/532 2715/3534/473 2691/3498/473
f 2706/3559/471 2731/4486/535 2707/3560/535
f 2699/3538/533 2724/3509/483 2700/3539/483
f 2693/4476/533 2716/3531/532 2692/3496/532
f 2707/3562/535 2732/4485/531 2708/3563/531
f 2686/4474/536 2710/3516/472 2685/3482/472
f 2700/3541/483 2725/4480/529 2701/3542/529
f 2694/3494/483 2717/3528/533 2693/3495/533
f 2835/5650/969 2842/5651/471 2834/5652/970
f 2833/5653/971 2840/5654/484 2832/5655/518
f 2831/5656/972 2838/5657/483 2830/5658/973
f 2830/5658/973 2845/5659/512 2837/5660/974
f 2836/5661/975 2843/5662/510 2835/5650/969
f 2834/5652/970 2841/5663/511 2833/5653/971
f 2832/5664/518 2839/5665/509 2831/5656/972
f 2837/5660/974 2844/5666/482 2836/5661/975
f 2835/5667/969 2849/5668/976 2850/5669/977
f 2830/5670/973 2847/5671/978 2831/5672/972
f 2837/5673/974 2846/5674/979 2830/5670/973
f 2835/5667/969 2851/5675/517 2836/5661/975
f 2834/5676/970 2848/5677/980 2849/5668/976
f 2837/5673/974 2851/5675/517 2852/5678/981
f 2850/5669/977 2856/5679/982 2857/5680/983
f 2847/5671/978 2853/5681/984 2854/5682/985
f 2852/5678/981 2853/5681/984 2846/5674/979
f 2850/5669/977 2858/5683/986 2851/5675/517
f 2848/5677/980 2856/5679/982 2849/5668/976
f 2852/5678/981 2858/5683/986 2859/5684/987
f 2831/5672/972 2847/5671/978 2832/5685/518
f 2847/5671/978 2854/5682/985 2832/5685/518
f 2832/5686/518 2848/5677/980 2833/5687/971
f 2848/5677/980 2832/5686/518 2855/5688/988
f 2853/5689/984 2862/5690/491 2854/5691/985
f 2832/5692/518 2863/5693/513 2855/5694/988
f 2859/5695/987 2861/5696/483 2853/5689/984
f 2854/5691/985 2860/5697/472 2832/5698/518
f 2857/5699/983 2866/5700/473 2858/5683/986
f 2855/5694/988 2864/5701/471 2856/5702/982
f 2858/5683/986 2867/5703/514 2859/5695/987
f 2856/5702/982 2865/5704/492 2857/5699/983
f 2873/5705/989 2880/5706/483 2872/5707/990
f 2871/5708/991 2878/5709/484 2870/5710/520
f 2869/5711/992 2876/5712/471 2868/5713/993
f 2868/5713/993 2883/5714/510 2875/5715/994
f 2874/5716/995 2881/5717/512 2873/5705/989
f 2872/5707/990 2879/5718/509 2871/5708/991
f 2870/5719/520 2877/5720/511 2869/5711/992
f 2875/5715/994 2882/5721/482 2874/5716/995
f 2873/5722/989 2887/5723/996 2888/5724/997
f 2868/5725/993 2885/5726/998 2869/5727/992
f 2875/5728/994 2884/5729/999 2868/5725/993
f 2873/5722/989 2889/5730/519 2874/5716/995
f 2872/5731/990 2886/5732/1000 2887/5723/996
f 2875/5728/994 2889/5730/519 2890/5733/1001
f 2888/5724/997 2894/5734/1002 2895/5735/1003
f 2885/5726/998 2891/5736/1004 2892/5737/1005
f 2890/5733/1001 2891/5736/1004 2884/5729/999
f 2888/5724/997 2896/5738/1006 2889/5730/519
f 2886/5732/1000 2894/5734/1002 2887/5723/996
f 2889/5730/519 2897/5739/1007 2890/5733/1001
f 2869/5727/992 2885/5726/998 2870/5740/520
f 2885/5726/998 2892/5737/1005 2870/5740/520
f 2870/5741/520 2886/5732/1000 2871/5742/991
f 2886/5732/1000 2870/5741/520 2893/5743/1008
f 2891/5744/1004 2900/5745/492 2892/5746/1005
f 2870/5747/520 2901/5748/514 2893/5749/1008
f 2897/5750/1007 2899/5751/471 2891/5744/1004
f 2892/5746/1005 2898/5752/473 2870/5753/520
f 2895/5754/1003 2904/5755/472 2896/5738/1006
f 2893/5749/1008 2902/5756/483 2894/5757/1002
f 2896/5738/1006 2905/5758/513 2897/5750/1007
f 2894/5757/1002 2903/5759/491 2895/5754/1003
f 2911/5760/1029 2918/5761/471 2910/5762/1030
f 2909/5763/1031 2916/5764/482 2908/5765/517
f 2907/5766/1032 2914/5767/483 2906/5768/1033
f 2906/5768/1033 2921/5769/509 2913/5770/1034
f 2912/5771/1035 2919/5772/511 2911/5760/1029
f 2909/5763/1031 2918/5761/471 2917/5773/510
f 2908/5774/517 2915/5775/512 2907/5766/1032
f 2913/5770/1034 2920/5776/484 2912/5771/1035
f 2911/5777/1029 2925/5778/1036 2926/5779/1037
f 2907/5780/1032 2922/5781/1038 2923/5782/1039
f 2913/5783/1034 2922/5781/1038 2906/5784/1033
f 2912/5771/1035 2926/5779/1037 2927/5785/518
f 2910/5786/1030 2924/5787/1040 2925/5778/1036
f 2912/5771/1035 2928/5788/1041 2913/5783/1034
f 2925/5778/1036 2933/5789/1042 2926/5779/1037
f 2923/5782/1039 2929/5790/1043 2930/5791/1044
f 2928/5788/1041 2929/5790/1043 2922/5781/1038
f 2926/5779/1037 2934/5792/1045 2927/5785/518
f 2924/5787/1040 2932/5793/1046 2925/5778/1036
f 2928/5788/1041 2934/5792/1045 2935/5794/1047
f 2907/5780/1032 2923/5782/1039 2908/5795/517
f 2923/5782/1039 2930/5791/1044 2908/5795/517
f 2908/5796/517 2924/5787/1040 2909/5797/1031
f 2924/5787/1040 2908/5796/517 2931/5798/1048
f 2929/5799/1043 2938/5800/514 2930/5801/1044
f 2908/5802/517 2939/5803/492 2931/5804/1048
f 2935/5805/1047 2937/5806/483 2929/5799/1043
f 2930/5801/1044 2936/5807/473 2908/5808/517
f 2933/5809/1042 2942/5810/472 2934/5792/1045
f 2931/5804/1048 2940/5811/471 2932/5812/1046
f 2934/5792/1045 2943/5813/491 2935/5805/1047
f 2932/5812/1046 2941/5814/513 2933/5809/1042
f 2949/5815/1049 2956/5816/483 2948/5817/1050
f 2947/5818/1051 2954/5819/482 2946/5820/519
f 2944/5821/1052 2953/5822/510 2952/5823/471
f 2944/5821/1052 2959/5824/511 2951/5825/1053
f 2950/5826/1054 2957/5827/509 2949/5815/1049
f 2948/5817/1050 2955/5828/512 2947/5818/1051
f 2946/5829/519 2953/5822/510 2945/5830/1055
f 2951/5825/1053 2958/5831/484 2950/5826/1054
f 2948/5832/1050 2964/5833/1056 2949/5834/1049
f 2944/5835/1052 2961/5836/1057 2945/5837/1055
f 2944/5835/1052 2966/5838/1058 2960/5839/1059
f 2949/5834/1049 2965/5840/520 2950/5826/1054
f 2948/5832/1050 2962/5841/1060 2963/5842/1061
f 2950/5826/1054 2966/5838/1058 2951/5843/1053
f 2964/5833/1056 2970/5844/1062 2971/5845/1063
f 2961/5836/1057 2967/5846/1064 2968/5847/1065
f 2966/5838/1058 2967/5846/1064 2960/5839/1059
f 2964/5833/1056 2972/5848/1066 2965/5840/520
f 2962/5841/1060 2970/5844/1062 2963/5842/1061
f 2966/5838/1058 2972/5848/1066 2973/5849/1067
f 2945/5837/1055 2961/5836/1057 2946/5850/519
f 2961/5836/1057 2968/5847/1065 2946/5850/519
f 2946/5851/519 2962/5841/1060 2947/5852/1051
f 2962/5841/1060 2946/5851/519 2969/5853/1068
f 2967/5854/1064 2976/5855/513 2968/5856/1065
f 2946/5857/519 2977/5858/491 2969/5859/1068
f 2973/5860/1067 2975/5861/471 2967/5854/1064
f 2968/5856/1065 2974/5862/472 2946/5863/519
f 2971/5864/1063 2980/5865/473 2972/5848/1066
f 2969/5859/1068 2978/5866/483 2970/5867/1062
f 2972/5848/1066 2981/5868/492 2973/5860/1067
f 2970/5867/1062 2979/5869/514 2971/5864/1063
f 2987/5870/1029 2994/5871/471 2986/5872/1030
f 2985/5873/1031 2992/5874/482 2984/5875/517
f 2983/5876/1032 2990/5877/483 2982/5878/1033
f 2982/5878/1033 2997/5879/509 2989/5880/1034
f 2988/5881/1035 2995/5882/511 2987/5870/1029
f 2985/5873/1031 2994/5871/471 2993/5883/510
f 2984/5884/517 2991/5885/512 2983/5876/1032
f 2989/5880/1034 2996/5886/484 2988/5881/1035
f 2987/5887/1029 3001/5888/1036 3002/5889/1037
f 2983/5890/1032 2998/5891/1038 2999/5892/1039
f 2989/5893/1034 2998/5891/1038 2982/5894/1033
f 2987/5887/1029 3003/5895/518 2988/5881/1035
f 2986/5896/1030 3000/5897/1040 3001/5888/1036
f 2988/5881/1035 3004/5898/1041 2989/5893/1034
f 3001/5888/1036 3009/5899/1042 3002/5889/1037
f 2999/5892/1039 3005/5900/1043 3006/5901/1044
f 3004/5898/1041 3005/5900/1043 2998/5891/1038
f 3002/5889/1037 3010/5902/1045 3003/5895/518
f 3000/5897/1040 3008/5903/1046 3001/5888/1036
f 3004/5898/1041 3010/5902/1045 3011/5904/1047
f 2983/5890/1032 2999/5892/1039 2984/5905/517
f 2999/5892/1039 3006/5901/1044 2984/5905/517
f 2984/5906/517 3000/5897/1040 2985/5907/1031
f 3000/5897/1040 2984/5906/517 3007/5908/1048
f 3005/5909/1043 3014/5910/514 3006/5911/1044
f 2984/5912/517 3015/5913/492 3007/5914/1048
f 3011/5915/1047 3013/5916/483 3005/5909/1043
f 3006/5911/1044 3012/5917/473 2984/5918/517
f 3009/5919/1042 3018/5920/472 3010/5902/1045
f 3007/5914/1048 3016/5921/471 3008/5922/1046
f 3010/5902/1045 3019/5923/491 3011/5915/1047
f 3008/5922/1046 3017/5924/513 3009/5919/1042
f 3025/5925/1049 3032/5926/483 3024/5927/1050
f 3023/5928/1051 3030/5929/482 3022/5930/519
f 3020/5931/1052 3029/5932/510 3028/5933/471
f 3020/5931/1052 3035/5934/511 3027/5935/1053
f 3026/5936/1054 3033/5937/509 3025/5925/1049
f 3024/5927/1050 3031/5938/512 3023/5928/1051
f 3022/5939/519 3029/5932/510 3021/5940/1055
f 3027/5935/1053 3034/5941/484 3026/5936/1054
f 3024/5942/1050 3040/5943/1056 3025/5944/1049
f 3020/5945/1052 3037/5946/1057 3021/5947/1055
f 3020/5945/1052 3042/5948/1058 3036/5949/1059
f 3025/5944/1049 3041/5950/520 3026/5936/1054
f 3024/5942/1050 3038/5951/1060 3039/5952/1061
f 3026/5936/1054 3042/5948/1058 3027/5953/1053
f 3040/5943/1056 3046/5954/1062 3047/5955/1063
f 3037/5946/1057 3043/5956/1064 3044/5957/1065
f 3042/5948/1058 3043/5956/1064 3036/5949/1059
f 3040/5943/1056 3048/5958/1066 3041/5950/520
f 3038/5951/1060 3046/5954/1062 3039/5952/1061
f 3042/5948/1058 3048/5958/1066 3049/5959/1067
f 3021/5947/1055 3037/5946/1057 3022/5960/519
f 3037/5946/1057 3044/5957/1065 3022/5960/519
f 3022/5961/519 3038/5951/1060 3023/5962/1051
f 3038/5951/1060 3022/5961/519 3045/5963/1068
f 3043/5964/1064 3052/5965/513 3044/5966/1065
f 3022/5967/519 3053/5968/491 3045/5969/1068
f 3049/5970/1067 3051/5971/471 3043/5964/1064
f 3044/5966/1065 3050/5972/472 3022/5973/519
f 3047/5974/1063 3056/5975/473 3048/5958/1066
f 3045/5969/1068 3054/5976/483 3046/5977/1062
f 3048/5958/1066 3057/5978/492 3049/5970/1067
f 3046/5977/1062 3055/5979/514 3047/5974/1063
f 3063/5980/1067 3070/5981/471 3062/5982/1064
f 3061/5983/1065 3068/5984/472 3060/5985/519
f 3059/5986/1068 3066/5987/483 3058/5988/1062
f 3058/5988/1062 3073/5989/514 3065/5990/1063
f 3064/5991/1066 3071/5992/492 3063/5980/1067
f 3062/5982/1064 3069/5993/513 3061/5983/1065
f 3060/5994/519 3067/5995/491 3059/5986/1068
f 3065/5990/1063 3072/5996/473 3064/5991/1066
f 3063/5997/1067 3077/5998/1059 3078/5999/1058
f 3058/6000/1062 3075/6001/1060 3059/6002/1068
f 3065/6003/1063 3074/6004/1061 3058/6000/1062
f 3064/5991/1066 3078/5999/1058 3079/6005/520
f 3062/6006/1064 3076/6007/1057 3077/5998/1059
f 3064/5991/1066 3080/6008/1056 3065/6003/1063
f 3077/5998/1059 3085/6009/1053 3078/5999/1058
f 3075/6001/1060 3081/6010/1050 3082/6011/1051
f 3074/6004/1061 3087/6012/1049 3081/6010/1050
f 3079/6005/520 3085/6009/1053 3086/6013/1054
f 3076/6007/1057 3084/6014/1052 3077/5998/1059
f 3079/6005/520 3087/6012/1049 3080/6008/1056
f 3059/6002/1068 3075/6001/1060 3060/6015/519
f 3075/6001/1060 3082/6011/1051 3060/6015/519
f 3060/6016/519 3076/6007/1057 3061/6017/1065
f 3076/6007/1057 3060/6016/519 3083/6018/1055
f 3081/6019/1050 3090/6020/512 3082/6021/1051
f 3060/6022/519 3091/6023/510 3083/6024/1055
f 3087/6025/1049 3089/6026/483 3081/6019/1050
f 3082/6021/1051 3088/6027/482 3060/6028/519
f 3085/6029/1053 3094/6030/484 3086/6013/1054
f 3083/6024/1055 3092/6031/471 3084/6032/1052
f 3086/6013/1054 3095/6033/509 3087/6025/1049
f 3084/6032/1052 3093/6034/511 3085/6029/1053
f 3101/6035/987 3108/6036/483 3100/6037/984
f 3099/6038/985 3106/6039/472 3098/6040/518
f 3097/6041/988 3104/6042/471 3096/6043/982
f 3103/6044/983 3104/6042/471 3111/6045/492
f 3102/6046/986 3109/6047/514 3101/6035/987
f 3100/6037/984 3107/6048/491 3099/6038/985
f 3098/6049/518 3105/6050/513 3097/6041/988
f 3103/6044/983 3110/6051/473 3102/6046/986
f 3101/6052/987 3115/6053/979 3116/6054/1069
f 3096/6055/982 3113/6056/980 3097/6057/988
f 3103/6058/983 3112/6059/976 3096/6055/982
f 3101/6052/987 3117/6060/517 3102/6046/986
f 3100/6061/984 3114/6062/978 3115/6053/979
f 3103/6058/983 3117/6060/517 3118/6063/977
f 3116/6054/1069 3122/6064/973 3123/6065/974
f 3113/6056/980 3119/6066/970 3120/6067/971
f 3118/6063/977 3119/6066/970 3112/6059/976
f 3116/6054/1069 3124/6068/975 3117/6060/517
f 3114/6062/978 3122/6064/973 3115/6053/979
f 3118/6063/977 3124/6068/975 3125/6069/969
f 3097/6057/988 3113/6056/980 3098/6070/518
f 3113/6056/980 3120/6067/971 3098/6070/518
f 3098/6071/518 3114/6062/978 3099/6072/985
f 3114/6062/978 3098/6071/518 3121/6073/972
f 3119/6074/970 3128/6075/511 3120/6076/971
f 3098/6077/518 3129/6078/509 3121/6079/972
f 3125/6080/969 3127/6081/471 3119/6074/970
f 3120/6076/971 3126/6082/484 3098/6083/518
f 3123/6084/974 3132/6085/482 3124/6068/975
f 3121/6079/972 3130/6086/483 3122/6087/973
f 3125/6080/969 3132/6085/482 3133/6088/510
f 3122/6087/973 3131/6089/512 3123/6084/974
f 3139/6090/1067 3146/6091/471 3138/6092/1064
f 3137/6093/1065 3144/6094/472 3136/6095/519
f 3135/6096/1068 3142/6097/483 3134/6098/1062
f 3134/6098/1062 3149/6099/514 3141/6100/1063
f 3140/6101/1066 3147/6102/492 3139/6090/1067
f 3138/6092/1064 3145/6103/513 3137/6093/1065
f 3136/6104/519 3143/6105/491 3135/6096/1068
f 3141/6100/1063 3148/6106/473 3140/6101/1066
f 3139/6107/1067 3153/6108/1059 3154/6109/1058
f 3134/6110/1062 3151/6111/1060 3135/6112/1068
f 3141/6113/1063 3150/6114/1061 3134/6110/1062
f 3140/6101/1066 3154/6109/1058 3155/6115/520
f 3138/6116/1064 3152/6117/1057 3153/6108/1059
f 3140/6101/1066 3156/6118/1056 3141/6113/1063
f 3153/6108/1059 3161/6119/1053 3154/6109/1058
f 3151/6111/1060 3157/6120/1050 3158/6121/1051
f 3150/6114/1061 3163/6122/1049 3157/6120/1050
f 3155/6115/520 3161/6119/1053 3162/6123/1054
f 3152/6117/1057 3160/6124/1052 3153/6108/1059
f 3155/6115/520 3163/6122/1049 3156/6118/1056
f 3135/6112/1068 3151/6111/1060 3136/6125/519
f 3151/6111/1060 3158/6121/1051 3136/6125/519
f 3136/6126/519 3152/6117/1057 3137/6127/1065
f 3152/6117/1057 3136/6126/519 3159/6128/1055
f 3157/6129/1050 3166/6130/512 3158/6131/1051
f 3136/6132/519 3167/6133/510 3159/6134/1055
f 3163/6135/1049 3165/6136/483 3157/6129/1050
f 3158/6131/1051 3164/6137/482 3136/6138/519
f 3161/6139/1053 3170/6140/484 3162/6123/1054
f 3159/6134/1055 3168/6141/471 3160/6142/1052
f 3162/6123/1054 3171/6143/509 3163/6135/1049
f 3160/6142/1052 3169/6144/511 3161/6139/1053
f 3177/6145/987 3184/6146/483 3176/6147/984
f 3175/6148/985 3182/6149/472 3174/6150/518
f 3172/6151/982 3181/6152/513 3180/6153/471
f 3179/6154/983 3180/6153/471 3187/6155/492
f 3178/6156/986 3185/6157/514 3177/6145/987
f 3176/6147/984 3183/6158/491 3175/6148/985
f 3174/6159/518 3181/6152/513 3173/6160/988
f 3179/6154/983 3186/6161/473 3178/6156/986
f 3177/6162/987 3191/6163/979 3192/6164/981
f 3172/6165/982 3189/6166/980 3173/6167/988
f 3179/6168/983 3188/6169/976 3172/6165/982
f 3177/6162/987 3193/6170/517 3178/6156/986
f 3176/6171/984 3190/6172/978 3191/6163/979
f 3179/6168/983 3193/6170/517 3194/6173/977
f 3192/6164/981 3198/6174/973 3199/6175/974
f 3189/6166/980 3195/6176/970 3196/6177/971
f 3194/6173/977 3195/6176/970 3188/6169/976
f 3192/6164/981 3200/6178/975 3193/6170/517
f 3190/6172/978 3198/6174/973 3191/6163/979
f 3194/6173/977 3200/6178/975 3201/6179/969
f 3173/6167/988 3189/6166/980 3174/6180/518
f 3189/6166/980 3196/6177/971 3174/6180/518
f 3174/6181/518 3190/6172/978 3175/6182/985
f 3190/6172/978 3174/6181/518 3197/6183/972
f 3195/6184/970 3204/6185/511 3196/6186/971
f 3174/6187/518 3205/6188/509 3197/6189/972
f 3201/6190/969 3203/6191/471 3195/6184/970
f 3196/6186/971 3202/6192/484 3174/6193/518
f 3199/6194/974 3208/6195/482 3200/6178/975
f 3197/6189/972 3206/6196/483 3198/6197/973
f 3201/6190/969 3208/6195/482 3209/6198/510
f 3198/6197/973 3207/6199/512 3199/6194/974
f 3215/6200/1007 3222/6201/471 3214/6202/1004
f 3213/6203/1005 3220/6204/473 3212/6205/520
f 3211/6206/1008 3218/6207/483 3210/6208/1002
f 3210/6208/1002 3225/6209/491 3217/6210/1003
f 3216/6211/1006 3223/6212/513 3215/6200/1007
f 3214/6202/1004 3221/6213/492 3213/6203/1005
f 3212/6214/520 3219/6215/514 3211/6206/1008
f 3217/6210/1003 3224/6216/472 3216/6211/1006
f 3215/6217/1007 3229/6218/999 3230/6219/1001
f 3211/6220/1008 3226/6221/996 3227/6222/1000
f 3217/6223/1003 3226/6221/996 3210/6224/1002
f 3216/6211/1006 3230/6219/1001 3231/6225/519
f 3213/6226/1005 3229/6218/999 3214/6227/1004
f 3216/6211/1006 3232/6228/1070 3217/6223/1003
f 3230/6219/1001 3236/6229/993 3237/6230/994
f 3226/6221/996 3234/6231/991 3227/6222/1000
f 3232/6228/1070 3233/6232/990 3226/6221/996
f 3230/6219/1001 3238/6233/995 3231/6225/519
f 3229/6218/999 3235/6234/992 3236/6229/993
f 3231/6225/519 3239/6235/989 3232/6228/1070
f 3211/6220/1008 3227/6222/1000 3212/6236/520
f 3227/6222/1000 3234/6231/991 3212/6236/520
f 3212/6237/520 3228/6238/998 3213/6226/1005
f 3228/6238/998 3212/6237/520 3235/6234/992
f 3233/6239/990 3242/6240/509 3234/6241/991
f 3212/6242/520 3243/6243/511 3235/6244/992
f 3239/6245/989 3241/6246/483 3233/6239/990
f 3234/6241/991 3240/6247/484 3212/6248/520
f 3237/6249/994 3246/6250/482 3238/6233/995
f 3235/6244/992 3244/6251/471 3236/6252/993
f 3238/6233/995 3247/6253/512 3239/6245/989
f 3236/6252/993 3245/6254/510 3237/6249/994
f 3253/6255/1047 3260/6256/483 3252/6257/1043
f 3251/6258/1044 3258/6259/473 3250/6260/517
f 3248/6261/1046 3257/6262/492 3256/6263/471
f 3248/6261/1046 3263/6264/513 3255/6265/1042
f 3254/6266/1045 3261/6267/491 3253/6255/1047
f 3252/6257/1043 3259/6268/514 3251/6258/1044
f 3250/6269/517 3257/6262/492 3249/6270/1048
f 3255/6265/1042 3262/6271/472 3254/6266/1045
f 3252/6272/1043 3268/6273/1041 3253/6274/1047
f 3248/6275/1046 3265/6276/1040 3249/6277/1048
f 3248/6275/1046 3270/6278/1037 3264/6279/1036
f 3253/6274/1047 3269/6280/518 3254/6266/1045
f 3252/6272/1043 3266/6281/1039 3267/6282/1038
f 3254/6266/1045 3270/6278/1037 3255/6283/1042
f 3267/6282/1038 3275/6284/1034 3268/6273/1041
f 3265/6276/1040 3271/6285/1030 3272/6286/1031
f 3270/6278/1037 3271/6285/1030 3264/6279/1036
f 3268/6273/1041 3276/6287/1035 3269/6280/518
f 3266/6281/1039 3274/6288/1033 3267/6282/1038
f 3269/6280/518 3277/6289/1029 3270/6278/1037
f 3249/6277/1048 3265/6276/1040 3250/6290/517
f 3265/6276/1040 3272/6286/1031 3250/6290/517
f 3250/6291/517 3266/6281/1039 3251/6292/1044
f 3266/6281/1039 3250/6291/517 3273/6293/1032
f 3271/6294/1030 3280/6295/510 3272/6296/1031
f 3250/6297/517 3281/6298/512 3273/6299/1032
f 3277/6300/1029 3279/6301/471 3271/6294/1030
f 3272/6296/1031 3278/6302/482 3250/6303/517
f 3275/6304/1034 3284/6305/484 3276/6287/1035
f 3273/6299/1032 3282/6306/483 3274/6307/1033
f 3276/6287/1035 3285/6308/511 3277/6300/1029
f 3274/6307/1033 3283/6309/509 3275/6304/1034
f 3291/6310/1007 3298/6311/471 3290/6312/1004
f 3289/6313/1005 3296/6314/473 3288/6315/520
f 3287/6316/1008 3294/6317/483 3286/6318/1002
f 3286/6318/1002 3301/6319/491 3293/6320/1003
f 3292/6321/1006 3299/6322/513 3291/6310/1007
f 3290/6312/1004 3297/6323/492 3289/6313/1005
f 3288/6324/520 3295/6325/514 3287/6316/1008
f 3293/6320/1003 3300/6326/472 3292/6321/1006
f 3291/6327/1007 3305/6328/999 3306/6329/1001
f 3287/6330/1008 3302/6331/996 3303/6332/1000
f 3293/6333/1003 3302/6331/996 3286/6334/1002
f 3292/6321/1006 3306/6329/1001 3307/6335/519
f 3289/6336/1005 3305/6328/999 3290/6337/1004
f 3292/6321/1006 3308/6338/1070 3293/6333/1003
f 3306/6329/1001 3312/6339/993 3313/6340/994
f 3302/6331/996 3310/6341/991 3303/6332/1000
f 3308/6338/1070 3309/6342/990 3302/6331/996
f 3306/6329/1001 3314/6343/995 3307/6335/519
f 3305/6328/999 3311/6344/992 3312/6339/993
f 3307/6335/519 3315/6345/989 3308/6338/1070
f 3287/6330/1008 3303/6332/1000 3288/6346/520
f 3303/6332/1000 3310/6341/991 3288/6346/520
f 3288/6347/520 3304/6348/998 3289/6336/1005
f 3304/6348/998 3288/6347/520 3311/6344/992
f 3309/6349/990 3318/6350/509 3310/6351/991
f 3288/6352/520 3319/6353/511 3311/6354/992
f 3315/6355/989 3317/6356/483 3309/6349/990
f 3310/6351/991 3316/6357/484 3288/6358/520
f 3313/6359/994 3322/6360/482 3314/6343/995
f 3311/6354/992 3320/6361/471 3312/6362/993
f 3314/6343/995 3323/6363/512 3315/6355/989
f 3312/6362/993 3321/6364/510 3313/6359/994
f 3329/6365/1047 3336/6366/483 3328/6367/1043
f 3327/6368/1044 3334/6369/473 3326/6370/517
f 3324/6371/1046 3333/6372/492 3332/6373/471
f 3324/6371/1046 3339/6374/513 3331/6375/1042
f 3330/6376/1045 3337/6377/491 3329/6365/1047
f 3328/6367/1043 3335/6378/514 3327/6368/1044
f 3326/6379/517 3333/6372/492 3325/6380/1048
f 3331/6375/1042 3338/6381/472 3330/6376/1045
f 3328/6382/1043 3344/6383/1041 3329/6384/1047
f 3324/6385/1046 3341/6386/1040 3325/6387/1048
f 3324/6385/1046 3346/6388/1037 3340/6389/1036
f 3330/6376/1045 3344/6383/1041 3345/6390/518
f 3328/6382/1043 3342/6391/1039 3343/6392/1038
f 3331/6393/1042 3345/6390/518 3346/6388/1037
f 3343/6392/1038 3351/6394/1034 3344/6383/1041
f 3341/6386/1040 3347/6395/1030 3348/6396/1031
f 3346/6388/1037 3347/6395/1030 3340/6389/1036
f 3345/6390/518 3351/6394/1034 3352/6397/1035
f 3342/6391/1039 3350/6398/1033 3343/6392/1038
f 3345/6390/518 3353/6399/1029 3346/6388/1037
f 3325/6387/1048 3341/6386/1040 3326/6400/517
f 3341/6386/1040 3348/6396/1031 3326/6400/517
f 3326/6401/517 3342/6391/1039 3327/6402/1044
f 3342/6391/1039 3326/6401/517 3349/6403/1032
f 3347/6404/1030 3356/6405/510 3348/6406/1031
f 3326/6407/517 3357/6408/512 3349/6409/1032
f 3353/6410/1029 3355/6411/471 3347/6404/1030
f 3348/6406/1031 3354/6412/482 3326/6413/517
f 3351/6414/1034 3360/6415/484 3352/6397/1035
f 3349/6409/1032 3358/6416/483 3350/6417/1033
f 3352/6397/1035 3361/6418/511 3353/6410/1029
f 3350/6417/1033 3359/6419/509 3351/6414/1034
f 3424/3761/1071 3418/6420/1072 3420/3759/1072
f 3425/3760/1073 3419/4533/1074 3423/3764/1073
f 3429/3763/1075 3430/3771/1076 3426/3766/1075
f 3422/6421/1071 3427/3767/1077 3428/6422/1077
f 3423/3764/1073 3426/3766/1075 3425/3760/1073
f 3428/6422/1077 3431/3768/1078 3432/6423/1078
f 3430/3771/1076 3437/3774/1079 3434/4535/1079
f 3431/3768/1078 3436/6424/1080 3432/6423/1078
f 3444/3758/1081 3438/6425/1082 3440/3756/1082
f 3445/3757/1083 3439/4536/1084 3443/3777/1083
f 3449/3776/1085 3450/3784/1086 3446/3779/1085
f 3442/6426/1081 3447/3780/1087 3448/6427/1087
f 3443/3777/1083 3446/3779/1085 3445/3757/1083
f 3448/6427/1087 3451/3781/1088 3452/6428/1088
f 3453/3783/1086 3454/4538/1089 3450/3784/1086
f 3452/6428/1088 3455/3785/1090 3456/6429/1090
f 3464/3793/1091 3458/6430/1092 3460/3791/1092
f 3465/3792/1093 3459/4541/1094 3463/3796/1093
f 3469/3795/1095 3470/3803/1096 3466/3798/1095
f 3462/6431/1091 3467/3799/1097 3468/6432/1097
f 3463/3796/1093 3466/3798/1095 3465/3792/1093
f 3468/6432/1097 3471/3800/1098 3472/6433/1098
f 3470/3803/1096 3477/3806/1099 3474/4543/1099
f 3471/3800/1098 3476/6434/1100 3472/6433/1098
f 3484/3790/1101 3478/6435/1102 3480/3788/1102
f 3485/3789/1103 3479/4544/1104 3483/3809/1103
f 3489/3808/1105 3490/3816/1106 3486/3811/1105
f 3482/6436/1101 3487/3812/1107 3488/6437/1107
f 3483/3809/1103 3486/3811/1105 3485/3789/1103
f 3488/6437/1107 3491/3813/1108 3492/6438/1108
f 3493/3815/1106 3494/4546/1109 3490/3816/1106
f 3492/6438/1108 3495/3817/1110 3496/6439/1110
f 3504/3825/1111 3498/6440/1112 3500/3823/1112
f 3505/3824/1113 3499/4549/1114 3503/3828/1113
f 3509/3827/1115 3510/3835/1116 3506/3830/1115
f 3502/6441/1111 3507/3831/1117 3508/6442/1117
f 3503/3828/1113 3506/3830/1115 3505/3824/1113
f 3508/6442/1117 3511/3832/1118 3512/6443/1118
f 3510/3835/1116 3517/3838/1119 3514/4551/1119
f 3511/3832/1118 3516/6444/1120 3512/6443/1118
f 3524/3822/1121 3518/6445/1122 3520/3820/1122
f 3521/4547/1123 3523/3841/1124 3525/3821/1124
f 3529/3840/1125 3530/3848/1126 3526/3843/1125
f 3522/6446/1121 3527/3844/1127 3528/6447/1127
f 3523/3841/1124 3526/3843/1125 3525/3821/1124
f 3528/6447/1127 3531/3845/1128 3532/6448/1128
f 3533/3847/1126 3534/4554/1129 3530/3848/1126
f 3532/6448/1128 3535/3849/1130 3536/6449/1130
f 3542/3881/533 3555/3862/532 3543/3879/532
f 3549/3891/536 3551/3852/472 3538/3889/472
f 3539/3887/530 3552/3856/529 3540/3885/529
f 3547/4574/471 3558/3868/535 3559/3870/471
f 3543/3879/532 3556/3864/473 3544/3877/473
f 3540/3885/529 3553/3858/483 3541/3883/483
f 3548/3892/534 3559/3871/471 3560/3873/534
f 3544/3877/473 3557/3866/531 3545/3902/531
f 3541/3883/483 3554/3860/533 3542/3881/533
f 3548/3892/534 3561/3875/536 3549/3891/536
f 3538/3889/472 3550/3854/530 3539/3887/530
f 3545/3902/531 3558/3868/535 3546/3898/535
f 3563/4565/534 3574/6450/536 3562/3874/536
f 3570/3859/483 3581/6451/533 3569/4558/533
f 3567/3865/473 3578/6452/531 3566/4561/531
f 3564/4564/471 3575/6453/534 3563/3872/534
f 3570/4557/483 3583/6454/529 3582/6455/483
f 3568/3863/532 3579/6456/473 3567/4560/473
f 3564/3869/471 3577/6457/535 3576/6458/471
f 3572/3855/530 3583/6459/529 3571/4556/529
f 3562/3876/536 3585/6460/472 3573/4566/472
f 3569/3861/533 3580/6461/532 3568/4559/532
f 3566/3867/531 3577/6462/535 3565/4562/535
f 3573/4555/472 3584/6463/530 3572/3853/530
f 3605/3958/531 3630/4587/535 3606/3959/535
f 3591/4568/536 3614/3909/534 3590/3880/534
f 3586/4573/473 3621/3924/532 3597/3890/532
f 3604/3955/473 3629/4588/531 3605/3956/531
f 3589/3882/471 3614/3910/534 3613/3912/471
f 3597/3893/532 3620/3927/533 3596/3894/533
f 3603/3952/532 3628/3905/473 3604/3953/473
f 3589/4570/471 3612/3913/535 3588/3884/535
f 3596/3896/533 3619/3930/483 3595/3897/483
f 3602/3949/533 3627/4578/532 3603/3950/532
f 3588/4571/535 3610/3918/531 3587/3886/531
f 3609/3970/536 3623/4583/472 3598/3971/472
f 3598/3973/472 3622/3920/530 3599/3974/530
f 3592/4567/472 3615/3904/536 3591/3878/536
f 3607/3962/471 3630/3933/535 3631/3932/471
f 3599/3940/530 3624/4581/529 3600/3941/529
f 3593/4576/530 3616/3939/472 3592/3903/472
f 3607/3964/471 3632/4585/534 3608/3965/534
f 3600/3943/529 3625/3914/483 3601/3944/483
f 3594/4575/529 3617/3936/530 3593/3901/530
f 3608/3967/534 3633/4584/536 3609/3968/536
f 3587/4572/531 3611/3919/473 3586/3888/473
f 3601/3946/483 3626/4579/533 3602/3947/533
f 3595/3899/483 3618/3931/529 3594/3900/529
f 3639/4005/1131 3652/3986/1132 3640/4001/1132
f 3635/4012/484 3658/3999/1133 3648/3976/484
f 3636/4011/1134 3649/3980/1135 3637/4009/1135
f 3644/4605/471 3655/3992/1136 3656/3994/471
f 3641/4030/482 3652/3986/1132 3653/3988/482
f 3637/4009/1135 3650/3982/483 3638/4007/483
f 3645/4018/1137 3656/3995/471 3657/3997/1137
f 3642/4028/1138 3653/3988/482 3654/3990/1138
f 3638/4007/483 3651/3984/1131 3639/4005/1131
f 3645/4018/1137 3658/3999/1133 3646/4015/1133
f 3635/4012/484 3647/3978/1134 3636/4011/1134
f 3642/4028/1138 3655/3992/1136 3643/4024/1136
f 3660/4599/1137 3671/6464/1133 3659/3998/1133
f 3667/3983/483 3678/6465/1131 3666/4592/1131
f 3663/4595/1138 3676/6466/482 3675/6467/1138
f 3661/4598/471 3672/6468/1137 3660/3996/1137
f 3668/3981/1135 3679/6469/483 3667/4591/483
f 3665/3987/1132 3676/6470/482 3664/4594/482
f 3662/4597/1136 3673/6471/471 3661/3993/471
f 3669/3979/1134 3680/6472/1135 3668/4590/1135
f 3659/4000/1133 3682/6473/484 3670/4600/484
f 3665/4593/1132 3678/6474/1131 3677/6475/1132
f 3663/3991/1138 3674/6476/1136 3662/4596/1136
f 3670/4589/484 3681/6477/1134 3669/3977/1134
f 3702/4085/1138 3727/4618/1136 3703/4086/1136
f 3688/4601/1133 3711/4036/1137 3687/4004/1137
f 3683/4016/482 3718/4051/1132 3694/4017/1132
f 3702/4083/1138 3725/4065/482 3726/4619/1138
f 3687/4602/1137 3710/4039/471 3686/4006/471
f 3694/4019/1132 3717/4054/1131 3693/4020/1131
f 3700/4079/1132 3725/4032/482 3701/4080/482
f 3686/4603/471 3709/4042/1136 3685/4008/1136
f 3693/4022/1131 3716/4057/483 3692/4023/483
f 3699/4076/1131 3724/4609/1132 3700/4077/1132
f 3685/4604/1136 3707/4043/1138 3684/4010/1138
f 3706/4097/1133 3720/4614/484 3695/4098/484
f 3695/4100/484 3719/4613/1134 3696/4101/1134
f 3689/4002/484 3712/4031/1133 3688/4003/1133
f 3703/4088/1136 3728/4059/471 3704/4089/471
f 3696/4067/1134 3721/4044/1135 3697/4068/1135
f 3690/4607/1134 3713/4066/484 3689/4029/484
f 3704/4091/471 3729/4616/1137 3705/4092/1137
f 3697/4070/1135 3722/4611/483 3698/4071/483
f 3691/4606/1135 3714/4063/1134 3690/4027/1134
f 3705/4094/1137 3730/4615/1133 3706/4095/1133
f 3684/4013/1138 3708/4048/482 3683/4014/482
f 3698/4073/483 3723/4610/1131 3699/4074/1131
f 3691/4026/1135 3716/4617/483 3715/4058/1135
f 3736/4132/1135 3749/4113/1134 3737/4130/1134
f 3743/4142/1138 3745/4105/482 3732/4141/482
f 3733/4137/1132 3746/4107/1131 3734/4136/1131
f 3741/4637/471 3752/4119/1137 3753/4121/471
f 3737/4130/1134 3750/4115/484 3738/4128/484
f 3734/4136/1131 3747/4109/483 3735/4134/483
f 3741/4148/471 3754/4124/1136 3742/4145/1136
f 3738/4128/484 3751/4117/1133 3739/4155/1133
f 3735/4134/483 3748/4111/1135 3736/4132/1135
f 3742/4145/1136 3755/4126/1138 3743/4142/1138
f 3732/4141/482 3744/4104/1132 3733/4137/1132
f 3740/4151/1137 3751/4117/1133 3752/4119/1137
f 3757/4630/1136 3768/6478/1138 3756/4125/1138
f 3764/4110/483 3775/6479/1135 3763/4623/1135
f 3761/4116/484 3772/6480/1133 3760/4626/1133
f 3758/4629/471 3769/6481/1136 3757/4123/1136
f 3765/4108/1131 3776/6482/483 3764/4622/483
f 3761/4625/484 3774/6483/1134 3773/6484/484
f 3759/4628/1137 3770/6485/471 3758/4120/471
f 3766/4106/1132 3777/6486/1131 3765/4621/1131
f 3756/4631/1138 3779/6487/482 3767/4127/482
f 3763/4624/1135 3774/6488/1134 3762/4112/1134
f 3760/4118/1133 3771/6489/1137 3759/4627/1137
f 3767/4103/482 3778/6490/1132 3766/4620/1132
f 3799/4211/1133 3824/4650/1137 3800/4212/1137
f 3785/4633/1138 3808/4160/1136 3784/4131/1136
f 3780/4143/484 3815/4175/1134 3791/4144/1134
f 3799/4209/1133 3822/4192/484 3823/4191/1133
f 3784/4634/1136 3807/4163/471 3783/4133/471
f 3791/4146/1134 3814/4180/1135 3790/4147/1135
f 3797/4205/1134 3822/4640/484 3798/4206/484
f 3783/4635/471 3806/4166/1137 3782/4135/1137
f 3790/4149/1135 3813/4183/483 3789/4150/483
f 3796/4202/1135 3821/4161/1134 3797/4203/1134
f 3782/4138/1137 3804/4169/1133 3781/4139/1133
f 3803/4223/1138 3817/4176/482 3792/4224/482
f 3792/4226/482 3816/4645/1132 3793/4227/1132
f 3785/4129/1138 3810/4157/482 3809/4159/1138
f 3800/4214/1137 3825/4649/471 3801/4215/471
f 3793/4193/1132 3818/4170/1131 3794/4194/1131
f 3787/4639/1132 3810/4190/482 3786/4156/482
f 3801/4217/471 3826/4648/1136 3802/4218/1136
f 3794/4196/1131 3819/4167/483 3795/4197/483
f 3788/4638/1131 3811/4189/1132 3787/4154/1132
f 3802/4220/1136 3827/4647/1138 3803/4221/1138
f 3781/4636/1133 3805/4174/484 3780/4140/484
f 3795/4199/483 3820/4164/1135 3796/4200/1135
f 3789/4152/483 3812/4186/1131 3788/4153/1131
f 3833/6491/520 3831/6492/964 3830/6493/520
f 3829/6494/963 3833/6491/520 3830/6493/520
f 3839/6495/519 3837/6496/962 3836/6497/519
f 3835/6498/961 3839/6495/519 3836/6497/519
f 3845/6499/518 3843/6500/968 3842/6501/518
f 3841/6502/967 3845/6499/518 3842/6501/518
f 3851/6503/517 3849/6504/966 3848/6505/517
f 3852/6506/965 3848/6505/517 3847/6507/965
f 1293/3475/529 1305/3102/529 1306/3104/530
f 1300/3484/531 1312/3117/531 1302/3096/473
f 1290/3481/532 1301/3095/532 1303/3098/533
f 1298/4475/471 1297/3493/534 1309/3110/534
f 1294/3473/530 1306/3104/530 1307/3106/472
f 1291/3479/533 1303/3098/533 1304/3100/483
f 1299/3487/535 1298/3490/471 1310/3113/471
f 1295/3471/472 1307/3106/472 1308/3108/536
f 1292/3477/483 1304/3100/483 1305/3102/529
f 1300/3484/531 1299/3487/535 1311/3115/535
f 1289/3483/473 1302/3096/473 1301/3095/532
f 1297/3493/534 1296/3497/536 1308/3108/536
f 1319/2357/471 1331/4281/471 1330/2329/537
f 1316/2335/484 1328/2310/484 1327/2312/538
f 1323/2345/539 1335/2319/539 1334/2321/482
f 1320/2352/540 1332/2326/540 1331/2328/471
f 1317/2337/541 1329/2332/541 1328/2310/484
f 1324/2344/542 1336/2317/542 1335/2319/539
f 1314/2341/543 1326/2314/543 1325/2316/483
f 1321/2350/544 1333/2324/544 1332/2326/540
f 1317/2337/541 1318/2355/537 1330/2329/537
f 1313/2343/483 1325/2316/483 1336/2317/542
f 1315/2339/538 1327/2312/538 1326/2314/543
f 1322/2347/482 1334/2321/482 1333/2324/544
f 1379/4665/545 1380/4677/557 1368/4666/546
f 1376/4668/548 1377/4679/559 1365/4669/549
f 1371/4671/551 1383/5369/936 1384/4672/552
f 1373/4674/554 1374/4681/561 1362/4675/555
f 1380/4677/557 1381/4683/563 1369/4678/558
f 1377/4679/559 1378/4685/565 1366/4680/560
f 1384/4672/552 1373/4674/554 1361/4676/556
f 1374/4681/561 1375/4687/566 1363/4682/562
f 1381/4683/563 1382/4688/567 1370/4684/564
f 1378/4685/565 1379/6508/545 1367/4686/547
f 1375/4687/566 1376/4668/548 1364/4670/550
f 1382/4688/567 1383/5369/936 1371/4671/551
f 1552/2516/568 1551/2518/476 1539/2371/476
f 1558/2527/569 1546/2381/569 1547/2379/570
f 1549/2522/571 1560/2524/483 1548/2380/483
f 1556/2507/572 1555/2509/573 1543/2364/573
f 1552/2516/568 1540/2369/568 1541/2366/574
f 1559/2525/570 1547/2379/570 1548/2380/483
f 1549/2522/571 1537/2377/571 1538/2375/575
f 1556/2507/572 1544/2362/572 1545/2359/475
f 1553/2513/574 1541/2366/574 1542/2368/471
f 1551/2518/476 1550/2520/575 1538/2375/575
f 1557/2529/475 1545/2359/475 1546/2381/569
f 1554/2511/471 1542/4284/471 1543/2364/573
f 1615/4689/545 1627/6509/691 1628/4690/576
f 1624/4692/578 1625/6510/925 1613/4693/579
f 1631/4695/581 1632/4705/590 1620/4696/582
f 1609/4698/554 1621/6511/696 1622/4699/584
f 1616/4691/577 1628/4690/576 1629/4701/586
f 1613/4693/579 1625/6510/925 1626/4703/588
f 1632/4705/590 1621/6511/696 1609/4698/554
f 1622/4699/584 1623/4709/593 1611/4706/591
f 1629/4701/586 1630/4710/474 1618/4707/592
f 1626/4703/588 1627/6512/691 1615/4708/545
f 1623/4709/593 1624/4692/578 1612/4694/580
f 1630/4710/474 1631/4695/581 1619/4697/583
f 1567/2406/471 1579/4287/471 1578/2427/594
f 1563/2388/595 1564/2384/474 1576/2408/474
f 1571/2394/596 1583/2417/596 1582/2419/477
f 1567/2403/471 1568/2401/597 1580/2424/597
f 1565/2386/598 1577/2430/598 1576/2408/474
f 1572/2393/599 1584/2415/599 1583/2417/596
f 1561/2392/483 1562/2390/600 1574/2412/600
f 1569/2399/601 1581/2422/601 1580/2424/597
f 1566/2404/594 1578/2427/594 1577/2430/598
f 1572/2393/599 1561/2392/483 1573/2414/483
f 1563/2388/595 1575/2410/595 1574/2412/600
f 1570/2396/477 1582/2419/477 1581/2422/601
f 1635/4711/477 1634/5073/852 1646/4712/602
f 1642/4714/604 1641/4729/619 1677/4715/605
f 1639/4717/607 1638/6513/620 1674/4718/608
f 1636/4720/610 1635/4711/477 1647/4713/603
f 1643/4722/612 1642/4714/604 1678/4716/606
f 1633/4724/614 1644/6514/674 1680/4725/615
f 1676/4727/617 1640/6515/851 1639/4717/607
f 1673/4728/618 1637/6516/853 1636/4720/610
f 1680/4725/615 1644/6514/674 1643/4722/612
f 1646/4712/602 1634/5073/852 1633/4724/614
f 1641/4729/619 1640/6515/851 1676/4727/617
f 1638/4730/620 1637/6516/853 1673/4728/618
f 1455/2469/474 1443/2494/474 1444/2492/598
f 1462/2478/596 1450/2504/596 1451/2502/599
f 1453/2473/600 1464/2475/483 1452/2503/483
f 1459/2460/597 1447/2487/597 1448/2485/601
f 1456/2467/598 1444/2492/598 1445/2489/594
f 1464/2475/483 1463/2476/599 1451/2502/599
f 1453/2473/600 1441/2500/600 1442/2498/595
f 1460/2458/601 1448/2485/601 1449/2482/477
f 1457/2464/594 1445/2489/594 1446/2491/471
f 1454/2471/595 1442/2498/595 1443/2494/474
f 1461/2480/477 1449/2482/477 1450/2504/596
f 1458/2462/471 1446/4291/471 1447/2487/597
f 1467/4732/475 1466/4750/638 1478/4733/621
f 1474/4735/623 1473/4751/639 1485/4736/624
f 1471/4738/626 1470/6517/640 1482/4739/627
f 1480/4741/629 1468/5203/891 1467/4732/475
f 1475/4742/630 1474/4735/623 1486/4737/625
f 1477/4744/632 1465/6518/890 1476/4745/633
f 1484/4747/635 1472/6519/889 1471/4738/626
f 1469/4748/636 1468/5203/891 1480/4741/629
f 1476/4745/633 1475/4742/630 1487/4743/631
f 1466/4750/638 1465/6518/890 1477/4744/632
f 1473/4751/639 1472/6519/889 1484/4747/635
f 1470/4752/640 1469/4748/636 1481/4749/637
f 1871/4754/640 1883/6520/657 1884/4755/641
f 1880/4757/643 1881/4767/652 1869/4758/644
f 1887/4760/646 1888/6521/876 1876/4761/647
f 1877/4763/649 1878/6522/875 1866/4764/650
f 1884/4755/641 1885/4771/656 1873/4766/651
f 1881/4767/652 1882/6523/878 1870/4768/653
f 1876/4761/647 1888/6521/876 1877/4763/649
f 1866/4764/650 1878/6522/875 1879/4769/654
f 1885/4771/656 1886/5158/877 1874/4772/479
f 1870/4768/653 1882/6523/878 1883/4773/657
f 1867/4770/655 1879/4769/654 1880/4757/643
f 1874/4772/479 1886/5158/877 1887/4760/646
f 2015/2850/484 1955/2445/484 1956/2443/541
f 2022/2859/539 2010/2455/539 2011/2453/542
f 2024/2856/483 2012/2454/483 1953/2451/543
f 2019/2841/540 1959/2438/540 1960/2436/544
f 2016/2848/541 1956/2443/541 1957/2440/537
f 2023/2857/542 2011/2453/542 2012/2454/483
f 2013/2854/543 1953/2451/543 1954/2449/538
f 2020/2839/544 1960/2436/544 2009/2433/482
f 2018/2846/471 2017/2845/537 1957/2440/537
f 2014/2852/538 1954/2449/538 1955/2445/484
f 2021/2861/482 2009/2433/482 2010/2455/539
f 2018/2843/471 1958/4288/471 1959/2438/540
f 1895/2602/471 1907/4296/471 1906/2574/658
f 1892/2580/478 1904/2555/478 1903/2557/659
f 1898/2592/481 1899/2590/660 1911/2564/660
f 1896/2597/661 1908/2571/661 1907/2573/471
f 1892/2580/478 1893/2582/662 1905/2577/662
f 1900/2589/663 1912/2562/663 1911/2564/660
f 1889/2588/483 1890/2586/664 1902/2559/664
f 1896/2597/661 1897/2595/665 1909/2569/665
f 1894/2600/658 1906/2574/658 1905/2577/662
f 1889/2588/483 1901/2561/483 1912/2562/663
f 1890/2586/664 1891/2584/659 1903/2557/659
f 1898/2592/481 1910/2566/481 1909/2569/665
f 1715/4775/666 1716/6524/840 1704/4776/667
f 1712/4778/668 1713/6525/838 1701/4779/669
f 1707/4781/671 1719/5030/839 1720/4782/672
f 1697/4784/674 1709/6526/770 1710/4785/675
f 1704/4776/667 1716/6524/840 1717/4787/677
f 1701/4779/669 1713/6525/838 1714/4789/679
f 1720/4782/672 1709/6526/770 1697/4784/674
f 1710/4785/675 1711/4794/682 1699/4791/681
f 1717/4787/677 1718/4795/683 1706/4792/478
f 1714/4789/679 1715/6527/666 1703/4793/620
f 1711/4794/682 1712/4778/668 1700/4780/670
f 1718/4795/683 1719/5030/839 1707/4781/671
f 1807/2640/478 1795/2616/478 1796/2614/662
f 1814/2649/660 1802/2626/660 1803/2624/663
f 1816/2646/483 1804/2625/483 1793/2622/664
f 1812/2629/665 1811/2631/661 1799/2609/661
f 1808/2638/662 1796/2614/662 1797/2611/658
f 1815/2647/663 1803/2624/663 1804/2625/483
f 1805/2644/664 1793/2622/664 1794/2620/659
f 1812/2629/665 1800/2607/665 1801/2604/481
f 1810/2636/471 1809/2635/658 1797/2611/658
f 1806/2642/659 1794/2620/659 1795/2616/478
f 1814/2649/660 1813/2651/481 1801/2604/481
f 1811/2631/661 1810/2633/471 1798/4299/471
f 1747/4796/684 1746/5284/913 1758/4797/685
f 1754/4799/686 1753/4816/703 1765/4800/687
f 1763/4802/689 1751/4812/699 1750/4803/690
f 1760/4805/692 1748/5288/914 1747/4796/684
f 1755/4806/693 1754/4799/686 1766/4801/688
f 1745/4808/695 1756/4815/702 1768/4809/696
f 1764/4811/698 1752/6528/912 1751/4812/699
f 1749/4813/700 1748/5288/914 1760/4805/692
f 1756/4815/702 1755/4806/693 1767/4807/694
f 1758/4797/685 1746/5284/913 1745/4808/695
f 1753/4816/703 1752/6528/912 1764/4811/698
f 1762/4817/691 1750/6529/690 1749/4813/700
f 1822/2551/704 1823/2553/471 1835/4302/471
f 1820/2531/479 1832/2653/479 1831/2655/705
f 1827/2541/706 1839/2662/706 1838/2664/480
f 1824/2548/707 1836/2669/707 1835/2671/471
f 1820/2531/479 1821/2533/708 1833/2675/708
f 1828/2540/709 1840/2660/709 1839/2662/706
f 1818/2537/710 1830/2657/710 1829/2659/483
f 1825/2546/711 1837/2667/711 1836/2669/707
f 1822/2551/704 1834/2672/704 1833/2675/708
f 1817/2539/483 1829/2659/483 1840/2660/709
f 1819/2535/705 1831/2655/705 1830/2657/710
f 1825/2546/711 1826/2543/480 1838/2664/480
f 1967/4818/480 1931/5416/950 1930/4819/712
f 1974/4821/714 1962/6530/948 1961/4822/715
f 1971/4824/717 1935/4835/726 1934/4825/547
f 1932/4827/719 1931/5416/950 1967/4818/480
f 1963/4829/721 1962/6530/948 1974/4821/714
f 1965/4831/723 1929/6531/949 1964/4832/556
f 1972/4834/725 1936/6532/947 1935/4835/726
f 1933/4836/727 1932/4827/719 1968/4828/720
f 1964/4832/556 1963/4829/721 1975/4830/722
f 1930/4819/712 1929/6531/949 1965/4831/723
f 1961/4822/715 1936/6532/947 1972/4834/725
f 1970/4838/718 1934/6533/547 1933/4836/727
f 2032/2687/708 2031/2689/479 2003/2714/479
f 2039/2696/709 2038/2698/706 2026/2724/706
f 2040/2695/483 2028/2723/483 2001/2720/710
f 2035/2680/707 2007/2707/707 2008/2705/711
f 2033/2684/704 2032/2687/708 2004/2712/708
f 2039/2696/709 2027/2722/709 2028/2723/483
f 2030/2691/705 2029/2693/710 2001/2720/710
f 2037/2700/480 2036/2678/711 2008/2705/711
f 2033/2684/704 2005/2709/704 2006/2711/471
f 2030/2691/705 2002/2718/705 2003/2714/479
f 2037/2700/480 2025/2702/480 2026/2724/706
f 2034/2682/471 2006/4305/471 2007/2707/707
f 2107/4839/627 2108/4851/737 2096/4840/729
f 2104/4842/730 2105/4853/739 2093/4843/731
f 2111/4845/733 2112/4855/741 2100/4846/734
f 2101/4848/634 2102/4856/742 2090/4849/736
f 2108/4851/737 2109/4858/744 2097/4852/738
f 2105/4853/739 2106/4860/746 2094/4854/740
f 2112/4855/741 2101/4848/634 2089/4850/702
f 2102/4856/742 2103/4862/747 2091/4857/743
f 2109/4858/744 2110/4863/748 2098/4859/745
f 2106/4860/746 2107/6534/627 2095/4861/690
f 2103/4862/747 2104/4842/730 2092/4844/732
f 2110/4863/748 2111/4845/733 2099/4847/735
f 2047/2749/471 2059/4308/471 2058/2784/749
f 2044/2727/473 2056/2765/473 2055/2767/750
f 2051/2737/751 2063/2774/751 2062/2776/472
f 2048/2744/752 2060/2781/752 2059/2783/471
f 2045/2729/753 2057/2787/753 2056/2765/473
f 2052/2736/754 2064/2772/754 2063/2774/751
f 2042/2733/755 2054/2769/755 2053/2771/483
f 2048/2744/752 2049/2742/756 2061/2779/756
f 2046/2747/749 2058/2784/749 2057/2787/753
f 2041/2735/483 2053/2771/483 2064/2772/754
f 2043/2731/750 2055/2767/750 2054/2769/755
f 2050/2739/472 2062/2776/472 2061/2779/756
f 2115/4864/757 2114/4885/777 2126/4865/758
f 2122/4867/760 2121/4886/778 2133/4868/761
f 2119/4870/763 2118/6535/779 2130/4871/666
f 2116/4873/765 2115/4864/757 2127/4866/759
f 2123/4875/767 2122/4867/760 2134/4869/762
f 2113/4877/769 2124/4884/776 2136/4878/770
f 2120/4880/772 2119/4870/763 2131/4872/764
f 2117/4882/774 2116/4873/765 2128/4874/766
f 2124/4884/776 2123/4875/767 2135/4876/768
f 2114/4885/777 2113/4877/769 2125/4879/771
f 2121/4886/778 2120/4880/772 2132/4881/773
f 2118/4887/779 2117/4882/774 2129/4883/775
f 1655/2801/473 1523/2826/473 1524/2824/753
f 1662/2810/751 1650/2836/751 1651/2834/754
f 1664/2807/483 1652/2835/483 1521/2832/755
f 1659/2792/752 1527/2819/752 1528/2817/756
f 1656/2799/753 1524/2824/753 1525/2821/749
f 1663/2808/754 1651/2834/754 1652/2835/483
f 1653/2805/755 1521/2832/755 1522/2830/750
f 1660/2790/756 1528/2817/756 1649/2814/472
f 1657/2796/749 1525/2821/749 1526/2823/471
f 1654/2803/750 1522/2830/750 1523/2826/473
f 1661/2812/472 1649/2814/472 1650/2836/751
f 1658/2794/471 1526/4311/471 1527/2819/752
f 1667/4889/780 1666/4909/797 1726/4890/781
f 1722/4892/783 1721/4910/798 1733/4893/784
f 1671/4895/786 1670/6536/608 1730/4896/657
f 1668/4898/788 1667/4889/780 1727/4891/782
f 1723/4900/790 1722/4892/783 1734/4894/785
f 1665/4902/792 1724/4908/615 1736/4903/649
f 1732/4905/794 1672/6537/864 1671/4895/786
f 1669/4906/795 1668/4898/788 1728/4899/789
f 1724/4908/615 1723/4900/790 1735/4901/791
f 1666/4909/797 1665/4902/792 1725/4904/793
f 1721/4910/798 1672/6537/864 1732/4905/794
f 1670/4911/608 1669/4906/795 1729/4907/796
f 1422/4913/476 1423/4932/814 1411/4914/799
f 1415/4916/801 1416/6538/816 1404/4917/802
f 1418/4919/804 1419/6539/718 1407/4920/779
f 1421/4922/806 1422/4913/476 1410/4915/800
f 1414/4924/808 1415/4916/801 1403/4918/803
f 1412/4926/810 1424/6540/817 1413/4927/724
f 1405/4929/811 1417/4933/815 1418/4919/804
f 1420/4930/812 1421/4922/806 1409/4923/807
f 1401/4928/776 1413/4927/724 1414/4924/808
f 1423/4932/814 1424/6540/817 1412/4926/810
f 1404/4917/802 1416/6538/816 1417/4933/815
f 1407/4934/779 1419/6541/718 1420/4930/812
f 2168/2872/572 2167/2874/475 2155/2899/475
f 2175/2881/571 2174/2883/575 2162/2909/575
f 2165/2878/570 2176/2880/483 2164/2908/483
f 2172/2863/568 2171/2865/574 2159/2892/574
f 2168/2872/572 2156/2897/572 2157/2894/573
f 2175/2881/571 2163/2907/571 2164/2908/483
f 2165/2878/570 2153/2905/570 2154/2903/569
f 2173/2885/476 2172/2863/568 2160/2890/568
f 2169/2869/573 2157/2894/573 2158/2896/471
f 2166/2876/569 2154/2903/569 2155/2899/475
f 2173/2885/476 2161/2887/476 2162/2909/575
f 2170/2867/471 2158/4316/471 2159/2892/574
f 1973/4935/716 1972/6542/725 1417/4936/815
f 1974/4938/714 1973/4935/716 1416/4937/816
f 1414/4940/808 1975/4942/722 1974/4938/714
f 1413/4941/724 1976/6543/724 1975/4942/722
f 1965/4943/723 1976/6543/724 1413/4941/724
f 1966/4945/713 1965/4943/723 1424/4944/817
f 1969/4946/728 1968/6544/720 1421/4922/806
f 1419/4948/718 1970/6545/718 1969/4946/728
f 1971/4949/717 1970/6546/718 1419/4950/718
f 1417/4936/815 1972/6542/725 1971/4949/717
f 1990/4952/818 1399/6547/818 1400/4953/819
f 1989/4954/819 1400/4953/819 1389/4955/820
f 1389/4955/820 1390/4958/821 1999/4957/821
f 1390/4958/821 1391/4960/822 1998/4959/822
f 1391/4960/822 1392/4962/518 1997/4961/518
f 1392/4962/518 1393/6548/823 1996/4963/823
f 1996/4963/823 1393/6548/823 1394/4964/824
f 1394/4964/824 1395/6549/825 1994/4966/825
f 1395/4967/825 1396/4970/826 1993/4968/826
f 1396/4970/826 1397/6550/827 1992/4971/827
f 1405/4972/811 2120/4993/772 2121/4973/778
f 1403/4975/803 1404/4974/802 2121/4973/778
f 1402/4977/809 1403/4975/803 2122/4976/760
f 1401/4979/776 1402/4977/809 2123/4978/767
f 1401/4979/776 2124/4980/776 2113/4981/769
f 1411/4983/799 1412/4982/810 2113/4981/769
f 1410/4984/800 1411/4983/799 2114/4885/777
f 1410/4984/800 2115/4864/757 2116/4873/765
f 1408/4986/813 1409/4985/807 2116/4873/765
f 1407/4988/779 1408/4986/813 2117/4987/774
f 1407/4990/779 2118/6551/779 2119/4991/763
f 1406/4992/805 2119/4991/763 2120/4993/772
f 2138/4994/828 1387/4998/828 1386/4995/521
f 2137/4997/829 1388/5000/829 1387/4998/828
f 2137/4997/829 1508/5002/830 2152/4999/830
f 1507/5001/831 2151/5004/831 2152/4999/830
f 1506/5003/832 2150/5006/832 2151/5004/831
f 1506/5003/832 1505/5008/525 2149/5005/525
f 2144/5007/833 2148/5010/833 2149/5005/525
f 2144/5007/833 2143/5011/834 2147/5009/834
f 2143/5011/834 2142/6552/835 2146/5012/835
f 2141/5013/836 2145/5017/836 2146/5014/835
f 2140/5016/837 1385/5018/837 2145/5017/836
f 2140/5016/837 2139/4996/521 1386/4995/521
f 2133/5019/761 2132/6553/773 1713/5020/838
f 1711/5022/682 2134/6554/762 2133/5019/761
f 2135/5023/768 2134/6554/762 1711/5022/682
f 2136/5025/770 2135/5023/768 1710/5024/675
f 2125/5027/771 2136/5025/770 1709/5026/770
f 2126/5029/758 2125/5027/771 1720/5028/672
f 2127/5031/759 2126/5029/758 1719/5030/839
f 1717/4787/677 2128/6555/766 2127/5031/759
f 2129/5032/775 2128/6555/766 1717/4787/677
f 1715/5034/666 2130/6556/666 2129/5032/775
f 2131/5035/764 2130/6557/666 1715/5036/666
f 1713/5020/838 2132/6553/773 2131/5035/764
f 1695/5038/841 1510/5042/841 1511/5039/528
f 1696/5041/842 1509/5044/842 1510/5042/841
f 1925/5043/843 1520/5046/843 1509/5044/842
f 1926/5045/844 1519/5048/844 1520/5046/843
f 1927/5047/845 1518/5050/845 1519/5048/844
f 1927/5047/845 1928/5052/524 1517/5049/524
f 1689/5051/846 1516/5054/846 1517/5049/524
f 1690/5053/847 1515/5056/847 1516/5054/846
f 1691/5055/848 1514/6558/848 1515/5056/847
f 1692/5057/849 1513/5061/849 1514/5058/848
f 1693/5060/850 1512/5062/850 1513/5061/849
f 1694/5040/528 1511/5039/528 1512/5062/850
f 1700/5063/670 1701/6559/669 1640/5064/851
f 1699/5066/681 1700/5063/670 1641/5065/619
f 1698/5068/676 1699/5066/681 1642/5067/604
f 1644/5070/674 1697/6560/674 1698/5068/676
f 1708/5071/673 1697/6560/674 1644/5070/674
f 1634/5073/852 1707/6561/671 1708/5071/673
f 1637/5074/853 1704/5077/667 1705/5075/678
f 1638/5076/620 1703/6562/620 1704/5077/667
f 1702/5078/680 1703/6563/620 1638/5079/620
f 1640/5064/851 1701/6559/669 1702/5078/680
f 1681/5081/854 1924/5085/854 1923/5082/855
f 1428/5084/856 1913/5087/856 1924/5085/854
f 1427/5086/857 1914/5089/857 1913/5087/856
f 1427/5086/857 1426/5091/858 1915/5088/858
f 1425/5090/519 1916/5093/519 1915/5088/858
f 1688/5092/859 1917/5095/859 1916/5093/519
f 1688/5092/859 1687/5097/860 1918/5094/860
f 1686/5096/861 1919/6564/861 1918/5094/860
f 1686/5098/861 1685/5102/862 1920/5099/862
f 1684/5101/863 1921/6565/863 1920/5099/862
f 1676/5103/617 1672/5122/864 1721/5104/798
f 1678/5106/606 1677/5105/605 1721/5104/798
f 1678/5106/606 1722/5107/783 1723/5108/790
f 1679/5109/613 1723/5108/790 1724/5110/615
f 1645/5112/616 1680/5111/615 1724/5110/615
f 1666/4909/797 1646/6566/602 1645/5112/616
f 1647/5114/603 1646/6566/602 1666/4909/797
f 1668/4898/788 1648/6567/611 1647/5114/603
f 1673/5115/618 1648/6567/611 1668/4898/788
f 1674/5117/608 1673/5115/618 1669/5116/795
f 1675/5119/609 1674/6568/608 1670/5120/608
f 1672/5122/864 1676/5103/617 1675/5119/609
f 1739/5123/527 1738/5126/865 1430/5124/865
f 1738/5126/865 1737/5128/866 1429/5127/866
f 1737/5128/866 1940/6569/867 1440/5129/867
f 1440/5129/867 1940/6569/867 1939/5130/868
f 1939/5130/868 1938/6570/869 1438/5132/869
f 1438/5132/869 1938/6570/869 1937/5133/523
f 1437/5134/523 1937/5133/523 1744/5135/870
f 1744/5135/870 1743/6571/871 1435/5137/871
f 1435/5137/871 1743/6571/871 1742/5138/872
f 1742/5140/872 1741/5143/873 1433/5141/873
f 1741/5143/873 1740/5145/874 1432/5144/874
f 1740/5145/874 1739/5123/527 1431/5125/527
f 1732/5146/794 1881/5168/652 1880/5147/643
f 1733/5148/784 1880/5147/643 1879/5149/654
f 1734/5150/785 1879/5149/654 1878/5151/875
f 1736/5153/649 1735/5152/791 1878/5151/875
f 1725/5155/793 1736/5153/649 1877/5154/649
f 1726/5157/781 1725/5155/793 1888/5156/876
f 1726/5157/781 1887/4760/646 1886/5158/877
f 1728/5160/789 1727/5159/782 1886/5158/877
f 1728/5160/789 1885/4771/656 1884/5161/641
f 1729/5162/796 1884/5161/641 1883/5163/657
f 1730/5165/657 1883/6572/657 1882/5166/878
f 1731/5167/787 1882/5166/878 1881/5168/652
f 1943/5169/526 1862/5191/526 1863/5170/879
f 1863/5170/879 1864/6573/880 1941/5172/880
f 1941/5172/880 1864/6573/880 1853/5173/881
f 1952/5174/881 1853/5173/881 1854/5175/882
f 1854/5175/882 1855/5178/883 1950/5177/883
f 1855/5178/883 1856/5180/522 1949/5179/522
f 1856/5180/522 1857/5182/884 1948/5181/884
f 1857/5182/884 1858/5184/885 1947/5183/885
f 1858/5184/885 1859/6574/886 1946/5185/886
f 1859/5186/886 1860/5189/887 1945/5187/887
f 1860/5189/887 1861/6575/888 1944/5190/888
f 1944/5190/888 1861/6575/888 1862/5191/526
f 1868/5192/645 1869/5209/644 1472/5193/889
f 1474/5195/623 1867/6576/655 1868/5192/645
f 1866/5196/650 1867/6576/655 1474/5195/623
f 1865/5198/633 1866/5196/650 1475/5197/630
f 1465/5200/890 1876/6577/647 1865/5198/633
f 1875/5201/648 1876/6577/647 1465/5200/890
f 1872/5202/642 1873/6578/651 1468/5203/891
f 1470/5205/640 1871/6579/640 1872/5202/642
f 1471/5206/626 1870/6580/653 1871/5207/640
f 1869/5209/644 1870/6580/653 1471/5206/626
f 1489/5210/892 1852/5214/892 1851/5211/893
f 1489/5210/892 1500/5216/894 1841/5213/894
f 1499/5215/895 1842/5218/895 1841/5213/894
f 1498/5217/896 1843/5220/896 1842/5218/895
f 1498/5217/896 1497/5222/517 1844/5219/517
f 1496/5221/897 1845/5224/897 1844/5219/517
f 1495/5223/898 1846/5226/898 1845/5224/897
f 1494/5225/899 1847/6581/899 1846/5226/898
f 1493/5227/900 1848/5231/900 1847/5228/899
f 1493/5227/900 1492/6582/901 1849/5230/901
f 1484/5232/635 2105/5253/739 2104/5233/730
f 1486/5235/625 1485/5234/624 2104/5233/730
f 1487/5237/631 1486/5235/625 2103/5236/747
f 1488/5239/634 1487/5237/631 2102/5238/742
f 1488/5239/634 2101/5240/634 2112/5241/741
f 1478/5243/621 1477/5242/632 2112/5241/741
f 1479/5244/622 1478/5243/621 2111/4845/733
f 1479/5244/622 2110/4863/748 2109/4858/744
f 1481/5246/637 1480/5245/629 2109/4858/744
f 1481/5246/637 2108/5247/737 2107/5248/627
f 1482/5250/627 2107/6583/627 2106/5251/746
f 1483/5252/628 2106/5251/746 2105/5253/739
f 1503/5254/525 2086/6584/525 2087/5255/902
f 2087/5255/902 2088/5258/903 1501/5257/903
f 2088/5258/903 2077/6585/904 1536/5259/904
f 1536/5259/904 2077/6585/904 2078/5260/905
f 2078/5260/905 2079/6586/906 1534/5262/906
f 1534/5262/906 2079/6586/906 2080/5263/521
f 2080/5263/521 2081/5266/907 1532/5265/907
f 2081/5266/907 2082/5268/908 1531/5267/908
f 2082/5268/908 2083/6587/909 1530/5269/909
f 2083/5270/909 2084/6588/910 1529/5271/910
f 1529/5271/910 2084/6588/910 2085/5273/911
f 2085/5273/911 2086/6584/525 1503/5254/525
f 1753/5275/703 2092/6589/732 2093/5276/731
f 2091/5278/743 2092/6589/732 1753/5275/703
f 1755/5280/693 2090/6590/736 2091/5278/743
f 2089/5281/702 2090/6590/736 1755/5280/693
f 1745/5283/695 2100/5285/734 2089/5281/702
f 1746/5284/913 2099/6591/735 2100/5285/734
f 2098/5286/745 2099/6591/735 1746/5284/913
f 2097/5287/738 2098/5286/745 1747/4796/684
f 2096/5289/729 2097/5287/738 1748/5288/914
f 2095/5291/690 2096/5289/729 1749/5290/700
f 2094/5293/740 2095/6592/690 1750/5294/690
f 2093/5276/731 2094/5293/740 1751/5295/699
f 1771/5296/524 1770/5300/915 2075/5297/915
f 1769/5299/916 2076/5302/916 2075/5297/915
f 1780/5301/917 2065/5304/917 2076/5302/916
f 1780/5301/917 1779/5306/918 2066/5303/918
f 1778/5305/919 2067/5308/919 2066/5303/918
f 1777/5307/528 2068/5310/528 2067/5308/919
f 1776/5309/920 2069/5312/920 2068/5310/528
f 1775/5311/921 2070/5314/921 2069/5312/920
f 1774/5313/922 2071/6593/922 2070/5314/921
f 1774/5315/922 1773/5319/923 2072/5316/923
f 1772/5318/924 2073/5320/924 2072/5316/923
f 1771/5296/524 2074/5298/524 2073/5320/924
f 1765/5321/687 1764/6594/698 1625/5322/925
f 1766/5324/688 1765/5321/687 1624/5323/578
f 1767/5326/694 1766/5324/688 1623/5325/593
f 1621/5328/696 1768/5330/696 1767/5326/694
f 1632/5329/590 1757/5331/697 1768/5330/696
f 1631/4695/581 1758/6595/685 1757/5331/697
f 1761/5332/701 1760/6596/692 1629/4701/586
f 1627/5334/691 1762/6597/691 1761/5332/701
f 1763/5335/689 1762/6598/691 1627/5336/691
f 1625/5322/925 1764/6594/698 1763/5335/689
f 1608/5338/926 1781/5342/926 1782/5339/927
f 1597/5341/928 1792/5344/928 1781/5342/926
f 1597/5341/928 1598/5346/929 1791/5343/929
f 1599/5345/930 1790/5348/930 1791/5343/929
f 1600/5347/520 1789/5350/520 1790/5348/930
f 1601/5349/931 1788/5352/931 1789/5350/520
f 1601/5349/931 1602/5354/932 1787/5351/932
f 1603/5353/933 1786/6599/933 1787/5351/932
f 1604/5355/934 1785/5359/934 1786/5356/933
f 1605/5358/935 1784/6600/935 1785/5359/934
f 1611/5360/591 1612/5378/580 1376/5361/548
f 1610/5363/585 1611/5360/591 1375/5362/566
f 1373/5365/554 1609/6601/554 1610/5363/585
f 1620/5366/582 1609/6601/554 1373/5365/554
f 1619/5368/583 1620/5366/582 1384/5367/552
f 1382/4688/567 1618/5370/592 1619/5368/583
f 1381/4683/563 1617/6602/587 1618/5370/592
f 1616/5371/577 1617/6602/587 1381/4683/563
f 1379/5373/545 1615/6603/545 1616/5371/577
f 1614/5374/589 1615/6604/545 1379/5375/545
f 1377/5377/559 1613/6605/579 1614/5374/589
f 1612/5378/580 1613/6605/579 1377/5377/559
f 1360/5379/937 1596/5383/937 1595/5380/938
f 1349/5382/939 1585/5385/939 1596/5383/937
f 1349/5382/939 1350/5386/940 1586/5384/940
f 1350/5386/940 1351/5388/941 1587/5387/941
f 1351/5388/941 1352/5391/527 1588/5389/527
f 1353/5390/942 1589/5393/942 1588/5389/527
f 1354/5392/943 1590/5395/943 1589/5393/942
f 1355/5394/944 1591/6606/944 1590/5395/943
f 1355/5396/944 1356/5400/945 1592/5397/945
f 1357/5399/946 1593/5402/946 1592/5397/945
f 1357/5399/946 1358/5403/523 1594/5401/523
f 1359/5381/938 1595/5380/938 1594/5401/523
f 1364/5404/550 1365/5426/549 1936/5405/947
f 1364/5404/550 1961/5406/715 1962/5407/948
f 1363/5408/562 1962/5407/948 1963/5409/721
f 1361/5411/556 1362/5410/555 1963/5409/721
f 1372/5413/553 1361/5411/556 1964/5412/556
f 1371/5415/551 1372/5413/553 1929/5414/949
f 1371/5415/551 1930/4819/712 1931/5416/950
f 1370/5417/564 1931/5416/950 1932/4827/719
f 1369/5418/558 1932/4827/719 1933/5419/727
f 1368/5420/546 1933/5419/727 1934/5421/547
f 1367/5423/547 1934/6607/547 1935/5424/726
f 1366/5425/560 1935/5424/726 1936/5405/947
f 1978/5427/951 1977/6608/952 1348/5428/952
f 1348/5428/952 1977/6608/952 1988/5430/953
f 1988/5430/953 1987/5433/954 1338/5432/954
f 1987/5433/954 1986/5435/955 1339/5434/955
f 1986/5435/955 1985/6609/526 1340/5436/526
f 1340/5436/526 1985/6609/526 1984/5437/956
f 1984/5437/956 1983/5440/957 1342/5439/957
f 1983/5440/957 1982/6610/958 1343/5441/958
f 1982/5442/958 1981/6611/959 1344/5443/959
f 1344/5443/959 1981/6611/959 1980/5445/960
f 1980/5445/960 1979/6612/522 1346/5447/522
f 1346/5447/522 1979/6612/522 1978/5427/951
f 2287/5448/961 2288/6613/961 2289/5449/519
f 2286/5450/519 2289/5449/519 2290/5451/962
f 2293/5453/963 2294/6614/963 2295/5454/520
f 2291/5456/964 2292/5455/520 2295/5454/520
f 2299/5458/965 2300/6615/965 2301/5459/517
f 2297/5461/966 2298/5460/517 2301/5459/517
f 2305/5463/967 2306/6616/967 2307/5464/518
f 2304/5465/518 2307/5464/518 2308/5466/968
f 2274/4381/535 2310/6617/535 2309/5468/531
f 2281/3101/483 2317/6618/483 2316/5469/529
f 2278/3107/472 2314/6619/472 2313/5470/536
f 2275/4380/471 2311/6620/471 2310/5471/535
f 2282/3099/533 2318/6621/533 2317/5472/483
f 2279/3105/530 2315/6622/530 2314/5473/472
f 2276/4379/534 2312/6623/534 2311/5474/471
f 2283/3097/532 2319/6624/532 2318/5475/533
f 2273/3118/531 2309/6625/531 2320/5476/473
f 2280/3103/529 2316/6626/529 2315/5477/530
f 2277/3109/536 2313/6627/536 2312/5478/534
f 2284/3094/473 2320/6628/473 2319/5479/532
f 2326/5480/969 2334/5492/510 2333/5481/471
f 2324/5483/971 2332/5493/511 2331/5484/484
f 2322/5486/972 2330/5495/509 2329/5487/483
f 2321/5488/973 2329/5487/483 2336/5489/512
f 2327/5491/975 2335/5496/482 2334/5492/510
f 2325/5482/970 2333/5481/471 2332/5493/511
f 2323/5494/518 2331/6629/484 2330/5495/509
f 2328/5490/974 2336/5489/512 2335/5496/482
f 2326/5497/969 2325/5506/970 2340/5498/976
f 2321/5500/973 2337/5504/979 2338/5501/978
f 2328/5503/974 2343/5508/981 2337/5504/979
f 2326/5497/969 2341/5499/977 2342/5505/517
f 2325/5506/970 2324/5517/971 2339/5507/980
f 2328/5503/974 2327/5491/975 2342/5505/517
f 2341/5499/977 2340/5498/976 2347/5509/982
f 2338/5501/978 2337/5504/979 2344/5511/984
f 2343/5508/981 2350/5514/987 2344/5511/984
f 2341/5499/977 2348/5510/983 2349/5513/986
f 2339/5507/980 2346/5518/988 2347/5509/982
f 2343/5508/981 2342/5505/517 2349/5513/986
f 2344/5519/984 2352/5526/483 2353/5520/491
f 2323/5522/518 2351/6630/472 2354/5523/513
f 2350/5525/987 2358/5533/514 2352/5526/483
f 2345/5521/985 2353/5520/491 2351/5527/472
f 2348/5529/983 2356/5534/492 2357/5530/473
f 2346/5524/988 2354/5523/513 2355/5531/471
f 2349/5513/986 2357/5530/473 2358/5533/514
f 2347/5532/982 2355/5531/471 2356/5534/492
f 2364/5535/989 2372/5547/512 2371/5536/483
f 2362/5538/991 2370/5548/509 2369/5539/484
f 2360/5541/992 2368/5550/511 2367/5542/471
f 2359/5543/993 2367/5542/471 2374/5544/510
f 2365/5546/995 2373/5551/482 2372/5547/512
f 2363/5537/990 2371/5536/483 2370/5548/509
f 2361/5549/520 2369/6631/484 2368/5550/511
f 2366/5545/994 2374/5544/510 2373/5551/482
f 2364/5552/989 2363/5561/990 2378/5553/996
f 2359/5555/993 2375/5559/999 2376/5556/998
f 2366/5558/994 2381/5563/1001 2375/5559/999
f 2364/5552/989 2379/5554/997 2380/5560/519
f 2363/5561/990 2362/5572/991 2377/5562/1000
f 2365/5546/995 2380/5560/519 2381/5563/1001
f 2379/5554/997 2378/5553/996 2385/5564/1002
f 2376/5556/998 2375/5559/999 2382/5566/1004
f 2381/5563/1001 2388/5569/1007 2382/5566/1004
f 2379/5554/997 2386/5565/1003 2387/5568/1006
f 2377/5562/1000 2384/5573/1008 2385/5564/1002
f 2380/5560/519 2387/5568/1006 2388/5569/1007
f 2382/5574/1004 2390/5581/471 2391/5575/492
f 2361/5577/520 2389/6632/473 2392/5578/514
f 2388/5580/1007 2396/5588/513 2390/5581/471
f 2383/5576/1005 2391/5575/492 2389/5582/473
f 2386/5584/1003 2394/5589/491 2395/5585/472
f 2384/5579/1008 2392/5578/514 2393/5586/483
f 2387/5568/1006 2395/5585/472 2396/5588/513
f 2385/5587/1002 2393/5586/483 2394/5589/491
f 2494/5590/481 2506/5602/481 2505/5591/473
f 2501/5593/477 2513/5604/477 2512/5594/478
f 2498/5596/476 2510/5606/476 2509/5597/480
f 2493/5592/473 2505/5591/473 2516/5599/475
f 2495/5601/474 2507/5608/474 2506/5602/481
f 2502/5603/482 2514/5610/482 2513/5604/477
f 2499/5605/472 2511/5611/472 2510/5606/476
f 2496/5607/484 2508/6633/484 2507/5608/474
f 2503/5609/479 2515/5614/479 2514/5610/482
f 2500/5595/478 2512/5594/478 2511/5611/472
f 2497/5598/480 2509/5597/480 2508/5612/484
f 2504/5600/475 2516/5599/475 2515/5614/479
f 2518/5615/481 2530/5627/481 2529/5616/473
f 2525/5618/477 2537/5629/477 2536/5619/478
f 2522/5621/476 2534/5631/476 2533/5622/480
f 2517/5617/473 2529/5616/473 2540/5624/475
f 2519/5626/474 2531/5633/474 2530/5627/481
f 2526/5628/482 2538/5635/482 2537/5629/477
f 2523/5630/472 2535/5636/472 2534/5631/476
f 2520/5632/484 2532/6634/484 2531/5633/474
f 2527/5634/479 2539/5639/479 2538/5635/482
f 2524/5620/478 2536/5619/478 2535/5636/472
f 2521/5623/480 2533/5622/480 2532/5637/484
f 2528/5625/475 2540/5624/475 2539/5639/479
f 2603/3342/1009 2601/5641/1009 2597/5640/1010
f 2604/3341/1011 2600/4444/1012 2598/4445/1012
f 2608/3344/1013 2612/3351/1014 2609/3352/1014
f 2601/5641/1009 2603/3342/1009 2606/3348/1015
f 2602/3345/1011 2608/3344/1013 2605/3347/1013
f 2607/5642/1015 2606/3348/1015 2610/3349/1016
f 2612/3351/1014 2616/3355/1017 2613/4447/1017
f 2610/3349/1016 2614/3353/1018 2615/5644/1018
f 2623/3339/1019 2621/5646/1019 2617/5645/1020
f 2624/3338/1021 2620/4443/1022 2618/4448/1022
f 2628/3357/1023 2632/3364/1024 2629/3365/1024
f 2621/5646/1019 2623/3339/1019 2626/3361/1025
f 2622/3358/1021 2628/3357/1023 2625/3360/1023
f 2627/5647/1025 2626/3361/1025 2630/3362/1026
f 2632/3364/1024 2636/3368/1027 2633/4450/1027
f 2631/5648/1026 2630/3362/1026 2634/3366/1028
f 2704/3553/536 2728/3530/536 2729/4488/534
f 2690/4470/531 2714/3502/531 2713/3504/535
f 2685/3485/472 2710/3517/472 2720/3519/530
f 2703/3550/472 2727/3533/472 2728/4489/536
f 2689/4471/535 2713/3505/535 2712/3507/471
f 2696/3488/530 2720/3520/530 2719/3522/529
f 2702/3547/530 2726/3500/530 2727/4478/472
f 2688/4472/471 2712/4481/471 2711/3508/534
f 2695/3491/529 2719/3523/529 2718/3525/483
f 2701/3544/529 2725/3503/529 2726/4479/530
f 2687/4473/534 2711/4482/534 2709/3511/536
f 2708/3565/531 2732/3518/531 2722/4484/473
f 2697/3568/473 2722/3515/473 2721/4483/532
f 2691/4469/473 2715/3499/473 2714/3501/531
f 2705/3556/534 2729/3527/534 2730/4487/471
f 2698/3535/532 2721/3513/532 2723/3512/533
f 2692/4477/532 2716/3532/532 2715/3534/473
f 2706/3559/471 2730/3524/471 2731/4486/535
f 2699/3538/533 2723/3510/533 2724/3509/483
f 2693/4476/533 2717/3529/533 2716/3531/532
f 2707/3562/535 2731/3521/535 2732/4485/531
f 2686/4474/536 2709/3514/536 2710/3516/472
f 2700/3541/483 2724/3506/483 2725/4480/529
f 2694/3494/483 2718/3526/483 2717/3528/533
f 2835/5650/969 2843/5662/510 2842/5651/471
f 2833/5653/971 2841/5663/511 2840/5654/484
f 2831/5656/972 2839/5665/509 2838/5657/483
f 2830/5658/973 2838/5657/483 2845/5659/512
f 2836/5661/975 2844/5666/482 2843/5662/510
f 2834/5652/970 2842/5651/471 2841/5663/511
f 2832/5664/518 2840/6635/484 2839/5665/509
f 2837/5660/974 2845/5659/512 2844/5666/482
f 2835/5667/969 2834/5676/970 2849/5668/976
f 2830/5670/973 2846/5674/979 2847/5671/978
f 2837/5673/974 2852/5678/981 2846/5674/979
f 2835/5667/969 2850/5669/977 2851/5675/517
f 2834/5676/970 2833/5687/971 2848/5677/980
f 2837/5673/974 2836/5661/975 2851/5675/517
f 2850/5669/977 2849/5668/976 2856/5679/982
f 2847/5671/978 2846/5674/979 2853/5681/984
f 2852/5678/981 2859/5684/987 2853/5681/984
f 2850/5669/977 2857/5680/983 2858/5683/986
f 2848/5677/980 2855/5688/988 2856/5679/982
f 2852/5678/981 2851/5675/517 2858/5683/986
f 2853/5689/984 2861/5696/483 2862/5690/491
f 2832/5692/518 2860/6636/472 2863/5693/513
f 2859/5695/987 2867/5703/514 2861/5696/483
f 2854/5691/985 2862/5690/491 2860/5697/472
f 2857/5699/983 2865/5704/492 2866/5700/473
f 2855/5694/988 2863/5693/513 2864/5701/471
f 2858/5683/986 2866/5700/473 2867/5703/514
f 2856/5702/982 2864/5701/471 2865/5704/492
f 2873/5705/989 2881/5717/512 2880/5706/483
f 2871/5708/991 2879/5718/509 2878/5709/484
f 2869/5711/992 2877/5720/511 2876/5712/471
f 2868/5713/993 2876/5712/471 2883/5714/510
f 2874/5716/995 2882/5721/482 2881/5717/512
f 2872/5707/990 2880/5706/483 2879/5718/509
f 2870/5719/520 2878/6637/484 2877/5720/511
f 2875/5715/994 2883/5714/510 2882/5721/482
f 2873/5722/989 2872/5731/990 2887/5723/996
f 2868/5725/993 2884/5729/999 2885/5726/998
f 2875/5728/994 2890/5733/1001 2884/5729/999
f 2873/5722/989 2888/5724/997 2889/5730/519
f 2872/5731/990 2871/5742/991 2886/5732/1000
f 2875/5728/994 2874/5716/995 2889/5730/519
f 2888/5724/997 2887/5723/996 2894/5734/1002
f 2885/5726/998 2884/5729/999 2891/5736/1004
f 2890/5733/1001 2897/5739/1007 2891/5736/1004
f 2888/5724/997 2895/5735/1003 2896/5738/1006
f 2886/5732/1000 2893/5743/1008 2894/5734/1002
f 2889/5730/519 2896/5738/1006 2897/5739/1007
f 2891/5744/1004 2899/5751/471 2900/5745/492
f 2870/5747/520 2898/6638/473 2901/5748/514
f 2897/5750/1007 2905/5758/513 2899/5751/471
f 2892/5746/1005 2900/5745/492 2898/5752/473
f 2895/5754/1003 2903/5759/491 2904/5755/472
f 2893/5749/1008 2901/5748/514 2902/5756/483
f 2896/5738/1006 2904/5755/472 2905/5758/513
f 2894/5757/1002 2902/5756/483 2903/5759/491
f 2911/5760/1029 2919/5772/511 2918/5761/471
f 2909/5763/1031 2917/5773/510 2916/5764/482
f 2907/5766/1032 2915/5775/512 2914/5767/483
f 2906/5768/1033 2914/5767/483 2921/5769/509
f 2912/5771/1035 2920/5776/484 2919/5772/511
f 2909/5763/1031 2910/5762/1030 2918/5761/471
f 2908/5774/517 2916/6639/482 2915/5775/512
f 2913/5770/1034 2921/5769/509 2920/5776/484
f 2911/5777/1029 2910/5786/1030 2925/5778/1036
f 2907/5780/1032 2906/5784/1033 2922/5781/1038
f 2913/5783/1034 2928/5788/1041 2922/5781/1038
f 2912/5771/1035 2911/5777/1029 2926/5779/1037
f 2910/5786/1030 2909/5797/1031 2924/5787/1040
f 2912/5771/1035 2927/5785/518 2928/5788/1041
f 2925/5778/1036 2932/5793/1046 2933/5789/1042
f 2923/5782/1039 2922/5781/1038 2929/5790/1043
f 2928/5788/1041 2935/5794/1047 2929/5790/1043
f 2926/5779/1037 2933/5789/1042 2934/5792/1045
f 2924/5787/1040 2931/5798/1048 2932/5793/1046
f 2928/5788/1041 2927/5785/518 2934/5792/1045
f 2929/5799/1043 2937/5806/483 2938/5800/514
f 2908/5802/517 2936/6640/473 2939/5803/492
f 2935/5805/1047 2943/5813/491 2937/5806/483
f 2930/5801/1044 2938/5800/514 2936/5807/473
f 2933/5809/1042 2941/5814/513 2942/5810/472
f 2931/5804/1048 2939/5803/492 2940/5811/471
f 2934/5792/1045 2942/5810/472 2943/5813/491
f 2932/5812/1046 2940/5811/471 2941/5814/513
f 2949/5815/1049 2957/5827/509 2956/5816/483
f 2947/5818/1051 2955/5828/512 2954/5819/482
f 2944/5821/1052 2945/5830/1055 2953/5822/510
f 2944/5821/1052 2952/5823/471 2959/5824/511
f 2950/5826/1054 2958/5831/484 2957/5827/509
f 2948/5817/1050 2956/5816/483 2955/5828/512
f 2946/5829/519 2954/6641/482 2953/5822/510
f 2951/5825/1053 2959/5824/511 2958/5831/484
f 2948/5832/1050 2963/5842/1061 2964/5833/1056
f 2944/5835/1052 2960/5839/1059 2961/5836/1057
f 2944/5835/1052 2951/5843/1053 2966/5838/1058
f 2949/5834/1049 2964/5833/1056 2965/5840/520
f 2948/5832/1050 2947/5852/1051 2962/5841/1060
f 2950/5826/1054 2965/5840/520 2966/5838/1058
f 2964/5833/1056 2963/5842/1061 2970/5844/1062
f 2961/5836/1057 2960/5839/1059 2967/5846/1064
f 2966/5838/1058 2973/5849/1067 2967/5846/1064
f 2964/5833/1056 2971/5845/1063 2972/5848/1066
f 2962/5841/1060 2969/5853/1068 2970/5844/1062
f 2966/5838/1058 2965/5840/520 2972/5848/1066
f 2967/5854/1064 2975/5861/471 2976/5855/513
f 2946/5857/519 2974/6642/472 2977/5858/491
f 2973/5860/1067 2981/5868/492 2975/5861/471
f 2968/5856/1065 2976/5855/513 2974/5862/472
f 2971/5864/1063 2979/5869/514 2980/5865/473
f 2969/5859/1068 2977/5858/491 2978/5866/483
f 2972/5848/1066 2980/5865/473 2981/5868/492
f 2970/5867/1062 2978/5866/483 2979/5869/514
f 2987/5870/1029 2995/5882/511 2994/5871/471
f 2985/5873/1031 2993/5883/510 2992/5874/482
f 2983/5876/1032 2991/5885/512 2990/5877/483
f 2982/5878/1033 2990/5877/483 2997/5879/509
f 2988/5881/1035 2996/5886/484 2995/5882/511
f 2985/5873/1031 2986/5872/1030 2994/5871/471
f 2984/5884/517 2992/6643/482 2991/5885/512
f 2989/5880/1034 2997/5879/509 2996/5886/484
f 2987/5887/1029 2986/5896/1030 3001/5888/1036
f 2983/5890/1032 2982/5894/1033 2998/5891/1038
f 2989/5893/1034 3004/5898/1041 2998/5891/1038
f 2987/5887/1029 3002/5889/1037 3003/5895/518
f 2986/5896/1030 2985/5907/1031 3000/5897/1040
f 2988/5881/1035 3003/5895/518 3004/5898/1041
f 3001/5888/1036 3008/5903/1046 3009/5899/1042
f 2999/5892/1039 2998/5891/1038 3005/5900/1043
f 3004/5898/1041 3011/5904/1047 3005/5900/1043
f 3002/5889/1037 3009/5899/1042 3010/5902/1045
f 3000/5897/1040 3007/5908/1048 3008/5903/1046
f 3004/5898/1041 3003/5895/518 3010/5902/1045
f 3005/5909/1043 3013/5916/483 3014/5910/514
f 2984/5912/517 3012/6644/473 3015/5913/492
f 3011/5915/1047 3019/5923/491 3013/5916/483
f 3006/5911/1044 3014/5910/514 3012/5917/473
f 3009/5919/1042 3017/5924/513 3018/5920/472
f 3007/5914/1048 3015/5913/492 3016/5921/471
f 3010/5902/1045 3018/5920/472 3019/5923/491
f 3008/5922/1046 3016/5921/471 3017/5924/513
f 3025/5925/1049 3033/5937/509 3032/5926/483
f 3023/5928/1051 3031/5938/512 3030/5929/482
f 3020/5931/1052 3021/5940/1055 3029/5932/510
f 3020/5931/1052 3028/5933/471 3035/5934/511
f 3026/5936/1054 3034/5941/484 3033/5937/509
f 3024/5927/1050 3032/5926/483 3031/5938/512
f 3022/5939/519 3030/6645/482 3029/5932/510
f 3027/5935/1053 3035/5934/511 3034/5941/484
f 3024/5942/1050 3039/5952/1061 3040/5943/1056
f 3020/5945/1052 3036/5949/1059 3037/5946/1057
f 3020/5945/1052 3027/5953/1053 3042/5948/1058
f 3025/5944/1049 3040/5943/1056 3041/5950/520
f 3024/5942/1050 3023/5962/1051 3038/5951/1060
f 3026/5936/1054 3041/5950/520 3042/5948/1058
f 3040/5943/1056 3039/5952/1061 3046/5954/1062
f 3037/5946/1057 3036/5949/1059 3043/5956/1064
f 3042/5948/1058 3049/5959/1067 3043/5956/1064
f 3040/5943/1056 3047/5955/1063 3048/5958/1066
f 3038/5951/1060 3045/5963/1068 3046/5954/1062
f 3042/5948/1058 3041/5950/520 3048/5958/1066
f 3043/5964/1064 3051/5971/471 3052/5965/513
f 3022/5967/519 3050/6646/472 3053/5968/491
f 3049/5970/1067 3057/5978/492 3051/5971/471
f 3044/5966/1065 3052/5965/513 3050/5972/472
f 3047/5974/1063 3055/5979/514 3056/5975/473
f 3045/5969/1068 3053/5968/491 3054/5976/483
f 3048/5958/1066 3056/5975/473 3057/5978/492
f 3046/5977/1062 3054/5976/483 3055/5979/514
f 3063/5980/1067 3071/5992/492 3070/5981/471
f 3061/5983/1065 3069/5993/513 3068/5984/472
f 3059/5986/1068 3067/5995/491 3066/5987/483
f 3058/5988/1062 3066/5987/483 3073/5989/514
f 3064/5991/1066 3072/5996/473 3071/5992/492
f 3062/5982/1064 3070/5981/471 3069/5993/513
f 3060/5994/519 3068/6647/472 3067/5995/491
f 3065/5990/1063 3073/5989/514 3072/5996/473
f 3063/5997/1067 3062/6006/1064 3077/5998/1059
f 3058/6000/1062 3074/6004/1061 3075/6001/1060
f 3065/6003/1063 3080/6008/1056 3074/6004/1061
f 3064/5991/1066 3063/5997/1067 3078/5999/1058
f 3062/6006/1064 3061/6017/1065 3076/6007/1057
f 3064/5991/1066 3079/6005/520 3080/6008/1056
f 3077/5998/1059 3084/6014/1052 3085/6009/1053
f 3075/6001/1060 3074/6004/1061 3081/6010/1050
f 3074/6004/1061 3080/6008/1056 3087/6012/1049
f 3079/6005/520 3078/5999/1058 3085/6009/1053
f 3076/6007/1057 3083/6018/1055 3084/6014/1052
f 3079/6005/520 3086/6013/1054 3087/6012/1049
f 3081/6019/1050 3089/6026/483 3090/6020/512
f 3060/6022/519 3088/6648/482 3091/6023/510
f 3087/6025/1049 3095/6033/509 3089/6026/483
f 3082/6021/1051 3090/6020/512 3088/6027/482
f 3085/6029/1053 3093/6034/511 3094/6030/484
f 3083/6024/1055 3091/6023/510 3092/6031/471
f 3086/6013/1054 3094/6030/484 3095/6033/509
f 3084/6032/1052 3092/6031/471 3093/6034/511
f 3101/6035/987 3109/6047/514 3108/6036/483
f 3099/6038/985 3107/6048/491 3106/6039/472
f 3097/6041/988 3105/6050/513 3104/6042/471
f 3103/6044/983 3096/6043/982 3104/6042/471
f 3102/6046/986 3110/6051/473 3109/6047/514
f 3100/6037/984 3108/6036/483 3107/6048/491
f 3098/6049/518 3106/6649/472 3105/6050/513
f 3103/6044/983 3111/6045/492 3110/6051/473
f 3101/6052/987 3100/6061/984 3115/6053/979
f 3096/6055/982 3112/6059/976 3113/6056/980
f 3103/6058/983 3118/6063/977 3112/6059/976
f 3101/6052/987 3116/6054/1069 3117/6060/517
f 3100/6061/984 3099/6072/985 3114/6062/978
f 3103/6058/983 3102/6046/986 3117/6060/517
f 3116/6054/1069 3115/6053/979 3122/6064/973
f 3113/6056/980 3112/6059/976 3119/6066/970
f 3118/6063/977 3125/6069/969 3119/6066/970
f 3116/6054/1069 3123/6065/974 3124/6068/975
f 3114/6062/978 3121/6073/972 3122/6064/973
f 3118/6063/977 3117/6060/517 3124/6068/975
f 3119/6074/970 3127/6081/471 3128/6075/511
f 3098/6077/518 3126/6650/484 3129/6078/509
f 3125/6080/969 3133/6088/510 3127/6081/471
f 3120/6076/971 3128/6075/511 3126/6082/484
f 3123/6084/974 3131/6089/512 3132/6085/482
f 3121/6079/972 3129/6078/509 3130/6086/483
f 3125/6080/969 3124/6068/975 3132/6085/482
f 3122/6087/973 3130/6086/483 3131/6089/512
f 3139/6090/1067 3147/6102/492 3146/6091/471
f 3137/6093/1065 3145/6103/513 3144/6094/472
f 3135/6096/1068 3143/6105/491 3142/6097/483
f 3134/6098/1062 3142/6097/483 3149/6099/514
f 3140/6101/1066 3148/6106/473 3147/6102/492
f 3138/6092/1064 3146/6091/471 3145/6103/513
f 3136/6104/519 3144/6651/472 3143/6105/491
f 3141/6100/1063 3149/6099/514 3148/6106/473
f 3139/6107/1067 3138/6116/1064 3153/6108/1059
f 3134/6110/1062 3150/6114/1061 3151/6111/1060
f 3141/6113/1063 3156/6118/1056 3150/6114/1061
f 3140/6101/1066 3139/6107/1067 3154/6109/1058
f 3138/6116/1064 3137/6127/1065 3152/6117/1057
f 3140/6101/1066 3155/6115/520 3156/6118/1056
f 3153/6108/1059 3160/6124/1052 3161/6119/1053
f 3151/6111/1060 3150/6114/1061 3157/6120/1050
f 3150/6114/1061 3156/6118/1056 3163/6122/1049
f 3155/6115/520 3154/6109/1058 3161/6119/1053
f 3152/6117/1057 3159/6128/1055 3160/6124/1052
f 3155/6115/520 3162/6123/1054 3163/6122/1049
f 3157/6129/1050 3165/6136/483 3166/6130/512
f 3136/6132/519 3164/6652/482 3167/6133/510
f 3163/6135/1049 3171/6143/509 3165/6136/483
f 3158/6131/1051 3166/6130/512 3164/6137/482
f 3161/6139/1053 3169/6144/511 3170/6140/484
f 3159/6134/1055 3167/6133/510 3168/6141/471
f 3162/6123/1054 3170/6140/484 3171/6143/509
f 3160/6142/1052 3168/6141/471 3169/6144/511
f 3177/6145/987 3185/6157/514 3184/6146/483
f 3175/6148/985 3183/6158/491 3182/6149/472
f 3172/6151/982 3173/6160/988 3181/6152/513
f 3179/6154/983 3172/6151/982 3180/6153/471
f 3178/6156/986 3186/6161/473 3185/6157/514
f 3176/6147/984 3184/6146/483 3183/6158/491
f 3174/6159/518 3182/6653/472 3181/6152/513
f 3179/6154/983 3187/6155/492 3186/6161/473
f 3177/6162/987 3176/6171/984 3191/6163/979
f 3172/6165/982 3188/6169/976 3189/6166/980
f 3179/6168/983 3194/6173/977 3188/6169/976
f 3177/6162/987 3192/6164/981 3193/6170/517
f 3176/6171/984 3175/6182/985 3190/6172/978
f 3179/6168/983 3178/6156/986 3193/6170/517
f 3192/6164/981 3191/6163/979 3198/6174/973
f 3189/6166/980 3188/6169/976 3195/6176/970
f 3194/6173/977 3201/6179/969 3195/6176/970
f 3192/6164/981 3199/6175/974 3200/6178/975
f 3190/6172/978 3197/6183/972 3198/6174/973
f 3194/6173/977 3193/6170/517 3200/6178/975
f 3195/6184/970 3203/6191/471 3204/6185/511
f 3174/6187/518 3202/6654/484 3205/6188/509
f 3201/6190/969 3209/6198/510 3203/6191/471
f 3196/6186/971 3204/6185/511 3202/6192/484
f 3199/6194/974 3207/6199/512 3208/6195/482
f 3197/6189/972 3205/6188/509 3206/6196/483
f 3201/6190/969 3200/6178/975 3208/6195/482
f 3198/6197/973 3206/6196/483 3207/6199/512
f 3215/6200/1007 3223/6212/513 3222/6201/471
f 3213/6203/1005 3221/6213/492 3220/6204/473
f 3211/6206/1008 3219/6215/514 3218/6207/483
f 3210/6208/1002 3218/6207/483 3225/6209/491
f 3216/6211/1006 3224/6216/472 3223/6212/513
f 3214/6202/1004 3222/6201/471 3221/6213/492
f 3212/6214/520 3220/6655/473 3219/6215/514
f 3217/6210/1003 3225/6209/491 3224/6216/472
f 3215/6217/1007 3214/6227/1004 3229/6218/999
f 3211/6220/1008 3210/6224/1002 3226/6221/996
f 3217/6223/1003 3232/6228/1070 3226/6221/996
f 3216/6211/1006 3215/6217/1007 3230/6219/1001
f 3213/6226/1005 3228/6238/998 3229/6218/999
f 3216/6211/1006 3231/6225/519 3232/6228/1070
f 3230/6219/1001 3229/6218/999 3236/6229/993
f 3226/6221/996 3233/6232/990 3234/6231/991
f 3232/6228/1070 3239/6235/989 3233/6232/990
f 3230/6219/1001 3237/6230/994 3238/6233/995
f 3229/6218/999 3228/6238/998 3235/6234/992
f 3231/6225/519 3238/6233/995 3239/6235/989
f 3233/6239/990 3241/6246/483 3242/6240/509
f 3212/6242/520 3240/6656/484 3243/6243/511
f 3239/6245/989 3247/6253/512 3241/6246/483
f 3234/6241/991 3242/6240/509 3240/6247/484
f 3237/6249/994 3245/6254/510 3246/6250/482
f 3235/6244/992 3243/6243/511 3244/6251/471
f 3238/6233/995 3246/6250/482 3247/6253/512
f 3236/6252/993 3244/6251/471 3245/6254/510
f 3253/6255/1047 3261/6267/491 3260/6256/483
f 3251/6258/1044 3259/6268/514 3258/6259/473
f 3248/6261/1046 3249/6270/1048 3257/6262/492
f 3248/6261/1046 3256/6263/471 3263/6264/513
f 3254/6266/1045 3262/6271/472 3261/6267/491
f 3252/6257/1043 3260/6256/483 3259/6268/514
f 3250/6269/517 3258/6657/473 3257/6262/492
f 3255/6265/1042 3263/6264/513 3262/6271/472
f 3252/6272/1043 3267/6282/1038 3268/6273/1041
f 3248/6275/1046 3264/6279/1036 3265/6276/1040
f 3248/6275/1046 3255/6283/1042 3270/6278/1037
f 3253/6274/1047 3268/6273/1041 3269/6280/518
f 3252/6272/1043 3251/6292/1044 3266/6281/1039
f 3254/6266/1045 3269/6280/518 3270/6278/1037
f 3267/6282/1038 3274/6288/1033 3275/6284/1034
f 3265/6276/1040 3264/6279/1036 3271/6285/1030
f 3270/6278/1037 3277/6289/1029 3271/6285/1030
f 3268/6273/1041 3275/6284/1034 3276/6287/1035
f 3266/6281/1039 3273/6293/1032 3274/6288/1033
f 3269/6280/518 3276/6287/1035 3277/6289/1029
f 3271/6294/1030 3279/6301/471 3280/6295/510
f 3250/6297/517 3278/6658/482 3281/6298/512
f 3277/6300/1029 3285/6308/511 3279/6301/471
f 3272/6296/1031 3280/6295/510 3278/6302/482
f 3275/6304/1034 3283/6309/509 3284/6305/484
f 3273/6299/1032 3281/6298/512 3282/6306/483
f 3276/6287/1035 3284/6305/484 3285/6308/511
f 3274/6307/1033 3282/6306/483 3283/6309/509
f 3291/6310/1007 3299/6322/513 3298/6311/471
f 3289/6313/1005 3297/6323/492 3296/6314/473
f 3287/6316/1008 3295/6325/514 3294/6317/483
f 3286/6318/1002 3294/6317/483 3301/6319/491
f 3292/6321/1006 3300/6326/472 3299/6322/513
f 3290/6312/1004 3298/6311/471 3297/6323/492
f 3288/6324/520 3296/6659/473 3295/6325/514
f 3293/6320/1003 3301/6319/491 3300/6326/472
f 3291/6327/1007 3290/6337/1004 3305/6328/999
f 3287/6330/1008 3286/6334/1002 3302/6331/996
f 3293/6333/1003 3308/6338/1070 3302/6331/996
f 3292/6321/1006 3291/6327/1007 3306/6329/1001
f 3289/6336/1005 3304/6348/998 3305/6328/999
f 3292/6321/1006 3307/6335/519 3308/6338/1070
f 3306/6329/1001 3305/6328/999 3312/6339/993
f 3302/6331/996 3309/6342/990 3310/6341/991
f 3308/6338/1070 3315/6345/989 3309/6342/990
f 3306/6329/1001 3313/6340/994 3314/6343/995
f 3305/6328/999 3304/6348/998 3311/6344/992
f 3307/6335/519 3314/6343/995 3315/6345/989
f 3309/6349/990 3317/6356/483 3318/6350/509
f 3288/6352/520 3316/6660/484 3319/6353/511
f 3315/6355/989 3323/6363/512 3317/6356/483
f 3310/6351/991 3318/6350/509 3316/6357/484
f 3313/6359/994 3321/6364/510 3322/6360/482
f 3311/6354/992 3319/6353/511 3320/6361/471
f 3314/6343/995 3322/6360/482 3323/6363/512
f 3312/6362/993 3320/6361/471 3321/6364/510
f 3329/6365/1047 3337/6377/491 3336/6366/483
f 3327/6368/1044 3335/6378/514 3334/6369/473
f 3324/6371/1046 3325/6380/1048 3333/6372/492
f 3324/6371/1046 3332/6373/471 3339/6374/513
f 3330/6376/1045 3338/6381/472 3337/6377/491
f 3328/6367/1043 3336/6366/483 3335/6378/514
f 3326/6379/517 3334/6661/473 3333/6372/492
f 3331/6375/1042 3339/6374/513 3338/6381/472
f 3328/6382/1043 3343/6392/1038 3344/6383/1041
f 3324/6385/1046 3340/6389/1036 3341/6386/1040
f 3324/6385/1046 3331/6393/1042 3346/6388/1037
f 3330/6376/1045 3329/6384/1047 3344/6383/1041
f 3328/6382/1043 3327/6402/1044 3342/6391/1039
f 3331/6393/1042 3330/6376/1045 3345/6390/518
f 3343/6392/1038 3350/6398/1033 3351/6394/1034
f 3341/6386/1040 3340/6389/1036 3347/6395/1030
f 3346/6388/1037 3353/6399/1029 3347/6395/1030
f 3345/6390/518 3344/6383/1041 3351/6394/1034
f 3342/6391/1039 3349/6403/1032 3350/6398/1033
f 3345/6390/518 3352/6397/1035 3353/6399/1029
f 3347/6404/1030 3355/6411/471 3356/6405/510
f 3326/6407/517 3354/6662/482 3357/6408/512
f 3353/6410/1029 3361/6418/511 3355/6411/471
f 3348/6406/1031 3356/6405/510 3354/6412/482
f 3351/6414/1034 3359/6419/509 3360/6415/484
f 3349/6409/1032 3357/6408/512 3358/6416/483
f 3352/6397/1035 3360/6415/484 3361/6418/511
f 3350/6417/1033 3358/6416/483 3359/6419/509
f 3424/3761/1071 3422/6421/1071 3418/6420/1072
f 3425/3760/1073 3421/4532/1074 3419/4533/1074
f 3429/3763/1075 3433/3770/1076 3430/3771/1076
f 3422/6421/1071 3424/3761/1071 3427/3767/1077
f 3423/3764/1073 3429/3763/1075 3426/3766/1075
f 3428/6422/1077 3427/3767/1077 3431/3768/1078
f 3430/3771/1076 3433/3770/1076 3437/3774/1079
f 3431/3768/1078 3435/3772/1080 3436/6424/1080
f 3444/3758/1081 3442/6426/1081 3438/6425/1082
f 3445/3757/1083 3441/4531/1084 3439/4536/1084
f 3449/3776/1085 3453/3783/1086 3450/3784/1086
f 3442/6426/1081 3444/3758/1081 3447/3780/1087
f 3443/3777/1083 3449/3776/1085 3446/3779/1085
f 3448/6427/1087 3447/3780/1087 3451/3781/1088
f 3453/3783/1086 3457/3787/1089 3454/4538/1089
f 3452/6428/1088 3451/3781/1088 3455/3785/1090
f 3464/3793/1091 3462/6431/1091 3458/6430/1092
f 3465/3792/1093 3461/4540/1094 3459/4541/1094
f 3469/3795/1095 3473/3802/1096 3470/3803/1096
f 3462/6431/1091 3464/3793/1091 3467/3799/1097
f 3463/3796/1093 3469/3795/1095 3466/3798/1095
f 3468/6432/1097 3467/3799/1097 3471/3800/1098
f 3470/3803/1096 3473/3802/1096 3477/3806/1099
f 3471/3800/1098 3475/3804/1100 3476/6434/1100
f 3484/3790/1101 3482/6436/1101 3478/6435/1102
f 3485/3789/1103 3481/4539/1104 3479/4544/1104
f 3489/3808/1105 3493/3815/1106 3490/3816/1106
f 3482/6436/1101 3484/3790/1101 3487/3812/1107
f 3483/3809/1103 3489/3808/1105 3486/3811/1105
f 3488/6437/1107 3487/3812/1107 3491/3813/1108
f 3493/3815/1106 3497/3819/1109 3494/4546/1109
f 3492/6438/1108 3491/3813/1108 3495/3817/1110
f 3504/3825/1111 3502/6441/1111 3498/6440/1112
f 3505/3824/1113 3501/4548/1114 3499/4549/1114
f 3509/3827/1115 3513/3834/1116 3510/3835/1116
f 3502/6441/1111 3504/3825/1111 3507/3831/1117
f 3503/3828/1113 3509/3827/1115 3506/3830/1115
f 3508/6442/1117 3507/3831/1117 3511/3832/1118
f 3510/3835/1116 3513/3834/1116 3517/3838/1119
f 3511/3832/1118 3515/3836/1120 3516/6444/1120
f 3524/3822/1121 3522/6446/1121 3518/6445/1122
f 3521/4547/1123 3519/4552/1123 3523/3841/1124
f 3529/3840/1125 3533/3847/1126 3530/3848/1126
f 3522/6446/1121 3524/3822/1121 3527/3844/1127
f 3523/3841/1124 3529/3840/1125 3526/3843/1125
f 3528/6447/1127 3527/3844/1127 3531/3845/1128
f 3533/3847/1126 3537/3851/1129 3534/4554/1129
f 3532/6448/1128 3531/3845/1128 3535/3849/1130
f 3542/3881/533 3554/3860/533 3555/3862/532
f 3549/3891/536 3561/3875/536 3551/3852/472
f 3539/3887/530 3550/3854/530 3552/3856/529
f 3547/4574/471 3546/3898/535 3558/3868/535
f 3543/3879/532 3555/3862/532 3556/3864/473
f 3540/3885/529 3552/3856/529 3553/3858/483
f 3548/3892/534 3547/3895/471 3559/3871/471
f 3544/3877/473 3556/3864/473 3557/3866/531
f 3541/3883/483 3553/3858/483 3554/3860/533
f 3548/3892/534 3560/3873/534 3561/3875/536
f 3538/3889/472 3551/3852/472 3550/3854/530
f 3545/3902/531 3557/3866/531 3558/3868/535
f 3563/4565/534 3575/6663/534 3574/6450/536
f 3570/3859/483 3582/6664/483 3581/6451/533
f 3567/3865/473 3579/6665/473 3578/6452/531
f 3564/4564/471 3576/6666/471 3575/6453/534
f 3570/4557/483 3571/3857/529 3583/6454/529
f 3568/3863/532 3580/6667/532 3579/6456/473
f 3564/3869/471 3565/4563/535 3577/6457/535
f 3572/3855/530 3584/6668/530 3583/6459/529
f 3562/3876/536 3574/6669/536 3585/6460/472
f 3569/3861/533 3581/6670/533 3580/6461/532
f 3566/3867/531 3578/6671/531 3577/6462/535
f 3573/4555/472 3585/6672/472 3584/6463/530
f 3605/3958/531 3629/3935/531 3630/4587/535
f 3591/4568/536 3615/3907/536 3614/3909/534
f 3586/4573/473 3611/3922/473 3621/3924/532
f 3604/3955/473 3628/3938/473 3629/4588/531
f 3589/3882/471 3590/4569/534 3614/3910/534
f 3597/3893/532 3621/3925/532 3620/3927/533
f 3603/3952/532 3627/3906/532 3628/3905/473
f 3589/4570/471 3613/4580/471 3612/3913/535
f 3596/3896/533 3620/3928/533 3619/3930/483
f 3602/3949/533 3626/3908/533 3627/4578/532
f 3588/4571/535 3612/3916/535 3610/3918/531
f 3609/3970/536 3633/3923/536 3623/4583/472
f 3598/3973/472 3623/3921/472 3622/3920/530
f 3592/4567/472 3616/4577/472 3615/3904/536
f 3607/3962/471 3606/3961/535 3630/3933/535
f 3599/3940/530 3622/3917/530 3624/4581/529
f 3593/4576/530 3617/3937/530 3616/3939/472
f 3607/3964/471 3631/3929/471 3632/4585/534
f 3600/3943/529 3624/3915/529 3625/3914/483
f 3594/4575/529 3618/3934/529 3617/3936/530
f 3608/3967/534 3632/3926/534 3633/4584/536
f 3587/4572/531 3610/4582/531 3611/3919/473
f 3601/3946/483 3625/3911/483 3626/4579/533
f 3595/3899/483 3619/4586/483 3618/3931/529
f 3639/4005/1131 3651/3984/1131 3652/3986/1132
f 3635/4012/484 3646/4015/1133 3658/3999/1133
f 3636/4011/1134 3647/3978/1134 3649/3980/1135
f 3644/4605/471 3643/4024/1136 3655/3992/1136
f 3641/4030/482 3640/4001/1132 3652/3986/1132
f 3637/4009/1135 3649/3980/1135 3650/3982/483
f 3645/4018/1137 3644/4021/471 3656/3995/471
f 3642/4028/1138 3641/4030/482 3653/3988/482
f 3638/4007/483 3650/3982/483 3651/3984/1131
f 3645/4018/1137 3657/3997/1137 3658/3999/1133
f 3635/4012/484 3648/3976/484 3647/3978/1134
f 3642/4028/1138 3654/3990/1138 3655/3992/1136
f 3660/4599/1137 3672/6673/1137 3671/6464/1133
f 3667/3983/483 3679/6674/483 3678/6465/1131
f 3663/4595/1138 3664/3989/482 3676/6466/482
f 3661/4598/471 3673/6675/471 3672/6468/1137
f 3668/3981/1135 3680/6676/1135 3679/6469/483
f 3665/3987/1132 3677/6677/1132 3676/6470/482
f 3662/4597/1136 3674/6678/1136 3673/6471/471
f 3669/3979/1134 3681/6679/1134 3680/6472/1135
f 3659/4000/1133 3671/6680/1133 3682/6473/484
f 3665/4593/1132 3666/3985/1131 3678/6474/1131
f 3663/3991/1138 3675/6681/1138 3674/6476/1136
f 3670/4589/484 3682/6682/484 3681/6477/1134
f 3702/4085/1138 3726/4062/1138 3727/4618/1136
f 3688/4601/1133 3712/4034/1133 3711/4036/1137
f 3683/4016/482 3708/4049/482 3718/4051/1132
f 3702/4083/1138 3701/4082/482 3725/4065/482
f 3687/4602/1137 3711/4037/1137 3710/4039/471
f 3694/4019/1132 3718/4052/1132 3717/4054/1131
f 3700/4079/1132 3724/4033/1132 3725/4032/482
f 3686/4603/471 3710/4040/471 3709/4042/1136
f 3693/4022/1131 3717/4055/1131 3716/4057/483
f 3699/4076/1131 3723/4035/1131 3724/4609/1132
f 3685/4604/1136 3709/4612/1136 3707/4043/1138
f 3706/4097/1133 3730/4050/1133 3720/4614/484
f 3695/4100/484 3720/4047/484 3719/4613/1134
f 3689/4002/484 3713/4608/484 3712/4031/1133
f 3703/4088/1136 3727/4060/1136 3728/4059/471
f 3696/4067/1134 3719/4045/1134 3721/4044/1135
f 3690/4607/1134 3714/4064/1134 3713/4066/484
f 3704/4091/471 3728/4056/471 3729/4616/1137
f 3697/4070/1135 3721/4041/1135 3722/4611/483
f 3691/4606/1135 3715/4061/1135 3714/4063/1134
f 3705/4094/1137 3729/4053/1137 3730/4615/1133
f 3684/4013/1138 3707/4046/1138 3708/4048/482
f 3698/4073/483 3722/4038/483 3723/4610/1131
f 3691/4026/1135 3692/4025/483 3716/4617/483
f 3736/4132/1135 3748/4111/1135 3749/4113/1134
f 3743/4142/1138 3755/4126/1138 3745/4105/482
f 3733/4137/1132 3744/4104/1132 3746/4107/1131
f 3741/4637/471 3740/4151/1137 3752/4119/1137
f 3737/4130/1134 3749/4113/1134 3750/4115/484
f 3734/4136/1131 3746/4107/1131 3747/4109/483
f 3741/4148/471 3753/4122/471 3754/4124/1136
f 3738/4128/484 3750/4115/484 3751/4117/1133
f 3735/4134/483 3747/4109/483 3748/4111/1135
f 3742/4145/1136 3754/4124/1136 3755/4126/1138
f 3732/4141/482 3745/4105/482 3744/4104/1132
f 3740/4151/1137 3739/4155/1133 3751/4117/1133
f 3757/4630/1136 3769/6683/1136 3768/6478/1138
f 3764/4110/483 3776/6684/483 3775/6479/1135
f 3761/4116/484 3773/6685/484 3772/6480/1133
f 3758/4629/471 3770/6686/471 3769/6481/1136
f 3765/4108/1131 3777/6687/1131 3776/6482/483
f 3761/4625/484 3762/4114/1134 3774/6483/1134
f 3759/4628/1137 3771/6688/1137 3770/6485/471
f 3766/4106/1132 3778/6689/1132 3777/6486/1131
f 3756/4631/1138 3768/6690/1138 3779/6487/482
f 3763/4624/1135 3775/6691/1135 3774/6488/1134
f 3760/4118/1133 3772/6692/1133 3771/6489/1137
f 3767/4103/482 3779/6693/482 3778/6490/1132
f 3799/4211/1133 3823/4188/1133 3824/4650/1137
f 3785/4633/1138 3809/4641/1138 3808/4160/1136
f 3780/4143/484 3805/4646/484 3815/4175/1134
f 3799/4209/1133 3798/4208/484 3822/4192/484
f 3784/4634/1136 3808/4642/1136 3807/4163/471
f 3791/4146/1134 3815/4178/1134 3814/4180/1135
f 3797/4205/1134 3821/4158/1134 3822/4640/484
f 3783/4635/471 3807/4643/471 3806/4166/1137
f 3790/4149/1135 3814/4181/1135 3813/4183/483
f 3796/4202/1135 3820/4162/1135 3821/4161/1134
f 3782/4138/1137 3806/4644/1137 3804/4169/1133
f 3803/4223/1138 3827/4177/1138 3817/4176/482
f 3792/4226/482 3817/4173/482 3816/4645/1132
f 3785/4129/1138 3786/4632/482 3810/4157/482
f 3800/4214/1137 3824/4185/1137 3825/4649/471
f 3793/4193/1132 3816/4171/1132 3818/4170/1131
f 3787/4639/1132 3811/4651/1132 3810/4190/482
f 3801/4217/471 3825/4182/471 3826/4648/1136
f 3794/4196/1131 3818/4168/1131 3819/4167/483
f 3788/4638/1131 3812/4187/1131 3811/4189/1132
f 3802/4220/1136 3826/4179/1136 3827/4647/1138
f 3781/4636/1133 3804/4172/1133 3805/4174/484
f 3795/4199/483 3819/4165/483 3820/4164/1135
f 3789/4152/483 3813/4184/483 3812/4186/1131
f 3833/6491/520 3832/6694/964 3831/6492/964
f 3829/6494/963 3834/6695/963 3833/6491/520
f 3839/6495/519 3838/6696/962 3837/6496/962
f 3835/6498/961 3840/6697/961 3839/6495/519
f 3845/6499/518 3844/6698/968 3843/6500/968
f 3841/6502/967 3846/6699/967 3845/6499/518
f 3851/6503/517 3850/6700/966 3849/6504/966
f 3852/6506/965 3851/6503/517 3848/6505/517
