# File generated by ImageToStl.com - Free Image and 3D model conversion tools


o obj1
mtllib hbm_base.mtl
v 0.09912953 0.88294624 0.24333775
v 0.03480967 0.90766185 0.24225864
v 0 0.74531651 0.24934679
v 0.03480967 0.90766185 0.24225864
v 0.09912953 0.88294624 0.24333775
v 0.09912953 0.8496743 -0.08886046
v 0.03480967 0.87438991 -0.08993956
v 0.00449625 0.72811918 -0.62573597
v 0.01280423 0.72492674 -0.62559659
v 0 0.70714957 -0.62482042
v 0.14835783 0.83727776 0.24533167
v 0.14835783 0.83727776 0.24533167
v 0.14835783 0.82273797 -0.08768439
v 0.09912953 0.8496743 -0.08886046
v 0.01916289 0.7190279 -0.62533904
v 0.175 0.777609 0.24793687
v 0.14835783 0.83727776 0.24533167
v 0.175 0.777609 0.24793687
v 0.175 0.76306922 -0.0850792
v 0.14835783 0.82273797 -0.08768439
v 0.02260417 0.71132068 -0.62500253
v 0.175 0.71302401 0.25075671
v 0.175 0.71302401 0.25075671
v 0.175 0.69848423 -0.08225936
v 0.02260417 0.70297845 -0.6246383
v 0.14835783 0.65335526 0.2533619
v 0.14835783 0.65335526 0.2533619
v 0.14835783 0.63881547 -0.07965417
v 0.01916289 0.69527124 -0.6243018
v 0.09912953 0.59519868 0.25590107
v 0.09912953 0.59519868 0.25590107
v 0.09912953 0.60563509 -0.07820548
v 0.14835783 0.63881547 -0.07965417
v 0.01280423 0.68937239 -0.62404425
v 0.03480967 0.57048307 0.25698017
v 0.09912953 0.59519868 0.25590107
v 0.03480967 0.57048307 0.25698017
v 0.03480967 0.58091949 -0.07712638
v 0.09912953 0.60563509 -0.07820548
v 0.00449625 0.68617996 -0.62390487
v -0.03480967 0.57048307 0.25698017
v -0.00449625 0.68617996 -0.62390487
v -0.09912954 0.59519868 0.25590107
v -0.03480967 0.57048307 0.25698017
v -0.09912954 0.59519868 0.25590107
v -0.09912954 0.60563509 -0.07820548
v -0.03480967 0.58091949 -0.07712638
v -0.01280423 0.68937239 -0.62404425
v -0.14835783 0.65335526 0.2533619
v -0.09912954 0.59519868 0.25590107
v -0.14835783 0.65335526 0.2533619
v -0.14835783 0.63881547 -0.07965417
v -0.09912954 0.60563509 -0.07820548
v -0.01916289 0.69527124 -0.6243018
v -0.17500001 0.71302401 0.25075671
v -0.17500001 0.71302401 0.25075671
v -0.17500001 0.69848423 -0.08225936
v -0.02260417 0.70297845 -0.6246383
v -0.17500001 0.777609 0.24793687
v -0.17500001 0.777609 0.24793687
v -0.17500001 0.76306922 -0.0850792
v -0.02260417 0.71132068 -0.62500253
v -0.14835783 0.83727776 0.24533167
v -0.14835783 0.83727776 0.24533167
v -0.14835783 0.82273797 -0.08768439
v -0.01916289 0.7190279 -0.62533904
v -0.09912954 0.88294624 0.24333775
v -0.14835783 0.83727776 0.24533167
v -0.09912954 0.88294624 0.24333775
v -0.09912954 0.8496743 -0.08886046
v -0.14835783 0.82273797 -0.08768439
v -0.01280423 0.72492674 -0.62559659
v -0.03480967 0.90766185 0.24225864
v -0.03480967 0.90766185 0.24225864
v -0.03480967 0.87438991 -0.08993956
v -0.09912954 0.8496743 -0.08886046
v -0.00449625 0.72811918 -0.62573597
v 0.03480967 0.87438991 -0.08993956
v -0.03480967 0.87438991 -0.08993956
v 0.13125 0.69928746 -0.24911988
v 0.13125 0.7477262 -0.25123476
v 0.07434715 0.82672913 -0.2546841
v 0.02610725 0.84526583 -0.25549343
v 0.09912953 0.8496743 -0.08886046
v -0.02610725 0.84526583 -0.25549343
v -0.07434715 0.82672913 -0.2546841
v -0.09912954 0.8496743 -0.08886046
v -0.03480967 0.87438991 -0.08993956
v -0.13125 0.69928746 -0.24911988
v -0.11126838 0.65453589 -0.24716598
v -0.14835783 0.63881547 -0.07965417
v -0.17500001 0.69848423 -0.08225936
v -0.11126838 0.65453589 -0.24716598
v -0.07434715 0.62028453 -0.24567054
v -0.09912954 0.60563509 -0.07820548
v -0.14835783 0.63881547 -0.07965417
v 0.11126838 0.79247776 -0.25318865
v 0.14835783 0.82273797 -0.08768439
v 0.175 0.76306922 -0.0850792
v -0.11126838 0.79247776 -0.25318865
v -0.14835783 0.82273797 -0.08768439
v -0.09912954 0.8496743 -0.08886046
v 0.11126838 0.79247776 -0.25318865
v 0.09912953 0.8496743 -0.08886046
v 0.14835783 0.82273797 -0.08768439
v 0.11126838 0.65453589 -0.24716598
v 0.175 0.69848423 -0.08225936
v 0.14835783 0.63881547 -0.07965417
v 0.02610725 0.60174782 -0.24486121
v 0.07434715 0.62028453 -0.24567054
v -0.11126838 0.79247776 -0.25318865
v -0.13125 0.7477262 -0.25123476
v -0.17500001 0.76306922 -0.0850792
v -0.14835783 0.82273797 -0.08768439
v 0.11126838 0.65453589 -0.24716598
v 0.14835783 0.63881547 -0.07965417
v 0.09912953 0.60563509 -0.07820548
v -0.02610725 0.60174782 -0.24486121
v 0.02260417 0.70297845 -0.6246383
v 0.02260417 0.71132068 -0.62500253
v 0.01280423 0.72492674 -0.62559659
v 0.00449625 0.72811918 -0.62573597
v 0.02610725 0.84526583 -0.25549343
v 0.07434715 0.82672913 -0.2546841
v -0.00449625 0.72811918 -0.62573597
v -0.01280423 0.72492674 -0.62559659
v -0.07434715 0.82672913 -0.2546841
v -0.02610725 0.84526583 -0.25549343
v -0.02260417 0.70297845 -0.6246383
v -0.01916289 0.69527124 -0.6243018
v -0.11126838 0.65453589 -0.24716598
v -0.13125 0.69928746 -0.24911988
v -0.01916289 0.69527124 -0.6243018
v -0.01280423 0.68937239 -0.62404425
v -0.07434715 0.62028453 -0.24567054
v -0.11126838 0.65453589 -0.24716598
v 0.01916289 0.7190279 -0.62533904
v 0.11126838 0.79247776 -0.25318865
v 0.13125 0.7477262 -0.25123476
v -0.01916289 0.7190279 -0.62533904
v -0.11126838 0.79247776 -0.25318865
v -0.07434715 0.82672913 -0.2546841
v 0.01916289 0.7190279 -0.62533904
v 0.07434715 0.82672913 -0.2546841
v 0.11126838 0.79247776 -0.25318865
v 0.01916289 0.69527124 -0.6243018
v 0.13125 0.69928746 -0.24911988
v 0.11126838 0.65453589 -0.24716598
v 0.00449625 0.68617996 -0.62390487
v 0.01280423 0.68937239 -0.62404425
v 0.07434715 0.62028453 -0.24567054
v 0.02610725 0.60174782 -0.24486121
v -0.01916289 0.7190279 -0.62533904
v -0.02260417 0.71132068 -0.62500253
v -0.13125 0.7477262 -0.25123476
v -0.11126838 0.79247776 -0.25318865
v 0.01916289 0.69527124 -0.6243018
v 0.11126838 0.65453589 -0.24716598
v 0.07434715 0.62028453 -0.24567054
v -0.00449625 0.68617996 -0.62390487
v -0.02610725 0.60174782 -0.24486121
v -0.07434715 0.62028453 -0.24567054
v -0.03480967 0.57036885 0.25239338
v 0.03480967 0.57036885 0.25239338
v 0.03480967 0.57048307 0.25698017
v -0.03480967 0.57048307 0.25698017
v -0.03480967 0.57048307 0.25698017
v -0.03480967 0.55003976 -0.08814266
v -0.03480967 0.57036885 0.25239338
v -0.03480967 0.58091949 -0.07712638
v 0.03480967 0.58091949 -0.07712638
vn -0 -1 0
vn 0.35849 0.05243 0.93206
vn 0 1 0
vn 0.68045 0 0.73279
vn 0.91326 0 0.40738
vn 1 0 0
vn 0.91326 0 -0.40738
vn 0.76267 0.04837 -0.64497
vn 0.35811 0.06983 -0.93106
vn -0.35811 0.06983 -0.93106
vn -0.76357 0 -0.64573
vn -0.91326 0 -0.40738
vn -1 0 0
vn -0.91326 0 0.40738
vn -0.67987 0.04118 0.73217
vn -0.35849 0.05243 0.93206
vn 0 0.05616 0.99842
vn 0.96723 0.2539 0
vn 0.35546 0.13986 0.92417
vn 0 0.13013 0.9915
vn -0.35546 0.13986 0.92417
vn -0.88398 0.25116 -0.39432
vn -0.66754 0.19389 -0.71889
vn 0.88398 0.25116 0.39432
vn -0.65973 0.24491 0.71048
vn 0.67081 0.16775 0.72241
vn 0.88398 0.25116 -0.39432
vn 0.35354 0.17357 -0.91918
vn -0.88398 0.25116 0.39432
vn 0.65973 0.24491 -0.71048
vn -0.35354 0.17357 -0.91918
vn -0.96723 0.2539 0
vn 0.9605 0.27828 0
vn 0.34642 0.26227 0.90067
vn 0 0.25979 0.96566
vn -0.34642 0.26227 0.90067
vn -0.87796 0.27532 -0.39164
vn -0.65545 0.26856 -0.70587
vn 0.87796 0.27532 0.39164
vn -0.65545 0.26856 0.70587
vn 0.65545 0.26856 0.70587
vn 0.87796 0.27532 -0.39164
vn 0.34642 0.26227 -0.90067
vn -0.87796 0.27532 0.39164
vn 0.65545 0.26856 -0.70587
vn -0.34642 0.26227 -0.90067
vn 0 0.25979 -0.96566
vn -0.9605 0.27828 0
vn 0 0.01873 -0.99982
vn 0 0.1664 -0.98606
vn 0 0.07557 -0.99714
vt 0.37958 0.85941
vt 0.37154 0.8625
vt 0.36719 0.84219
vt 0.60591 0.79464
vt 0.61453 0.79482
vt 0.61453 0.83655
vt 0.60591 0.83637
vt 0.27791 0.81506
vt 0.27894 0.81546
vt 0.27734 0.81769
vt 0.38573 0.85369
vt 0.62292 0.79514
vt 0.62132 0.83677
vt 0.61453 0.83651
vt 0.27974 0.8162
vt 0.38906 0.84623
vt 0.54943 0.26287
vt 0.5576 0.26287
vt 0.5576 0.30453
vt 0.54943 0.30453
vt 0.28017 0.81717
vt 0.38906 0.83815
vt 0.56568 0.26287
vt 0.56568 0.30453
vt 0.28017 0.81821
vt 0.38573 0.83068
vt 0.57386 0.26287
vt 0.57386 0.30453
vt 0.27974 0.81918
vt 0.37958 0.82341
vt 0.58339 0.26287
vt 0.581 0.30458
vt 0.57386 0.30449
vt 0.27894 0.81991
vt 0.37154 0.82031
vt 0.61835 0.53723
vt 0.62695 0.53669
vt 0.62846 0.57845
vt 0.61987 0.57899
vt 0.27791 0.82031
vt 0.36284 0.82031
vt 0.27678 0.82031
vt 0.3548 0.82341
vt 0.63868 0.53669
vt 0.64728 0.53723
vt 0.64576 0.57899
vt 0.63717 0.57845
vt 0.27574 0.81991
vt 0.34864 0.83068
vt 0.64318 0.65349
vt 0.65271 0.65349
vt 0.65271 0.69516
vt 0.64556 0.69516
vt 0.27495 0.81918
vt 0.34531 0.83815
vt 0.66088 0.65349
vt 0.66088 0.69516
vt 0.27452 0.81821
vt 0.34531 0.84623
vt 0.66896 0.65349
vt 0.66896 0.69516
vt 0.27452 0.81717
vt 0.34864 0.85369
vt 0.67714 0.65349
vt 0.67714 0.69516
vt 0.27495 0.8162
vt 0.3548 0.85941
vt 0.58021 0.79514
vt 0.5886 0.79482
vt 0.5886 0.83655
vt 0.5818 0.83674
vt 0.27574 0.81546
vt 0.36284 0.8625
vt 0.59721 0.79464
vt 0.59721 0.83637
vt 0.5886 0.83655
vt 0.27678 0.81506
vt 0.60591 0.83637
vt 0.59721 0.83637
vt 0.56467 0.32607
vt 0.55861 0.32607
vt 0.61128 0.85771
vt 0.60483 0.85739
vt 0.61452 0.8368
vt 0.5983 0.85739
vt 0.59185 0.85771
vt 0.58861 0.83681
vt 0.59721 0.83637
vt 0.66189 0.7167
vt 0.6558 0.71736
vt 0.65275 0.69604
vt 0.66088 0.69516
vt 0.64877 0.60082
vt 0.64253 0.59998
vt 0.64576 0.57899
vt 0.65306 0.57975
vt 0.55252 0.32673
vt 0.54947 0.30541
vt 0.5576 0.30453
vt 0.58559 0.8584
vt 0.58181 0.83719
vt 0.58862 0.83687
vt 0.61754 0.8584
vt 0.61452 0.83681
vt 0.62131 0.83726
vt 0.57077 0.32673
vt 0.56568 0.30453
vt 0.57381 0.30541
vt 0.62955 0.59957
vt 0.6231 0.59998
vt 0.67405 0.71736
vt 0.66795 0.7167
vt 0.66896 0.69516
vt 0.67709 0.69604
vt 0.61686 0.60082
vt 0.61256 0.57972
vt 0.61987 0.57902
vt 0.63608 0.59957
vt 0.56216 0.37488
vt 0.56112 0.37488
vt 0.60323 0.90604
vt 0.60212 0.90593
vt 0.60483 0.85739
vt 0.61126 0.85801
vt 0.601 0.90593
vt 0.59989 0.90604
vt 0.59187 0.85801
vt 0.5983 0.85739
vt 0.6644 0.7655
vt 0.66335 0.76562
vt 0.6558 0.71742
vt 0.66189 0.7167
vt 0.63555 0.64844
vt 0.63448 0.64822
vt 0.64251 0.6002
vt 0.64868 0.60144
vt 0.56007 0.375
vt 0.55252 0.32679
vt 0.55861 0.32607
vt 0.59883 0.90625
vt 0.5857 0.85926
vt 0.59187 0.85801
vt 0.60429 0.90625
vt 0.61126 0.85801
vt 0.61743 0.85926
vt 0.56321 0.375
vt 0.56467 0.32607
vt 0.57076 0.32679
vt 0.63225 0.64812
vt 0.63115 0.64822
vt 0.62312 0.6002
vt 0.62955 0.59957
vt 0.66649 0.76562
vt 0.66544 0.7655
vt 0.66795 0.7167
vt 0.67404 0.71742
vt 0.63008 0.64844
vt 0.61695 0.60144
vt 0.62312 0.6002
vt 0.63338 0.64812
vt 0.63608 0.59957
vt 0.64251 0.6002
vt 0.63717 0.53723
vt 0.62846 0.53723
vt 0.62846 0.53666
vt 0.63717 0.53666
vt 0.74402 0.64844
vt 0.78723 0.64844
vt 0.74459 0.6525
vt 0.78563 0.65625
vt 0.62846 0.57845
usemtl mat0
f 1/1/1 2/2/1 3/3/1
f 4/4/2 5/5/2 6/6/2
f 4/4/2 6/6/2 7/7/2
f 8/8/3 9/9/3 10/10/3
f 11/11/1 1/1/1 3/3/1
f 5/5/4 12/12/4 13/13/4
f 5/5/4 13/13/4 14/14/4
f 9/9/3 15/15/3 10/10/3
f 16/16/1 11/11/1 3/3/1
f 17/17/5 18/18/5 19/19/5
f 17/17/5 19/19/5 20/20/5
f 15/15/3 21/21/3 10/10/3
f 22/22/1 16/16/1 3/3/1
f 18/18/6 23/23/6 24/24/6
f 18/18/6 24/24/6 19/19/6
f 21/21/3 25/25/3 10/10/3
f 26/26/1 22/22/1 3/3/1
f 23/23/7 27/27/7 28/28/7
f 23/23/7 28/28/7 24/24/7
f 25/25/3 29/29/3 10/10/3
f 30/30/1 26/26/1 3/3/1
f 27/27/8 31/31/8 32/32/8
f 27/27/8 32/32/8 33/33/8
f 29/29/3 34/34/3 10/10/3
f 35/35/1 30/30/1 3/3/1
f 36/36/9 37/37/9 38/38/9
f 36/36/9 38/38/9 39/39/9
f 34/34/3 40/40/3 10/10/3
f 41/41/1 35/35/1 3/3/1
f 40/40/3 42/42/3 10/10/3
f 43/43/1 41/41/1 3/3/1
f 44/44/10 45/45/10 46/46/10
f 44/44/10 46/46/10 47/47/10
f 42/42/3 48/48/3 10/10/3
f 49/49/1 43/43/1 3/3/1
f 50/50/11 51/51/11 52/52/11
f 50/50/11 52/52/11 53/53/11
f 48/48/3 54/54/3 10/10/3
f 55/55/1 49/49/1 3/3/1
f 51/51/12 56/56/12 57/57/12
f 51/51/12 57/57/12 52/52/12
f 54/54/3 58/58/3 10/10/3
f 59/59/1 55/55/1 3/3/1
f 56/56/13 60/60/13 61/61/13
f 56/56/13 61/61/13 57/57/13
f 58/58/3 62/62/3 10/10/3
f 63/63/1 59/59/1 3/3/1
f 60/60/14 64/64/14 65/65/14
f 60/60/14 65/65/14 61/61/14
f 62/62/3 66/66/3 10/10/3
f 67/67/1 63/63/1 3/3/1
f 68/68/15 69/69/15 70/70/15
f 68/68/15 70/70/15 71/71/15
f 66/66/3 72/72/3 10/10/3
f 73/73/1 67/67/1 3/3/1
f 69/69/16 74/74/16 75/75/16
f 69/69/16 75/75/16 76/76/16
f 72/72/3 77/77/3 10/10/3
f 2/2/1 73/73/1 3/3/1
f 74/74/17 4/4/17 78/78/17
f 74/74/17 78/78/17 79/79/17
f 77/77/3 8/8/3 10/10/3
f 80/80/18 81/81/18 19/19/18
f 80/80/18 19/19/18 24/24/18
f 82/82/19 83/83/19 78/78/19
f 82/82/19 78/78/19 84/84/19
f 83/83/20 85/85/20 79/79/20
f 83/83/20 79/79/20 78/78/20
f 85/85/21 86/86/21 87/87/21
f 85/85/21 87/87/21 88/88/21
f 89/89/22 90/90/22 91/91/22
f 89/89/22 91/91/22 92/92/22
f 93/93/23 94/94/23 95/95/23
f 93/93/23 95/95/23 96/96/23
f 81/81/24 97/97/24 98/98/24
f 81/81/24 98/98/24 99/99/24
f 86/86/25 100/100/25 101/101/25
f 86/86/25 101/101/25 102/102/25
f 103/103/26 82/82/26 104/104/26
f 103/103/26 104/104/26 105/105/26
f 106/106/27 80/80/27 107/107/27
f 106/106/27 107/107/27 108/108/27
f 109/109/28 110/110/28 39/39/28
f 109/109/28 39/39/28 38/38/28
f 111/111/29 112/112/29 113/113/29
f 111/111/29 113/113/29 114/114/29
f 110/110/30 115/115/30 116/116/30
f 110/110/30 116/116/30 117/117/30
f 94/94/31 118/118/31 47/47/31
f 94/94/31 47/47/31 46/46/31
f 112/112/32 89/89/32 57/57/32
f 112/112/32 57/57/32 61/61/32
f 119/119/33 120/120/33 81/81/33
f 119/119/33 81/81/33 80/80/33
f 121/121/34 122/122/34 123/123/34
f 121/121/34 123/123/34 124/124/34
f 122/122/35 125/125/35 85/85/35
f 122/122/35 85/85/35 83/83/35
f 125/125/36 126/126/36 127/127/36
f 125/125/36 127/127/36 128/128/36
f 129/129/37 130/130/37 131/131/37
f 129/129/37 131/131/37 132/132/37
f 133/133/38 134/134/38 135/135/38
f 133/133/38 135/135/38 136/136/38
f 120/120/39 137/137/39 138/138/39
f 120/120/39 138/138/39 139/139/39
f 126/126/40 140/140/40 141/141/40
f 126/126/40 141/141/40 142/142/40
f 143/143/41 121/121/41 144/144/41
f 143/143/41 144/144/41 145/145/41
f 146/146/42 119/119/42 147/147/42
f 146/146/42 147/147/42 148/148/42
f 149/149/43 150/150/43 151/151/43
f 149/149/43 151/151/43 152/152/43
f 153/153/44 154/154/44 155/155/44
f 153/153/44 155/155/44 156/156/44
f 150/150/45 157/157/45 158/158/45
f 150/150/45 158/158/45 159/159/45
f 134/134/46 160/160/46 161/161/46
f 134/134/46 161/161/46 162/162/46
f 160/160/47 149/149/47 109/109/47
f 160/160/47 109/109/47 118/118/47
f 154/154/48 129/129/48 89/89/48
f 154/154/48 89/89/48 112/112/48
f 163/163/49 164/164/49 165/165/49
f 163/163/49 165/165/49 166/166/49
f 167/167/6 168/168/6 169/169/6
f 167/167/6 169/169/6 170/170/6
f 118/118/50 109/109/50 171/171/50
f 118/118/50 171/171/50 47/47/50
f 163/163/51 47/47/51 171/171/51
f 163/163/51 171/171/51 164/164/51
# Vertices: 171, normals: 51, texture coordinates: 171, faces: 132

o obj2
v -0.22476883 0.55103131 1.5582616
v -0.08452626 0.55103131 1.5582616
v -0.187466 0.68840044 1.56425927
v -0.08452626 0.55103131 1.5582616
v -0.22476883 0.55103131 1.5582616
v -0.22476883 0.57829341 0.93385646
v -0.08452626 0.57829341 0.93385646
v -0.10913235 0.56255478 1.38985397
v -0.21912841 0.57587542 1.39043556
v -0.18508159 0.69576121 1.39566989
v -0.29369548 0.57194452 1.55917469
v -0.29369548 0.57194452 1.55917469
v -0.29369548 0.59920662 0.93476955
v -0.28203878 0.59412695 1.39123244
v -0.34644964 0.61058708 1.56086186
v -0.34644964 0.61058708 1.56086186
v -0.34644964 0.63784918 0.93645672
v -0.33018827 0.62785137 1.39270488
v -0.375 0.66107602 1.56306626
v -0.34644964 0.61058708 1.56086186
v -0.375 0.66107602 1.56306626
v -0.375 0.68833812 0.93866111
v -0.34644964 0.63784918 0.93645672
v -0.35624659 0.67191445 1.39462872
v -0.375 0.71572487 1.56545227
v -0.375 0.71572487 1.56545227
v -0.375 0.74298697 0.94104713
v -0.35624659 0.71960797 1.39671106
v -0.34644964 0.7662138 1.56765667
v -0.34644964 0.7662138 1.56765667
v -0.34644964 0.7934759 0.94325152
v -0.33018827 0.76367105 1.39863489
v -0.29369548 0.79861232 1.56907122
v -0.34644964 0.7662138 1.56765667
v -0.29369548 0.79861232 1.56907122
v -0.29369548 0.82587442 0.94466607
v -0.34644964 0.7934759 0.94325152
v -0.28203878 0.79739547 1.40010733
v -0.22476883 0.82576959 1.57025693
v -0.21912841 0.815647 1.40090421
v -0.00013595 0.82576959 1.57025693
v -0.04066634 0.82896763 1.4014858
v -0.35624659 0.71960797 1.39671106
v -0.35624659 0.67191445 1.39462872
v -0.375 0.68833812 0.93866111
v -0.375 0.74298697 0.94104713
v -0.21912841 0.57587542 1.39043556
v -0.10913235 0.56255478 1.38985397
v -0.08452626 0.57829341 0.93385646
v -0.22476883 0.57829341 0.93385646
v -0.10913235 0.56255478 1.38985397
v -0.18508159 0.69576121 1.39566989
v -0.187466 0.71566254 0.93985412
v -0.08452626 0.57829341 0.93385646
v -0.33018827 0.62785137 1.39270488
v -0.34644964 0.63784918 0.93645672
v -0.375 0.68833812 0.93866111
v -0.33018827 0.62785137 1.39270488
v -0.28203878 0.59412695 1.39123244
v -0.29369548 0.59920662 0.93476955
v -0.34644964 0.63784918 0.93645672
v -0.22476883 0.57829341 0.93385646
v -0.29369548 0.59920662 0.93476955
v -0.28203878 0.79739547 1.40010733
v -0.33018827 0.76367105 1.39863489
v -0.34644964 0.7934759 0.94325152
v -0.29369548 0.82587442 0.94466607
v -0.33018827 0.76367105 1.39863489
v -0.375 0.74298697 0.94104713
v -0.34644964 0.7934759 0.94325152
v -0.18508159 0.69576121 1.39566989
v -0.04066634 0.82896763 1.4014858
v -0.00013595 0.85303169 0.94585178
v -0.187466 0.71566254 0.93985412
vn 0 -1 0
vn 0 0 -1
vn 0 1 0
vn -0.2906 0 -0.95685
vn -0.59129 0 -0.80646
vn -0.87067 0 -0.49187
vn -1 0 0
vn -0.87067 0 0.49187
vn -0.52369 0 0.85191
vn 0.99916 0.04107 0
vn 0.12034 0.00258 0.99273
vn -0.86891 -0.00454 -0.49495
vn 0.86021 0.0417 0.50823
vn 0.57357 0.04126 0.81812
vn 0.27865 0.04025 0.95955
vn 0.57364 0.03822 -0.81822
vn 0.8603 0.03924 -0.50828
vn -0.67738 0.05347 0.73368
vt 0.72191 0.63281
vt 0.73944 0.63281
vt 0.72658 0.65
vt 0.22874 0.50781
vt 0.24627 0.50781
vt 0.24627 0.58594
vt 0.22874 0.58594
vt 0.75335 0.92188
vt 0.7396 0.92021
vt 0.74386 0.90521
vt 0.7133 0.63543
vt 0.25527 0.50781
vt 0.25527 0.58594
vt 0.73174 0.91793
vt 0.7067 0.64026
vt 0.26345 0.50781
vt 0.26345 0.58594
vt 0.72572 0.91371
vt 0.70313 0.64658
vt 0.36042 0.4375
vt 0.36768 0.4375
vt 0.36768 0.51562
vt 0.36042 0.51562
vt 0.72246 0.90819
vt 0.70313 0.65342
vt 0.37451 0.4375
vt 0.37451 0.51562
vt 0.72246 0.90223
vt 0.7067 0.65974
vt 0.38177 0.4375
vt 0.38177 0.51562
vt 0.72572 0.89671
vt 0.7133 0.66379
vt 0.08594 0.92188
vt 0.09375 0.92188
vt 0.09375 1
vt 0.08594 1
vt 0.73174 0.89249
vt 0.72191 0.66719
vt 0.7396 0.89021
vt 0.74999 0.66719
vt 0.76191 0.88854
vt 0.40717 0.58355
vt 0.41314 0.58355
vt 0.41357 0.64062
vt 0.40674 0.64062
vt 0.20178 0.24761
vt 0.21563 0.24761
vt 0.21875 0.30464
vt 0.20135 0.30465
vt 0.72286 0.78906
vt 0.74204 0.78906
vt 0.74219 0.84375
vt 0.72088 0.84374
vt 0.41954 0.5834
vt 0.42083 0.64047
vt 0.41357 0.64062
vt 0.18625 0.24741
vt 0.19359 0.24756
vt 0.19234 0.30463
vt 0.18417 0.30446
vt 0.20135 0.30469
vt 0.19234 0.30462
vt 0.74219 0.75744
vt 0.74231 0.75
vt 0.79939 0.75
vt 0.79924 0.75781
vt 0.40077 0.5834
vt 0.40674 0.64062
vt 0.39948 0.64047
vt 0.08616 0.23438
vt 0.11073 0.23438
vt 0.1148 0.28906
vt 0.08594 0.28889
usemtl mat0
f 172/172/52 173/173/52 174/174/52
f 175/175/53 176/176/53 177/177/53
f 175/175/53 177/177/53 178/178/53
f 179/179/54 180/180/54 181/181/54
f 182/182/52 172/172/52 174/174/52
f 176/176/55 183/183/55 184/184/55
f 176/176/55 184/184/55 177/177/55
f 180/180/54 185/185/54 181/181/54
f 186/186/52 182/182/52 174/174/52
f 183/183/56 187/187/56 188/188/56
f 183/183/56 188/188/56 184/184/56
f 185/185/54 189/189/54 181/181/54
f 190/190/52 186/186/52 174/174/52
f 191/191/57 192/192/57 193/193/57
f 191/191/57 193/193/57 194/194/57
f 189/189/54 195/195/54 181/181/54
f 196/196/52 190/190/52 174/174/52
f 192/192/58 197/197/58 198/198/58
f 192/192/58 198/198/58 193/193/58
f 195/195/54 199/199/54 181/181/54
f 200/200/52 196/196/52 174/174/52
f 197/197/59 201/201/59 202/202/59
f 197/197/59 202/202/59 198/198/59
f 199/199/54 203/203/54 181/181/54
f 204/204/52 200/200/52 174/174/52
f 205/205/60 206/206/60 207/207/60
f 205/205/60 207/207/60 208/208/60
f 203/203/54 209/209/54 181/181/54
f 210/210/52 204/204/52 174/174/52
f 209/209/54 211/211/54 181/181/54
f 212/212/52 210/210/52 174/174/52
f 211/211/54 213/213/54 181/181/54
f 214/214/61 215/215/61 216/216/61
f 214/214/61 216/216/61 217/217/61
f 218/218/62 219/219/62 220/220/62
f 218/218/62 220/220/62 221/221/62
f 222/222/63 223/223/63 224/224/63
f 222/222/63 224/224/63 225/225/63
f 215/215/64 226/226/64 227/227/64
f 215/215/64 227/227/64 228/228/64
f 229/229/65 230/230/65 231/231/65
f 229/229/65 231/231/65 232/232/65
f 230/230/66 218/218/66 233/233/66
f 230/230/66 233/233/66 234/234/66
f 235/235/67 236/236/67 237/237/67
f 235/235/67 237/237/67 238/238/67
f 239/239/68 214/214/68 240/240/68
f 239/239/68 240/240/68 241/241/68
f 242/242/69 243/243/69 244/244/69
f 242/242/69 244/244/69 245/245/69
# Vertices: 74, normals: 18, texture coordinates: 74, faces: 50

o obj3
v 0.08452626 0.55103131 1.5582616
v 0.22476883 0.55103131 1.5582616
v 0.187466 0.68840044 1.56425927
v 0.22476883 0.57829341 0.93385646
v 0.22476883 0.55103131 1.5582616
v 0.08452626 0.55103131 1.5582616
v 0.08452626 0.57829341 0.93385646
v 0.21912841 0.57587542 1.39043556
v 0.10913235 0.56255478 1.38985397
v 0.18508159 0.69576121 1.39566989
v 0.29369548 0.57194452 1.55917469
v 0.29369548 0.59920662 0.93476955
v 0.29369548 0.57194452 1.55917469
v 0.28203878 0.59412695 1.39123244
v 0.34644964 0.61058708 1.56086186
v 0.34644964 0.63784918 0.93645672
v 0.34644964 0.61058708 1.56086186
v 0.33018827 0.62785137 1.39270488
v 0.375 0.66107602 1.56306626
v 0.375 0.68833812 0.93866111
v 0.375 0.66107602 1.56306626
v 0.34644964 0.61058708 1.56086186
v 0.34644964 0.63784918 0.93645672
v 0.35624659 0.67191445 1.39462872
v 0.375 0.71572487 1.56545227
v 0.375 0.74298697 0.94104713
v 0.375 0.71572487 1.56545227
v 0.35624659 0.71960797 1.39671106
v 0.34644964 0.7662138 1.56765667
v 0.34644964 0.7934759 0.94325152
v 0.34644964 0.7662138 1.56765667
v 0.33018827 0.76367105 1.39863489
v 0.29369548 0.79236827 1.5687986
v 0.29369548 0.81963037 0.94439345
v 0.29369548 0.79236827 1.5687986
v 0.34644964 0.7662138 1.56765667
v 0.34644964 0.7934759 0.94325152
v 0.28203878 0.79739547 1.40010733
v 0.22476883 0.82576959 1.57025693
v 0.21912841 0.815647 1.40090421
v 0.00013595 0.82576959 1.57025693
v 0.04066634 0.82896763 1.4014858
v 0.375 0.68833812 0.93866111
v 0.35624659 0.67191445 1.39462872
v 0.35624659 0.71960797 1.39671106
v 0.375 0.74298697 0.94104713
v 0.08452626 0.57829341 0.93385646
v 0.10913235 0.56255478 1.38985397
v 0.21912841 0.57587542 1.39043556
v 0.22476883 0.57829341 0.93385646
v 0.187466 0.71566254 0.93985412
v 0.18508159 0.69576121 1.39566989
v 0.10913235 0.56255478 1.38985397
v 0.08452626 0.57829341 0.93385646
v 0.34644964 0.63784918 0.93645672
v 0.33018827 0.62785137 1.39270488
v 0.375 0.68833812 0.93866111
v 0.29369548 0.59920662 0.93476955
v 0.28203878 0.59412695 1.39123244
v 0.33018827 0.62785137 1.39270488
v 0.34644964 0.63784918 0.93645672
v 0.22476883 0.57829341 0.93385646
v 0.29369548 0.59920662 0.93476955
v 0.34644964 0.7934759 0.94325152
v 0.33018827 0.76367105 1.39863489
v 0.28203878 0.79739547 1.40010733
v 0.29369548 0.81963037 0.94439345
v 0.375 0.74298697 0.94104713
v 0.33018827 0.76367105 1.39863489
v 0.34644964 0.7934759 0.94325152
v 0.00013595 0.85303169 0.94585178
v 0.04066634 0.82896763 1.4014858
v 0.18508159 0.69576121 1.39566989
v 0.187466 0.71566254 0.93985412
vn 0 -1 0
vn 0 0 -1
vn 0 1 0
vn 0.2906 0 -0.95685
vn 0.59129 0 -0.80646
vn 0.87067 0 -0.49187
vn 1 0 0
vn 0.87067 0 0.49187
vn 0.44453 0 0.89577
vn -0.99916 0.04107 0
vn -0.12034 0.00258 0.99273
vn 0.86891 -0.00454 -0.49495
vn -0.86021 0.0417 0.50823
vn -0.57357 0.04126 0.81812
vn -0.27865 0.04025 0.95955
vn -0.57364 0.03822 -0.81822
vn -0.8603 0.03924 -0.50828
vn 0.67738 0.05347 0.73368
vt 0.35431 0.75781
vt 0.37184 0.75781
vt 0.36718 0.775
vt 0.67561 0.60938
vt 0.67561 0.53125
vt 0.69314 0.53125
vt 0.69314 0.60938
vt 0.74477 0.88115
vt 0.73102 0.88281
vt 0.74052 0.86615
vt 0.38045 0.76043
vt 0.6666 0.60938
vt 0.6666 0.53125
vt 0.75264 0.87886
vt 0.38705 0.76526
vt 0.65843 0.60938
vt 0.65843 0.53125
vt 0.75865 0.87464
vt 0.39062 0.77158
vt 0.63232 0.72656
vt 0.63232 0.64844
vt 0.63958 0.64844
vt 0.63958 0.72656
vt 0.76191 0.86913
vt 0.39062 0.77842
vt 0.62549 0.72656
vt 0.62549 0.64844
vt 0.76191 0.86316
vt 0.38705 0.78474
vt 0.61823 0.72656
vt 0.61823 0.64844
vt 0.75865 0.85765
vt 0.38045 0.78801
vt 0 0.85156
vt 0 0.77344
vt 0.00781 0.77344
vt 0.00781 0.85156
vt 0.75264 0.85343
vt 0.37184 0.79219
vt 0.74477 0.85115
vt 0.34376 0.79219
vt 0.72246 0.84948
vt 0.52393 0.28125
vt 0.52436 0.22417
vt 0.53033 0.22417
vt 0.53076 0.28125
vt 0.69531 0.60933
vt 0.69843 0.5523
vt 0.71228 0.5523
vt 0.71272 0.60934
vt 0.29137 0.96875
vt 0.23438 0.96663
vt 0.23504 0.94531
vt 0.29209 0.94531
vt 0.51667 0.2811
vt 0.51796 0.22403
vt 0.52393 0.28125
vt 0.72172 0.60931
vt 0.72047 0.55225
vt 0.72782 0.5521
vt 0.72989 0.60915
vt 0.71272 0.60938
vt 0.72172 0.60931
vt 0.00828 0.85938
vt 0.00828 0.80229
vt 0.01562 0.80217
vt 0.01555 0.85921
vt 0.53076 0.28125
vt 0.53673 0.22403
vt 0.53802 0.2811
vt 0.57031 1
vt 0.51322 0.9957
vt 0.51331 0.96875
vt 0.57025 0.96875
usemtl mat0
f 246/246/70 247/247/70 248/248/70
f 249/249/71 250/250/71 251/251/71
f 249/249/71 251/251/71 252/252/71
f 253/253/72 254/254/72 255/255/72
f 247/247/70 256/256/70 248/248/70
f 257/257/73 258/258/73 250/250/73
f 257/257/73 250/250/73 249/249/73
f 259/259/72 253/253/72 255/255/72
f 256/256/70 260/260/70 248/248/70
f 261/261/74 262/262/74 258/258/74
f 261/261/74 258/258/74 257/257/74
f 263/263/72 259/259/72 255/255/72
f 260/260/70 264/264/70 248/248/70
f 265/265/75 266/266/75 267/267/75
f 265/265/75 267/267/75 268/268/75
f 269/269/72 263/263/72 255/255/72
f 264/264/70 270/270/70 248/248/70
f 271/271/76 272/272/76 266/266/76
f 271/271/76 266/266/76 265/265/76
f 273/273/72 269/269/72 255/255/72
f 270/270/70 274/274/70 248/248/70
f 275/275/77 276/276/77 272/272/77
f 275/275/77 272/272/77 271/271/77
f 277/277/72 273/273/72 255/255/72
f 274/274/70 278/278/70 248/248/70
f 279/279/78 280/280/78 281/281/78
f 279/279/78 281/281/78 282/282/78
f 283/283/72 277/277/72 255/255/72
f 278/278/70 284/284/70 248/248/70
f 285/285/72 283/283/72 255/255/72
f 284/284/70 286/286/70 248/248/70
f 287/287/72 285/285/72 255/255/72
f 288/288/79 289/289/79 290/290/79
f 288/288/79 290/290/79 291/291/79
f 292/292/80 293/293/80 294/294/80
f 292/292/80 294/294/80 295/295/80
f 296/296/81 297/297/81 298/298/81
f 296/296/81 298/298/81 299/299/81
f 300/300/82 301/301/82 289/289/82
f 300/300/82 289/289/82 302/302/82
f 303/303/83 304/304/83 305/305/83
f 303/303/83 305/305/83 306/306/83
f 307/307/84 294/294/84 304/304/84
f 307/307/84 304/304/84 308/308/84
f 309/309/85 310/310/85 311/311/85
f 309/309/85 311/311/85 312/312/85
f 313/313/86 290/290/86 314/314/86
f 313/313/86 314/314/86 315/315/86
f 316/316/87 317/317/87 318/318/87
f 316/316/87 318/318/87 319/319/87
# Vertices: 74, normals: 18, texture coordinates: 74, faces: 50

o obj4
v -0.08125 0.84795685 0.48894554
v -0.08125 0.79615883 1.67531533
v -0.08125 0.77742666 1.67449746
v -0.08125 0.82922468 0.48812767
v -0.33125001 0.77742666 1.67449746
v -0.33125001 0.79615883 1.67531533
v -0.33125001 0.8347446 0.79155577
v -0.33125001 0.81601244 0.79073791
v -0.33125001 0.79615883 1.67531533
v -0.08125 0.79615883 1.67531533
v -0.08125 0.84795685 0.48894554
v -0.33125001 0.8347446 0.79155577
v -0.08125 0.82922468 0.48812767
v -0.08125 0.77742666 1.67449746
v -0.33125001 0.77742666 1.67449746
v -0.33125001 0.81601244 0.79073791
v -0.08125 0.77742666 1.67449746
v -0.08125 0.79615883 1.67531533
v -0.33125001 0.79615883 1.67531533
v -0.33125001 0.77742666 1.67449746
v -0.33125001 0.8347446 0.79155577
v -0.08125 0.84795685 0.48894554
v -0.08125 0.82922468 0.48812767
v -0.33125001 0.81601244 0.79073791
vn 1 0 0
vn -1 0 0
vn 0 1 0
vn 0 -1 0
vn 0 0 1
vn -0.77124 0 -0.63655
vt 0.85156 0.625
vt 0.70312 0.625
vt 0.70312 0.61719
vt 0.85156 0.61719
vt 0.84375 0.3125
vt 0.84375 0.32031
vt 0.73438 0.32031
vt 0.73438 0.3125
vt 0.57812 0.45312
vt 0.60938 0.45312
vt 0.60938 0.60156
vt 0.57812 0.5637
vt 0.03125 0.25781
vt 0.03125 0.40625
vt 0 0.40625
vt 0 0.29567
vt 0.23438 0.84375
vt 0.23438 0.85156
vt 0.20312 0.85156
vt 0.20312 0.84375
vt 0.16406 1
vt 0.11719 1
vt 0.11719 0.99219
vt 0.16406 0.99219
usemtl mat0
f 320/320/88 321/321/88 322/322/88
f 320/320/88 322/322/88 323/323/88
f 324/324/89 325/325/89 326/326/89
f 324/324/89 326/326/89 327/327/89
f 328/328/90 329/329/90 330/330/90
f 328/328/90 330/330/90 331/331/90
f 332/332/91 333/333/91 334/334/91
f 332/332/91 334/334/91 335/335/91
f 336/336/92 337/337/92 338/338/92
f 336/336/92 338/338/92 339/339/92
f 340/340/93 341/341/93 342/342/93
f 340/340/93 342/342/93 343/343/93
# Vertices: 24, normals: 6, texture coordinates: 24, faces: 12

o obj5
v 0.08125 0.77742666 1.67449746
v 0.08125 0.79615883 1.67531533
v 0.08125 0.84795685 0.48894554
v 0.08125 0.82922468 0.48812767
v 0.33125001 0.8347446 0.79155577
v 0.33125001 0.79615883 1.67531533
v 0.33125001 0.77742666 1.67449746
v 0.33125001 0.81601244 0.79073791
v 0.08125 0.84795685 0.48894554
v 0.08125 0.79615883 1.67531533
v 0.33125001 0.79615883 1.67531533
v 0.33125001 0.8347446 0.79155577
v 0.33125001 0.77742666 1.67449746
v 0.08125 0.77742666 1.67449746
v 0.08125 0.82922468 0.48812767
v 0.33125001 0.81601244 0.79073791
v 0.33125001 0.79615883 1.67531533
v 0.08125 0.79615883 1.67531533
v 0.08125 0.77742666 1.67449746
v 0.33125001 0.77742666 1.67449746
v 0.08125 0.82922468 0.48812767
v 0.08125 0.84795685 0.48894554
v 0.33125001 0.8347446 0.79155577
v 0.33125001 0.81601244 0.79073791
vn -1 0 0
vn 1 0 0
vn 0 1 0
vn 0 -1 0
vn 0 0 1
vn 0.77124 0 -0.63655
vt 0.85156 0.60938
vt 0.85156 0.61719
vt 0.70312 0.61719
vt 0.70312 0.60938
vt 0.84375 0.3125
vt 0.73438 0.3125
vt 0.73438 0.30469
vt 0.84375 0.30469
vt 0.51562 0.42969
vt 0.51562 0.28125
vt 0.54688 0.28125
vt 0.54688 0.39183
vt 0.03125 1
vt 0 1
vt 0 0.85156
vt 0.03125 0.88942
vt 0.17969 0.76562
vt 0.14844 0.76562
vt 0.14844 0.75781
vt 0.17969 0.75781
vt 0.29688 0.9375
vt 0.29688 0.94531
vt 0.25 0.94531
vt 0.25 0.9375
usemtl mat0
f 344/344/94 345/345/94 346/346/94
f 344/344/94 346/346/94 347/347/94
f 348/348/95 349/349/95 350/350/95
f 348/348/95 350/350/95 351/351/95
f 352/352/96 353/353/96 354/354/96
f 352/352/96 354/354/96 355/355/96
f 356/356/97 357/357/97 358/358/97
f 356/356/97 358/358/97 359/359/97
f 360/360/98 361/361/98 362/362/98
f 360/360/98 362/362/98 363/363/98
f 364/364/99 365/365/99 366/366/99
f 364/364/99 366/366/99 367/367/99
# Vertices: 24, normals: 6, texture coordinates: 24, faces: 12

o obj6
v 0.43691742 0.76397305 1.55278112
v 0.53066742 0.72035366 2.55182935
v 0.53066742 0.59547263 2.54637693
v 0.43691742 0.63909202 1.5473287
v -0.53066742 0.59547263 2.54637693
v -0.53066742 0.72035366 2.55182935
v -0.43691742 0.76397305 1.55278112
v -0.43691742 0.63909202 1.5473287
v -0.234375 0.84486335 2.5657873
v 0.234375 0.84486335 2.5657873
v 0.125 0.88848273 1.5667391
v -0.125 0.88848273 1.5667391
v 0.159375 0.53120868 1.58241995
v 0.171875 0.5121252 2.01950355
v -0.171875 0.5121252 2.01950355
v -0.159375 0.53120868 1.58241995
v 0.0359375 0.56361866 3.99237746
v 0.0359375 0.62605918 3.99510367
v -0.0359375 0.62605918 3.99510367
v -0.0359375 0.56361866 3.99237746
v -0.25 0.82604222 1.56401289
v 0.25 0.82604222 1.56401289
v 0.25 0.57628015 1.55310804
v -0.25 0.57628015 1.55310804
v 0.159375 0.53120868 1.58241995
v 0.25 0.57628015 1.55310804
v 0.46875 0.53266076 2.55215625
v -0.14760417 0.51839805 2.23404385
v 0.15385416 0.51839805 2.23404385
v 0.14687499 0.5580267 2.40103552
v -0.14687499 0.5580267 2.40103552
v -0.159375 0.53120868 1.58241995
v -0.46875 0.53266076 2.55215625
v -0.25 0.57628015 1.55310804
v 0.159375 0.53120868 1.58241995
v -0.159375 0.53120868 1.58241995
v 0.53125 0.6736367 3.62182369
v 0.53125 0.61119619 3.61909748
v 0.53125 0.65754179 2.55760867
v 0.53125 0.7199823 2.56033488
v -0.171875 0.81010415 3.36190393
v 0.171875 0.81010415 3.36190393
v -0.53125 0.61119619 3.61909748
v -0.53125 0.6736367 3.62182369
v -0.53125 0.7199823 2.56033488
v -0.53125 0.65754179 2.55760867
v -0.4609375 0.61397801 4.18225482
v -0.4609375 0.59836788 4.18157327
v -0.4140625 0.56714762 4.18021017
v -0.4140625 0.62958814 4.18293638
v -0.53125 0.7199823 2.56033488
v -0.53125 0.6736367 3.62182369
v -0.34375 0.73607723 3.6245499
v -0.46875 0.78242283 2.56306109
v -0.53125 0.65754179 2.55760867
v -0.53125 0.7199823 2.56033488
v -0.46875 0.78242283 2.56306109
v -0.46875 0.53266076 2.55215625
v -0.46875 0.53266076 2.55215625
v -0.34375 0.48631516 3.61364505
v 0.4609375 0.59836788 4.18157327
v 0.4609375 0.61397801 4.18225482
v 0.43281251 0.62958814 4.18293638
v 0.43281251 0.56714762 4.18021017
v 0.53125 0.65754179 2.55760867
v 0.53125 0.61119619 3.61909748
v 0.34375 0.48631516 3.61364505
v 0.46875 0.53266076 2.55215625
v 0.53125 0.7199823 2.56033488
v 0.53125 0.65754179 2.55760867
v 0.46875 0.53266076 2.55215625
v 0.46875 0.78242283 2.56306109
v 0.53125 0.6736367 3.62182369
v 0.53125 0.7199823 2.56033488
v 0.46875 0.78242283 2.56306109
v 0.34375 0.73607723 3.6245499
v -0.53066742 0.72035366 2.55182935
v -0.53066742 0.59547263 2.54637693
v -0.46875 0.53266076 2.55215625
v -0.46875 0.78242283 2.56306109
v -0.43691742 0.76397305 1.55278112
v -0.53066742 0.72035366 2.55182935
v -0.46875 0.78242283 2.56306109
v -0.25 0.82604222 1.56401289
v -0.43691742 0.63909202 1.5473287
v -0.43691742 0.76397305 1.55278112
v -0.53066742 0.59547263 2.54637693
v -0.43691742 0.63909202 1.5473287
v -0.25 0.57628015 1.55310804
v 0.53066742 0.72035366 2.55182935
v 0.43691742 0.76397305 1.55278112
v 0.25 0.82604222 1.56401289
v 0.46875 0.78242283 2.56306109
v 0.53066742 0.59547263 2.54637693
v 0.53066742 0.72035366 2.55182935
v 0.46875 0.78242283 2.56306109
v 0.46875 0.53266076 2.55215625
v 0.43691742 0.63909202 1.5473287
v 0.53066742 0.59547263 2.54637693
v 0.46875 0.53266076 2.55215625
v 0.25 0.57628015 1.55310804
v 0.43691742 0.76397305 1.55278112
v 0.43691742 0.63909202 1.5473287
v -0.52187502 0.61900125 3.61943825
v -0.52187502 0.65022151 3.62080136
v -0.53125 0.6736367 3.62182369
v -0.53125 0.61119619 3.61909748
v -0.40937501 0.55656074 3.61671204
v -0.34375 0.48631516 3.61364505
v -0.40937501 0.68144177 3.62216446
v -0.34375 0.73607723 3.6245499
v 0.52812499 0.65022151 3.62080136
v 0.52812499 0.61900125 3.61943825
v 0.53125 0.61119619 3.61909748
v 0.53125 0.6736367 3.62182369
v 0.40937501 0.68144177 3.62216446
v 0.34375 0.73607723 3.6245499
v 0.40937501 0.55656074 3.61671204
v 0.34375 0.48631516 3.61364505
v 0.52812499 0.63113803 4.05788496
v 0.52812499 0.59991777 4.05652185
v 0.52812499 0.61900125 3.61943825
v 0.52812499 0.65022151 3.62080136
v 0.40937501 0.65963207 4.12168858
v 0.52812499 0.63113803 4.05788496
v 0.52812499 0.65022151 3.62080136
v 0.40937501 0.68144177 3.62216446
v 0.40937501 0.53475105 4.11623616
v 0.40937501 0.65963207 4.12168858
v 0.40937501 0.68144177 3.62216446
v 0.40937501 0.55656074 3.61671204
v 0.52812499 0.59991777 4.05652185
v 0.40937501 0.53475105 4.11623616
v 0.40937501 0.55656074 3.61671204
v 0.52812499 0.61900125 3.61943825
v -0.52187502 0.59991777 4.05652185
v -0.52187502 0.63113803 4.05788496
v -0.52187502 0.65022151 3.62080136
v -0.52187502 0.61900125 3.61943825
v -0.40937501 0.53475105 4.11623616
v -0.52187502 0.59991777 4.05652185
v -0.52187502 0.61900125 3.61943825
v -0.40937501 0.55656074 3.61671204
v -0.40937501 0.65963207 4.12168858
v -0.40937501 0.53475105 4.11623616
v -0.40937501 0.55656074 3.61671204
v -0.40937501 0.68144177 3.62216446
v -0.52187502 0.63113803 4.05788496
v -0.40937501 0.65963207 4.12168858
v -0.40937501 0.68144177 3.62216446
v -0.52187502 0.65022151 3.62080136
v 0.4609375 0.61397801 4.18225482
v 0.4609375 0.59836788 4.18157327
v 0.43281251 0.62958814 4.18293638
v 0.4609375 0.61397801 4.18225482
v 0.52812499 0.63113803 4.05788496
v 0.43281251 0.56714762 4.18021017
v 0.43281251 0.62958814 4.18293638
v 0.4609375 0.59836788 4.18157327
v 0.43281251 0.56714762 4.18021017
v 0.52812499 0.59991777 4.05652185
v -0.4609375 0.59836788 4.18157327
v -0.4609375 0.61397801 4.18225482
v -0.4140625 0.56714762 4.18021017
v -0.4609375 0.59836788 4.18157327
v -0.52187502 0.59991777 4.05652185
v -0.4140625 0.62958814 4.18293638
v -0.4140625 0.56714762 4.18021017
v -0.4609375 0.61397801 4.18225482
v -0.4140625 0.62958814 4.18293638
v -0.40937501 0.65963207 4.12168858
v -0.34375 0.73607723 3.6245499
v 0.34375 0.73607723 3.6245499
v 0.234375 0.84486335 2.5657873
v 0.34375 0.73607723 3.6245499
v 0.46875 0.78242283 2.56306109
v -0.234375 0.84486335 2.5657873
v -0.34375 0.73607723 3.6245499
v 0.125 0.88848273 1.5667391
v 0.25 0.82604222 1.56401289
v -0.0625 0.94889967 0.75610293
v 0.0625 0.94889967 0.75610293
v 0.125 0.86148297 0.75228623
v -0.125 0.86148297 0.75228623
v -0.125 0.88848273 1.5667391
v -0.25 0.82604222 1.56401289
v -0.46875 0.78242283 2.56306109
v 0.0625 0.92119727 0.81745296
v -0.0625 0.92119727 0.81745296
v 0.125 0.85875676 0.81472674
v 0.0625 0.92119727 0.81745296
v 0.125 0.88848273 1.5667391
v 0.25 0.82604222 1.56401289
v -0.125 0.83378055 0.81363626
v 0.125 0.83378055 0.81363626
v 0.25 0.80106601 1.5629224
v -0.25 0.80106601 1.5629224
v -0.0625 0.92119727 0.81745296
v -0.125 0.85875676 0.81472674
v -0.25 0.82604222 1.56401289
v -0.125 0.88848273 1.5667391
v 0.0625 0.94889967 0.75610293
v -0.0625 0.94889967 0.75610293
v 0.125 0.86148297 0.75228623
v 0.0625 0.94889967 0.75610293
v 0.0625 0.92119727 0.81745296
v -0.125 0.86148297 0.75228623
v 0.125 0.86148297 0.75228623
v 0.125 0.85875676 0.81472674
v -0.125 0.85875676 0.81472674
v -0.0625 0.94889967 0.75610293
v -0.125 0.86148297 0.75228623
v -0.0625 0.92119727 0.81745296
v 0.13437501 0.6736367 3.62182369
v 0.13437501 0.54875567 3.61637126
v -0.13437501 0.6736367 3.62182369
v -0.13437501 0.54875567 3.61637126
v 0.071875 0.66273186 3.87158575
v 0.071875 0.53785083 3.86613332
v 0.13437501 0.54875567 3.61637126
v 0.13437501 0.6736367 3.62182369
v -0.071875 0.66273186 3.87158575
v 0.071875 0.66273186 3.87158575
v 0.13437501 0.6736367 3.62182369
v -0.13437501 0.6736367 3.62182369
v -0.071875 0.53785083 3.86613332
v -0.071875 0.66273186 3.87158575
v -0.13437501 0.6736367 3.62182369
v -0.13437501 0.54875567 3.61637126
v 0.071875 0.53785083 3.86613332
v -0.071875 0.53785083 3.86613332
v -0.13437501 0.54875567 3.61637126
v 0.13437501 0.54875567 3.61637126
v 0.0359375 0.62605918 3.99510367
v 0.0359375 0.56361866 3.99237746
v -0.0359375 0.62605918 3.99510367
v 0.0359375 0.62605918 3.99510367
v -0.0359375 0.56361866 3.99237746
v -0.0359375 0.62605918 3.99510367
v 0.0359375 0.56361866 3.99237746
v -0.0359375 0.56361866 3.99237746
v -0.14520833 0.49599321 3.39198115
v 0.17020833 0.49599321 3.39198115
v 0.34375 0.48631516 3.61364505
v -0.34375 0.48631516 3.61364505
v -0.14687499 0.5580267 2.40103552
v -0.34375 0.48631516 3.61364505
v -0.46875 0.53266076 2.55215625
v 0.14687499 0.5580267 2.40103552
v 0.46875 0.53266076 2.55215625
v 0.34375 0.48631516 3.61364505
v 0.14687499 0.5580267 2.40103552
v 0.15385416 0.51839805 2.23404385
v 0.171875 0.5121252 2.01950355
v 0.46875 0.53266076 2.55215625
v -0.14760417 0.51839805 2.23404385
v -0.46875 0.53266076 2.55215625
v 0.17020833 0.49599321 3.39198115
v 0.1052755 0.79270582 3.37093378
v 0.14444217 0.84795 2.39220368
v 0.14687499 0.5580267 2.40103552
v -0.14687499 0.5580267 2.40103552
v -0.15694217 0.81048569 2.39056795
v -0.1177755 0.74899744 3.36902543
v -0.14520833 0.49599321 3.39198115
v -0.171875 0.81010415 3.36190393
v -0.14520833 0.49599321 3.39198115
v 0.17020833 0.49599321 3.39198115
v 0.171875 0.81010415 3.36190393
v 0.14687499 0.5580267 2.40103552
v 0.14581186 0.82599232 2.3606075
v -0.14793815 0.82599232 2.3606075
v -0.14687499 0.5580267 2.40103552
v 0.125 0.83650676 0.75119575
v -0.125 0.83650676 0.75119575
v -0.125 0.86148297 0.75228623
v 0.125 0.86148297 0.75228623
v 0.25 0.80106601 1.5629224
v 0.125 0.83378055 0.81363626
v 0.125 0.85875676 0.81472674
v 0.25 0.82604222 1.56401289
v -0.25 0.80106601 1.5629224
v 0.25 0.80106601 1.5629224
v 0.25 0.82604222 1.56401289
v -0.25 0.82604222 1.56401289
v -0.125 0.83378055 0.81363626
v -0.25 0.80106601 1.5629224
v -0.25 0.82604222 1.56401289
v -0.125 0.85875676 0.81472674
v -0.125 0.83650676 0.75119575
v 0.125 0.83650676 0.75119575
v -0.125 0.86148297 0.75228623
v -0.125 0.83650676 0.75119575
v 0.125 0.86148297 0.75228623
v -0.125 0.86148297 0.75228623
v -0.125 0.85875676 0.81472674
v 0.125 0.85875676 0.81472674
v 0.125 0.83650676 0.75119575
v 0.125 0.86148297 0.75228623
vn 0.99563 0 -0.09334
vn -0.99563 0 -0.09334
vn 0 1 0
vn 0 -1 0
vn 0 0 1
vn 0 0 -1
vn 0.43127 -0.90214 -0.01232
vn 0 -0.96198 0.27312
vn -0.15347 -0.98814 -0.00438
vn 0 -0.58124 -0.81373
vn 1 0 0
vn -1 0 0
vn -0.31623 0.94868 0
vn -0.89443 -0.44721 0
vn 0.5547 -0.83205 0
vn 0.70711 0.70711 0
vn -0.13622 0 0.99068
vn -0.70435 0.70678 -0.06603
vn 0.0455 0 -0.99896
vn -0.31576 -0.94838 -0.0296
vn 0.31576 0.94838 -0.0296
vn 0.13622 0 0.99068
vn 0.70435 -0.70678 -0.06603
vn -0.0455 0 -0.99896
vn 0.25449 0.96707 0
vn 0.46575 -0.88492 0
vn -0.48564 -0.87416 0
vn -0.26764 0.96352 0
vn 0.88082 0 0.47344
vn 0.45937 0.82687 0.32443
vn -0.93633 0 0.35112
vn 0.73978 -0.6658 0.0971
vn -0.89888 0 0.4382
vn -0.53183 -0.79774 0.2842
vn 0.9972 0 0.07479
vn -0.29448 0.88345 0.36442
vn 0 0.97342 0.22904
vn 0.30841 0.95094 0.02419
vn -0.25761 0.96604 0.0202
vn 0.25756 0.96585 -0.02817
vn -0.44668 0.89336 -0.04886
vn 0.70588 0.70588 -0.05882
vn -0.70225 0.70225 -0.11704
vn 0 0.92848 0.37139
vn 0.79259 0.56614 0.22646
vn -0.81373 0.58124 0
vn 0.97014 0 0.24254
vn -0.97014 0 0.24254
vn 0.96107 0 0.27631
vn 0 0.97014 0.24254
vn -0.96107 0 0.27631
vn 0 -0.97014 0.24254
vn -0.02106 -0.9996 -0.01884
vn -0.04981 -0.9986 -0.01769
vn 0 -0.99735 0.0728
vn 0.97626 -0.194 0.09635
vn 0.18167 -0.94618 0.26783
vn -0.97483 -0.219 -0.04174
vn 0.99856 0.03659 -0.0392
vn 0 0.13865 0.99034
vn 0 0.19217 0.98136
vn 0.98639 0 -0.1644
vn -0.98639 0 -0.1644
vt 0.76562 0.96875
vt 0.64062 0.96875
vt 0.64062 0.95312
vt 0.76562 0.95312
vt 0.82031 0.77344
vt 0.82031 0.78906
vt 0.69531 0.78906
vt 0.69531 0.77344
vt 0.04106 0.77284
vt 0.09965 0.77284
vt 0.08598 0.89784
vt 0.05473 0.89784
vt 0.18536 0.39579
vt 0.18692 0.45048
vt 0.14395 0.45048
vt 0.14551 0.39579
vt 0.0625 0.99219
vt 0.0625 1
vt 0.05469 1
vt 0.05469 0.99219
vt 0.69531 0.92188
vt 0.63281 0.92188
vt 0.63281 0.89062
vt 0.69531 0.89062
vt 0.18536 0.39579
vt 0.19793 0.39185
vt 0.22294 0.51692
vt 0.14698 0.47731
vt 0.18467 0.47731
vt 0.18379 0.49876
vt 0.14708 0.49876
vt 0.14551 0.39579
vt 0.10642 0.51687
vt 0.13348 0.39187
vt 0.64414 0.8839
vt 0.68398 0.8839
vt 0.73438 0.94531
vt 0.73438 0.9375
vt 0.86719 0.9375
vt 0.86719 0.94531
vt 0.04887 0.67323
vt 0.09184 0.67323
vt 0.72656 0.44531
vt 0.72656 0.45312
vt 0.59375 0.45312
vt 0.59375 0.44531
vt 0.13281 0.88867
vt 0.13281 0.88672
vt 0.14062 0.88281
vt 0.14062 0.89062
vt 0.00085 0.77271
vt 0.00147 0.6399
vt 0.02618 0.64001
vt 0.01074 0.77276
vt 0.02344 0.85156
vt 0.02344 0.85938
vt 0.01562 0.86719
vt 0.01562 0.83594
vt 0.59375 0.42784
vt 0.72656 0.42086
vt 0.16406 0.98047
vt 0.16406 0.98242
vt 0.15625 0.98438
vt 0.15625 0.97656
vt 0.74219 0.48911
vt 0.60938 0.48911
vt 0.60938 0.46094
vt 0.74219 0.47394
vt 0.13281 0.67969
vt 0.13281 0.67188
vt 0.14062 0.65625
vt 0.14062 0.6875
vt 0.76562 0.92188
vt 0.76562 0.93426
vt 0.63281 0.94531
vt 0.42188 0.71094
vt 0.42188 0.69531
vt 0.42969 0.6875
vt 0.42969 0.71875
vt 0.67969 0.73917
vt 0.69052 0.61409
vt 0.70312 0.61471
vt 0.70312 0.74219
vt 0.7187 0.89844
vt 0.7187 0.91406
vt 0.09662 0.51558
vt 0.10885 0.39062
vt 0.13347 0.39191
vt 0.13977 0.77423
vt 0.12772 0.8992
vt 0.1031 0.89795
vt 0.12997 0.77295
vt 0.00781 0.54688
vt 0.00781 0.5625
vt 0 0.57031
vt 0 0.53906
vt 0.36561 0.22958
vt 0.35478 0.35466
vt 0.34375 0.35404
vt 0.34375 0.22656
vt 0.60942 0.91406
vt 0.60942 0.89844
vt 0.16523 0.98535
vt 0.16523 0.98926
vt 0.16406 0.99219
vt 0.16406 0.98438
vt 0.1793 0.97754
vt 0.1875 0.96875
vt 0.1793 0.99316
vt 0.1875 1
vt 0.29648 0.98926
vt 0.29648 0.98535
vt 0.29688 0.98438
vt 0.29688 0.99219
vt 0.28164 0.99316
vt 0.27344 1
vt 0.28164 0.97754
vt 0.27344 0.96875
vt 0.77059 0.85156
vt 0.77059 0.84766
vt 0.82528 0.84766
vt 0.82528 0.85156
vt 0.74635 0.60938
vt 0.75417 0.59403
vt 0.80885 0.59403
vt 0.80885 0.60938
vt 0.7927 0.41406
vt 0.7927 0.42969
vt 0.7302 0.42969
vt 0.7302 0.41406
vt 0.72709 0.69605
vt 0.71703 0.68051
vt 0.77893 0.67188
vt 0.78125 0.68849
vt 0.80771 0.74609
vt 0.80771 0.75
vt 0.75303 0.75
vt 0.75303 0.74609
vt 0.79264 0.42969
vt 0.78483 0.44578
vt 0.73014 0.44578
vt 0.73014 0.42969
vt 0.72267 0.27344
vt 0.72267 0.25781
vt 0.78517 0.25781
vt 0.78517 0.27344
vt 0.79273 0.56353
vt 0.80054 0.57812
vt 0.73804 0.57812
vt 0.73804 0.56353
vt 0.75285 0.8501
vt 0.75285 0.84814
vt 0.73824 0.60559
vt 0.73802 0.60157
vt 0.75415 0.59405
vt 0.80105 0.41846
vt 0.80105 0.42627
vt 0.71012 0.69164
vt 0.70967 0.6864
vt 0.72671 0.69546
vt 0.8251 0.74658
vt 0.8251 0.74854
vt 0.80109 0.43258
vt 0.80111 0.43962
vt 0.78484 0.44575
vt 0.71483 0.27002
vt 0.71483 0.26221
vt 0.80875 0.57007
vt 0.80884 0.57625
vt 0.80047 0.578
vt 0.02738 0.63912
vt 0.11332 0.63912
vt 0.09965 0.77284
vt 0.11456 0.63993
vt 0.12993 0.77276
vt 0.04106 0.77284
vt 0.02618 0.63993
vt 0.08598 0.89784
vt 0.10309 0.898
vt 0.28906 0.9375
vt 0.27344 0.9375
vt 0.26562 0.92969
vt 0.29688 0.92969
vt 0.05473 0.89784
vt 0.03726 0.89804
vt 0.01136 0.77288
vt 0.07817 0.99159
vt 0.06254 0.99159
vt 0.79004 0.76079
vt 0.79069 0.77182
vt 0.69661 0.77182
vt 0.69531 0.7553
vt 0.15625 0.77344
vt 0.1875 0.77344
vt 0.20312 0.86719
vt 0.14062 0.86719
vt 0.63639 0.99761
vt 0.63639 0.98656
vt 0.73079 0.97551
vt 0.73015 0.99208
vt 0.07817 1
vt 0.06254 1
vt 0.79761 0.76006
vt 0.79891 0.77344
vt 0.79068 0.77168
vt 0.29688 0.88281
vt 0.32812 0.88281
vt 0.32812 0.89062
vt 0.29688 0.89062
vt 0.62858 1
vt 0.62858 0.98656
vt 0.63639 0.99746
vt 0.24727 0.99219
vt 0.24727 0.97656
vt 0.21367 0.99219
vt 0.21367 0.97656
vt 0.18654 0.67188
vt 0.18654 0.65625
vt 0.21875 0.65625
vt 0.21875 0.67188
vt 0.43242 0.71094
vt 0.45039 0.71094
vt 0.4582 0.74219
vt 0.42461 0.74219
vt 0.7744 0.82812
vt 0.7744 0.84375
vt 0.74219 0.84375
vt 0.74219 0.82812
vt 0.07539 0.26562
vt 0.05742 0.26562
vt 0.04961 0.23438
vt 0.0832 0.23438
vt 0.17028 0.66797
vt 0.17028 0.66016
vt 0.43691 0.69483
vt 0.4459 0.69483
vt 0.79066 0.83203
vt 0.79066 0.83984
vt 0.0709 0.28173
vt 0.06191 0.28173
vt 0.14552 0.62226
vt 0.18494 0.62282
vt 0.20624 0.65086
vt 0.12031 0.64963
vt 0.14706 0.49816
vt 0.12031 0.64963
vt 0.10661 0.51664
vt 0.18366 0.49868
vt 0.22369 0.51826
vt 0.20622 0.65083
vt 0.4467 0.39964
vt 0.44531 0.37821
vt 0.45312 0.35156
vt 0.45312 0.41551
vt 0.14651 0.47671
vt 0.10653 0.51668
vt 0.05469 0.28906
vt 0.09375 0.29345
vt 0.09375 0.41609
vt 0.05716 0.41296
vt 0.73612 0.49982
vt 0.73946 0.53125
vt 0.61681 0.53125
vt 0.6121 0.50002
vt 0.29883 0.88281
vt 0.30216 0.84375
vt 0.34159 0.84375
vt 0.3418 0.88281
vt 0.6875 0.61442
vt 0.6875 0.64829
vt 0.64844 0.64844
vt 0.64844 0.61456
vt 0.1875 0.67188
vt 0.21875 0.67969
vt 0.1875 0.67969
vt 0.75326 0.91094
vt 0.8483 0.91094
vt 0.8483 0.91406
vt 0.75326 0.91406
vt 0.52344 0.6875
vt 0.58594 0.6875
vt 0.58594 0.69531
vt 0.52344 0.69531
vt 0.69857 0.25469
vt 0.79362 0.25469
vt 0.79362 0.25781
vt 0.69857 0.25781
vt 0.15625 0.76562
vt 0.1875 0.76562
vt 0.69076 0.25781
vt 0.69076 0.25469
vt 0.04688 0.63281
vt 0.01562 0.63281
vt 0.01562 0.625
vt 0.04688 0.625
vt 0.85612 0.91094
vt 0.85612 0.91406
usemtl mat0
f 368/368/100 369/369/100 370/370/100
f 368/368/100 370/370/100 371/371/100
f 372/372/101 373/373/101 374/374/101
f 372/372/101 374/374/101 375/375/101
f 376/376/102 377/377/102 378/378/102
f 376/376/102 378/378/102 379/379/102
f 380/380/103 381/381/103 382/382/103
f 380/380/103 382/382/103 383/383/103
f 384/384/104 385/385/104 386/386/104
f 384/384/104 386/386/104 387/387/104
f 388/388/105 389/389/105 390/390/105
f 388/388/105 390/390/105 391/391/105
f 381/381/106 392/392/106 393/393/106
f 381/381/106 393/393/106 394/394/106
f 395/395/107 396/396/107 397/397/107
f 395/395/107 397/397/107 398/398/107
f 399/399/108 382/382/108 400/400/108
f 399/399/108 400/400/108 401/401/108
f 402/402/109 403/403/109 391/391/109
f 402/402/109 391/391/109 390/390/109
f 404/404/110 405/405/110 406/406/110
f 404/404/110 406/406/110 407/407/110
f 408/408/102 409/409/102 377/377/102
f 408/408/102 377/377/102 376/376/102
f 410/410/111 411/411/111 412/412/111
f 410/410/111 412/412/111 413/413/111
f 414/414/104 415/415/104 416/416/104
f 414/414/104 416/416/104 417/417/104
f 418/418/112 419/419/112 420/420/112
f 418/418/112 420/420/112 421/421/112
f 422/422/105 423/423/105 424/424/105
f 422/422/105 424/424/105 425/425/105
f 410/410/113 413/413/113 426/426/113
f 410/410/113 426/426/113 427/427/113
f 428/428/104 429/429/104 430/430/104
f 428/428/104 430/430/104 431/431/104
f 432/432/114 433/433/114 434/434/114
f 432/432/114 434/434/114 435/435/114
f 436/436/105 437/437/105 438/438/105
f 436/436/105 438/438/105 439/439/105
f 440/389/115 441/440/115 442/441/115
f 440/389/115 442/441/115 443/442/115
f 444/443/116 445/444/116 446/445/116
f 444/443/116 446/445/116 447/446/116
f 448/447/117 449/448/117 450/449/117
f 448/447/117 450/449/117 451/450/117
f 452/451/118 453/452/118 388/388/118
f 452/451/118 388/388/118 391/391/118
f 454/453/119 455/454/119 456/455/119
f 454/453/119 456/455/119 400/400/119
f 457/456/120 458/457/120 459/458/120
f 457/456/120 459/458/120 460/459/120
f 461/460/121 462/461/121 463/462/121
f 461/460/121 463/462/121 464/463/121
f 465/464/122 466/465/122 467/466/122
f 465/464/122 467/466/122 468/467/122
f 469/468/123 470/469/123 390/390/123
f 469/468/123 390/390/123 389/389/123
f 471/470/104 472/471/104 473/472/104
f 471/470/104 473/472/104 474/473/104
f 475/474/104 471/470/104 474/473/104
f 475/474/104 474/473/104 476/475/104
f 477/476/104 475/474/104 476/475/104
f 477/476/104 476/475/104 478/477/104
f 472/471/104 477/476/104 478/477/104
f 472/471/104 478/477/104 473/472/104
f 479/478/104 480/479/104 481/480/104
f 479/478/104 481/480/104 482/481/104
f 483/482/104 479/478/104 482/481/104
f 483/482/104 482/481/104 484/483/104
f 485/484/104 483/482/104 484/483/104
f 485/484/104 484/483/104 486/485/104
f 480/479/104 485/484/104 486/485/104
f 480/479/104 486/485/104 481/480/104
f 487/486/110 488/487/110 489/488/110
f 487/486/110 489/488/110 490/489/110
f 491/490/124 492/491/124 493/492/124
f 491/490/124 493/492/124 494/493/124
f 495/494/111 496/495/111 497/496/111
f 495/494/111 497/496/111 498/497/111
f 499/498/125 500/499/125 501/500/125
f 499/498/125 501/500/125 502/501/125
f 503/502/111 504/503/111 505/504/111
f 503/502/111 505/504/111 506/505/111
f 507/506/126 508/507/126 509/508/126
f 507/506/126 509/508/126 510/509/126
f 511/510/110 512/511/110 513/512/110
f 511/510/110 513/512/110 514/513/110
f 515/514/127 516/515/127 517/516/127
f 515/514/127 517/516/127 518/517/127
f 519/518/128 520/519/128 488/487/128
f 519/518/128 488/487/128 487/486/128
f 521/520/129 522/521/129 523/522/129
f 521/520/129 523/522/129 491/490/129
f 524/523/130 525/524/130 496/495/130
f 524/523/130 496/495/130 495/494/130
f 526/525/131 527/526/131 500/499/131
f 526/525/131 500/499/131 528/527/131
f 529/528/132 530/529/132 504/503/132
f 529/528/132 504/503/132 503/502/132
f 531/530/133 532/531/133 533/532/133
f 531/530/133 533/532/133 507/506/133
f 534/533/134 535/534/134 512/511/134
f 534/533/134 512/511/134 511/510/134
f 536/535/135 537/536/135 538/537/135
f 536/535/135 538/537/135 515/514/135
f 409/409/136 408/408/136 539/538/136
f 409/409/136 539/538/136 540/539/136
f 541/540/137 409/409/137 542/541/137
f 541/540/137 542/541/137 543/542/137
f 408/408/138 544/543/138 421/421/138
f 408/408/138 421/421/138 545/544/138
f 546/545/139 377/377/139 460/459/139
f 546/545/139 460/459/139 547/546/139
f 548/547/105 549/548/105 550/549/105
f 548/547/105 550/549/105 551/550/105
f 376/376/140 552/551/140 553/552/140
f 376/376/140 553/552/140 554/553/140
f 555/554/102 556/555/102 379/379/102
f 555/554/102 379/379/102 378/378/102
f 557/556/141 558/557/141 559/558/141
f 557/556/141 559/558/141 560/559/141
f 561/560/103 562/561/103 563/562/103
f 561/560/103 563/562/103 564/563/103
f 565/564/142 566/565/142 567/566/142
f 565/564/142 567/566/142 568/567/142
f 569/568/143 570/569/143 556/555/143
f 569/568/143 556/555/143 555/554/143
f 571/570/144 572/571/144 573/572/144
f 571/570/144 573/572/144 557/556/144
f 574/573/103 575/574/103 576/575/103
f 574/573/103 576/575/103 577/576/103
f 578/577/145 579/578/145 566/565/145
f 578/577/145 566/565/145 580/579/145
f 581/580/104 582/581/104 486/485/104
f 581/580/104 486/485/104 484/483/104
f 583/582/104 581/580/104 484/483/104
f 583/582/104 484/483/104 478/477/104
f 584/583/104 583/582/104 478/477/104
f 584/583/104 478/477/104 476/475/104
f 582/581/104 584/583/104 476/475/104
f 582/581/104 476/475/104 486/485/104
f 585/584/146 586/585/146 587/586/146
f 585/584/146 587/586/146 588/587/146
f 589/588/102 590/589/102 591/590/102
f 589/588/102 591/590/102 592/591/102
f 593/592/147 594/593/147 595/594/147
f 593/592/147 595/594/147 596/595/147
f 597/596/103 598/597/103 599/598/103
f 597/596/103 599/598/103 600/599/103
f 601/600/148 602/601/148 586/585/148
f 601/600/148 586/585/148 585/584/148
f 603/602/149 604/603/149 590/589/149
f 603/602/149 590/589/149 589/588/149
f 605/604/150 606/605/150 594/593/150
f 605/604/150 594/593/150 593/592/150
f 607/606/151 608/607/151 598/597/151
f 607/606/151 598/597/151 597/596/151
f 609/608/103 610/609/103 611/610/103
f 609/608/103 611/610/103 612/611/103
f 613/612/152 609/608/152 614/613/152
f 613/612/152 614/613/152 615/614/152
f 610/609/153 616/615/153 617/616/153
f 610/609/153 617/616/153 618/617/153
f 396/396/154 395/395/154 382/382/154
f 396/396/154 382/382/154 381/381/154
f 619/618/155 620/619/155 621/620/155
f 619/618/155 621/620/155 622/621/155
f 623/622/156 613/612/156 624/623/156
f 623/622/156 624/623/156 382/382/156
f 625/624/157 626/625/157 627/626/157
f 625/624/157 627/626/157 628/627/157
f 629/628/158 630/629/158 631/630/158
f 629/628/158 631/630/158 632/631/158
f 633/632/159 634/633/159 635/634/159
f 633/632/159 635/634/159 636/635/159
f 637/636/160 638/637/160 639/638/160
f 637/636/160 639/638/160 640/639/160
f 641/640/105 642/587/105 643/641/105
f 641/640/105 643/641/105 644/642/105
f 645/643/161 646/644/161 647/645/161
f 645/643/161 647/645/161 648/646/161
f 649/647/104 650/648/104 651/649/104
f 649/647/104 651/649/104 652/650/104
f 653/651/162 654/652/162 655/653/162
f 653/651/162 655/653/162 656/654/162
f 657/655/103 658/656/103 562/561/103
f 657/655/103 562/561/103 561/560/103
f 659/657/111 660/658/111 653/651/111
f 659/657/111 653/651/111 656/654/111
f 661/659/102 662/660/102 663/661/102
f 661/659/102 663/661/102 664/662/102
f 665/663/110 666/664/110 647/645/110
f 665/663/110 647/645/110 646/644/110
# Vertices: 299, normals: 63, texture coordinates: 297, faces: 194

o obj7
v 0.34669191 0.70764584 3.86982803
v 0.30017483 0.72689548 3.87066848
v 0.27500001 0.60045345 3.86514791
v 0.30856645 0.76904284 3.87250868
v 0.3705892 0.74337662 3.87138807
v 0.3705892 0.78621103 2.89031806
v 0.30856645 0.81187725 2.89143867
v 0.30856645 0.77987276 2.85072367
v 0.3705892 0.75420653 2.84960306
v 0.27500001 0.61128337 2.8433629
v 0.38229451 0.67207711 3.86827506
v 0.3705892 0.74337662 3.87138807
v 0.41805935 0.69595166 3.86931745
v 0.41805935 0.73878607 2.88824745
v 0.3705892 0.78621103 2.89031806
v 0.41805935 0.70678158 2.84753244
v 0.40156251 0.62560433 3.86624602
v 0.44374999 0.63398796 3.86661206
v 0.44374999 0.67682237 2.88554205
v 0.41805935 0.73878607 2.88824745
v 0.44374999 0.67682237 2.88554205
v 0.27500001 0.64328786 2.88407791
v 0.40156251 0.57530257 3.8640498
v 0.44374999 0.56691893 3.86368376
v 0.44374999 0.60975335 2.88261376
v 0.44374999 0.60975335 2.88261376
v 0.38229451 0.52882979 3.86202075
v 0.41805935 0.50495523 3.86097837
v 0.41805935 0.54778965 2.87990837
v 0.41805935 0.54778965 2.87990837
v 0.34669191 0.49326106 3.86046779
v 0.3705892 0.45753027 3.85890775
v 0.3705892 0.50036468 2.87783775
v 0.3705892 0.50036468 2.87783775
v 0.30017483 0.47401141 3.85962733
v 0.3705892 0.45753027 3.85890775
v 0.30856645 0.43186406 3.85778714
v 0.30856645 0.47469847 2.87671714
v 0.3705892 0.50036468 2.87783775
v 0.3705892 0.5330792 2.12855151
v 0.30856645 0.507413 2.1274309
v 0.27500001 0.67600239 2.13479167
v 0.24982515 0.47401141 3.85962733
v 0.24143353 0.43186406 3.85778714
v 0.24143353 0.47469847 2.87671714
v 0.24143353 0.507413 2.1274309
v 0.20330811 0.49326106 3.86046779
v 0.1794108 0.45753027 3.85890775
v 0.1794108 0.50036468 2.87783775
v 0.1794108 0.5330792 2.12855151
v 0.16770549 0.52882979 3.86202075
v 0.1794108 0.45753027 3.85890775
v 0.13194066 0.50495523 3.86097837
v 0.13194066 0.54778965 2.87990837
v 0.1794108 0.50036468 2.87783775
v 0.1794108 0.50036468 2.87783775
v 0.13194066 0.54778965 2.87990837
v 0.27500001 0.64328786 2.88407791
v 0.1484375 0.57530257 3.8640498
v 0.13194066 0.50495523 3.86097837
v 0.13124999 0.56691893 3.86368376
v 0.13124999 0.60975335 2.88261376
v 0.13194066 0.54778965 2.87990837
v 0.13124999 0.60975335 2.88261376
v 0.1484375 0.62560433 3.86624602
v 0.13124999 0.63398796 3.86661206
v 0.13124999 0.67682237 2.88554205
v 0.13124999 0.67682237 2.88554205
v 0.16770549 0.67207711 3.86827506
v 0.13194066 0.69595166 3.86931745
v 0.13194066 0.73878607 2.88824745
v 0.13194066 0.73878607 2.88824745
v 0.20330811 0.70764584 3.86982803
v 0.13194066 0.69595166 3.86931745
v 0.1794108 0.74337662 3.87138807
v 0.1794108 0.78621103 2.89031806
v 0.13194066 0.73878607 2.88824745
v 0.13194066 0.70678158 2.84753244
v 0.1794108 0.75420653 2.84960306
v 0.24982515 0.72689548 3.87066848
v 0.1794108 0.74337662 3.87138807
v 0.24143353 0.76904284 3.87250868
v 0.24143353 0.81187725 2.89143867
v 0.1794108 0.78621103 2.89031806
v 0.24143353 0.77987276 2.85072367
v 0.2578811 0.68912693 4.11672025
v 0.29211891 0.68912693 4.11672025
v 0.29782519 0.71778711 4.11797158
v 0.25217479 0.71778711 4.11797158
v 0.22624952 0.67603715 4.11614874
v 0.20999935 0.70033409 4.11720956
v 0.20203973 0.65185043 4.11509272
v 0.17771965 0.66808513 4.11580154
v 0.20203973 0.55444224 4.11083979
v 0.1889375 0.58604373 4.11221954
v 0.16024999 0.58034287 4.11197064
v 0.17771965 0.53820754 4.11013097
v 0.3237505 0.67603715 4.11614874
v 0.34000066 0.70033409 4.11720956
v 0.34796026 0.65185043 4.11509272
v 0.37228036 0.66808513 4.11580154
v 0.3610625 0.62024893 4.11371297
v 0.38975 0.62594981 4.11396188
v 0.3610625 0.58604373 4.11221954
v 0.34796026 0.55444224 4.11083979
v 0.37228036 0.53820754 4.11013097
v 0.38975 0.58034287 4.11197064
v 0.1889375 0.62024893 4.11371297
v 0.16024999 0.62594981 4.11396188
v 0.3237505 0.53025551 4.10978378
v 0.34000066 0.50595857 4.10872295
v 0.29211891 0.51716574 4.10921226
v 0.29782519 0.48850555 4.10796093
v 0.2578811 0.51716574 4.10921226
v 0.25217479 0.48850555 4.10796093
v 0.22624952 0.53025551 4.10978378
v 0.20999935 0.50595857 4.10872295
v 0.163625 0.5866677 3.98249869
v 0.18058084 0.54577165 3.98071313
v 0.16770549 0.52882979 3.86202075
v 0.1484375 0.57530257 3.8640498
v 0.14910778 0.52476204 3.97979583
v 0.1265 0.5792901 3.98217657
v 0.13124999 0.56691893 3.86368376
v 0.13194066 0.50495523 3.86097837
v 0.21191113 0.51447118 3.97934652
v 0.20330811 0.49326106 3.86046779
v 0.16770549 0.52882979 3.86202075
v 0.19088151 0.48302807 3.97797368
v 0.14910778 0.52476204 3.97979583
v 0.21191113 0.51447118 3.97934652
v 0.25284612 0.49753148 3.97860692
v 0.24982515 0.47401141 3.85962733
v 0.20330811 0.49326106 3.86046779
v 0.24546151 0.46044181 3.97698755
v 0.19088151 0.48302807 3.97797368
v 0.38637501 0.63093325 3.98443136
v 0.36941916 0.6718293 3.98621692
v 0.38229451 0.67207711 3.86827506
v 0.40156251 0.62560433 3.86624602
v 0.40089223 0.6928389 3.98713422
v 0.4235 0.63831085 3.98475347
v 0.44374999 0.63398796 3.86661206
v 0.41805935 0.69595166 3.86931745
v 0.18058084 0.6718293 3.98621692
v 0.163625 0.63093325 3.98443136
v 0.1484375 0.62560433 3.86624602
v 0.16770549 0.67207711 3.86827506
v 0.1265 0.63831085 3.98475347
v 0.14910778 0.6928389 3.98713422
v 0.13194066 0.69595166 3.86931745
v 0.13124999 0.63398796 3.86661206
v 0.21191113 0.70312978 3.98758353
v 0.18058084 0.6718293 3.98621692
v 0.16770549 0.67207711 3.86827506
v 0.20330811 0.70764584 3.86982803
v 0.14910778 0.6928389 3.98713422
v 0.19088151 0.73457287 3.98895636
v 0.1484375 0.57530257 3.8640498
v 0.1484375 0.62560433 3.86624602
v 0.29715386 0.72006947 3.98832313
v 0.25284612 0.72006947 3.98832313
v 0.24982515 0.72689548 3.87066848
v 0.30017483 0.72689548 3.87066848
v 0.24546151 0.75715915 3.9899425
v 0.30453849 0.75715915 3.9899425
v 0.33808887 0.70312978 3.98758353
v 0.30017483 0.72689548 3.87066848
v 0.34669191 0.70764584 3.86982803
v 0.30453849 0.75715915 3.9899425
v 0.35911849 0.73457287 3.98895636
v 0.36941916 0.6718293 3.98621692
v 0.33808887 0.70312978 3.98758353
v 0.34669191 0.70764584 3.86982803
v 0.38229451 0.67207711 3.86827506
v 0.35911849 0.73457287 3.98895636
v 0.40089223 0.6928389 3.98713422
v 0.41805935 0.69595166 3.86931745
v 0.3705892 0.74337662 3.87138807
v 0.25284612 0.72006947 3.98832313
v 0.21191113 0.70312978 3.98758353
v 0.20330811 0.70764584 3.86982803
v 0.24982515 0.72689548 3.87066848
v 0.19088151 0.73457287 3.98895636
v 0.24143353 0.76904284 3.87250868
v 0.1794108 0.74337662 3.87138807
v 0.38637501 0.5866677 3.98249869
v 0.38637501 0.63093325 3.98443136
v 0.40156251 0.62560433 3.86624602
v 0.40156251 0.57530257 3.8640498
v 0.4235 0.5792901 3.98217657
v 0.36941916 0.54577165 3.98071313
v 0.40156251 0.57530257 3.8640498
v 0.38229451 0.52882979 3.86202075
v 0.4235 0.5792901 3.98217657
v 0.40089223 0.52476204 3.97979583
v 0.33808887 0.51447118 3.97934652
v 0.38229451 0.52882979 3.86202075
v 0.34669191 0.49326106 3.86046779
v 0.40089223 0.52476204 3.97979583
v 0.35911849 0.48302807 3.97797368
v 0.3705892 0.45753027 3.85890775
v 0.41805935 0.50495523 3.86097837
v 0.29715386 0.49753148 3.97860692
v 0.33808887 0.51447118 3.97934652
v 0.34669191 0.49326106 3.86046779
v 0.30017483 0.47401141 3.85962733
v 0.35911849 0.48302807 3.97797368
v 0.30453849 0.46044181 3.97698755
v 0.30856645 0.43186406 3.85778714
v 0.3705892 0.45753027 3.85890775
v 0.30017483 0.47401141 3.85962733
v 0.24982515 0.47401141 3.85962733
v 0.24546151 0.46044181 3.97698755
v 0.1889375 0.58604373 4.11221954
v 0.20203973 0.55444224 4.11083979
v 0.17771965 0.53820754 4.11013097
v 0.16024999 0.58034287 4.11197064
v 0.1265 0.5792901 3.98217657
v 0.14910778 0.52476204 3.97979583
v 0.22624952 0.53025551 4.10978378
v 0.21191113 0.51447118 3.97934652
v 0.18058084 0.54577165 3.98071313
v 0.20999935 0.50595857 4.10872295
v 0.17771965 0.53820754 4.11013097
v 0.22624952 0.53025551 4.10978378
v 0.2578811 0.51716574 4.10921226
v 0.25284612 0.49753148 3.97860692
v 0.21191113 0.51447118 3.97934652
v 0.25217479 0.48850555 4.10796093
v 0.20999935 0.50595857 4.10872295
v 0.19088151 0.48302807 3.97797368
v 0.24546151 0.46044181 3.97698755
v 0.3610625 0.62024893 4.11371297
v 0.34796026 0.65185043 4.11509272
v 0.37228036 0.66808513 4.11580154
v 0.38975 0.62594981 4.11396188
v 0.4235 0.63831085 3.98475347
v 0.40089223 0.6928389 3.98713422
v 0.20203973 0.65185043 4.11509272
v 0.1889375 0.62024893 4.11371297
v 0.163625 0.63093325 3.98443136
v 0.18058084 0.6718293 3.98621692
v 0.16024999 0.62594981 4.11396188
v 0.17771965 0.66808513 4.11580154
v 0.22624952 0.67603715 4.11614874
v 0.18058084 0.6718293 3.98621692
v 0.21191113 0.70312978 3.98758353
v 0.17771965 0.66808513 4.11580154
v 0.20999935 0.70033409 4.11720956
v 0.29211891 0.68912693 4.11672025
v 0.2578811 0.68912693 4.11672025
v 0.25217479 0.71778711 4.11797158
v 0.29782519 0.71778711 4.11797158
v 0.3237505 0.67603715 4.11614874
v 0.29715386 0.72006947 3.98832313
v 0.33808887 0.70312978 3.98758353
v 0.34000066 0.70033409 4.11720956
v 0.35911849 0.73457287 3.98895636
v 0.30453849 0.75715915 3.9899425
v 0.3237505 0.67603715 4.11614874
v 0.33808887 0.70312978 3.98758353
v 0.34000066 0.70033409 4.11720956
v 0.37228036 0.66808513 4.11580154
v 0.22624952 0.67603715 4.11614874
v 0.20999935 0.70033409 4.11720956
v 0.24546151 0.75715915 3.9899425
v 0.19088151 0.73457287 3.98895636
v 0.3610625 0.58604373 4.11221954
v 0.38975 0.58034287 4.11197064
v 0.34796026 0.55444224 4.11083979
v 0.38637501 0.5866677 3.98249869
v 0.36941916 0.54577165 3.98071313
v 0.38975 0.58034287 4.11197064
v 0.37228036 0.53820754 4.11013097
v 0.3237505 0.53025551 4.10978378
v 0.33808887 0.51447118 3.97934652
v 0.37228036 0.53820754 4.11013097
v 0.34000066 0.50595857 4.10872295
v 0.29211891 0.51716574 4.10921226
v 0.3237505 0.53025551 4.10978378
v 0.34000066 0.50595857 4.10872295
v 0.29782519 0.48850555 4.10796093
v 0.35911849 0.48302807 3.97797368
v 0.29211891 0.51716574 4.10921226
v 0.30856645 0.77987276 2.85072367
v 0.24143353 0.77987276 2.85072367
v 0.24143353 0.81187725 2.89143867
v 0.30856645 0.81187725 2.89143867
v 0.1794108 0.75420653 2.84960306
v 0.1794108 0.78621103 2.89031806
v 0.24143353 0.81187725 2.89143867
v 0.13194066 0.70678158 2.84753244
v 0.13194066 0.73878607 2.88824745
v 0.1794108 0.78621103 2.89031806
v 0.13194066 0.70678158 2.84753244
v 0.27500001 0.61128337 2.8433629
v 0.27500001 0.64328786 2.88407791
v 0.13194066 0.73878607 2.88824745
v 0.41805935 0.70678158 2.84753244
v 0.3705892 0.75420653 2.84960306
v 0.3705892 0.78621103 2.89031806
v 0.41805935 0.73878607 2.88824745
v 0.27500001 0.61128337 2.8433629
v 0.41805935 0.70678158 2.84753244
v 0.41805935 0.73878607 2.88824745
v 0.27500001 0.64328786 2.88407791
v 0.30856645 0.81187725 2.89143867
v 0.3705892 0.78621103 2.89031806
v 0.24143353 0.507413 2.1274309
v 0.30856645 0.507413 2.1274309
v 0.3705892 0.5330792 2.12855151
v 0.3705892 0.5330792 2.12855151
v 0.27500001 0.67600239 2.13479167
v 0.27500001 0.64328786 2.88407791
v 0.3705892 0.50036468 2.87783775
v 0.1794108 0.5330792 2.12855151
v 0.27500001 0.67600239 2.13479167
v 0.1794108 0.5330792 2.12855151
v 0.1794108 0.50036468 2.87783775
v 0.27500001 0.64328786 2.88407791
vn -0 -1 0
vn 0.38268 0 0.92388
vn 0 1 0
vn 0.70711 0 0.70711
vn 0.92388 0 0.38268
vn 1 0 0
vn 0.92388 0 -0.38268
vn 0.70711 0 -0.70711
vn 0.38268 0 -0.92388
vn 0 0 -1
vn -0.38268 0 -0.92388
vn -0.70711 0 -0.70711
vn -0.99994 0 -0.01113
vn -1 0 0
vn -0.99994 0 0.01113
vn -0.70711 0 0.70711
vn -0.38268 0 0.92388
vn 0 0 1
vn 0.9104 0.1702 0.3771
vn -0.9237 -0.01968 -0.38261
vn 0.69203 0.20541 0.69203
vn -0.68553 -0.24513 -0.68553
vn 0.37256 0.22851 0.89943
vn -0.36873 -0.26756 -0.8902
vn -0.92056 0.08474 -0.38131
vn 0.9164 -0.12697 0.37959
vn 0.92056 0.08474 -0.38131
vn -0.9164 -0.12697 0.37959
vn 0.7063 0.04782 -0.7063
vn -0.70421 -0.09046 0.70421
vn 0.9918 0.12782 0
vn -0.99919 0.04028 0
vn 0 0.01432 -0.9999
vn 0 -0.05719 0.99836
vn -0.38258 0.02303 -0.92363
vn 0.38185 -0.06586 0.92187
vn -0.7063 0.04782 -0.7063
vn 0.70421 -0.09046 0.70421
vn 0.38258 0.02303 -0.92363
vn -0.38185 -0.06586 0.92187
vn -0.9918 0.12782 0
vn 0.98555 -0.16936 0
vn -0.9104 0.1702 0.3771
vn 0.90311 -0.21083 -0.37408
vn -0.69203 0.20541 0.69203
vn 0.68553 -0.24513 -0.68553
vn -0.37256 0.22851 0.89943
vn 0.36873 -0.26756 -0.8902
vn 0 0.23654 0.97162
vn 0 -0.27533 -0.96135
vn 0.90675 0.19166 0.37559
vn -0.89407 -0.25197 -0.37034
vn 0.694 0.19166 0.694
vn -0.68429 -0.25197 -0.68429
vn 0.37559 0.19166 0.90675
vn -0.37034 -0.25197 -0.89407
vn -0.90675 0.19166 -0.37559
vn 0.89407 -0.25197 0.37034
vn 0.90675 0.19166 -0.37559
vn -0.89407 -0.25197 0.37034
vn 0.694 0.19166 -0.694
vn -0.68429 -0.25197 0.68429
vn 0.98146 0.19166 0
vn -0.96774 -0.25197 0
vn 0 0.19166 -0.98146
vn 0 -0.25197 0.96774
vn -0.37559 0.19166 -0.90675
vn 0.37034 -0.25197 0.89407
vn -0.694 0.19166 -0.694
vn 0.68429 -0.25197 0.68429
vn 0.37559 0.19166 -0.90675
vn -0.37034 -0.25197 0.89407
vn -0.98146 0.19166 0
vn 0.96774 -0.25197 0
vn -0.90675 0.19166 0.37559
vn 0.89407 -0.25197 -0.37034
vn -0.694 0.19166 0.694
vn 0.68429 -0.25197 -0.68429
vn -0.37559 0.19166 0.90675
vn 0.37034 -0.25197 -0.89407
vn 0 0.19166 0.98146
vn 0 -0.25197 -0.96774
vn 0 0.6517 0.75848
vn -0.29973 0.62173 0.72361
vn -0.60432 0.51924 0.60432
vn -0.45206 -0.5813 -0.67656
vn 0.60432 0.51924 0.60432
vn 0.45206 -0.5813 -0.67656
vn 0.29973 0.62173 0.72361
vn 0.83147 0 0.55557
vn -0.83147 0 0.55557
vt 0.76287 0.40423
vt 0.75705 0.40664
vt 0.75391 0.39082
vt 0.64482 0.76006
vt 0.65321 0.76006
vt 0.65321 0.88281
vt 0.64482 0.88281
vt 0.15654 0.86953
vt 0.16429 0.87274
vt 0.15234 0.89062
vt 0.76732 0.39978
vt 0.53371 0.43975
vt 0.5421 0.43975
vt 0.5421 0.5625
vt 0.53371 0.5625
vt 0.17023 0.87868
vt 0.76973 0.39397
vt 0.55049 0.43975
vt 0.55049 0.5625
vt 0.51905 0.80611
vt 0.52227 0.81386
vt 0.50117 0.81806
vt 0.76973 0.38767
vt 0.55888 0.43975
vt 0.55888 0.5625
vt 0.52227 0.82225
vt 0.76732 0.38186
vt 0.56727 0.43975
vt 0.56727 0.5625
vt 0.51905 0.83
vt 0.76287 0.37741
vt 0.57567 0.43975
vt 0.57567 0.5625
vt 0.51312 0.83594
vt 0.75705 0.375
vt 0.45609 0.27569
vt 0.46448 0.27569
vt 0.46448 0.39844
vt 0.45609 0.39844
vt 0.17601 0.52023
vt 0.16826 0.52344
vt 0.16406 0.50234
vt 0.75076 0.375
vt 0.47287 0.27569
vt 0.47287 0.39844
vt 0.15987 0.52344
vt 0.74494 0.37741
vt 0.48127 0.27569
vt 0.48127 0.39844
vt 0.15211 0.52023
vt 0.74049 0.38186
vt 0.59248 0.21319
vt 0.60087 0.21319
vt 0.60087 0.33594
vt 0.59248 0.33594
vt 0.00875 0.63281
vt 0.00282 0.62688
vt 0.0207 0.61493
vt 0.73809 0.38767
vt 0.63588 0.29912
vt 0.64364 0.29912
vt 0.64364 0.42188
vt 0.63588 0.42188
vt 0.00273 0.61913
vt 0.73809 0.39397
vt 0.65203 0.29912
vt 0.65203 0.42188
vt 0.00273 0.61073
vt 0.74049 0.39978
vt 0.65978 0.29912
vt 0.65978 0.42188
vt 0.00282 0.60298
vt 0.74494 0.40423
vt 0.11719 0.17412
vt 0.12558 0.17412
vt 0.12558 0.29688
vt 0.11719 0.29688
vt 0.13446 0.87868
vt 0.1404 0.87274
vt 0.75076 0.40664
vt 0.62804 0.76006
vt 0.63643 0.76006
vt 0.63643 0.88281
vt 0.62804 0.88281
vt 0.14815 0.86953
vt 0.41192 0.55635
vt 0.4162 0.55635
vt 0.41692 0.55994
vt 0.41121 0.55994
vt 0.40797 0.55471
vt 0.40594 0.55775
vt 0.40494 0.55169
vt 0.4019 0.55372
vt 0.40494 0.5395
vt 0.4033 0.54345
vt 0.39972 0.54274
vt 0.4019 0.53747
vt 0.42016 0.55471
vt 0.42219 0.55775
vt 0.42318 0.55169
vt 0.42622 0.55372
vt 0.42482 0.54773
vt 0.42841 0.54845
vt 0.42482 0.54345
vt 0.42318 0.5395
vt 0.42622 0.53747
vt 0.42841 0.54274
vt 0.4033 0.54773
vt 0.39972 0.54845
vt 0.42016 0.53647
vt 0.42219 0.53343
vt 0.4162 0.53484
vt 0.41692 0.53125
vt 0.41192 0.53484
vt 0.41121 0.53125
vt 0.40797 0.53647
vt 0.40594 0.53343
vt 0.28602 0.25859
vt 0.29154 0.25816
vt 0.29461 0.27292
vt 0.28833 0.2734
vt 0.63844 0.28441
vt 0.64583 0.28438
vt 0.64364 0.29912
vt 0.63644 0.29921
vt 0.29702 0.25733
vt 0.30083 0.27198
vt 0.29461 0.27292
vt 0.59418 0.19799
vt 0.60156 0.19799
vt 0.55812 0.89839
vt 0.56364 0.8989
vt 0.56326 0.91406
vt 0.55699 0.91348
vt 0.47402 0.2604
vt 0.48141 0.2604
vt 0.38738 0.25855
vt 0.3929 0.25813
vt 0.39285 0.27296
vt 0.38657 0.27344
vt 0.54194 0.42437
vt 0.54931 0.4248
vt 0.55049 0.43975
vt 0.54211 0.43925
vt 0.27494 0.25835
vt 0.28048 0.25859
vt 0.28179 0.27344
vt 0.2755 0.27317
vt 0.65321 0.28438
vt 0.66056 0.28364
vt 0.66099 0.29852
vt 0.6538 0.29888
vt 0.17188 0.87425
vt 0.17246 0.86719
vt 0.18729 0.86719
vt 0.18663 0.875
vt 0.11888 0.15933
vt 0.12627 0.15933
vt 0.28808 0.27344
vt 0.28179 0.27344
vt 0.08658 0.44621
vt 0.09212 0.44621
vt 0.09249 0.46094
vt 0.0862 0.46094
vt 0.63693 0.74531
vt 0.64432 0.74531
vt 0.08104 0.44616
vt 0.0862 0.46094
vt 0.07991 0.46089
vt 0.64468 0.7453
vt 0.65206 0.7453
vt 0.08749 0.90704
vt 0.093 0.90646
vt 0.09375 0.92121
vt 0.08749 0.92188
vt 0.66279 0.82143
vt 0.67018 0.82143
vt 0.67188 0.83622
vt 0.66348 0.83622
vt 0.09212 0.44621
vt 0.09764 0.44578
vt 0.09978 0.4604
vt 0.09351 0.46088
vt 0.62955 0.74513
vt 0.63643 0.76006
vt 0.62804 0.75986
vt 0.38184 0.25855
vt 0.38738 0.25855
vt 0.38607 0.2734
vt 0.37977 0.2734
vt 0.55669 0.4248
vt 0.37631 0.25822
vt 0.37977 0.2734
vt 0.37349 0.27303
vt 0.55783 0.42468
vt 0.56521 0.42468
vt 0.37082 0.25748
vt 0.37349 0.27303
vt 0.36725 0.27219
vt 0.65625 0.86049
vt 0.66363 0.86049
vt 0.66533 0.87569
vt 0.65694 0.87569
vt 0.56918 0.8989
vt 0.57469 0.89839
vt 0.57582 0.91348
vt 0.56955 0.91406
vt 0.45764 0.25957
vt 0.46499 0.26036
vt 0.46448 0.27569
vt 0.45614 0.27478
vt 0.56955 0.91406
vt 0.56326 0.91406
vt 0.47237 0.26036
vt 0.28539 0.24208
vt 0.28966 0.24175
vt 0.64099 0.26707
vt 0.64667 0.26764
vt 0.64583 0.28438
vt 0.63848 0.28364
vt 0.29389 0.2411
vt 0.29701 0.25732
vt 0.29154 0.25816
vt 0.59502 0.18125
vt 0.60072 0.18125
vt 0.56 0.88207
vt 0.56427 0.88239
vt 0.56364 0.8989
vt 0.55811 0.89848
vt 0.47153 0.24362
vt 0.47721 0.24305
vt 0.47972 0.25963
vt 0.47237 0.26036
vt 0.38675 0.24204
vt 0.39101 0.24171
vt 0.54447 0.40749
vt 0.55015 0.40806
vt 0.54931 0.4248
vt 0.54196 0.42407
vt 0.27684 0.24175
vt 0.28111 0.24208
vt 0.28048 0.25859
vt 0.27496 0.25816
vt 0.65237 0.26764
vt 0.65805 0.26707
vt 0.27261 0.2411
vt 0.27496 0.25816
vt 0.26948 0.25732
vt 0.11972 0.14259
vt 0.12543 0.14259
vt 0.08721 0.4297
vt 0.09149 0.4297
vt 0.63777 0.72856
vt 0.64348 0.72856
vt 0.08294 0.42937
vt 0.08658 0.44621
vt 0.08106 0.44578
vt 0.64916 0.72799
vt 0.65167 0.74457
vt 0.64432 0.74531
vt 0.39524 0.24106
vt 0.39837 0.25729
vt 0.66363 0.80469
vt 0.66934 0.80469
vt 0.09575 0.42937
vt 0.63209 0.72799
vt 0.63693 0.74531
vt 0.62959 0.74457
vt 0.38247 0.24204
vt 0.55585 0.40806
vt 0.3782 0.24171
vt 0.38184 0.25855
vt 0.37631 0.25813
vt 0.55867 0.40794
vt 0.56437 0.40794
vt 0.37397 0.24106
vt 0.37084 0.25729
vt 0.65709 0.84375
vt 0.6628 0.84375
vt 0.56828 0.88241
vt 0.57254 0.88201
vt 0.46015 0.24305
vt 0.46583 0.24362
vt 0.45764 0.25963
vt 0.56855 0.88239
vt 0.76982 0.48623
vt 0.76143 0.48623
vt 0.76143 0.47975
vt 0.76982 0.47975
vt 0.7533 0.48832
vt 0.7533 0.48185
vt 0.76143 0.47975
vt 0.74585 0.49219
vt 0.74585 0.48571
vt 0.7533 0.48185
vt 0.56797 0.57031
vt 0.54646 0.57031
vt 0.54881 0.5625
vt 0.57031 0.5625
vt 0.7854 0.49219
vt 0.77795 0.48832
vt 0.77795 0.48185
vt 0.78539 0.48571
vt 0.56291 0.96875
vt 0.54141 0.96875
vt 0.53906 0.96094
vt 0.56057 0.96094
vt 0.76982 0.47975
vt 0.77795 0.48185
vt 0.47287 0.49219
vt 0.46448 0.49219
vt 0.45609 0.49219
vt 0.10156 0.63281
vt 0.07812 0.63281
vt 0.07812 0.53906
vt 0.10156 0.53906
vt 0.48127 0.49219
vt 0.05469 1
vt 0.03125 1
vt 0.03125 0.90625
vt 0.05469 0.90625
usemtl mat0
f 667/665/163 668/666/163 669/667/163
f 670/668/164 671/669/164 672/670/164
f 670/668/164 672/670/164 673/671/164
f 674/672/165 675/673/165 676/674/165
f 677/675/163 667/665/163 669/667/163
f 678/676/166 679/677/166 680/678/166
f 678/676/166 680/678/166 681/679/166
f 675/673/165 682/680/165 676/674/165
f 683/681/163 677/675/163 669/667/163
f 679/677/167 684/682/167 685/683/167
f 679/677/167 685/683/167 680/678/167
f 686/684/165 687/685/165 688/686/165
f 689/687/163 683/681/163 669/667/163
f 684/682/168 690/688/168 691/689/168
f 684/682/168 691/689/168 685/683/168
f 687/685/165 692/690/165 688/686/165
f 693/691/163 689/687/163 669/667/163
f 690/688/169 694/692/169 695/693/169
f 690/688/169 695/693/169 691/689/169
f 692/690/165 696/694/165 688/686/165
f 697/695/163 693/691/163 669/667/163
f 694/692/170 698/696/170 699/697/170
f 694/692/170 699/697/170 695/693/170
f 696/694/165 700/698/165 688/686/165
f 701/699/163 697/695/163 669/667/163
f 702/700/171 703/701/171 704/702/171
f 702/700/171 704/702/171 705/703/171
f 706/704/165 707/705/165 708/706/165
f 709/707/163 701/699/163 669/667/163
f 703/701/172 710/708/172 711/709/172
f 703/701/172 711/709/172 704/702/172
f 707/705/165 712/710/165 708/706/165
f 713/711/163 709/707/163 669/667/163
f 710/708/173 714/712/173 715/713/173
f 710/708/173 715/713/173 711/709/173
f 712/710/165 716/714/165 708/706/165
f 717/715/163 713/711/163 669/667/163
f 718/716/174 719/717/174 720/718/174
f 718/716/174 720/718/174 721/719/174
f 722/720/165 723/721/165 724/722/165
f 725/723/163 717/715/163 669/667/163
f 726/724/175 727/725/175 728/726/175
f 726/724/175 728/726/175 729/727/175
f 723/721/165 730/728/165 724/722/165
f 731/729/163 725/723/163 669/667/163
f 727/725/176 732/730/176 733/731/176
f 727/725/176 733/731/176 728/726/176
f 730/728/165 734/732/165 724/722/165
f 735/733/163 731/729/163 669/667/163
f 732/730/177 736/734/177 737/735/177
f 732/730/177 737/735/177 733/731/177
f 734/732/165 738/736/165 724/722/165
f 739/737/163 735/733/163 669/667/163
f 740/738/178 741/739/178 742/740/178
f 740/738/178 742/740/178 743/741/178
f 744/742/165 745/743/165 676/674/165
f 746/744/163 739/737/163 669/667/163
f 747/745/179 748/746/179 749/747/179
f 747/745/179 749/747/179 750/748/179
f 745/743/165 751/749/165 676/674/165
f 668/666/163 746/744/163 669/667/163
f 748/746/180 670/668/180 673/671/180
f 748/746/180 673/671/180 749/747/180
f 751/749/165 674/672/165 676/674/165
f 752/750/163 753/751/163 754/752/163
f 752/750/163 754/752/163 755/753/163
f 756/754/163 752/750/163 755/753/163
f 756/754/163 755/753/163 757/755/163
f 758/756/163 756/754/163 757/755/163
f 758/756/163 757/755/163 759/757/163
f 760/758/163 761/759/163 762/760/163
f 760/758/163 762/760/163 763/761/163
f 753/751/163 764/762/163 765/763/163
f 753/751/163 765/763/163 754/752/163
f 764/762/163 766/764/163 767/765/163
f 764/762/163 767/765/163 765/763/163
f 766/764/163 768/766/163 769/767/163
f 766/764/163 769/767/163 767/765/163
f 770/768/163 771/769/163 772/770/163
f 770/768/163 772/770/163 773/771/163
f 774/772/163 758/756/163 759/757/163
f 774/772/163 759/757/163 775/773/163
f 768/766/163 770/768/163 773/771/163
f 768/766/163 773/771/163 769/767/163
f 761/759/163 774/772/163 775/773/163
f 761/759/163 775/773/163 762/760/163
f 771/769/163 776/774/163 777/775/163
f 771/769/163 777/775/163 772/770/163
f 776/774/163 778/776/163 779/777/163
f 776/774/163 779/777/163 777/775/163
f 778/776/163 780/778/163 781/779/163
f 778/776/163 781/779/163 779/777/163
f 782/780/163 760/758/163 763/761/163
f 782/780/163 763/761/163 783/781/163
f 780/778/163 782/780/163 783/781/163
f 780/778/163 783/781/163 781/779/163
f 784/782/181 785/783/181 786/784/181
f 784/782/181 786/784/181 787/785/181
f 788/786/182 789/787/182 790/788/182
f 788/786/182 790/788/182 791/789/182
f 785/783/183 792/790/183 793/791/183
f 785/783/183 793/791/183 794/792/183
f 795/793/184 796/794/184 719/717/184
f 795/793/184 719/717/184 718/716/184
f 797/795/185 798/796/185 799/797/185
f 797/795/185 799/797/185 800/798/185
f 801/799/186 802/800/186 714/712/186
f 801/799/186 714/712/186 710/708/186
f 803/801/187 804/802/187 805/803/187
f 803/801/187 805/803/187 806/804/187
f 807/805/188 808/806/188 809/807/188
f 807/805/188 809/807/188 810/808/188
f 811/809/189 812/810/189 813/811/189
f 811/809/189 813/811/189 814/812/189
f 815/813/190 816/814/190 817/815/190
f 815/813/190 817/815/190 818/816/190
f 819/817/191 820/818/191 821/819/191
f 819/817/191 821/819/191 822/820/191
f 823/821/192 824/822/192 741/739/192
f 823/821/192 741/739/192 740/738/192
f 812/810/193 784/782/193 825/823/193
f 812/810/193 825/823/193 826/824/193
f 789/787/194 815/813/194 732/730/194
f 789/787/194 732/730/194 727/725/194
f 827/825/195 828/826/195 829/827/195
f 827/825/195 829/827/195 830/828/195
f 831/829/196 832/830/196 670/668/196
f 831/829/196 670/668/196 748/746/196
f 833/831/197 827/825/197 834/832/197
f 833/831/197 834/832/197 835/833/197
f 836/834/198 837/835/198 671/669/198
f 836/834/198 671/669/198 670/668/198
f 838/836/199 839/837/199 840/838/199
f 838/836/199 840/838/199 841/839/199
f 842/840/200 843/841/200 844/842/200
f 842/840/200 844/842/200 845/843/200
f 846/844/201 847/845/201 848/846/201
f 846/844/201 848/846/201 849/847/201
f 850/848/202 831/829/202 851/849/202
f 850/848/202 851/849/202 852/850/202
f 853/851/203 854/852/203 855/853/203
f 853/851/203 855/853/203 856/854/203
f 808/806/204 857/855/204 690/688/204
f 808/806/204 690/688/204 684/682/204
f 858/856/205 853/851/205 859/857/205
f 858/856/205 859/857/205 860/858/205
f 861/859/206 862/860/206 694/692/206
f 861/859/206 694/692/206 690/688/206
f 863/861/207 858/856/207 864/862/207
f 863/861/207 864/862/207 865/863/207
f 866/864/208 867/865/208 868/866/208
f 866/864/208 868/866/208 869/867/208
f 870/868/209 871/869/209 872/870/209
f 870/868/209 872/870/209 873/871/209
f 874/872/210 875/873/210 876/874/210
f 874/872/210 876/874/210 877/875/210
f 798/796/211 870/868/211 878/876/211
f 798/796/211 878/876/211 879/877/211
f 875/873/212 880/878/212 710/708/212
f 875/873/212 710/708/212 703/701/212
f 881/879/213 882/880/213 785/783/213
f 881/879/213 785/783/213 784/782/213
f 883/881/214 884/882/214 885/883/214
f 883/881/214 885/883/214 886/884/214
f 882/880/215 887/885/215 888/886/215
f 882/880/215 888/886/215 889/887/215
f 890/888/216 891/889/216 796/794/216
f 890/888/216 796/794/216 795/793/216
f 892/890/217 893/891/217 894/892/217
f 892/890/217 894/892/217 895/893/217
f 896/894/218 897/895/218 898/896/218
f 896/894/218 898/896/218 899/897/218
f 900/898/219 901/899/219 804/802/219
f 900/898/219 804/802/219 803/801/219
f 902/900/220 903/901/220 904/902/220
f 902/900/220 904/902/220 905/903/220
f 906/904/221 907/905/221 908/906/221
f 906/904/221 908/906/221 909/907/221
f 910/908/222 911/909/222 816/814/222
f 910/908/222 816/814/222 815/813/222
f 912/910/223 906/904/223 913/911/223
f 912/910/223 913/911/223 914/912/223
f 915/913/224 916/914/224 824/822/224
f 915/913/224 824/822/224 823/821/224
f 907/905/225 881/879/225 784/782/225
f 907/905/225 784/782/225 812/810/225
f 884/882/226 910/908/226 815/813/226
f 884/882/226 815/813/226 789/787/226
f 917/915/227 918/916/227 828/826/227
f 917/915/227 828/826/227 827/825/227
f 919/917/228 920/918/228 832/830/228
f 919/917/228 832/830/228 831/829/228
f 921/919/229 917/915/229 922/920/229
f 921/919/229 922/920/229 923/921/229
f 920/918/230 924/922/230 925/923/230
f 920/918/230 925/923/230 926/924/230
f 901/899/231 927/925/231 928/926/231
f 901/899/231 928/926/231 804/802/231
f 929/927/232 930/928/232 843/841/232
f 929/927/232 843/841/232 842/840/232
f 918/916/233 931/929/233 847/845/233
f 918/916/233 847/845/233 846/844/233
f 932/930/234 919/917/234 933/931/234
f 932/930/234 933/931/234 934/932/234
f 935/933/235 900/898/235 854/852/235
f 935/933/235 854/852/235 853/851/235
f 903/901/236 936/934/236 857/855/236
f 903/901/236 857/855/236 808/806/236
f 937/935/237 935/933/237 938/936/237
f 937/935/237 938/936/237 939/937/237
f 940/938/238 941/939/238 862/860/238
f 940/938/238 862/860/238 861/859/238
f 942/940/239 937/935/239 939/937/239
f 942/940/239 939/937/239 943/941/239
f 944/942/240 945/943/240 867/865/240
f 944/942/240 867/865/240 866/864/240
f 946/944/241 947/945/241 871/869/241
f 946/944/241 871/869/241 870/868/241
f 948/946/242 949/947/242 875/873/242
f 948/946/242 875/873/242 950/948/242
f 893/891/243 951/949/243 870/868/243
f 893/891/243 870/868/243 798/796/243
f 949/947/244 896/894/244 880/878/244
f 949/947/244 880/878/244 875/873/244
f 952/950/245 953/951/245 954/952/245
f 952/950/245 954/952/245 955/953/245
f 953/951/246 956/954/246 957/955/246
f 953/951/246 957/955/246 958/956/246
f 956/954/247 959/957/247 960/958/247
f 956/954/247 960/958/247 961/959/247
f 962/960/248 963/961/248 964/962/248
f 962/960/248 964/962/248 965/963/248
f 966/964/249 967/965/249 968/966/249
f 966/964/249 968/966/249 969/967/249
f 970/968/250 971/969/250 972/970/250
f 970/968/250 972/970/250 973/971/250
f 967/965/251 952/950/251 974/972/251
f 967/965/251 974/972/251 975/973/251
f 976/974/172 977/975/172 704/702/172
f 976/974/172 704/702/172 711/709/172
f 977/975/171 978/976/171 705/703/171
f 977/975/171 705/703/171 704/702/171
f 979/977/252 980/978/252 981/979/252
f 979/977/252 981/979/252 982/980/252
f 983/981/173 976/974/173 711/709/173
f 983/981/173 711/709/173 715/713/173
f 984/982/253 985/983/253 986/984/253
f 984/982/253 986/984/253 987/985/253
# Vertices: 321, normals: 91, texture coordinates: 321, faces: 248

o obj8
v -0.20596336 0.70367575 3.86965469
v -0.25075755 0.72221245 3.87046402
v -0.27500001 0.60045345 3.86514791
v -0.24267673 0.76279879 3.87223606
v -0.18295114 0.73808319 3.87115695
v -0.18295114 0.78091761 2.89008695
v -0.24267673 0.80563321 2.89116605
v -0.24267673 0.77487752 2.85050557
v -0.18295114 0.75016189 2.84942647
v -0.27500001 0.61253217 2.84341743
v -0.17167936 0.66942439 3.86815924
v -0.18295114 0.73808319 3.87115695
v -0.13723916 0.69241469 3.86916302
v -0.13723916 0.73524911 2.88809302
v -0.18295114 0.78091761 2.89008695
v -0.13723916 0.70449342 2.84743254
v -0.153125 0.62467282 3.86620535
v -0.125 0.63274594 3.86655783
v -0.125 0.67558035 2.88548783
v -0.13723916 0.73524911 2.88809302
v -0.125 0.67558035 2.88548783
v -0.27500001 0.64328786 2.88407791
v -0.153125 0.57623407 3.86409047
v -0.125 0.56816096 3.86373799
v -0.125 0.61099537 2.88266799
v -0.125 0.61099537 2.88266799
v -0.17167936 0.53148251 3.86213657
v -0.13723916 0.5084922 3.8611328
v -0.13723916 0.55132662 2.88006279
v -0.13723916 0.55132662 2.88006279
v -0.20596336 0.49723115 3.86064113
v -0.18295114 0.46282372 3.85913887
v -0.18295114 0.50565813 2.87806887
v -0.18295114 0.50565813 2.87806887
v -0.25075755 0.47869444 3.8598318
v -0.18295114 0.46282372 3.85913887
v -0.24267673 0.43810811 3.85805976
v -0.24267673 0.48094252 2.87698976
v -0.18295114 0.50565813 2.87806887
v -0.18295114 0.53837265 2.12878263
v -0.24267673 0.51365705 2.12770353
v -0.27500001 0.67600239 2.13479167
v -0.29924244 0.47869444 3.8598318
v -0.30732325 0.43810811 3.85805976
v -0.30732325 0.48094252 2.87698976
v -0.30732325 0.51365705 2.12770353
v -0.34403664 0.49723115 3.86064113
v -0.36704886 0.46282372 3.85913887
v -0.36704886 0.50565813 2.87806887
v -0.36704886 0.53837265 2.12878263
v -0.37832063 0.53148251 3.86213657
v -0.36704886 0.46282372 3.85913887
v -0.41276085 0.5084922 3.8611328
v -0.41276085 0.55132662 2.88006279
v -0.36704886 0.50565813 2.87806887
v -0.36704886 0.50565813 2.87806887
v -0.41276085 0.55132662 2.88006279
v -0.27500001 0.64328786 2.88407791
v -0.39687499 0.57623407 3.86409047
v -0.4375 0.56816096 3.86373799
v -0.4375 0.61099537 2.88266799
v -0.4375 0.61099537 2.88266799
v -0.39687499 0.62467282 3.86620535
v -0.4375 0.63274594 3.86655783
v -0.4375 0.67558035 2.88548783
v -0.4375 0.67558035 2.88548783
v -0.37832063 0.66942439 3.86815924
v -0.41276085 0.69241469 3.86916302
v -0.41276085 0.73524911 2.88809302
v -0.41276085 0.73524911 2.88809302
v -0.34403664 0.70367575 3.86965469
v -0.36704886 0.73808319 3.87115695
v -0.36704886 0.78091761 2.89008695
v -0.41276085 0.70449342 2.84743254
v -0.36704886 0.75016189 2.84942647
v -0.29924244 0.72221245 3.87046402
v -0.36704886 0.73808319 3.87115695
v -0.30732325 0.76279879 3.87223606
v -0.30732325 0.80563321 2.89116605
v -0.36704886 0.78091761 2.89008695
v -0.30732325 0.77487752 2.85050557
v -0.29148486 0.68544293 4.1165594
v -0.25851515 0.68544293 4.1165594
v -0.2530202 0.71304164 4.11776439
v -0.29697981 0.71304164 4.11776439
v -0.32194492 0.67283797 4.11600906
v -0.33759323 0.69623502 4.11703059
v -0.34525803 0.64954704 4.11499215
v -0.36867738 0.66518045 4.11567472
v -0.34525803 0.55574658 4.11089674
v -0.35787499 0.58617764 4.11222539
v -0.38550001 0.58068792 4.1119857
v -0.36867738 0.54011316 4.11021417
v -0.22805509 0.67283797 4.11600906
v -0.21240678 0.69623502 4.11703059
v -0.20474197 0.64954704 4.11499215
v -0.18132262 0.66518045 4.11567472
v -0.19212499 0.61911599 4.11366351
v -0.1645 0.62460571 4.11390319
v -0.19212499 0.58617764 4.11222539
v -0.20474197 0.55574658 4.11089674
v -0.18132262 0.54011316 4.11021417
v -0.1645 0.58068792 4.1119857
v -0.35787499 0.61911599 4.11366351
v -0.38550001 0.62460571 4.11390319
v -0.22805509 0.53245565 4.10987984
v -0.21240678 0.50905859 4.1088583
v -0.25851515 0.51985068 4.10932949
v -0.2530202 0.49225198 4.10812451
v -0.29148486 0.51985068 4.10932949
v -0.29697981 0.49225198 4.10812451
v -0.32194492 0.53245565 4.10987984
v -0.33759323 0.50905859 4.1088583
v -0.38225001 0.5869879 3.98251267
v -0.36592215 0.54760653 3.98079324
v -0.37832063 0.53148251 3.86213657
v -0.39687499 0.57623407 3.86409047
v -0.39622954 0.52737506 3.97990991
v -0.41800001 0.57988355 3.98220248
v -0.41276085 0.5084922 3.8611328
v -0.33575225 0.51746533 3.97947725
v -0.34403664 0.49723115 3.86064113
v -0.37832063 0.53148251 3.86213657
v -0.35600299 0.48718679 3.97815526
v -0.39622954 0.52737506 3.97990991
v -0.41276085 0.5084922 3.8611328
v -0.36704886 0.46282372 3.85913887
v -0.33575225 0.51746533 3.97947725
v -0.29633334 0.50115303 3.97876504
v -0.29924244 0.47869444 3.8598318
v -0.34403664 0.49723115 3.86064113
v -0.30344447 0.46543705 3.97720564
v -0.35600299 0.48718679 3.97815526
v -0.16775 0.62961399 3.98437376
v -0.18407784 0.66899537 3.98609319
v -0.17167936 0.66942439 3.86815924
v -0.153125 0.62467282 3.86620535
v -0.15377045 0.68922685 3.98697651
v -0.132 0.63671834 3.98468394
v -0.125 0.63274594 3.86655783
v -0.13723916 0.69241469 3.86916302
v -0.36592215 0.66899537 3.98609319
v -0.38225001 0.62961399 3.98437376
v -0.39687499 0.62467282 3.86620535
v -0.37832063 0.66942439 3.86815924
v -0.41800001 0.63671834 3.98468394
v -0.39622954 0.68922685 3.98697651
v -0.33575225 0.69913659 3.98740918
v -0.36592215 0.66899537 3.98609319
v -0.37832063 0.66942439 3.86815924
v -0.34403664 0.70367575 3.86965469
v -0.39622954 0.68922685 3.98697651
v -0.35600299 0.72941512 3.98873117
v -0.36704886 0.73808319 3.87115695
v -0.41276085 0.69241469 3.86916302
v -0.39687499 0.57623407 3.86409047
v -0.39687499 0.62467282 3.86620535
v -0.41800001 0.63671834 3.98468394
v -0.25366664 0.71544888 3.98812139
v -0.29633334 0.71544888 3.98812139
v -0.29924244 0.72221245 3.87046402
v -0.25075755 0.72221245 3.87046402
v -0.30344447 0.75116485 3.98968078
v -0.24655554 0.75116485 3.98968078
v -0.21424775 0.69913659 3.98740918
v -0.25075755 0.72221245 3.87046402
v -0.20596336 0.70367575 3.86965469
v -0.24655554 0.75116485 3.98968078
v -0.19399701 0.72941512 3.98873117
v -0.18407784 0.66899537 3.98609319
v -0.21424775 0.69913659 3.98740918
v -0.20596336 0.70367575 3.86965469
v -0.17167936 0.66942439 3.86815924
v -0.19399701 0.72941512 3.98873117
v -0.15377045 0.68922685 3.98697651
v -0.13723916 0.69241469 3.86916302
v -0.18295114 0.73808319 3.87115695
v -0.33575225 0.69913659 3.98740918
v -0.34403664 0.70367575 3.86965469
v -0.29924244 0.72221245 3.87046402
v -0.35600299 0.72941512 3.98873117
v -0.30732325 0.76279879 3.87223606
v -0.36704886 0.73808319 3.87115695
v -0.16775 0.5869879 3.98251267
v -0.16775 0.62961399 3.98437376
v -0.153125 0.62467282 3.86620535
v -0.153125 0.57623407 3.86409047
v -0.132 0.57988355 3.98220248
v -0.18407784 0.54760653 3.98079324
v -0.153125 0.57623407 3.86409047
v -0.17167936 0.53148251 3.86213657
v -0.132 0.57988355 3.98220248
v -0.15377045 0.52737506 3.97990991
v -0.13723916 0.5084922 3.8611328
v -0.21424775 0.51746533 3.97947725
v -0.17167936 0.53148251 3.86213657
v -0.20596336 0.49723115 3.86064113
v -0.15377045 0.52737506 3.97990991
v -0.19399701 0.48718679 3.97815526
v -0.18295114 0.46282372 3.85913887
v -0.13723916 0.5084922 3.8611328
v -0.25366664 0.50115303 3.97876504
v -0.21424775 0.51746533 3.97947725
v -0.20596336 0.49723115 3.86064113
v -0.25075755 0.47869444 3.8598318
v -0.19399701 0.48718679 3.97815526
v -0.24655554 0.46543705 3.97720564
v -0.24267673 0.43810811 3.85805976
v -0.18295114 0.46282372 3.85913887
v -0.25075755 0.47869444 3.8598318
v -0.29924244 0.47869444 3.8598318
v -0.30344447 0.46543705 3.97720564
v -0.35787499 0.58617764 4.11222539
v -0.34525803 0.55574658 4.11089674
v -0.36867738 0.54011316 4.11021417
v -0.38550001 0.58068792 4.1119857
v -0.39622954 0.52737506 3.97990991
v -0.32194492 0.53245565 4.10987984
v -0.33575225 0.51746533 3.97947725
v -0.36592215 0.54760653 3.98079324
v -0.33759323 0.50905859 4.1088583
v -0.36867738 0.54011316 4.11021417
v -0.32194492 0.53245565 4.10987984
v -0.29148486 0.51985068 4.10932949
v -0.29633334 0.50115303 3.97876504
v -0.33575225 0.51746533 3.97947725
v -0.29697981 0.49225198 4.10812451
v -0.33759323 0.50905859 4.1088583
v -0.35600299 0.48718679 3.97815526
v -0.19212499 0.61911599 4.11366351
v -0.20474197 0.64954704 4.11499215
v -0.18132262 0.66518045 4.11567472
v -0.1645 0.62460571 4.11390319
v -0.15377045 0.68922685 3.98697651
v -0.34525803 0.64954704 4.11499215
v -0.35787499 0.61911599 4.11366351
v -0.38225001 0.62961399 3.98437376
v -0.36592215 0.66899537 3.98609319
v -0.38550001 0.62460571 4.11390319
v -0.36867738 0.66518045 4.11567472
v -0.39622954 0.68922685 3.98697651
v -0.32194492 0.67283797 4.11600906
v -0.36592215 0.66899537 3.98609319
v -0.33575225 0.69913659 3.98740918
v -0.36867738 0.66518045 4.11567472
v -0.33759323 0.69623502 4.11703059
v -0.25851515 0.68544293 4.1165594
v -0.29148486 0.68544293 4.1165594
v -0.29697981 0.71304164 4.11776439
v -0.2530202 0.71304164 4.11776439
v -0.22805509 0.67283797 4.11600906
v -0.25366664 0.71544888 3.98812139
v -0.21424775 0.69913659 3.98740918
v -0.21240678 0.69623502 4.11703059
v -0.19399701 0.72941512 3.98873117
v -0.24655554 0.75116485 3.98968078
v -0.22805509 0.67283797 4.11600906
v -0.21424775 0.69913659 3.98740918
v -0.18407784 0.66899537 3.98609319
v -0.21240678 0.69623502 4.11703059
v -0.18132262 0.66518045 4.11567472
v -0.32194492 0.67283797 4.11600906
v -0.33759323 0.69623502 4.11703059
v -0.35600299 0.72941512 3.98873117
v -0.19212499 0.58617764 4.11222539
v -0.1645 0.58068792 4.1119857
v -0.20474197 0.55574658 4.11089674
v -0.16775 0.5869879 3.98251267
v -0.18407784 0.54760653 3.98079324
v -0.18132262 0.54011316 4.11021417
v -0.15377045 0.52737506 3.97990991
v -0.22805509 0.53245565 4.10987984
v -0.18407784 0.54760653 3.98079324
v -0.21424775 0.51746533 3.97947725
v -0.18132262 0.54011316 4.11021417
v -0.21240678 0.50905859 4.1088583
v -0.25851515 0.51985068 4.10932949
v -0.22805509 0.53245565 4.10987984
v -0.21240678 0.50905859 4.1088583
v -0.2530202 0.49225198 4.10812451
v -0.19399701 0.48718679 3.97815526
v -0.25851515 0.51985068 4.10932949
v -0.24267673 0.77487752 2.85050557
v -0.30732325 0.77487752 2.85050557
v -0.30732325 0.80563321 2.89116605
v -0.24267673 0.80563321 2.89116605
v -0.36704886 0.75016189 2.84942647
v -0.36704886 0.78091761 2.89008695
v -0.30732325 0.80563321 2.89116605
v -0.41276085 0.70449342 2.84743254
v -0.41276085 0.73524911 2.88809302
v -0.36704886 0.78091761 2.89008695
v -0.41276085 0.70449342 2.84743254
v -0.27500001 0.61253217 2.84341743
v -0.27500001 0.64328786 2.88407791
v -0.41276085 0.73524911 2.88809302
v -0.13723916 0.70449342 2.84743254
v -0.18295114 0.75016189 2.84942647
v -0.18295114 0.78091761 2.89008695
v -0.13723916 0.73524911 2.88809302
v -0.27500001 0.61253217 2.84341743
v -0.13723916 0.70449342 2.84743254
v -0.13723916 0.73524911 2.88809302
v -0.27500001 0.64328786 2.88407791
v -0.24267673 0.80563321 2.89116605
v -0.18295114 0.78091761 2.89008695
v -0.30732325 0.51365705 2.12770353
v -0.24267673 0.51365705 2.12770353
v -0.18295114 0.53837265 2.12878263
v -0.18295114 0.53837265 2.12878263
v -0.27500001 0.67600239 2.13479167
v -0.27500001 0.64328786 2.88407791
v -0.18295114 0.50565813 2.87806887
v -0.36704886 0.53837265 2.12878263
v -0.27500001 0.67600239 2.13479167
v -0.36704886 0.53837265 2.12878263
v -0.36704886 0.50565813 2.87806887
v -0.27500001 0.64328786 2.88407791
vn -0 -1 0
vn 0.38268 0 0.92388
vn 0 1 0
vn 0.70711 0 0.70711
vn 0.97964 0 0.20075
vn 1 0 0
vn 0.97964 0 -0.20075
vn 0.70711 0 -0.70711
vn 0.38268 0 -0.92388
vn 0 0 -1
vn -0.38268 0 -0.92388
vn -0.70711 0 -0.70711
vn -0.92388 0 -0.38268
vn -1 0 0
vn -0.92388 0 0.38268
vn -0.70711 0 0.70711
vn -0.38268 0 0.92388
vn 0 0 1
vn 0.91136 0.16407 0.3775
vn -0.90458 -0.20336 -0.37469
vn 0.69309 0.19811 0.69309
vn -0.68703 -0.23657 -0.68703
vn 0.37327 0.22047 0.90115
vn -0.36969 -0.25832 -0.89252
vn -0.9208 0.08162 -0.38141
vn 0.92358 -0.02525 0.38256
vn 0.9208 0.08162 -0.38141
vn -0.91694 -0.12233 0.37981
vn 0.70636 0.04605 -0.70636
vn -0.70442 -0.08714 0.70442
vn 0.99239 0.12316 0
vn -0.98658 -0.16326 0
vn 0 0.01379 -0.9999
vn 0 -0.05508 0.99848
vn -0.38259 0.02218 -0.92365
vn 0.38191 -0.06343 0.92202
vn -0.70636 0.04605 -0.70636
vn 0.70442 -0.08714 0.70442
vn 0.38259 0.02218 -0.92365
vn -0.38191 -0.06343 0.92202
vn -0.99239 0.12316 0
vn 0.99824 -0.0593 0
vn -0.91136 0.16407 0.3775
vn 0.90458 -0.20336 -0.37469
vn -0.69309 0.19811 0.69309
vn 0.68703 -0.23657 -0.68703
vn -0.37327 0.22047 0.90115
vn 0.36969 -0.25832 -0.89252
vn 0 0.22824 0.97361
vn 0 -0.26587 -0.96401
vn 0.90797 0.1848 0.37609
vn -0.89614 -0.2432 -0.37119
vn 0.69493 0.1848 0.69493
vn -0.68588 -0.2432 -0.68588
vn 0.37609 0.1848 0.90797
vn -0.37119 -0.2432 -0.89614
vn -0.90797 0.1848 -0.37609
vn 0.89614 -0.2432 0.37119
vn 0.90797 0.1848 -0.37609
vn -0.89614 -0.2432 0.37119
vn 0.69493 0.1848 -0.69493
vn -0.68588 -0.2432 0.68588
vn 0.98278 0.1848 0
vn -0.96998 -0.2432 0
vn 0 0.1848 -0.98278
vn 0 -0.2432 0.96998
vn -0.37609 0.1848 -0.90797
vn 0.37119 -0.2432 0.89614
vn -0.69493 0.1848 -0.69493
vn 0.68588 -0.2432 0.68588
vn 0.37609 0.1848 -0.90797
vn -0.37119 -0.2432 0.89614
vn -0.98278 0.1848 0
vn 0.96998 -0.2432 0
vn -0.90797 0.1848 0.37609
vn 0.89614 -0.2432 -0.37119
vn -0.69493 0.1848 0.69493
vn 0.68588 -0.2432 -0.68588
vn -0.37609 0.1848 0.90797
vn 0.37119 -0.2432 -0.89614
vn 0 0.1848 0.98278
vn 0 -0.2432 -0.96998
vn 0 0.63748 0.77047
vn -0.30403 0.6073 0.734
vn -0.61033 0.50498 0.61033
vn -0.45772 -0.56678 -0.68502
vn 0.61033 0.50498 0.61033
vn 0.45772 -0.56678 -0.68502
vn 0.30403 0.6073 0.734
vn 0.83147 0 0.55557
vn -0.83147 0 0.55557
vt 0.41488 0.84846
vt 0.40928 0.85078
vt 0.40625 0.83555
vt 0.62123 0.221
vt 0.62931 0.221
vt 0.62931 0.34375
vt 0.62123 0.34375
vt 0.48451 0.91719
vt 0.49198 0.92028
vt 0.48047 0.9375
vt 0.41916 0.84418
vt 0.36307 0.30694
vt 0.37115 0.30694
vt 0.37115 0.42969
vt 0.36307 0.42969
vt 0.49769 0.92599
vt 0.42148 0.83858
vt 0.37877 0.30694
vt 0.37877 0.42969
vt 0.56644 0.37752
vt 0.56797 0.38499
vt 0.54922 0.38903
vt 0.42148 0.83252
vt 0.38685 0.30694
vt 0.38685 0.42969
vt 0.56797 0.39307
vt 0.41916 0.82692
vt 0.39447 0.30694
vt 0.39447 0.42969
vt 0.56644 0.40054
vt 0.41488 0.82263
vt 0.40255 0.30694
vt 0.40255 0.42969
vt 0.56072 0.40625
vt 0.40928 0.82031
vt 0.48781 0.22881
vt 0.49589 0.22881
vt 0.49589 0.35156
vt 0.48781 0.35156
vt 0.21854 0.79378
vt 0.21107 0.79688
vt 0.20703 0.77656
vt 0.40322 0.82031
vt 0.50397 0.22881
vt 0.50397 0.35156
vt 0.20299 0.79688
vt 0.39762 0.82263
vt 0.51205 0.22881
vt 0.51205 0.35156
vt 0.19553 0.79378
vt 0.39334 0.82692
vt 0.26886 0.30694
vt 0.27694 0.30694
vt 0.27694 0.42969
vt 0.26886 0.42969
vt 0.26037 0.83594
vt 0.25465 0.83022
vt 0.27187 0.81872
vt 0.39102 0.83252
vt 0.28502 0.30694
vt 0.28502 0.42969
vt 0.25156 0.82276
vt 0.39102 0.83858
vt 0.2931 0.30694
vt 0.2931 0.42969
vt 0.25156 0.81468
vt 0.39334 0.84418
vt 0.30118 0.30694
vt 0.30118 0.42969
vt 0.25465 0.80721
vt 0.39762 0.84846
vt 0.30926 0.30694
vt 0.30926 0.42969
vt 0.46325 0.92599
vt 0.46896 0.92028
vt 0.40322 0.85078
vt 0.60507 0.221
vt 0.61315 0.221
vt 0.61315 0.34375
vt 0.60507 0.34375
vt 0.47643 0.91719
vt 0.01356 0.25073
vt 0.01769 0.25073
vt 0.01837 0.25419
vt 0.01288 0.25419
vt 0.00976 0.24916
vt 0.0078 0.25208
vt 0.00684 0.24624
vt 0.00392 0.2482
vt 0.00684 0.23451
vt 0.00527 0.23831
vt 0.00181 0.23763
vt 0.00392 0.23255
vt 0.02149 0.24916
vt 0.02345 0.25208
vt 0.02441 0.24624
vt 0.02733 0.2482
vt 0.02598 0.24244
vt 0.02944 0.24312
vt 0.02598 0.23831
vt 0.02441 0.23451
vt 0.02733 0.23255
vt 0.02944 0.23763
vt 0.00527 0.24244
vt 0.00181 0.24312
vt 0.02149 0.23159
vt 0.02345 0.22867
vt 0.01769 0.23002
vt 0.01837 0.22656
vt 0.01356 0.23002
vt 0.01288 0.22656
vt 0.00976 0.23159
vt 0.0078 0.22867
vt 0.75083 0.36016
vt 0.75615 0.35977
vt 0.7591 0.37452
vt 0.75306 0.37497
vt 0.28004 0.29149
vt 0.28713 0.29201
vt 0.27696 0.30635
vt 0.76142 0.35899
vt 0.7651 0.37364
vt 0.7591 0.37452
vt 0.66476 0.78233
vt 0.67188 0.78233
vt 0.67121 0.79749
vt 0.66313 0.79749
vt 0.74593 0.51564
vt 0.75124 0.51612
vt 0.75088 0.53125
vt 0.74484 0.53071
vt 0.50508 0.21356
vt 0.51219 0.21356
vt 0.65283 0.25075
vt 0.65815 0.25036
vt 0.6581 0.26518
vt 0.65206 0.26562
vt 0.37052 0.29206
vt 0.37763 0.29218
vt 0.37877 0.30694
vt 0.37129 0.30685
vt 0.74017 0.35994
vt 0.7455 0.36016
vt 0.74676 0.375
vt 0.7407 0.37475
vt 0.29509 0.2921
vt 0.3022 0.2921
vt 0.20312 0.85865
vt 0.20367 0.85156
vt 0.21849 0.85156
vt 0.21787 0.85938
vt 0.29851 0.22764
vt 0.30562 0.22764
vt 0.30496 0.24243
vt 0.29688 0.24243
vt 0.75282 0.375
vt 0.74676 0.375
vt 0.29424 0.29201
vt 0.67264 0.26652
vt 0.67797 0.26652
vt 0.67833 0.28125
vt 0.67227 0.28125
vt 0.61363 0.20625
vt 0.62074 0.20625
vt 0.6673 0.26648
vt 0.67227 0.28125
vt 0.66621 0.28121
vt 0.62109 0.20624
vt 0.6282 0.20624
vt 0.1346 0.85236
vt 0.1399 0.85182
vt 0.14062 0.86657
vt 0.1346 0.86719
vt 0.56938 0.23545
vt 0.57649 0.23545
vt 0.57812 0.25024
vt 0.57004 0.25024
vt 0.68329 0.26613
vt 0.68535 0.28075
vt 0.67931 0.28119
vt 0.60652 0.20608
vt 0.61315 0.221
vt 0.60507 0.22081
vt 0.6475 0.25075
vt 0.65283 0.25075
vt 0.65157 0.26559
vt 0.64551 0.26559
vt 0.38474 0.29218
vt 0.64217 0.25044
vt 0.64551 0.26559
vt 0.63946 0.26525
vt 0.38466 0.29226
vt 0.39177 0.29198
vt 0.39434 0.30694
vt 0.63689 0.24976
vt 0.63946 0.26525
vt 0.63345 0.26446
vt 0.13281 0.25108
vt 0.13992 0.25108
vt 0.14156 0.26624
vt 0.13348 0.26624
vt 0.75657 0.51612
vt 0.76189 0.51565
vt 0.76297 0.53071
vt 0.75694 0.53125
vt 0.4893 0.21279
vt 0.49638 0.21353
vt 0.49589 0.22881
vt 0.48785 0.22797
vt 0.75694 0.53125
vt 0.75088 0.53125
vt 0.50349 0.21353
vt 0.75022 0.34367
vt 0.75433 0.34337
vt 0.28247 0.27477
vt 0.28794 0.2753
vt 0.28005 0.29132
vt 0.75841 0.34276
vt 0.76142 0.35898
vt 0.75615 0.35977
vt 0.66557 0.76562
vt 0.67107 0.76562
vt 0.74774 0.49933
vt 0.75185 0.49963
vt 0.75124 0.51612
vt 0.74592 0.51573
vt 0.50268 0.19683
vt 0.50815 0.1963
vt 0.51057 0.21285
vt 0.65223 0.23426
vt 0.65634 0.23396
vt 0.37297 0.27495
vt 0.37844 0.27548
vt 0.37055 0.29149
vt 0.74199 0.34337
vt 0.7461 0.34367
vt 0.7455 0.36016
vt 0.74018 0.35977
vt 0.29343 0.2753
vt 0.2989 0.27477
vt 0.30132 0.29132
vt 0.73791 0.34276
vt 0.74018 0.35977
vt 0.7349 0.35898
vt 0.29932 0.21094
vt 0.30481 0.21094
vt 0.67324 0.25003
vt 0.67736 0.25003
vt 0.61444 0.18954
vt 0.61994 0.18954
vt 0.66913 0.24973
vt 0.67264 0.26652
vt 0.66732 0.26613
vt 0.62541 0.18901
vt 0.62782 0.20556
vt 0.62074 0.20625
vt 0.66041 0.23336
vt 0.66343 0.24958
vt 0.65815 0.25036
vt 0.57019 0.21875
vt 0.57568 0.21875
vt 0.68147 0.24973
vt 0.60897 0.18901
vt 0.60655 0.20556
vt 0.6481 0.23426
vt 0.38394 0.27548
vt 0.64399 0.23396
vt 0.6475 0.25075
vt 0.64218 0.25036
vt 0.3894 0.27495
vt 0.39182 0.29149
vt 0.63992 0.23336
vt 0.64218 0.25036
vt 0.6369 0.24958
vt 0.13362 0.23438
vt 0.13912 0.23438
vt 0.75571 0.49965
vt 0.75981 0.49928
vt 0.49171 0.1963
vt 0.49718 0.19683
vt 0.4893 0.21285
vt 0.75597 0.49963
vt 0.25013 0.5022
vt 0.24205 0.5022
vt 0.24205 0.49583
vt 0.25013 0.49583
vt 0.23422 0.50417
vt 0.23422 0.4978
vt 0.24205 0.49583
vt 0.227 0.50781
vt 0.227 0.50144
vt 0.23422 0.4978
vt 0.16181 0.66406
vt 0.14109 0.66406
vt 0.14335 0.65625
vt 0.16406 0.65625
vt 0.26518 0.50781
vt 0.25797 0.50417
vt 0.25797 0.4978
vt 0.26518 0.50144
vt 0.36672 0.80469
vt 0.34601 0.80469
vt 0.34375 0.79688
vt 0.36446 0.79688
vt 0.25013 0.49583
vt 0.25797 0.4978
vt 0.50397 0.44531
vt 0.49589 0.44531
vt 0.48781 0.44531
vt 0.17188 0.61719
vt 0.14844 0.61719
vt 0.14844 0.52344
vt 0.17188 0.52344
vt 0.51205 0.44531
vt 0.71875 0.88281
vt 0.69531 0.88281
vt 0.69531 0.78906
vt 0.71875 0.78906
usemtl mat0
f 988/986/254 989/987/254 990/988/254
f 991/989/255 992/990/255 993/991/255
f 991/989/255 993/991/255 994/992/255
f 995/993/256 996/994/256 997/995/256
f 998/996/254 988/986/254 990/988/254
f 999/997/257 1000/998/257 1001/999/257
f 999/997/257 1001/999/257 1002/1000/257
f 996/994/256 1003/1001/256 997/995/256
f 1004/1002/254 998/996/254 990/988/254
f 1000/998/258 1005/1003/258 1006/1004/258
f 1000/998/258 1006/1004/258 1001/999/258
f 1007/1005/256 1008/1006/256 1009/1007/256
f 1010/1008/254 1004/1002/254 990/988/254
f 1005/1003/259 1011/1009/259 1012/1010/259
f 1005/1003/259 1012/1010/259 1006/1004/259
f 1008/1006/256 1013/1011/256 1009/1007/256
f 1014/1012/254 1010/1008/254 990/988/254
f 1011/1009/260 1015/1013/260 1016/1014/260
f 1011/1009/260 1016/1014/260 1012/1010/260
f 1013/1011/256 1017/1015/256 1009/1007/256
f 1018/1016/254 1014/1012/254 990/988/254
f 1015/1013/261 1019/1017/261 1020/1018/261
f 1015/1013/261 1020/1018/261 1016/1014/261
f 1017/1015/256 1021/1019/256 1009/1007/256
f 1022/1020/254 1018/1016/254 990/988/254
f 1023/1021/262 1024/1022/262 1025/1023/262
f 1023/1021/262 1025/1023/262 1026/1024/262
f 1027/1025/256 1028/1026/256 1029/1027/256
f 1030/1028/254 1022/1020/254 990/988/254
f 1024/1022/263 1031/1029/263 1032/1030/263
f 1024/1022/263 1032/1030/263 1025/1023/263
f 1028/1026/256 1033/1031/256 1029/1027/256
f 1034/1032/254 1030/1028/254 990/988/254
f 1031/1029/264 1035/1033/264 1036/1034/264
f 1031/1029/264 1036/1034/264 1032/1030/264
f 1033/1031/256 1037/1035/256 1029/1027/256
f 1038/1036/254 1034/1032/254 990/988/254
f 1039/1037/265 1040/1038/265 1041/1039/265
f 1039/1037/265 1041/1039/265 1042/1040/265
f 1043/1041/256 1044/1042/256 1045/1043/256
f 1046/1044/254 1038/1036/254 990/988/254
f 1040/1038/266 1047/1045/266 1048/1046/266
f 1040/1038/266 1048/1046/266 1041/1039/266
f 1044/1042/256 1049/1047/256 1045/1043/256
f 1050/1048/254 1046/1044/254 990/988/254
f 1047/1045/267 1051/1049/267 1052/1050/267
f 1047/1045/267 1052/1050/267 1048/1046/267
f 1049/1047/256 1053/1051/256 1045/1043/256
f 1054/1052/254 1050/1048/254 990/988/254
f 1051/1049/268 1055/1053/268 1056/1054/268
f 1051/1049/268 1056/1054/268 1052/1050/268
f 1053/1051/256 1057/1055/256 1045/1043/256
f 1058/1056/254 1054/1052/254 990/988/254
f 1055/1053/269 1059/1057/269 1060/1058/269
f 1055/1053/269 1060/1058/269 1056/1054/269
f 1061/1059/256 1062/1060/256 997/995/256
f 1063/1061/254 1058/1056/254 990/988/254
f 1064/1062/270 1065/1063/270 1066/1064/270
f 1064/1062/270 1066/1064/270 1067/1065/270
f 1062/1060/256 1068/1066/256 997/995/256
f 989/987/254 1063/1061/254 990/988/254
f 1065/1063/271 991/989/271 994/992/271
f 1065/1063/271 994/992/271 1066/1064/271
f 1068/1066/256 995/993/256 997/995/256
f 1069/1067/254 1070/1068/254 1071/1069/254
f 1069/1067/254 1071/1069/254 1072/1070/254
f 1073/1071/254 1069/1067/254 1072/1070/254
f 1073/1071/254 1072/1070/254 1074/1072/254
f 1075/1073/254 1073/1071/254 1074/1072/254
f 1075/1073/254 1074/1072/254 1076/1074/254
f 1077/1075/254 1078/1076/254 1079/1077/254
f 1077/1075/254 1079/1077/254 1080/1078/254
f 1070/1068/254 1081/1079/254 1082/1080/254
f 1070/1068/254 1082/1080/254 1071/1069/254
f 1081/1079/254 1083/1081/254 1084/1082/254
f 1081/1079/254 1084/1082/254 1082/1080/254
f 1083/1081/254 1085/1083/254 1086/1084/254
f 1083/1081/254 1086/1084/254 1084/1082/254
f 1087/1085/254 1088/1086/254 1089/1087/254
f 1087/1085/254 1089/1087/254 1090/1088/254
f 1091/1089/254 1075/1073/254 1076/1074/254
f 1091/1089/254 1076/1074/254 1092/1090/254
f 1085/1083/254 1087/1085/254 1090/1088/254
f 1085/1083/254 1090/1088/254 1086/1084/254
f 1078/1076/254 1091/1089/254 1092/1090/254
f 1078/1076/254 1092/1090/254 1079/1077/254
f 1088/1086/254 1093/1091/254 1094/1092/254
f 1088/1086/254 1094/1092/254 1089/1087/254
f 1093/1091/254 1095/1093/254 1096/1094/254
f 1093/1091/254 1096/1094/254 1094/1092/254
f 1095/1093/254 1097/1095/254 1098/1096/254
f 1095/1093/254 1098/1096/254 1096/1094/254
f 1099/1097/254 1077/1075/254 1080/1078/254
f 1099/1097/254 1080/1078/254 1100/1098/254
f 1097/1095/254 1099/1097/254 1100/1098/254
f 1097/1095/254 1100/1098/254 1098/1096/254
f 1101/1099/272 1102/1100/272 1103/1101/272
f 1101/1099/272 1103/1101/272 1104/1102/272
f 1105/1103/273 1106/1104/273 1047/1045/273
f 1105/1103/273 1047/1045/273 1107/1105/273
f 1102/1100/274 1108/1106/274 1109/1107/274
f 1102/1100/274 1109/1107/274 1110/1108/274
f 1111/1109/275 1112/1110/275 1113/1111/275
f 1111/1109/275 1113/1111/275 1114/1112/275
f 1115/1113/276 1116/1114/276 1117/1115/276
f 1115/1113/276 1117/1115/276 1118/1116/276
f 1119/1117/277 1120/1118/277 1035/1033/277
f 1119/1117/277 1035/1033/277 1031/1029/277
f 1121/1119/278 1122/1120/278 1123/1121/278
f 1121/1119/278 1123/1121/278 1124/1122/278
f 1125/1123/279 1126/1124/279 1127/1125/279
f 1125/1123/279 1127/1125/279 1128/1126/279
f 1129/1127/280 1130/1128/280 1131/1129/280
f 1129/1127/280 1131/1129/280 1132/1130/280
f 1133/1131/281 1134/1132/281 1055/1053/281
f 1133/1131/281 1055/1053/281 1051/1049/281
f 1135/1133/282 1136/1134/282 1137/1135/282
f 1135/1133/282 1137/1135/282 1138/1136/282
f 1139/1137/283 1140/1138/283 1141/1139/283
f 1139/1137/283 1141/1139/283 1142/1140/283
f 1130/1128/284 1101/1099/284 1143/1141/284
f 1130/1128/284 1143/1141/284 1144/1142/284
f 1106/1104/285 1145/1143/285 1051/1049/285
f 1106/1104/285 1051/1049/285 1047/1045/285
f 1146/1144/286 1147/1145/286 1148/1146/286
f 1146/1144/286 1148/1146/286 1149/1147/286
f 1150/1148/287 1151/1149/287 991/989/287
f 1150/1148/287 991/989/287 1065/1063/287
f 1152/1150/288 1146/1144/288 1153/1151/288
f 1152/1150/288 1153/1151/288 1154/1152/288
f 1155/1153/289 1156/1154/289 992/990/289
f 1155/1153/289 992/990/289 991/989/289
f 1157/1155/290 1158/1156/290 1159/1157/290
f 1157/1155/290 1159/1157/290 1160/1158/290
f 1161/1159/291 1162/1160/291 1163/1161/291
f 1161/1159/291 1163/1161/291 1164/1162/291
f 1147/1145/292 1165/1163/292 1166/1164/292
f 1147/1145/292 1166/1164/292 1167/1165/292
f 1168/1166/293 1150/1148/293 1169/1167/293
f 1168/1166/293 1169/1167/293 1170/1168/293
f 1171/1169/294 1172/1170/294 1173/1171/294
f 1171/1169/294 1173/1171/294 1174/1172/294
f 1126/1124/295 1175/1173/295 1011/1009/295
f 1126/1124/295 1011/1009/295 1005/1003/295
f 1176/1174/296 1171/1169/296 1177/1175/296
f 1176/1174/296 1177/1175/296 1178/1176/296
f 1179/1177/297 1180/1178/297 1181/1179/297
f 1179/1177/297 1181/1179/297 1011/1009/297
f 1182/1180/298 1176/1174/298 1183/1181/298
f 1182/1180/298 1183/1181/298 1184/1182/298
f 1185/1183/299 1186/1184/299 1187/1185/299
f 1185/1183/299 1187/1185/299 1188/1186/299
f 1189/1187/300 1190/1188/300 1191/1189/300
f 1189/1187/300 1191/1189/300 1192/1190/300
f 1193/1191/301 1194/1192/301 1195/1193/301
f 1193/1191/301 1195/1193/301 1196/1194/301
f 1116/1114/302 1189/1187/302 1197/1195/302
f 1116/1114/302 1197/1195/302 1198/1196/302
f 1194/1192/303 1199/1197/303 1031/1029/303
f 1194/1192/303 1031/1029/303 1024/1022/303
f 1200/1198/304 1201/1199/304 1102/1100/304
f 1200/1198/304 1102/1100/304 1101/1099/304
f 1202/1200/305 1203/1201/305 1106/1104/305
f 1202/1200/305 1106/1104/305 1204/1202/305
f 1201/1199/306 1205/1203/306 1206/1204/306
f 1201/1199/306 1206/1204/306 1207/1205/306
f 1208/1206/307 1209/1207/307 1112/1110/307
f 1208/1206/307 1112/1110/307 1111/1109/307
f 1210/1208/308 1211/1209/308 1212/1210/308
f 1210/1208/308 1212/1210/308 1213/1211/308
f 1214/1212/309 1215/1213/309 1216/1214/309
f 1214/1212/309 1216/1214/309 1199/1197/309
f 1217/1215/310 1218/1216/310 1122/1120/310
f 1217/1215/310 1122/1120/310 1121/1119/310
f 1219/1217/311 1220/1218/311 1126/1124/311
f 1219/1217/311 1126/1124/311 1221/1219/311
f 1222/1220/312 1223/1221/312 1224/1222/312
f 1222/1220/312 1224/1222/312 1225/1223/312
f 1226/1224/313 1227/1225/313 1228/1226/313
f 1226/1224/313 1228/1226/313 1145/1143/313
f 1229/1227/314 1222/1220/314 1230/1228/314
f 1229/1227/314 1230/1228/314 1231/1229/314
f 1232/1230/315 1233/1231/315 1140/1138/315
f 1232/1230/315 1140/1138/315 1139/1137/315
f 1223/1221/316 1200/1198/316 1101/1099/316
f 1223/1221/316 1101/1099/316 1130/1128/316
f 1203/1201/317 1226/1224/317 1145/1143/317
f 1203/1201/317 1145/1143/317 1106/1104/317
f 1234/1232/318 1235/1233/318 1147/1145/318
f 1234/1232/318 1147/1145/318 1146/1144/318
f 1236/1234/319 1237/1235/319 1151/1149/319
f 1236/1234/319 1151/1149/319 1150/1148/319
f 1238/1236/320 1234/1232/320 1239/1237/320
f 1238/1236/320 1239/1237/320 1240/1238/320
f 1237/1235/321 1241/1239/321 1242/1240/321
f 1237/1235/321 1242/1240/321 1243/1241/321
f 1218/1216/322 1244/1242/322 1245/1243/322
f 1218/1216/322 1245/1243/322 1246/1244/322
f 1247/1245/323 1248/1246/323 1162/1160/323
f 1247/1245/323 1162/1160/323 1161/1159/323
f 1235/1233/324 1249/1247/324 1165/1163/324
f 1235/1233/324 1165/1163/324 1147/1145/324
f 1250/1248/325 1236/1234/325 1150/1148/325
f 1250/1248/325 1150/1148/325 1251/1249/325
f 1252/1250/326 1217/1215/326 1172/1170/326
f 1252/1250/326 1172/1170/326 1171/1169/326
f 1220/1218/327 1253/1251/327 1175/1173/327
f 1220/1218/327 1175/1173/327 1126/1124/327
f 1254/1252/328 1252/1250/328 1255/1253/328
f 1254/1252/328 1255/1253/328 1256/1254/328
f 1253/1251/329 1257/1255/329 1258/1256/329
f 1253/1251/329 1258/1256/329 1175/1173/329
f 1259/1257/330 1254/1252/330 1260/1258/330
f 1259/1257/330 1260/1258/330 1261/1259/330
f 1262/1260/331 1263/1261/331 1186/1184/331
f 1262/1260/331 1186/1184/331 1185/1183/331
f 1264/1262/332 1265/1263/332 1190/1188/332
f 1264/1262/332 1190/1188/332 1189/1187/332
f 1266/1264/333 1267/1265/333 1194/1192/333
f 1266/1264/333 1194/1192/333 1268/1266/333
f 1211/1209/334 1269/1267/334 1189/1187/334
f 1211/1209/334 1189/1187/334 1116/1114/334
f 1267/1265/335 1214/1212/335 1199/1197/335
f 1267/1265/335 1199/1197/335 1194/1192/335
f 1270/1268/336 1271/1269/336 1272/1270/336
f 1270/1268/336 1272/1270/336 1273/1271/336
f 1271/1269/337 1274/1272/337 1275/1273/337
f 1271/1269/337 1275/1273/337 1276/1274/337
f 1274/1272/338 1277/1275/338 1278/1276/338
f 1274/1272/338 1278/1276/338 1279/1277/338
f 1280/1278/339 1281/1279/339 1282/1280/339
f 1280/1278/339 1282/1280/339 1283/1281/339
f 1284/1282/340 1285/1283/340 1286/1284/340
f 1284/1282/340 1286/1284/340 1287/1285/340
f 1288/1286/341 1289/1287/341 1290/1288/341
f 1288/1286/341 1290/1288/341 1291/1289/341
f 1285/1283/342 1270/1268/342 1292/1290/342
f 1285/1283/342 1292/1290/342 1293/1291/342
f 1294/1292/263 1295/1293/263 1025/1023/263
f 1294/1292/263 1025/1023/263 1032/1030/263
f 1295/1293/262 1296/1294/262 1026/1024/262
f 1295/1293/262 1026/1024/262 1025/1023/262
f 1297/1295/343 1298/1296/343 1299/1297/343
f 1297/1295/343 1299/1297/343 1300/1298/343
f 1301/1299/264 1294/1292/264 1032/1030/264
f 1301/1299/264 1032/1030/264 1036/1034/264
f 1302/1300/344 1303/1301/344 1304/1302/344
f 1302/1300/344 1304/1302/344 1305/1303/344
# Vertices: 318, normals: 91, texture coordinates: 318, faces: 248

o obj9
v 0.10266988 0.59940888 0.24493694
v 0.03605287 0.63333139 0.24641803
v 0 0.70775965 0.26114971
v 0.03605287 0.51084076 1.61906638
v 0.03605287 0.61148488 0.7467857
v 0.10266988 0.57756237 0.74530461
v 0.10266988 0.53935877 1.6203115
v 0.03605287 0.51084076 1.61906638
v 0.10266988 0.53935877 1.6203115
v 0 0.6482099 1.62506404
v 0.15365633 0.65210329 0.24723762
v 0 0.70775965 0.26114971
v 0.10266988 0.53935877 1.6203115
v 0.10266988 0.57756237 0.74530461
v 0.15365633 0.63025678 0.7476053
v 0.15365633 0.59205318 1.62261219
v 0.15365633 0.59205318 1.62261219
v 0.18125001 0.72095185 0.25024361
v 0 0.70775965 0.26114971
v 0.18125001 0.69910533 0.75061129
v 0.18125001 0.66090173 1.62561818
v 0.18125001 0.66090173 1.62561818
v 0.18125001 0.74552059 0.25131631
v 0 0.70775965 0.26114971
v 0.18125001 0.72367407 0.75168398
v 0.18125001 0.68547047 1.62669087
v 0.18125001 0.68547047 1.62669087
v 0.15365633 0.81511351 0.23727337
v 0 0.70775965 0.26114971
v 0.15365633 0.79289482 0.74616545
v 0.15365633 0.75431903 1.62969686
v 0.15365633 0.75431903 1.62969686
v 0.10266988 0.86730756 0.25103429
v 0 0.70775965 0.26114971
v 0.10266988 0.84533904 0.75419631
v 0.10266988 0.80701344 1.63199755
v 0.10266988 0.80701344 1.63199755
v 0.03605287 0.83338505 0.24955321
v 0 0.70775965 0.26114971
v 0.10266988 0.80701344 1.63199755
v 0.10266988 0.84533904 0.75419631
v 0.03605287 0.81141653 0.75271522
v 0.03605287 0.83553144 1.63324267
v 0.03605287 0.83553144 1.63324267
v -0.03605287 0.83338505 0.24955321
v 0 0.70775965 0.26114971
v -0.03605287 0.81141653 0.75271522
v -0.03605287 0.83553144 1.63324267
v -0.03605287 0.83553144 1.63324267
v -0.10266988 0.86730756 0.25103429
v 0 0.70775965 0.26114971
v -0.10266988 0.84533904 0.75419631
v -0.10266988 0.80701344 1.63199755
v -0.10266988 0.80701344 1.63199755
v -0.15365633 0.81461315 0.24873361
v 0 0.70775965 0.26114971
v -0.10266988 0.80701344 1.63199755
v -0.10266988 0.84533904 0.75419631
v -0.15365633 0.79264463 0.75189563
v -0.15365633 0.75431903 1.62969686
v -0.15365633 0.75431903 1.62969686
v -0.18125001 0.74626496 0.23426738
v -0.18125001 0.72404626 0.74315946
v -0.18125001 0.68547047 1.62669087
v -0.18125001 0.68547047 1.62669087
v -0.18125001 0.72095185 0.25024361
v -0.18125001 0.74626496 0.23426738
v 0 0.70775965 0.26114971
v -0.18125001 0.69910533 0.75061129
v -0.18125001 0.66090173 1.62561818
v -0.18125001 0.66090173 1.62561818
v -0.15365633 0.65210329 0.24723762
v -0.18125001 0.72095185 0.25024361
v 0 0.70775965 0.26114971
v -0.15365633 0.63025678 0.7476053
v -0.15365633 0.59205318 1.62261219
v -0.15365633 0.59205318 1.62261219
v -0.10266988 0.59940888 0.24493694
v 0 0.70775965 0.26114971
v -0.10266988 0.57756237 0.74530461
v -0.10266988 0.53935877 1.6203115
v -0.10266988 0.53935877 1.6203115
v -0.03605287 0.63333139 0.24641803
v 0 0.70775965 0.26114971
v -0.10266988 0.53935877 1.6203115
v -0.10266988 0.57756237 0.74530461
v -0.03605287 0.61148488 0.7467857
v -0.03605287 0.51084076 1.61906638
v -0.03605287 0.51084076 1.61906638
v 0 0.70775965 0.26114971
v -0.03605287 0.83338505 0.24955321
v 0.03605287 0.83338505 0.24955321
v 0.10266988 0.86730756 0.25103429
v 0.10266988 0.86730756 0.25103429
v 0.15365633 0.81511351 0.23727337
v 0.18125001 0.74552059 0.25131631
v 0.18125001 0.72095185 0.25024361
v 0.15365633 0.65210329 0.24723762
v 0.10266988 0.59940888 0.24493694
v 0.10266988 0.59940888 0.24493694
v 0.03605287 0.63333139 0.24641803
v -0.03605287 0.63333139 0.24641803
v -0.10266988 0.59940888 0.24493694
v -0.10266988 0.59940888 0.24493694
v -0.15365633 0.65210329 0.24723762
v -0.18125001 0.72095185 0.25024361
v -0.18125001 0.74626496 0.23426738
v -0.15365633 0.81461315 0.24873361
v -0.10266988 0.86730756 0.25103429
v -0.10266988 0.86730756 0.25103429
vn 0.10069 -0.97511 -0.19754
vn -0.4532 -0.06345 0.88915
vn 0 1 0
vn -0.05499 -0.99707 -0.05316
vn 0.71899 0 0.69502
vn -0.06496 -0.99755 -0.02601
vn 0.92835 0 0.37172
vn -0.06316 -0.998 0
vn 1 0 0
vn -0.01105 -0.96958 0.24452
vn 0.92835 0 -0.37172
vn -0.19743 -0.98006 -0.0223
vn 0.71899 0 -0.69502
vn 0.08029 -0.98424 0.15753
vn -0.45412 0 -0.89094
vn 0 -0.99081 0.13527
vn 0 -0.07095 -0.99748
vn -0.08029 -0.98424 0.15753
vn 0.45321 -0.06325 -0.88916
vn 0.06629 -0.99574 0.06408
vn -0.71899 0 -0.69502
vn 0.17362 -0.98035 -0.09367
vn -0.92835 0 -0.37172
vn 0.01204 -0.82151 0.57007
vn -1 0 -0
vn 0.06496 -0.99755 -0.02601
vn -0.92835 0 0.37172
vn 0.05499 -0.99707 -0.05316
vn -0.71899 0 0.69502
vn -0.10069 -0.97511 -0.19754
vn 0.45412 0 0.89094
vn 0 -0.9885 -0.15119
vn -0 -0.07118 0.99746
vn 0 0 -1
vn -0.45412 0 0.89094
vn -0 0 1
vn 0.45412 0 -0.89094
vt 0.21362 0.80043
vt 0.22196 0.79688
vt 0.22646 0.81412
vt 0.60607 0.78906
vt 0.60607 0.70302
vt 0.61513 0.70302
vt 0.61513 0.78906
vt 0.73107 0.70938
vt 0.7394 0.71294
vt 0.72656 0.72656
vt 0.20723 0.80701
vt 0.22646 0.81412
vt 0.2222 0.49219
vt 0.2222 0.40614
vt 0.23137 0.40614
vt 0.23137 0.49219
vt 0.74577 0.71954
vt 0.20375 0.81561
vt 0.22646 0.81412
vt 0.24065 0.40614
vt 0.24065 0.49219
vt 0.74922 0.72815
vt 0.20374 0.81868
vt 0.22646 0.81412
vt 0.24372 0.40614
vt 0.24372 0.49219
vt 0.74922 0.73122
vt 0.20707 0.8276
vt 0.22646 0.81412
vt 0.253 0.40508
vt 0.253 0.49219
vt 0.74577 0.73984
vt 0.21367 0.83413
vt 0.22646 0.81412
vt 0.26217 0.4058
vt 0.26217 0.49219
vt 0.7394 0.74643
vt 0.22201 0.83767
vt 0.22646 0.81412
vt 0.31456 0.42188
vt 0.31456 0.33548
vt 0.32362 0.33548
vt 0.32362 0.42188
vt 0.73107 0.75
vt 0.23102 0.83765
vt 0.22646 0.81412
vt 0.33263 0.33548
vt 0.33263 0.42188
vt 0.72206 0.75
vt 0.23935 0.83407
vt 0.22646 0.81412
vt 0.34169 0.33548
vt 0.34169 0.42188
vt 0.71373 0.74643
vt 0.24573 0.82749
vt 0.22646 0.81412
vt 0.5347 0.875
vt 0.5347 0.78861
vt 0.54387 0.78861
vt 0.54387 0.875
vt 0.70736 0.73984
vt 0.24939 0.81884
vt 0.55315 0.78789
vt 0.55315 0.875
vt 0.70391 0.73122
vt 0.24314 0.58956
vt 0.2422 0.58594
vt 0.26561 0.58594
vt 0.55623 0.78896
vt 0.55623 0.875
vt 0.70391 0.72815
vt 0.24569 0.80701
vt 0.24917 0.81561
vt 0.22646 0.81412
vt 0.5655 0.78896
vt 0.5655 0.875
vt 0.70736 0.71954
vt 0.2393 0.80043
vt 0.22646 0.81412
vt 0.57467 0.78896
vt 0.57467 0.875
vt 0.71373 0.71294
vt 0.23097 0.79688
vt 0.22646 0.81412
vt 0.588 0.78906
vt 0.588 0.70302
vt 0.59706 0.70302
vt 0.59706 0.78906
vt 0.72206 0.70938
vt 0.22646 0.81412
vt 0.33263 0.24909
vt 0.32362 0.24909
vt 0.31456 0.24909
vt 0.26217 0.3194
vt 0.253 0.31797
vt 0.24372 0.3201
vt 0.24065 0.3201
vt 0.23137 0.3201
vt 0.2222 0.3201
vt 0.61513 0.61698
vt 0.60607 0.61698
vt 0.59706 0.61698
vt 0.588 0.61698
vt 0.57467 0.70291
vt 0.5655 0.70291
vt 0.55623 0.70291
vt 0.55315 0.70078
vt 0.54387 0.70221
vt 0.5347 0.70221
vt 0.34169 0.24909
usemtl mat0
f 1306/1304/345 1307/1305/345 1308/1306/345
f 1309/1307/346 1310/1308/346 1311/1309/346
f 1309/1307/346 1311/1309/346 1312/1310/346
f 1313/1311/347 1314/1312/347 1315/1313/347
f 1316/1314/348 1306/1304/348 1317/1315/348
f 1318/1316/349 1319/1317/349 1320/1318/349
f 1318/1316/349 1320/1318/349 1321/1319/349
f 1314/1312/347 1322/1320/347 1315/1313/347
f 1323/1321/350 1316/1314/350 1324/1322/350
f 1321/1319/351 1320/1318/351 1325/1323/351
f 1321/1319/351 1325/1323/351 1326/1324/351
f 1322/1320/347 1327/1325/347 1315/1313/347
f 1328/1326/352 1323/1321/352 1329/1327/352
f 1326/1324/353 1325/1323/353 1330/1328/353
f 1326/1324/353 1330/1328/353 1331/1329/353
f 1327/1325/347 1332/1330/347 1315/1313/347
f 1333/1331/354 1328/1326/354 1334/1332/354
f 1331/1329/355 1330/1328/355 1335/1333/355
f 1331/1329/355 1335/1333/355 1336/1334/355
f 1332/1330/347 1337/1335/347 1315/1313/347
f 1338/1336/356 1333/1331/356 1339/1337/356
f 1336/1334/357 1335/1333/357 1340/1338/357
f 1336/1334/357 1340/1338/357 1341/1339/357
f 1337/1335/347 1342/1340/347 1315/1313/347
f 1343/1341/358 1338/1336/358 1344/1342/358
f 1345/1343/359 1346/1344/359 1347/1345/359
f 1345/1343/359 1347/1345/359 1348/1346/359
f 1342/1340/347 1349/1347/347 1315/1313/347
f 1350/1348/360 1343/1341/360 1351/1349/360
f 1348/1346/361 1347/1345/361 1352/1350/361
f 1348/1346/361 1352/1350/361 1353/1351/361
f 1349/1347/347 1354/1352/347 1315/1313/347
f 1355/1353/362 1350/1348/362 1356/1354/362
f 1353/1351/363 1352/1350/363 1357/1355/363
f 1353/1351/363 1357/1355/363 1358/1356/363
f 1354/1352/347 1359/1357/347 1315/1313/347
f 1360/1358/364 1355/1353/364 1361/1359/364
f 1362/1360/365 1363/1361/365 1364/1362/365
f 1362/1360/365 1364/1362/365 1365/1363/365
f 1359/1357/347 1366/1364/347 1315/1313/347
f 1367/1365/366 1360/1358/366 1334/1332/366
f 1365/1363/367 1364/1362/367 1368/1366/367
f 1365/1363/367 1368/1366/367 1369/1367/367
f 1366/1364/347 1370/1368/347 1315/1313/347
f 1371/1369/368 1372/1370/368 1373/1371/368
f 1369/1367/369 1368/1366/369 1374/1372/369
f 1369/1367/369 1374/1372/369 1375/1373/369
f 1370/1368/347 1376/1374/347 1315/1313/347
f 1377/1375/370 1378/1376/370 1379/1377/370
f 1375/1373/371 1374/1372/371 1380/1378/371
f 1375/1373/371 1380/1378/371 1381/1379/371
f 1376/1374/347 1382/1380/347 1315/1313/347
f 1383/1381/372 1377/1375/372 1384/1382/372
f 1381/1379/373 1380/1378/373 1385/1383/373
f 1381/1379/373 1385/1383/373 1386/1384/373
f 1382/1380/347 1387/1385/347 1315/1313/347
f 1388/1386/374 1383/1381/374 1389/1387/374
f 1390/1388/375 1391/1389/375 1392/1390/375
f 1390/1388/375 1392/1390/375 1393/1391/375
f 1387/1385/347 1394/1392/347 1315/1313/347
f 1307/1305/376 1388/1386/376 1395/1393/376
f 1393/1391/377 1392/1390/377 1310/1308/377
f 1393/1391/377 1310/1308/377 1309/1307/377
f 1394/1392/347 1313/1311/347 1315/1313/347
f 1396/1394/378 1352/1350/378 1347/1345/378
f 1396/1394/378 1347/1345/378 1397/1395/378
f 1397/1395/359 1347/1345/359 1346/1344/359
f 1397/1395/359 1346/1344/359 1398/1396/359
f 1399/1397/357 1340/1338/357 1335/1333/357
f 1399/1397/357 1335/1333/357 1400/1398/357
f 1400/1398/355 1335/1333/355 1330/1328/355
f 1400/1398/355 1330/1328/355 1401/1399/355
f 1401/1399/353 1330/1328/353 1325/1323/353
f 1401/1399/353 1325/1323/353 1402/1400/353
f 1402/1400/351 1325/1323/351 1320/1318/351
f 1402/1400/351 1320/1318/351 1403/1401/351
f 1403/1401/349 1320/1318/349 1319/1317/349
f 1403/1401/349 1319/1317/349 1404/1402/349
f 1405/1403/379 1311/1309/379 1310/1308/379
f 1405/1403/379 1310/1308/379 1406/1404/379
f 1406/1404/380 1310/1308/380 1392/1390/380
f 1406/1404/380 1392/1390/380 1407/1405/380
f 1407/1405/375 1392/1390/375 1391/1389/375
f 1407/1405/375 1391/1389/375 1408/1406/375
f 1409/1407/373 1385/1383/373 1380/1378/373
f 1409/1407/373 1380/1378/373 1410/1408/373
f 1410/1408/371 1380/1378/371 1374/1372/371
f 1410/1408/371 1374/1372/371 1411/1409/371
f 1411/1409/369 1374/1372/369 1368/1366/369
f 1411/1409/369 1368/1366/369 1412/1410/369
f 1412/1410/367 1368/1366/367 1364/1362/367
f 1412/1410/367 1364/1362/367 1413/1411/367
f 1413/1411/365 1364/1362/365 1363/1361/365
f 1413/1411/365 1363/1361/365 1414/1412/365
f 1415/1413/381 1357/1355/381 1352/1350/381
f 1415/1413/381 1352/1350/381 1396/1394/381
# Vertices: 110, normals: 37, texture coordinates: 110, faces: 96

o obj10
v -0.26875001 0.82423881 1.032178
v -0.26875001 0.78879806 1.84390471
v -0.26875001 0.77630995 1.84335947
v -0.26875001 0.8117507 1.03163276
v -0.69285715 0.78275372 1.6957728
v -0.69285715 0.79524183 1.69631804
v -0.74374998 0.80329655 1.5118347
v -0.74374998 0.79080844 1.51128946
v -0.69285715 0.79524183 1.69631804
v -0.26875001 0.78879806 1.84390471
v -0.26875001 0.82423881 1.032178
v -0.74374998 0.80329655 1.5118347
v -0.26875001 0.8117507 1.03163276
v -0.26875001 0.77630995 1.84335947
v -0.69285715 0.78275372 1.6957728
v -0.74374998 0.79080844 1.51128946
v -0.26875001 0.77630995 1.84335947
v -0.26875001 0.78879806 1.84390471
v -0.69285715 0.79524183 1.69631804
v -0.69285715 0.78275372 1.6957728
v -0.74374998 0.80329655 1.5118347
v -0.26875001 0.82423881 1.032178
v -0.26875001 0.8117507 1.03163276
v -0.74374998 0.79080844 1.51128946
vn 1 0 0
vn -0.96406 0 0.2657
vn 0 1 0
vn 0 -1 0
vn -0.32894 0 0.94435
vn -0.71088 0 -0.70331
vt 0.83594 0.30469
vt 0.73438 0.30469
vt 0.73438 0.29688
vt 0.83594 0.29688
vt 0.05469 0.89844
vt 0.05469 0.90625
vt 0.03125 0.90625
vt 0.03125 0.89844
vt 0.4673 0.70597
vt 0.52344 0.6875
vt 0.52344 0.78906
vt 0.46094 0.72905
vt 0.58594 0.57812
vt 0.58594 0.67969
vt 0.5298 0.66122
vt 0.52344 0.63814
vt 0.47656 0.82031
vt 0.47656 0.82812
vt 0.42188 0.82812
vt 0.42188 0.82031
vt 0.82812 0.8125
vt 0.74219 0.8125
vt 0.74219 0.80469
vt 0.82812 0.80469
usemtl mat0
f 1416/1414/382 1417/1415/382 1418/1416/382
f 1416/1414/382 1418/1416/382 1419/1417/382
f 1420/1418/383 1421/1419/383 1422/1420/383
f 1420/1418/383 1422/1420/383 1423/1421/383
f 1424/1422/384 1425/1423/384 1426/1424/384
f 1424/1422/384 1426/1424/384 1427/1425/384
f 1428/1426/385 1429/1427/385 1430/1428/385
f 1428/1426/385 1430/1428/385 1431/1429/385
f 1432/1430/386 1433/1431/386 1434/1432/386
f 1432/1430/386 1434/1432/386 1435/1433/386
f 1436/1434/387 1437/1435/387 1438/1436/387
f 1436/1434/387 1438/1436/387 1439/1437/387
# Vertices: 24, normals: 6, texture coordinates: 24, faces: 12

o obj11
v 0.26875001 0.77630995 1.84335947
v 0.26875001 0.78879806 1.84390471
v 0.26875001 0.82423881 1.032178
v 0.26875001 0.8117507 1.03163276
v 0.74374998 0.80329655 1.5118347
v 0.69285715 0.79524183 1.69631804
v 0.69285715 0.78275372 1.6957728
v 0.74374998 0.79080844 1.51128946
v 0.26875001 0.82423881 1.032178
v 0.26875001 0.78879806 1.84390471
v 0.69285715 0.79524183 1.69631804
v 0.74374998 0.80329655 1.5118347
v 0.69285715 0.78275372 1.6957728
v 0.26875001 0.77630995 1.84335947
v 0.26875001 0.8117507 1.03163276
v 0.74374998 0.79080844 1.51128946
v 0.69285715 0.79524183 1.69631804
v 0.26875001 0.78879806 1.84390471
v 0.26875001 0.77630995 1.84335947
v 0.69285715 0.78275372 1.6957728
v 0.26875001 0.8117507 1.03163276
v 0.26875001 0.82423881 1.032178
v 0.74374998 0.80329655 1.5118347
v 0.74374998 0.79080844 1.51128946
vn -1 0 0
vn 0.96406 0 0.2657
vn 0 1 0
vn 0 -1 0
vn 0.32894 0 0.94435
vn 0.71088 0 -0.70331
vt 0.83594 0.28906
vt 0.83594 0.29688
vt 0.73438 0.29688
vt 0.73438 0.28906
vt 0.10938 0.90625
vt 0.08594 0.90625
vt 0.08594 0.89844
vt 0.10938 0.89844
vt 0.57187 0.4375
vt 0.57187 0.33594
vt 0.62489 0.3544
vt 0.63125 0.37749
vt 0.6327 0.98153
vt 0.57969 1
vt 0.57969 0.89844
vt 0.63906 0.95845
vt 0.79688 0.71094
vt 0.74219 0.71094
vt 0.74219 0.70312
vt 0.79688 0.70312
vt 0.82812 0.79688
vt 0.82812 0.80469
vt 0.74219 0.80469
vt 0.74219 0.79688
usemtl mat0
f 1440/1438/388 1441/1439/388 1442/1440/388
f 1440/1438/388 1442/1440/388 1443/1441/388
f 1444/1442/389 1445/1443/389 1446/1444/389
f 1444/1442/389 1446/1444/389 1447/1445/389
f 1448/1446/390 1449/1447/390 1450/1448/390
f 1448/1446/390 1450/1448/390 1451/1449/390
f 1452/1450/391 1453/1451/391 1454/1452/391
f 1452/1450/391 1454/1452/391 1455/1453/391
f 1456/1454/392 1457/1455/392 1458/1456/392
f 1456/1454/392 1458/1456/392 1459/1457/392
f 1460/1458/393 1461/1459/393 1462/1460/393
f 1460/1458/393 1462/1460/393 1463/1461/393
# Vertices: 24, normals: 6, texture coordinates: 24, faces: 12

o obj12
v -0.33125001 0.75844813 1.53603784
v -0.34375 0.71210253 2.59752659
v -0.34375 0.69961443 2.59698135
v -0.33125001 0.74596002 1.5354926
v -0.90625 0.70708187 2.42594866
v -0.90625 0.71956998 2.4264939
v -0.90625 0.72987032 2.19057733
v -0.90625 0.71738221 2.19003209
v -0.78125 0.71755495 2.47264556
v -0.34375 0.71210253 2.59752659
v -0.33125001 0.75844813 1.53603784
v -0.78125 0.7284598 2.22288351
v -0.33125001 0.74596002 1.5354926
v -0.34375 0.69961443 2.59698135
v -0.78125 0.70506685 2.47210032
v -0.78125 0.7159717 2.22233826
v -0.34375 0.69961443 2.59698135
v -0.34375 0.71210253 2.59752659
v -0.78125 0.71755495 2.47264556
v -0.78125 0.70506685 2.47210032
v -0.78125 0.7284598 2.22288351
v -0.33125001 0.75844813 1.53603784
v -0.33125001 0.74596002 1.5354926
v -0.78125 0.7159717 2.22233826
v -0.90625 0.71956998 2.4264939
v -0.90625 0.70708187 2.42594866
v -0.90625 0.72987032 2.19057733
v -0.90625 0.71956998 2.4264939
v -0.90625 0.71738221 2.19003209
v -0.90625 0.72987032 2.19057733
v -0.78125 0.7284598 2.22288351
v -0.78125 0.7159717 2.22233826
v -0.90625 0.70708187 2.42594866
v -0.90625 0.71738221 2.19003209
vn 0.99993 0 0.01176
vn -1 0 0
vn 0 1 0
vn 0 -1 0
vn -0.27472 0 0.96152
vn -0.8367 0 -0.54766
vn -0.34665 0 0.93799
vn 0.25045 0 -0.96813
vt 0.86719 0.70312
vt 0.73438 0.70312
vt 0.73438 0.69531
vt 0.86719 0.69531
vt 0.45312 0.82812
vt 0.45312 0.83594
vt 0.42188 0.83594
vt 0.42188 0.82812
vt 0.3 0.4375
vt 0.35469 0.42188
vt 0.35625 0.55469
vt 0.3 0.46875
vt 0.52812 0.42969
vt 0.52656 0.5625
vt 0.47188 0.54688
vt 0.47188 0.51562
vt 0.82353 0.67031
vt 0.82353 0.67188
vt 0.76666 0.67188
vt 0.76666 0.67031
vt 0.83594 0.28906
vt 0.73438 0.28906
vt 0.73438 0.28125
vt 0.83594 0.28125
vt 0.75 0.67188
vt 0.75 0.67031
vt 0.28438 0.47279
vt 0.28438 0.44327
vt 0.11719 0.90625
vt 0.11719 0.91406
vt 0.10156 0.91406
vt 0.10156 0.90625
vt 0.45625 0.5411
vt 0.45625 0.51158
usemtl mat0
f 1464/1462/394 1465/1463/394 1466/1464/394
f 1464/1462/394 1466/1464/394 1467/1465/394
f 1468/1466/395 1469/1467/395 1470/1468/395
f 1468/1466/395 1470/1468/395 1471/1469/395
f 1472/1470/396 1473/1471/396 1474/1472/396
f 1472/1470/396 1474/1472/396 1475/1473/396
f 1476/1474/397 1477/1475/397 1478/1476/397
f 1476/1474/397 1478/1476/397 1479/1477/397
f 1480/1478/398 1481/1479/398 1482/1480/398
f 1480/1478/398 1482/1480/398 1483/1481/398
f 1484/1482/399 1485/1483/399 1486/1484/399
f 1484/1482/399 1486/1484/399 1487/1485/399
f 1488/1486/400 1489/1487/400 1483/1481/400
f 1488/1486/400 1483/1481/400 1482/1480/400
f 1490/1488/396 1491/1489/396 1472/1470/396
f 1490/1488/396 1472/1470/396 1475/1473/396
f 1492/1490/401 1493/1491/401 1494/1492/401
f 1492/1490/401 1494/1492/401 1495/1493/401
f 1496/1494/397 1497/1495/397 1479/1477/397
f 1496/1494/397 1479/1477/397 1478/1476/397
# Vertices: 34, normals: 8, texture coordinates: 34, faces: 20

o obj13
v -0.53125 0.71647122 2.35418197
v -0.53125 0.68295829 3.12175433
v -0.53125 0.67047019 3.12120909
v -0.53125 0.70398312 2.35363673
v -2.1312499 0.72183007 1.94487435
v -2.1312499 0.73431817 1.9454196
v -2.09057212 0.74566116 1.68562246
v -2.09057212 0.73317306 1.68507722
v -2.02277541 0.7179609 2.32006268
v -0.53125 0.68295829 3.12175433
v -0.53125 0.71647122 2.35418197
v -2.02277541 0.74402543 1.72308677
v -0.53125 0.70398312 2.35363673
v -0.53125 0.67047019 3.12120909
v -2.02277541 0.7054728 2.31951744
v -2.02277541 0.73153733 1.72254152
v -0.53125 0.67047019 3.12120909
v -0.53125 0.68295829 3.12175433
v -2.02277541 0.7179609 2.32006268
v -2.02277541 0.7054728 2.31951744
v -2.02277541 0.74402543 1.72308677
v -0.53125 0.71647122 2.35418197
v -0.53125 0.70398312 2.35363673
v -2.02277541 0.73153733 1.72254152
v -2.02277541 0.7054728 2.31951744
v -2.02277541 0.7179609 2.32006268
v -2.09057212 0.74566116 1.68562246
v -2.1312499 0.73431817 1.9454196
v -2.09057212 0.73317306 1.68507722
v -2.09057212 0.74566116 1.68562246
v -2.1312499 0.72183007 1.94487435
v -2.09057212 0.73317306 1.68507722
vn 1 0 0
vn -0.98799 0 -0.15455
vn 0 1 0
vn 0 -1 0
vn -0.47379 0 0.88064
vn 0.38999 0 -0.92082
vn -0.96062 0 0.27787
vn 0.48402 0 -0.87506
vt 0.83594 0.82812
vt 0.74219 0.82812
vt 0.74219 0.82031
vt 0.83594 0.82031
vt 0.78714 0.71719
vt 0.78714 0.71875
vt 0.75424 0.71875
vt 0.75424 0.71719
vt 0.10887 0.92062
vt 0.29531 0.82031
vt 0.29531 0.91635
vt 0.10887 0.99531
vt 0.34219 0.74771
vt 0.34219 0.84375
vt 0.15575 0.74344
vt 0.15575 0.66875
vt 0.82031 0.45312
vt 0.82031 0.46094
vt 0.60938 0.46094
vt 0.60938 0.45312
vt 0.94466 0.47656
vt 0.74219 0.47656
vt 0.74219 0.475
vt 0.94466 0.475
vt 0.83594 0.71719
vt 0.83594 0.71875
vt 0.1004 1
vt 0.09531 0.96749
vt 0.95434 0.475
vt 0.95434 0.47656
vt 0.14219 0.69657
vt 0.14727 0.66406
usemtl mat0
f 1498/1496/402 1499/1497/402 1500/1498/402
f 1498/1496/402 1500/1498/402 1501/1499/402
f 1502/1500/403 1503/1501/403 1504/1502/403
f 1502/1500/403 1504/1502/403 1505/1503/403
f 1506/1504/404 1507/1505/404 1508/1506/404
f 1506/1504/404 1508/1506/404 1509/1507/404
f 1510/1508/405 1511/1509/405 1512/1510/405
f 1510/1508/405 1512/1510/405 1513/1511/405
f 1514/1512/406 1515/1513/406 1516/1514/406
f 1514/1512/406 1516/1514/406 1517/1515/406
f 1518/1516/407 1519/1517/407 1520/1518/407
f 1518/1516/407 1520/1518/407 1521/1519/407
f 1503/1501/408 1502/1500/408 1522/1520/408
f 1503/1501/408 1522/1520/408 1523/1521/408
f 1524/1522/404 1525/1523/404 1506/1504/404
f 1524/1522/404 1506/1504/404 1509/1507/404
f 1526/1524/409 1527/1525/409 1518/1516/409
f 1526/1524/409 1518/1516/409 1521/1519/409
f 1528/1526/405 1529/1527/405 1513/1511/405
f 1528/1526/405 1513/1511/405 1512/1510/405
# Vertices: 32, normals: 8, texture coordinates: 32, faces: 20

o obj14
v 0.34375 0.70125015 2.55951702
v 0.34375 0.71373826 2.56006226
v 0.33125001 0.76008386 1.49857354
v 0.33125001 0.74759575 1.4980283
v 0.90625 0.73150605 2.15311303
v 0.90625 0.72120571 2.38902957
v 0.90625 0.7087176 2.38848433
v 0.90625 0.71901794 2.15256779
v 0.33125001 0.76008386 1.49857354
v 0.34375 0.71373826 2.56006226
v 0.78125 0.71919068 2.43518123
v 0.78125 0.73009553 2.1854192
v 0.78125 0.70670258 2.43463599
v 0.34375 0.70125015 2.55951702
v 0.33125001 0.74759575 1.4980283
v 0.78125 0.71760742 2.18487396
v 0.78125 0.71919068 2.43518123
v 0.34375 0.71373826 2.56006226
v 0.34375 0.70125015 2.55951702
v 0.78125 0.70670258 2.43463599
v 0.33125001 0.74759575 1.4980283
v 0.33125001 0.76008386 1.49857354
v 0.78125 0.73009553 2.1854192
v 0.78125 0.71760742 2.18487396
v 0.90625 0.7087176 2.38848433
v 0.90625 0.72120571 2.38902957
v 0.90625 0.72120571 2.38902957
v 0.90625 0.73150605 2.15311303
v 0.78125 0.73009553 2.1854192
v 0.90625 0.73150605 2.15311303
v 0.90625 0.71901794 2.15256779
v 0.78125 0.71760742 2.18487396
v 0.90625 0.71901794 2.15256779
v 0.90625 0.7087176 2.38848433
vn -0.99993 0 0.01176
vn 1 0 0
vn 0 1 0
vn 0 -1 0
vn 0.27472 0 0.96152
vn 0.8367 0 -0.54766
vn 0.34665 0 0.93799
vn -0.25045 0 -0.96813
vt 0.86719 0.64062
vt 0.86719 0.64844
vt 0.73438 0.64844
vt 0.73438 0.64062
vt 0.45312 0.75
vt 0.42188 0.75
vt 0.42188 0.74219
vt 0.45312 0.74219
vt 0.00313 0.53906
vt 0.00469 0.40625
vt 0.05937 0.42188
vt 0.05937 0.45312
vt 0.55937 0.95312
vt 0.50469 0.96875
vt 0.50313 0.83594
vt 0.55937 0.92188
vt 0.81147 0.66406
vt 0.75459 0.66406
vt 0.75459 0.6625
vt 0.81147 0.6625
vt 0.83594 0.27344
vt 0.83594 0.28125
vt 0.73438 0.28125
vt 0.73438 0.27344
vt 0.82812 0.6625
vt 0.82812 0.66406
vt 0.075 0.42765
vt 0.075 0.45717
vt 0.14844 0.89844
vt 0.13281 0.89844
vt 0.13281 0.89062
vt 0.14844 0.89062
vt 0.575 0.91783
vt 0.575 0.94735
usemtl mat0
f 1530/1528/410 1531/1529/410 1532/1530/410
f 1530/1528/410 1532/1530/410 1533/1531/410
f 1534/1532/411 1535/1533/411 1536/1534/411
f 1534/1532/411 1536/1534/411 1537/1535/411
f 1538/1536/412 1539/1537/412 1540/1538/412
f 1538/1536/412 1540/1538/412 1541/1539/412
f 1542/1540/413 1543/1541/413 1544/1542/413
f 1542/1540/413 1544/1542/413 1545/1543/413
f 1546/1544/414 1547/1545/414 1548/1546/414
f 1546/1544/414 1548/1546/414 1549/1547/414
f 1550/1548/415 1551/1549/415 1552/1550/415
f 1550/1548/415 1552/1550/415 1553/1551/415
f 1549/1547/416 1554/1552/416 1555/1553/416
f 1549/1547/416 1555/1553/416 1546/1544/416
f 1540/1538/412 1556/1554/412 1557/1555/412
f 1540/1538/412 1557/1555/412 1541/1539/412
f 1558/1556/417 1559/1557/417 1560/1558/417
f 1558/1556/417 1560/1558/417 1561/1559/417
f 1545/1543/413 1562/1560/413 1563/1561/413
f 1545/1543/413 1563/1561/413 1542/1540/413
# Vertices: 34, normals: 8, texture coordinates: 34, faces: 20

o obj15
v 0.53125 0.67210591 3.08374475
v 0.53125 0.68459402 3.08429
v 0.53125 0.71810695 2.31671767
v 0.53125 0.70561884 2.31617243
v 2.09057212 0.74729689 1.64815815
v 2.1312499 0.7359539 1.90795529
v 2.1312499 0.72346579 1.90741005
v 2.09057212 0.73480878 1.6476129
v 0.53125 0.71810695 2.31671767
v 0.53125 0.68459402 3.08429
v 2.02277541 0.71959663 2.28259838
v 2.02277541 0.74566116 1.68562246
v 2.02277541 0.70710852 2.28205314
v 0.53125 0.67210591 3.08374475
v 0.53125 0.70561884 2.31617243
v 2.02277541 0.73317306 1.68507722
v 2.02277541 0.71959663 2.28259838
v 0.53125 0.68459402 3.08429
v 0.53125 0.67210591 3.08374475
v 2.02277541 0.70710852 2.28205314
v 0.53125 0.70561884 2.31617243
v 0.53125 0.71810695 2.31671767
v 2.02277541 0.74566116 1.68562246
v 2.02277541 0.73317306 1.68507722
v 2.02277541 0.70710852 2.28205314
v 2.02277541 0.71959663 2.28259838
v 2.1312499 0.7359539 1.90795529
v 2.09057212 0.74729689 1.64815815
v 2.09057212 0.74729689 1.64815815
v 2.09057212 0.73480878 1.6476129
v 2.09057212 0.73480878 1.6476129
v 2.1312499 0.72346579 1.90741005
vn -1 0 0
vn 0.98799 0 -0.15455
vn 0 1 0
vn 0 -1 0
vn 0.47379 0 0.88064
vn -0.38999 0 -0.92082
vn 0.96062 0 0.27787
vn -0.48402 0 -0.87506
vt 0.83594 0.8125
vt 0.83594 0.82031
vt 0.74219 0.82031
vt 0.74219 0.8125
vt 0.8317 0.72656
vt 0.7988 0.72656
vt 0.7988 0.725
vt 0.8317 0.725
vt 0.22031 0.68198
vt 0.22031 0.58594
vt 0.40675 0.68624
vt 0.40675 0.76094
vt 0.48488 0.89969
vt 0.29844 1
vt 0.29844 0.90396
vt 0.48488 0.825
vt 0.85156 0.95312
vt 0.64062 0.95312
vt 0.64062 0.94531
vt 0.85156 0.94531
vt 0.96094 0.63906
vt 0.96094 0.64062
vt 0.75846 0.64062
vt 0.75846 0.63906
vt 0.75 0.725
vt 0.75 0.72656
vt 0.42031 0.73312
vt 0.41523 0.76562
vt 0.74878 0.64062
vt 0.74878 0.63906
vt 0.49335 0.82031
vt 0.49844 0.85282
usemtl mat0
f 1564/1562/418 1565/1563/418 1566/1564/418
f 1564/1562/418 1566/1564/418 1567/1565/418
f 1568/1566/419 1569/1567/419 1570/1568/419
f 1568/1566/419 1570/1568/419 1571/1569/419
f 1572/1570/420 1573/1571/420 1574/1572/420
f 1572/1570/420 1574/1572/420 1575/1573/420
f 1576/1574/421 1577/1575/421 1578/1576/421
f 1576/1574/421 1578/1576/421 1579/1577/421
f 1580/1578/422 1581/1579/422 1582/1580/422
f 1580/1578/422 1582/1580/422 1583/1581/422
f 1584/1582/423 1585/1583/423 1586/1584/423
f 1584/1582/423 1586/1584/423 1587/1585/423
f 1588/1586/424 1570/1568/424 1569/1567/424
f 1588/1586/424 1569/1567/424 1589/1587/424
f 1574/1572/420 1590/1588/420 1591/1589/420
f 1574/1572/420 1591/1589/420 1575/1573/420
f 1586/1584/425 1592/1590/425 1593/1591/425
f 1586/1584/425 1593/1591/425 1587/1585/425
f 1579/1577/421 1594/1592/421 1595/1593/421
f 1579/1577/421 1595/1593/421 1576/1574/421
# Vertices: 32, normals: 8, texture coordinates: 32, faces: 20

o obj16
v -0.38749999 0.71777509 2.75417312
v -0.38749999 0.67688192 3.69078078
v -0.38749999 0.66439383 3.69023554
v -0.38749999 0.705287 2.75362788
v -0.67500001 0.67023571 3.55643447
v -0.67500001 0.6827238 3.55697971
v -0.67500001 0.69002615 3.38972832
v -0.67500001 0.67753806 3.38918307
v -0.67500001 0.6827238 3.55697971
v -0.38749999 0.67688192 3.69078078
v -0.38749999 0.71777509 2.75417312
v -0.67500001 0.69002615 3.38972832
v -0.38749999 0.705287 2.75362788
v -0.38749999 0.66439383 3.69023554
v -0.67500001 0.67023571 3.55643447
v -0.67500001 0.67753806 3.38918307
v -0.38749999 0.66439383 3.69023554
v -0.38749999 0.67688192 3.69078078
v -0.67500001 0.6827238 3.55697971
v -0.67500001 0.67023571 3.55643447
v -0.38749999 0.71777509 2.75417312
v -0.38749999 0.705287 2.75362788
vn 1 0 0
vn -1 0 0
vn 0 1 0
vn 0 -1 0
vn -0.42227 0 0.90647
vn -0.91126 0 -0.41183
vt 0.85156 0.33594
vt 0.73438 0.33594
vt 0.73438 0.32812
vt 0.85156 0.32812
vt 0.85878 0.74063
vt 0.85878 0.74219
vt 0.83786 0.74219
vt 0.83786 0.74063
vt 0.17969 0.32143
vt 0.21875 0.30469
vt 0.21875 0.42188
vt 0.17969 0.34236
vt 0.44531 0.28906
vt 0.44531 0.40625
vt 0.40625 0.38951
vt 0.40625 0.36858
vt 0.23438 0.96094
vt 0.23438 0.96875
vt 0.19531 0.96875
vt 0.19531 0.96094
vt 0.75059 0.74219
vt 0.75059 0.74063
usemtl mat0
f 1596/1594/426 1597/1595/426 1598/1596/426
f 1596/1594/426 1598/1596/426 1599/1597/426
f 1600/1598/427 1601/1599/427 1602/1600/427
f 1600/1598/427 1602/1600/427 1603/1601/427
f 1604/1602/428 1605/1603/428 1606/1604/428
f 1604/1602/428 1606/1604/428 1607/1605/428
f 1608/1606/429 1609/1607/429 1610/1608/429
f 1608/1606/429 1610/1608/429 1611/1609/429
f 1612/1610/430 1613/1611/430 1614/1612/430
f 1612/1610/430 1614/1612/430 1615/1613/430
f 1602/1600/431 1616/1614/431 1617/1615/431
f 1602/1600/431 1617/1615/431 1603/1601/431
# Vertices: 22, normals: 6, texture coordinates: 22, faces: 12

o obj17
v 0.38749999 0.66439383 3.69023554
v 0.38749999 0.67688192 3.69078078
v 0.38749999 0.71777509 2.75417312
v 0.38749999 0.705287 2.75362788
v 0.67500001 0.69002615 3.38972832
v 0.67500001 0.6827238 3.55697971
v 0.67500001 0.67023571 3.55643447
v 0.67500001 0.67753806 3.38918307
v 0.38749999 0.71777509 2.75417312
v 0.38749999 0.67688192 3.69078078
v 0.67500001 0.6827238 3.55697971
v 0.67500001 0.69002615 3.38972832
v 0.67500001 0.67023571 3.55643447
v 0.38749999 0.66439383 3.69023554
v 0.38749999 0.705287 2.75362788
v 0.67500001 0.67753806 3.38918307
v 0.67500001 0.6827238 3.55697971
v 0.38749999 0.67688192 3.69078078
v 0.38749999 0.66439383 3.69023554
v 0.67500001 0.67023571 3.55643447
v 0.38749999 0.705287 2.75362788
v 0.38749999 0.71777509 2.75417312
vn -1 0 0
vn 1 0 0
vn 0 1 0
vn 0 -1 0
vn 0.42227 0 0.90647
vn 0.91126 0 -0.41183
vt 0.85156 0.32031
vt 0.85156 0.32812
vt 0.73438 0.32812
vt 0.73438 0.32031
vt 0.77152 0.73438
vt 0.75059 0.73438
vt 0.75059 0.73281
vt 0.77152 0.73281
vt 0.09375 0.40625
vt 0.09375 0.28906
vt 0.13281 0.3058
vt 0.13281 0.32673
vt 0.17188 0.37388
vt 0.13281 0.39062
vt 0.13281 0.27344
vt 0.17188 0.35296
vt 0.49219 0.69531
vt 0.45312 0.69531
vt 0.45312 0.6875
vt 0.49219 0.6875
vt 0.85878 0.73281
vt 0.85878 0.73438
usemtl mat0
f 1618/1616/432 1619/1617/432 1620/1618/432
f 1618/1616/432 1620/1618/432 1621/1619/432
f 1622/1620/433 1623/1621/433 1624/1622/433
f 1622/1620/433 1624/1622/433 1625/1623/433
f 1626/1624/434 1627/1625/434 1628/1626/434
f 1626/1624/434 1628/1626/434 1629/1627/434
f 1630/1628/435 1631/1629/435 1632/1630/435
f 1630/1628/435 1632/1630/435 1633/1631/435
f 1634/1632/436 1635/1633/436 1636/1634/436
f 1634/1632/436 1636/1634/436 1637/1635/436
f 1638/1636/437 1639/1637/437 1622/1620/437
f 1638/1636/437 1622/1620/437 1625/1623/437
# Vertices: 22, normals: 6, texture coordinates: 22, faces: 12

o obj18
v -0.53125 0.69381067 3.15976378
v -0.5 0.65019129 4.15881202
v -0.5 0.63770318 4.15826678
v -0.53125 0.68132257 3.15921854
v -1.03125 0.63225076 4.2831478
v -1.03125 0.64473886 4.28369305
v -1.09375 0.65564371 4.03393099
v -1.09375 0.6431556 4.03338575
v -1.03125 0.64473886 4.28369305
v -0.5 0.65019129 4.15881202
v -0.53125 0.69381067 3.15976378
v -1.09375 0.65564371 4.03393099
v -0.53125 0.68132257 3.15921854
v -0.5 0.63770318 4.15826678
v -1.03125 0.63225076 4.2831478
v -1.09375 0.6431556 4.03338575
v -0.5 0.63770318 4.15826678
v -0.5 0.65019129 4.15881202
v -1.03125 0.64473886 4.28369305
v -1.03125 0.63225076 4.2831478
v -1.09375 0.65564371 4.03393099
v -0.53125 0.69381067 3.15976378
v -0.53125 0.68132257 3.15921854
v -1.09375 0.6431556 4.03338575
vn 0.99951 0 -0.03123
vn -0.97014 0 0.24254
vn 0 1 0
vn 0 -1 0
vn 0.22904 0 0.97342
vn -0.84118 0 -0.54076
vt 0.85938 0.5625
vt 0.73438 0.5625
vt 0.73438 0.55469
vt 0.85938 0.55469
vt 0.48438 0.55469
vt 0.48438 0.5625
vt 0.45312 0.5625
vt 0.45312 0.55469
vt 0.40052 0.66403
vt 0.44957 0.61662
vt 0.55261 0.6875
vt 0.42258 0.6875
vt 0.26925 0.46094
vt 0.34013 0.56397
vt 0.29272 0.61303
vt 0.26925 0.59096
vt 0.71094 0.96875
vt 0.71094 0.97656
vt 0.64062 0.97656
vt 0.64062 0.96875
vt 0.86719 0.59375
vt 0.73438 0.59375
vt 0.73438 0.58594
vt 0.86719 0.58594
usemtl mat0
f 1640/1638/438 1641/1639/438 1642/1640/438
f 1640/1638/438 1642/1640/438 1643/1641/438
f 1644/1642/439 1645/1643/439 1646/1644/439
f 1644/1642/439 1646/1644/439 1647/1645/439
f 1648/1646/440 1649/1647/440 1650/1648/440
f 1648/1646/440 1650/1648/440 1651/1649/440
f 1652/1650/441 1653/1651/441 1654/1652/441
f 1652/1650/441 1654/1652/441 1655/1653/441
f 1656/1654/442 1657/1655/442 1658/1656/442
f 1656/1654/442 1658/1656/442 1659/1657/442
f 1660/1658/443 1661/1659/443 1662/1660/443
f 1660/1658/443 1662/1660/443 1663/1661/443
# Vertices: 24, normals: 6, texture coordinates: 24, faces: 12

o obj19
v 0.5 0.63770318 4.15826678
v 0.5 0.65019129 4.15881202
v 0.53125 0.69381067 3.15976378
v 0.53125 0.68132257 3.15921854
v 1.09375 0.65564371 4.03393099
v 1.03125 0.64473886 4.28369305
v 1.03125 0.63225076 4.2831478
v 1.09375 0.6431556 4.03338575
v 0.53125 0.69381067 3.15976378
v 0.5 0.65019129 4.15881202
v 1.03125 0.64473886 4.28369305
v 1.09375 0.65564371 4.03393099
v 1.03125 0.63225076 4.2831478
v 0.5 0.63770318 4.15826678
v 0.53125 0.68132257 3.15921854
v 1.09375 0.6431556 4.03338575
v 1.03125 0.64473886 4.28369305
v 0.5 0.65019129 4.15881202
v 0.5 0.63770318 4.15826678
v 1.03125 0.63225076 4.2831478
v 0.53125 0.68132257 3.15921854
v 0.53125 0.69381067 3.15976378
v 1.09375 0.65564371 4.03393099
v 1.09375 0.6431556 4.03338575
vn -0.99951 0 -0.03123
vn 0.97014 0 0.24254
vn 0 1 0
vn 0 -1 0
vn -0.22904 0 0.97342
vn 0.84118 0 -0.54076
vt 0.85938 0.54688
vt 0.85938 0.55469
vt 0.73438 0.55469
vt 0.73438 0.54688
vt 0.52344 0.64062
vt 0.49219 0.64062
vt 0.49219 0.63281
vt 0.52344 0.63281
vt 0.45312 0.5625
vt 0.38281 0.45947
vt 0.43022 0.41041
vt 0.45312 0.43247
vt 0.55261 0.5854
vt 0.50355 0.63281
vt 0.40052 0.5625
vt 0.53054 0.5625
vt 0.8125 0.79688
vt 0.74219 0.79688
vt 0.74219 0.78906
vt 0.8125 0.78906
vt 0.86719 0.57812
vt 0.86719 0.58594
vt 0.73438 0.58594
vt 0.73438 0.57812
usemtl mat0
f 1664/1662/444 1665/1663/444 1666/1664/444
f 1664/1662/444 1666/1664/444 1667/1665/444
f 1668/1666/445 1669/1667/445 1670/1668/445
f 1668/1666/445 1670/1668/445 1671/1669/445
f 1672/1670/446 1673/1671/446 1674/1672/446
f 1672/1670/446 1674/1672/446 1675/1673/446
f 1676/1674/447 1677/1675/447 1678/1676/447
f 1676/1674/447 1678/1676/447 1679/1677/447
f 1680/1678/448 1681/1679/448 1682/1680/448
f 1680/1678/448 1682/1680/448 1683/1681/448
f 1684/1682/449 1685/1683/449 1686/1684/449
f 1684/1682/449 1686/1684/449 1687/1685/449
# Vertices: 24, normals: 6, texture coordinates: 24, faces: 12

o obj20
v 0.55624998 0.69304338 3.89376228
v 0.55624998 1.28334272 3.99877738
v 0.55624998 1.32435491 3.76284179
v 0.55624998 0.7413882 2.78648386
v 0.56875002 1.32435491 3.76284179
v 0.56875002 1.28334272 3.99877738
v 0.56875002 0.69304338 3.89376228
v 0.56875002 0.7413882 2.78648386
v 0.55624998 1.32435491 3.76284179
v 0.55624998 1.28334272 3.99877738
v 0.56875002 1.28334272 3.99877738
v 0.56875002 1.32435491 3.76284179
v 0.56875002 0.63060287 3.89103607
v 0.55624998 0.63060287 3.89103607
v 0.55624998 0.67894768 2.78375765
v 0.56875002 0.67894768 2.78375765
v 0.56875002 1.28334272 3.99877738
v 0.55624998 1.28334272 3.99877738
v 0.55624998 0.69304338 3.89376228
v 0.56875002 0.69304338 3.89376228
v 0.55624998 0.7413882 2.78648386
v 0.55624998 1.32435491 3.76284179
v 0.56875002 1.32435491 3.76284179
v 0.56875002 0.7413882 2.78648386
v 0.55845588 0.64076057 4.01659865
v 0.56654412 0.64076057 4.01659865
v 0.56654412 0.67198083 4.01796175
v 0.55845588 0.67198083 4.01796175
v 0.49375001 0.67894768 2.78375765
v 0.49375001 0.63060287 3.89103607
v 0.49375001 0.69304338 3.89376228
v 0.49375001 0.7413882 2.78648386
v 0.56875002 0.67894768 2.78375765
v 0.55624998 0.67894768 2.78375765
v 0.55624998 0.7413882 2.78648386
v 0.56875002 0.7413882 2.78648386
v 0.63125002 0.63060287 3.89103607
v 0.63125002 0.67894768 2.78375765
v 0.63125002 0.7413882 2.78648386
v 0.63125002 0.69304338 3.89376228
v 0.63125002 0.67894768 2.78375765
v 0.63125002 0.63060287 3.89103607
v 0.63125002 0.7413882 2.78648386
v 0.63125002 0.67894768 2.78375765
v 0.63125002 0.69304338 3.89376228
v 0.63125002 0.7413882 2.78648386
v 0.56875002 0.7413882 2.78648386
v 0.56875002 0.69304338 3.89376228
v 0.59687501 0.64076057 4.01659865
v 0.59687501 0.67198083 4.01796175
v 0.49375001 0.63060287 3.89103607
v 0.49375001 0.67894768 2.78375765
v 0.52812499 0.67198083 4.01796175
v 0.52812499 0.64076057 4.01659865
v 0.49375001 0.7413882 2.78648386
v 0.49375001 0.69304338 3.89376228
v 0.55624998 0.69304338 3.89376228
v 0.55624998 0.7413882 2.78648386
v 0.49375001 0.67894768 2.78375765
v 0.49375001 0.7413882 2.78648386
v 0.52812499 0.64076057 4.01659865
v 0.52812499 0.67198083 4.01796175
v 0.55845588 0.64076057 4.01659865
v 0.52812499 0.64076057 4.01659865
v 0.52812499 0.67198083 4.01796175
v 0.55845588 0.67198083 4.01796175
v 0.56654412 0.64076057 4.01659865
v 0.56654412 0.67198083 4.01796175
v 0.59687501 0.67198083 4.01796175
v 0.59687501 0.64076057 4.01659865
v 0.59687501 0.67198083 4.01796175
v 0.59687501 0.64076057 4.01659865
vn -1 0 0
vn 1 0 0
vn 0 0.99176 0.12812
vn 0 -1 0
vn 0 -0.13204 0.99124
vn 0 0.83542 -0.54962
vn 0 0 1
vn 0 0 -1
vn 0 1 0
vn -0.96421 0 0.26516
vn 0 -0.99228 0.12403
vn 0 0.99228 0.12403
vn 0.96421 0 0.26516
vt 0.4552 0.92386
vt 0.50429 0.98048
vt 0.4816 1
vt 0.33946 1
vt 0.39844 0.64137
vt 0.37694 0.66406
vt 0.32031 0.61496
vt 0.39844 0.49922
vt 0.49219 0.96094
vt 0.49219 0.92969
vt 0.5 0.92969
vt 0.5 0.96094
vt 0.25469 0.29479
vt 0.25313 0.29479
vt 0.25313 0.15625
vt 0.25469 0.15625
vt 0.14844 0.82031
vt 0.14062 0.82031
vt 0.14062 0.74219
vt 0.14844 0.74219
vt 0.53125 0.71875
vt 0.53125 0.85938
vt 0.52344 0.85938
vt 0.52344 0.71875
vt 0.30418 0.83203
vt 0.30519 0.83203
vt 0.30519 0.83594
vt 0.30418 0.83594
vt 0.69606 0.53906
vt 0.83461 0.53906
vt 0.83461 0.54688
vt 0.69606 0.54688
vt 0.3625 0.75
vt 0.36406 0.75
vt 0.36406 0.75781
vt 0.3625 0.75781
vt 0.71227 0.53125
vt 0.85081 0.53125
vt 0.85081 0.53906
vt 0.71227 0.53906
vt 0.2625 0.15625
vt 0.2625 0.29479
vt 0.35469 0.75781
vt 0.35469 0.75
vt 0.42656 0.18177
vt 0.42656 0.32031
vt 0.41875 0.32031
vt 0.41875 0.18177
vt 0.30898 0.83203
vt 0.30898 0.83594
vt 0.24531 0.29479
vt 0.24531 0.15625
vt 0.30039 0.83594
vt 0.30039 0.83203
vt 0.40938 0.32031
vt 0.40938 0.18177
vt 0.41719 0.18177
vt 0.41719 0.32031
vt 0.37187 0.75
vt 0.37187 0.75781
vt 0.85081 0.54102
vt 0.85081 0.54492
vt 0.2534 0.31054
vt 0.24961 0.31054
vt 0.41367 0.16602
vt 0.41746 0.16602
vt 0.25441 0.31054
vt 0.41847 0.16602
vt 0.69606 0.53711
vt 0.69606 0.5332
vt 0.42227 0.16602
vt 0.2582 0.31054
usemtl mat0
f 1688/1686/450 1689/1687/450 1690/1688/450
f 1688/1686/450 1690/1688/450 1691/1689/450
f 1692/1690/451 1693/1691/451 1694/1692/451
f 1692/1690/451 1694/1692/451 1695/1693/451
f 1696/1694/452 1697/1695/452 1698/1696/452
f 1696/1694/452 1698/1696/452 1699/1697/452
f 1700/1698/453 1701/1699/453 1702/1700/453
f 1700/1698/453 1702/1700/453 1703/1701/453
f 1704/1702/454 1705/1703/454 1706/1704/454
f 1704/1702/454 1706/1704/454 1707/1705/454
f 1708/1706/455 1709/1707/455 1710/1708/455
f 1708/1706/455 1710/1708/455 1711/1709/455
f 1712/1710/456 1713/1711/456 1714/1712/456
f 1712/1710/456 1714/1712/456 1715/1713/456
f 1716/1714/450 1717/1715/450 1718/1716/450
f 1716/1714/450 1718/1716/450 1719/1717/450
f 1720/1718/457 1721/1719/457 1722/1720/457
f 1720/1718/457 1722/1720/457 1723/1721/457
f 1724/1722/451 1725/1723/451 1726/1724/451
f 1724/1722/451 1726/1724/451 1727/1725/451
f 1728/1726/453 1729/1727/453 1700/1698/453
f 1728/1726/453 1700/1698/453 1703/1701/453
f 1730/1728/457 1731/1729/457 1720/1718/457
f 1730/1728/457 1720/1718/457 1723/1721/457
f 1732/1730/458 1733/1731/458 1734/1732/458
f 1732/1730/458 1734/1732/458 1735/1733/458
f 1736/1734/456 1737/1735/456 1714/1712/456
f 1736/1734/456 1714/1712/456 1713/1711/456
f 1738/1736/453 1739/1737/453 1702/1700/453
f 1738/1736/453 1702/1700/453 1701/1699/453
f 1740/1738/456 1741/1739/456 1712/1710/456
f 1740/1738/456 1712/1710/456 1715/1713/456
f 1742/1740/458 1743/1741/458 1744/1742/458
f 1742/1740/458 1744/1742/458 1745/1743/458
f 1746/1744/457 1747/1745/457 1722/1720/457
f 1746/1744/457 1722/1720/457 1721/1719/457
f 1748/1746/459 1749/1747/459 1718/1716/459
f 1748/1746/459 1718/1716/459 1717/1715/459
f 1750/1748/460 1751/1749/460 1738/1736/460
f 1750/1748/460 1738/1736/460 1701/1699/460
f 1752/1750/461 1753/1751/461 1744/1742/461
f 1752/1750/461 1744/1742/461 1743/1741/461
f 1754/1752/460 1750/1748/460 1701/1699/460
f 1754/1752/460 1701/1699/460 1700/1698/460
f 1753/1751/461 1755/1753/461 1735/1733/461
f 1753/1751/461 1735/1733/461 1744/1742/461
f 1756/1754/462 1757/1755/462 1724/1722/462
f 1756/1754/462 1724/1722/462 1727/1725/462
f 1755/1753/461 1758/1756/461 1732/1730/461
f 1755/1753/461 1732/1730/461 1735/1733/461
f 1759/1757/460 1754/1752/460 1700/1698/460
f 1759/1757/460 1700/1698/460 1729/1727/460
# Vertices: 72, normals: 13, texture coordinates: 72, faces: 52

o obj21
v -0.56875002 0.69304338 3.89376228
v -0.56875002 1.28334272 3.99877738
v -0.56875002 1.32435491 3.76284179
v -0.56875002 0.7413882 2.78648386
v -0.55624998 1.32435491 3.76284179
v -0.55624998 1.28334272 3.99877738
v -0.55624998 0.69304338 3.89376228
v -0.55624998 0.7413882 2.78648386
v -0.56875002 1.32435491 3.76284179
v -0.56875002 1.28334272 3.99877738
v -0.55624998 1.28334272 3.99877738
v -0.55624998 1.32435491 3.76284179
v -0.55624998 0.63060287 3.89103607
v -0.56875002 0.63060287 3.89103607
v -0.56875002 0.67894768 2.78375765
v -0.55624998 0.67894768 2.78375765
v -0.55624998 1.28334272 3.99877738
v -0.56875002 1.28334272 3.99877738
v -0.56875002 0.69304338 3.89376228
v -0.55624998 0.69304338 3.89376228
v -0.56875002 0.7413882 2.78648386
v -0.56875002 1.32435491 3.76284179
v -0.55624998 1.32435491 3.76284179
v -0.55624998 0.7413882 2.78648386
v -0.56654412 0.64076057 4.01659865
v -0.55845588 0.64076057 4.01659865
v -0.55845588 0.67198083 4.01796175
v -0.56654412 0.67198083 4.01796175
v -0.63125002 0.67894768 2.78375765
v -0.63125002 0.63060287 3.89103607
v -0.63125002 0.69304338 3.89376228
v -0.63125002 0.7413882 2.78648386
v -0.55624998 0.67894768 2.78375765
v -0.56875002 0.67894768 2.78375765
v -0.56875002 0.7413882 2.78648386
v -0.55624998 0.7413882 2.78648386
v -0.49375001 0.63060287 3.89103607
v -0.49375001 0.67894768 2.78375765
v -0.49375001 0.7413882 2.78648386
v -0.49375001 0.69304338 3.89376228
v -0.49375001 0.67894768 2.78375765
v -0.49375001 0.63060287 3.89103607
v -0.49375001 0.7413882 2.78648386
v -0.49375001 0.67894768 2.78375765
v -0.49375001 0.69304338 3.89376228
v -0.49375001 0.7413882 2.78648386
v -0.55624998 0.7413882 2.78648386
v -0.55624998 0.69304338 3.89376228
v -0.52812499 0.64076057 4.01659865
v -0.52812499 0.67198083 4.01796175
v -0.63125002 0.63060287 3.89103607
v -0.63125002 0.67894768 2.78375765
v -0.59687501 0.67198083 4.01796175
v -0.59687501 0.64076057 4.01659865
v -0.63125002 0.7413882 2.78648386
v -0.63125002 0.69304338 3.89376228
v -0.56875002 0.69304338 3.89376228
v -0.56875002 0.7413882 2.78648386
v -0.63125002 0.67894768 2.78375765
v -0.63125002 0.7413882 2.78648386
v -0.59687501 0.64076057 4.01659865
v -0.59687501 0.67198083 4.01796175
v -0.56654412 0.64076057 4.01659865
v -0.59687501 0.64076057 4.01659865
v -0.59687501 0.67198083 4.01796175
v -0.56654412 0.67198083 4.01796175
v -0.55845588 0.64076057 4.01659865
v -0.55845588 0.67198083 4.01796175
v -0.52812499 0.67198083 4.01796175
v -0.52812499 0.64076057 4.01659865
v -0.52812499 0.67198083 4.01796175
v -0.52812499 0.64076057 4.01659865
vn -1 0 0
vn 1 0 0
vn 0 0.99176 0.12812
vn 0 -1 0
vn 0 -0.13204 0.99124
vn 0 0.83542 -0.54962
vn 0 0 1
vn 0 0 -1
vn 0 1 0
vn -0.96421 0 0.26516
vn 0 -0.99228 0.12403
vn 0 0.99228 0.12403
vn 0.96421 0 0.26516
vt 0.46301 0.74417
vt 0.51211 0.80079
vt 0.48941 0.82031
vt 0.34727 0.82031
vt 0.07812 0.61012
vt 0.05662 0.63281
vt 0 0.58371
vt 0.07812 0.46797
vt 0.38281 0.50781
vt 0.38281 0.47656
vt 0.39062 0.47656
vt 0.39062 0.50781
vt 0.7 0.39635
vt 0.69844 0.39635
vt 0.69844 0.25781
vt 0.7 0.25781
vt 0.14062 0.76562
vt 0.13281 0.76562
vt 0.13281 0.6875
vt 0.14062 0.6875
vt 0.15625 0.16406
vt 0.15625 0.30469
vt 0.14844 0.30469
vt 0.14844 0.16406
vt 0.21043 0.68359
vt 0.21144 0.68359
vt 0.21144 0.6875
vt 0.21043 0.6875
vt 0.69606 0.46094
vt 0.83461 0.46094
vt 0.83461 0.46875
vt 0.69606 0.46875
vt 0.40156 0.76562
vt 0.40312 0.76562
vt 0.40312 0.77344
vt 0.40156 0.77344
vt 0.72008 0.625
vt 0.85862 0.625
vt 0.85862 0.63281
vt 0.72008 0.63281
vt 0.70781 0.25781
vt 0.70781 0.39635
vt 0.39375 0.77344
vt 0.39375 0.76562
vt 0.23906 0.17396
vt 0.23906 0.3125
vt 0.23125 0.3125
vt 0.23125 0.17396
vt 0.21523 0.68359
vt 0.21523 0.6875
vt 0.69063 0.39635
vt 0.69063 0.25781
vt 0.20664 0.6875
vt 0.20664 0.68359
vt 0.22187 0.3125
vt 0.22187 0.17396
vt 0.22969 0.17396
vt 0.22969 0.3125
vt 0.41094 0.76562
vt 0.41094 0.77344
vt 0.85081 0.46289
vt 0.85081 0.4668
vt 0.69871 0.4121
vt 0.69492 0.4121
vt 0.22617 0.15821
vt 0.22996 0.15821
vt 0.69972 0.4121
vt 0.23097 0.15821
vt 0.70388 0.63086
vt 0.70388 0.62695
vt 0.23477 0.15821
vt 0.70352 0.4121
usemtl mat0
f 1760/1758/463 1761/1759/463 1762/1760/463
f 1760/1758/463 1762/1760/463 1763/1761/463
f 1764/1762/464 1765/1763/464 1766/1764/464
f 1764/1762/464 1766/1764/464 1767/1765/464
f 1768/1766/465 1769/1767/465 1770/1768/465
f 1768/1766/465 1770/1768/465 1771/1769/465
f 1772/1770/466 1773/1771/466 1774/1772/466
f 1772/1770/466 1774/1772/466 1775/1773/466
f 1776/1774/467 1777/1775/467 1778/1776/467
f 1776/1774/467 1778/1776/467 1779/1777/467
f 1780/1778/468 1781/1779/468 1782/1780/468
f 1780/1778/468 1782/1780/468 1783/1781/468
f 1784/1782/469 1785/1783/469 1786/1784/469
f 1784/1782/469 1786/1784/469 1787/1785/469
f 1788/1786/463 1789/1787/463 1790/1788/463
f 1788/1786/463 1790/1788/463 1791/1789/463
f 1792/1790/470 1793/1791/470 1794/1792/470
f 1792/1790/470 1794/1792/470 1795/1793/470
f 1796/1794/464 1797/1795/464 1798/1796/464
f 1796/1794/464 1798/1796/464 1799/1797/464
f 1800/1798/466 1801/1799/466 1772/1770/466
f 1800/1798/466 1772/1770/466 1775/1773/466
f 1802/1800/470 1803/1801/470 1792/1790/470
f 1802/1800/470 1792/1790/470 1795/1793/470
f 1804/1802/471 1805/1803/471 1806/1804/471
f 1804/1802/471 1806/1804/471 1807/1805/471
f 1808/1806/469 1809/1807/469 1786/1784/469
f 1808/1806/469 1786/1784/469 1785/1783/469
f 1810/1808/466 1811/1809/466 1774/1772/466
f 1810/1808/466 1774/1772/466 1773/1771/466
f 1812/1810/469 1813/1811/469 1784/1782/469
f 1812/1810/469 1784/1782/469 1787/1785/469
f 1814/1812/471 1815/1813/471 1816/1814/471
f 1814/1812/471 1816/1814/471 1817/1815/471
f 1818/1816/470 1819/1817/470 1794/1792/470
f 1818/1816/470 1794/1792/470 1793/1791/470
f 1820/1818/472 1821/1819/472 1790/1788/472
f 1820/1818/472 1790/1788/472 1789/1787/472
f 1822/1820/473 1823/1821/473 1810/1808/473
f 1822/1820/473 1810/1808/473 1773/1771/473
f 1824/1822/474 1825/1823/474 1816/1814/474
f 1824/1822/474 1816/1814/474 1815/1813/474
f 1826/1824/473 1822/1820/473 1773/1771/473
f 1826/1824/473 1773/1771/473 1772/1770/473
f 1825/1823/474 1827/1825/474 1807/1805/474
f 1825/1823/474 1807/1805/474 1816/1814/474
f 1828/1826/475 1829/1827/475 1796/1794/475
f 1828/1826/475 1796/1794/475 1799/1797/475
f 1827/1825/474 1830/1828/474 1804/1802/474
f 1827/1825/474 1804/1802/474 1807/1805/474
f 1831/1829/473 1826/1824/473 1772/1770/473
f 1831/1829/473 1772/1770/473 1801/1799/473
# Vertices: 72, normals: 13, texture coordinates: 72, faces: 52

o obj22
v 0.05205289 0.98646351 0.29267803
v 0.05205289 0.98543633 0.28884455
v 0 0.99704913 0.28933846
v 0.09649982 0.9578026 0.30867436
v 0.09649982 0.95261709 0.28932178
v 0.09649982 0.9578026 0.30867436
v 0.12665775 0.91185636 0.32654272
v 0.12665775 0.90389233 0.29682055
v 0.09649982 0.95261709 0.28932178
v 0.13741857 0.80663215 0.35668877
v 0.13741857 0.79769243 0.32332529
v -0.05205289 0.98543633 0.28884455
v -0.05205289 0.98646351 0.29267803
v 0 0.99704913 0.28933846
v -0.09649982 0.95261709 0.28932178
v -0.09649982 0.9578026 0.30867436
v -0.09649982 0.95261709 0.28932178
v -0.12665775 0.90389233 0.29682055
v -0.12665775 0.91185636 0.32654272
v -0.09649982 0.9578026 0.30867436
v -0.13741857 0.79769243 0.32332529
v -0.13741857 0.80663215 0.35668877
v 0.13741857 0.80663215 0.35668877
v 0.12665775 0.91185636 0.32654272
v 0.11725094 0.90714114 0.32780616
v 0.12691151 0.80516586 0.35708166
v 0.13741857 0.79769243 0.32332529
v 0.13741857 0.80663215 0.35668877
v 0.12691151 0.80516586 0.35708166
v 0.12691151 0.79622615 0.32371818
v 0.12665775 0.90389233 0.29682055
v 0.13741857 0.79769243 0.32332529
v 0.12691151 0.79622615 0.32371818
v 0.11725094 0.89917711 0.29808399
v 0.09649982 0.9578026 0.30867436
v 0.08973999 0.94822297 0.31124121
v 0.11725094 0.90714114 0.32780616
v 0.09649982 0.95261709 0.28932178
v 0.11725094 0.89917711 0.29808399
v 0.08973999 0.94303747 0.29188863
v 0.05205289 0.98646351 0.29267803
v 0.04856693 0.9745221 0.29587772
v 0.08973999 0.94822297 0.31124121
v 0.05205289 0.98543633 0.28884455
v 0.08973999 0.94303747 0.29188863
v 0.04856693 0.97349492 0.29204424
v 0 0.99704913 0.28933846
v 0.04856693 0.97349492 0.29204424
v 0 0.98436145 0.29273812
v 0 0.99704913 0.28933846
v 0 0.98436145 0.29273812
v 0.04856693 0.9745221 0.29587772
v -0.09649982 0.95261709 0.28932178
v -0.05205289 0.98543633 0.28884455
v -0.04856693 0.97349492 0.29204424
v -0.08973999 0.94303747 0.29188863
v -0.05205289 0.98646351 0.29267803
v -0.09649982 0.9578026 0.30867436
v -0.08973999 0.94822297 0.31124121
v -0.04856693 0.9745221 0.29587772
v 0 0.99704913 0.28933846
v -0.04856693 0.9745221 0.29587772
v 0 0.98436145 0.29273812
v 0 0.99704913 0.28933846
v 0 0.98436145 0.29273812
v -0.04856693 0.97349492 0.29204424
v -0.12665775 0.90389233 0.29682055
v -0.08973999 0.94303747 0.29188863
v -0.11725094 0.89917711 0.29808399
v -0.12665775 0.91185636 0.32654272
v -0.11725094 0.90714114 0.32780616
v -0.08973999 0.94822297 0.31124121
v -0.13741857 0.79769243 0.32332529
v -0.11725094 0.89917711 0.29808399
v -0.12691151 0.79622615 0.32371818
v -0.13741857 0.80663215 0.35668877
v -0.13741857 0.79769243 0.32332529
v -0.12691151 0.79622615 0.32371818
v -0.12691151 0.80516586 0.35708166
v -0.13741857 0.80663215 0.35668877
v -0.12691151 0.80516586 0.35708166
v -0.11725094 0.90714114 0.32780616
vn 0.20836 0.97805 0
vn 0.58217 0.81307 0
vn 0.85165 0.52411 0
vn 0.9952 0.09785 0
vn -0.20836 0.97805 0
vn -0.58217 0.81307 -0
vn -0.85165 0.52411 0
vn -0.9952 0.09785 0
vn -0.0085 0.01638 0.99983
vn 0.14299 -0.98972 0
vn -0.00245 0.01698 -0.99985
vn -0.08401 0.05726 0.99482
vn -0.04289 0.08266 -0.99565
vn -0.14858 0.04189 0.98801
vn -0.12017 0.08191 -0.98937
vn -0.06298 0.01776 -0.99786
vn -0.00934 0 0.99996
vn 0.14858 0.04189 -0.98801
vn 0.12017 0.08191 0.98937
vn 0.00881 0.00248 0.99996
vn 0.06676 0 -0.99777
vn 0.08401 0.05726 -0.99482
vn 0.04289 0.08266 0.99565
vn 0.0085 0.01638 -0.99983
vn -0.14299 -0.98972 0
vn 0.00245 0.01698 0.99985
vt 0.33178 0.99335
vt 0.33228 0.99335
vt 0.33184 1
vt 0.33078 0.98651
vt 0.33328 0.98651
vt 0.04953 0.5
vt 0.04886 0.49281
vt 0.0527 0.49281
vt 0.05203 0.5
vt 0.04862 0.47906
vt 0.05294 0.47906
vt 0.34741 0.86835
vt 0.3479 0.86835
vt 0.34784 0.875
vt 0.3464 0.86151
vt 0.34891 0.86151
vt 0.19015 0.5
vt 0.18948 0.49281
vt 0.19333 0.49281
vt 0.19266 0.5
vt 0.18925 0.47906
vt 0.19356 0.47906
vt 0.31728 0.5998
vt 0.31586 0.61348
vt 0.31469 0.61286
vt 0.31597 0.59961
vt 0.22656 0.79688
vt 0.21875 0.79688
vt 0.21875 0.78906
vt 0.22656 0.78906
vt 0.40287 0.51965
vt 0.40152 0.50597
vt 0.40284 0.50578
vt 0.40405 0.51904
vt 0.31205 0.61961
vt 0.31121 0.61837
vt 0.31469 0.61286
vt 0.40666 0.5258
vt 0.40405 0.51904
vt 0.4075 0.52457
vt 0.30642 0.62361
vt 0.30598 0.62207
vt 0.31121 0.61837
vt 0.41227 0.52983
vt 0.4075 0.52456
vt 0.41271 0.52829
vt 0.41878 0.53125
vt 0.41271 0.52829
vt 0.41879 0.52961
vt 0.29991 0.625
vt 0.29991 0.62336
vt 0.30598 0.62207
vt 0.12459 0.38516
vt 0.11899 0.38919
vt 0.11854 0.38765
vt 0.12375 0.38392
vt 0.43577 0.6158
vt 0.43014 0.6118
vt 0.43098 0.61056
vt 0.43621 0.61426
vt 0.44228 0.61719
vt 0.43621 0.61426
vt 0.44228 0.61555
vt 0.11247 0.39062
vt 0.11246 0.38898
vt 0.11854 0.38765
vt 0.12838 0.37901
vt 0.12374 0.38392
vt 0.1272 0.3784
vt 0.42633 0.60567
vt 0.4275 0.60505
vt 0.43098 0.61056
vt 0.12972 0.36532
vt 0.1272 0.3784
vt 0.12841 0.36514
vt 0.15625 0.77344
vt 0.14844 0.77344
vt 0.14844 0.76562
vt 0.15625 0.76562
vt 0.42491 0.59199
vt 0.42622 0.59179
vt 0.4275 0.60505
usemtl mat0
f 1832/1830/476 1833/1831/476 1834/1832/476
f 1832/1830/477 1835/1833/477 1836/1834/477
f 1832/1830/477 1836/1834/477 1833/1831/477
f 1837/1835/478 1838/1836/478 1839/1837/478
f 1837/1835/478 1839/1837/478 1840/1838/478
f 1838/1836/479 1841/1839/479 1842/1840/479
f 1838/1836/479 1842/1840/479 1839/1837/479
f 1843/1841/480 1844/1842/480 1845/1843/480
f 1843/1841/481 1846/1844/481 1847/1845/481
f 1843/1841/481 1847/1845/481 1844/1842/481
f 1848/1846/482 1849/1847/482 1850/1848/482
f 1848/1846/482 1850/1848/482 1851/1849/482
f 1849/1847/483 1852/1850/483 1853/1851/483
f 1849/1847/483 1853/1851/483 1850/1848/483
f 1854/1852/484 1855/1853/484 1856/1854/484
f 1854/1852/484 1856/1854/484 1857/1855/484
f 1858/1856/485 1859/1857/485 1860/1858/485
f 1858/1856/485 1860/1858/485 1861/1859/485
f 1862/1860/486 1863/1861/486 1864/1862/486
f 1862/1860/486 1864/1862/486 1865/1863/486
f 1855/1853/487 1866/1864/487 1867/1865/487
f 1855/1853/487 1867/1865/487 1868/1866/487
f 1869/1867/488 1862/1860/488 1870/1868/488
f 1869/1867/488 1870/1868/488 1871/1869/488
f 1866/1864/489 1872/1870/489 1873/1871/489
f 1866/1864/489 1873/1871/489 1874/1872/489
f 1875/1873/490 1869/1867/490 1876/1874/490
f 1875/1873/490 1876/1874/490 1877/1875/490
f 1878/1876/491 1875/1873/491 1879/1877/491
f 1878/1876/491 1879/1877/491 1880/1878/491
f 1872/1870/492 1881/1879/492 1882/1880/492
f 1872/1870/492 1882/1880/492 1883/1881/492
f 1884/1882/493 1885/1883/493 1886/1884/493
f 1884/1882/493 1886/1884/493 1887/1885/493
f 1888/1886/494 1889/1887/494 1890/1888/494
f 1888/1886/494 1890/1888/494 1891/1889/494
f 1892/1890/495 1888/1886/495 1893/1891/495
f 1892/1890/495 1893/1891/495 1894/1892/495
f 1885/1883/496 1895/1893/496 1896/1894/496
f 1885/1883/496 1896/1894/496 1897/1895/496
f 1898/1896/497 1884/1882/497 1899/1897/497
f 1898/1896/497 1899/1897/497 1900/1898/497
f 1889/1887/498 1901/1899/498 1902/1900/498
f 1889/1887/498 1902/1900/498 1903/1901/498
f 1904/1902/499 1898/1896/499 1905/1903/499
f 1904/1902/499 1905/1903/499 1906/1904/499
f 1907/1905/500 1908/1906/500 1909/1907/500
f 1907/1905/500 1909/1907/500 1910/1908/500
f 1901/1899/501 1911/1909/501 1912/1910/501
f 1901/1899/501 1912/1910/501 1913/1911/501
# Vertices: 82, normals: 26, texture coordinates: 82, faces: 50

o obj23
v 0.04968545 0.97491094 0.6534906
v 0.04968545 0.97508405 0.64952566
v 0 0.98532825 0.65345895
v 0.09211086 0.9447253 0.66021359
v 0.09211086 0.94559923 0.64019739
v 0.09211086 0.9447253 0.66021359
v 0.12089717 0.89854897 0.66357024
v 0.12089717 0.89989116 0.63282899
v 0.09211086 0.94559923 0.64019739
v 0.13116857 0.79586636 0.66097375
v 0.13116857 0.797373 0.62646621
v -0.04968545 0.97508405 0.64952566
v -0.04968545 0.97491094 0.6534906
v 0 0.98532825 0.65345895
v -0.09211086 0.94559923 0.64019739
v -0.09211086 0.9447253 0.66021359
v -0.09211086 0.94559923 0.64019739
v -0.12089717 0.89989116 0.63282899
v -0.12089717 0.89854897 0.66357024
v -0.09211086 0.9447253 0.66021359
v -0.13116857 0.797373 0.62646621
v -0.13116857 0.79586636 0.66097375
v 0.13116857 0.79586636 0.66097375
v 0.12089717 0.89854897 0.66357024
v 0.1119182 0.89397256 0.66337043
v 0.12113938 0.79444323 0.66091162
v 0.13116857 0.797373 0.62646621
v 0.13116857 0.79586636 0.66097375
v 0.12113938 0.79444323 0.66091162
v 0.12113938 0.79594986 0.62640408
v 0.12089717 0.89989116 0.63282899
v 0.13116857 0.797373 0.62646621
v 0.12113938 0.79594986 0.62640408
v 0.1119182 0.89531476 0.63262918
v 0.09211086 0.9447253 0.66021359
v 0.08565848 0.93542767 0.65980765
v 0.1119182 0.89397256 0.66337043
v 0.09211086 0.94559923 0.64019739
v 0.1119182 0.89531476 0.63262918
v 0.08565848 0.9363016 0.63979145
v 0.04968545 0.97491094 0.6534906
v 0.04635803 0.96332104 0.65298457
v 0.08565848 0.93542767 0.65980765
v 0.04968545 0.97508405 0.64952566
v 0.08565848 0.9363016 0.63979145
v 0.04635803 0.96349415 0.64901963
v 0 0.98532825 0.65345895
v 0.04635803 0.96349415 0.64901963
v 0 0.96677 0.65264868
v 0 0.98532825 0.65345895
v 0 0.96677 0.65264868
v 0.04635803 0.96332104 0.65298457
v -0.09211086 0.94559923 0.64019739
v -0.04968545 0.97508405 0.64952566
v -0.04635803 0.96349415 0.64901963
v -0.08565848 0.9363016 0.63979145
v -0.04968545 0.97491094 0.6534906
v -0.09211086 0.9447253 0.66021359
v -0.08565848 0.93542767 0.65980765
v -0.04635803 0.96332104 0.65298457
v 0 0.98532825 0.65345895
v -0.04635803 0.96332104 0.65298457
v 0 0.96677 0.65264868
v 0 0.98532825 0.65345895
v 0 0.96677 0.65264868
v -0.04635803 0.96349415 0.64901963
v -0.12089717 0.89989116 0.63282899
v -0.08565848 0.9363016 0.63979145
v -0.1119182 0.89531476 0.63262918
v -0.12089717 0.89854897 0.66357024
v -0.1119182 0.89397256 0.66337043
v -0.08565848 0.93542767 0.65980765
v -0.13116857 0.797373 0.62646621
v -0.1119182 0.89531476 0.63262918
v -0.12113938 0.79594986 0.62640408
v -0.13116857 0.79586636 0.66097375
v -0.13116857 0.797373 0.62646621
v -0.12113938 0.79594986 0.62640408
v -0.12113938 0.79444323 0.66091162
v -0.13116857 0.79586636 0.66097375
v -0.12113938 0.79444323 0.66091162
v -0.1119182 0.89397256 0.66337043
vn 0.20499 0.97876 0
vn 0.57561 0.81773 0
vn 0.84762 0.5306 0
vn 0.99504 0.09952 0
vn -0.20499 0.97876 0
vn -0.57561 0.81773 -0
vn -0.84762 0.5306 0
vn -0.99504 0.09952 0
vn -0.00891 0.01746 0.99981
vn 0.14062 -0.99006 0
vn -0.00257 0.01809 -0.99983
vn -0.08797 0.06099 0.99425
vn -0.04491 0.08804 -0.9951
vn -0.15547 0.04459 0.98683
vn -0.12575 0.08719 -0.98822
vn -0.06597 0.01892 -0.99764
vn -0.00978 0 0.99995
vn 0.15547 0.04459 -0.98683
vn 0.12575 0.08719 0.98822
vn 0.00923 0.00265 0.99995
vn 0.06992 0 -0.99755
vn 0.08797 0.06099 -0.99425
vn 0.04491 0.08804 0.9951
vn 0.00891 0.01746 -0.99981
vn -0.14062 -0.99006 0
vn 0.00257 0.01809 0.99983
vt 0.39428 0.66553
vt 0.39478 0.66553
vt 0.39434 0.67188
vt 0.39328 0.65904
vt 0.39578 0.65904
vt 0.29953 0.5
vt 0.29886 0.49322
vt 0.3027 0.49322
vt 0.30203 0.5
vt 0.29862 0.48032
vt 0.30294 0.48032
vt 0.32397 0.59522
vt 0.32447 0.59522
vt 0.32441 0.60156
vt 0.32297 0.58873
vt 0.32547 0.58873
vt 0.05734 0.48438
vt 0.05667 0.47759
vt 0.06052 0.47759
vt 0.05985 0.48438
vt 0.05644 0.46469
vt 0.06075 0.46469
vt 0.18409 0.36698
vt 0.18272 0.37981
vt 0.1816 0.37923
vt 0.18284 0.3668
vt 0.23438 0.79688
vt 0.22656 0.79688
vt 0.22656 0.78906
vt 0.23438 0.78906
vt 0.54382 0.24691
vt 0.54254 0.23407
vt 0.54379 0.2339
vt 0.54494 0.24634
vt 0.17907 0.38557
vt 0.17827 0.3844
vt 0.1816 0.37924
vt 0.54743 0.25269
vt 0.54494 0.24634
vt 0.54824 0.25153
vt 0.17369 0.38932
vt 0.17327 0.38787
vt 0.17827 0.38441
vt 0.5528 0.25648
vt 0.54824 0.25153
vt 0.55322 0.25503
vt 0.55901 0.25781
vt 0.55322 0.25503
vt 0.55903 0.25549
vt 0.16747 0.39062
vt 0.16747 0.3883
vt 0.17327 0.38787
vt 0.62444 0.41674
vt 0.61908 0.42053
vt 0.61866 0.41908
vt 0.62363 0.41558
vt 0.04506 0.26432
vt 0.03968 0.26057
vt 0.04048 0.2594
vt 0.04547 0.26288
vt 0.05127 0.26562
vt 0.04547 0.26287
vt 0.05127 0.2633
vt 0.61286 0.42188
vt 0.61285 0.41955
vt 0.61866 0.41908
vt 0.62805 0.41096
vt 0.62363 0.41558
vt 0.62693 0.41039
vt 0.03603 0.25481
vt 0.03715 0.25423
vt 0.04048 0.2594
vt 0.62934 0.39812
vt 0.62693 0.41039
vt 0.62809 0.39794
vt 0.15625 0.75781
vt 0.14844 0.75781
vt 0.14844 0.75
vt 0.15625 0.75
vt 0.03467 0.24198
vt 0.03592 0.24179
vt 0.03715 0.25423
usemtl mat0
f 1914/1912/502 1915/1913/502 1916/1914/502
f 1914/1912/503 1917/1915/503 1918/1916/503
f 1914/1912/503 1918/1916/503 1915/1913/503
f 1919/1917/504 1920/1918/504 1921/1919/504
f 1919/1917/504 1921/1919/504 1922/1920/504
f 1920/1918/505 1923/1921/505 1924/1922/505
f 1920/1918/505 1924/1922/505 1921/1919/505
f 1925/1923/506 1926/1924/506 1927/1925/506
f 1925/1923/507 1928/1926/507 1929/1927/507
f 1925/1923/507 1929/1927/507 1926/1924/507
f 1930/1928/508 1931/1929/508 1932/1930/508
f 1930/1928/508 1932/1930/508 1933/1931/508
f 1931/1929/509 1934/1932/509 1935/1933/509
f 1931/1929/509 1935/1933/509 1932/1930/509
f 1936/1934/510 1937/1935/510 1938/1936/510
f 1936/1934/510 1938/1936/510 1939/1937/510
f 1940/1938/511 1941/1939/511 1942/1940/511
f 1940/1938/511 1942/1940/511 1943/1941/511
f 1944/1942/512 1945/1943/512 1946/1944/512
f 1944/1942/512 1946/1944/512 1947/1945/512
f 1937/1935/513 1948/1946/513 1949/1947/513
f 1937/1935/513 1949/1947/513 1950/1948/513
f 1951/1949/514 1944/1942/514 1952/1950/514
f 1951/1949/514 1952/1950/514 1953/1951/514
f 1948/1946/515 1954/1952/515 1955/1953/515
f 1948/1946/515 1955/1953/515 1956/1954/515
f 1957/1955/516 1951/1949/516 1958/1956/516
f 1957/1955/516 1958/1956/516 1959/1957/516
f 1960/1958/517 1957/1955/517 1961/1959/517
f 1960/1958/517 1961/1959/517 1962/1960/517
f 1954/1952/518 1963/1961/518 1964/1962/518
f 1954/1952/518 1964/1962/518 1965/1963/518
f 1966/1964/519 1967/1965/519 1968/1966/519
f 1966/1964/519 1968/1966/519 1969/1967/519
f 1970/1968/520 1971/1969/520 1972/1970/520
f 1970/1968/520 1972/1970/520 1973/1971/520
f 1974/1972/521 1970/1968/521 1975/1973/521
f 1974/1972/521 1975/1973/521 1976/1974/521
f 1967/1965/522 1977/1975/522 1978/1976/522
f 1967/1965/522 1978/1976/522 1979/1977/522
f 1980/1978/523 1966/1964/523 1981/1979/523
f 1980/1978/523 1981/1979/523 1982/1980/523
f 1971/1969/524 1983/1981/524 1984/1982/524
f 1971/1969/524 1984/1982/524 1985/1983/524
f 1986/1984/525 1980/1978/525 1987/1985/525
f 1986/1984/525 1987/1985/525 1988/1986/525
f 1989/1987/526 1990/1988/526 1991/1989/526
f 1989/1987/526 1991/1989/526 1992/1990/526
f 1983/1981/527 1993/1991/527 1994/1992/527
f 1983/1981/527 1994/1992/527 1995/1993/527
# Vertices: 82, normals: 26, texture coordinates: 82, faces: 50

o obj24
v 0.01046656 0.98036688 0.52986691
v 0.02980625 0.98102668 0.51475484
v 0 0.99437266 0.4310246
v 0.01933969 0.94892221 0.76131271
v 0.05507477 0.9490509 0.75836533
v 0.02980625 0.98102668 0.51475484
v 0.01933969 0.94892221 0.76131271
v 0.02526852 0.90688197 0.77827747
v 0.07195866 0.90683916 0.77925786
v 0.05507477 0.9490509 0.75836533
v 0.02735045 0.85739645 0.79589942
v 0.07788749 0.85748489 0.79387384
v 0.07195866 0.90683916 0.77925786
v 0.02735045 0.85739645 0.79589942
v 0.02526852 0.81447093 0.66327257
v 0.07195866 0.81606385 0.62678864
v 0.07788749 0.85748489 0.79387384
v 0.02980625 0.98102668 0.51475484
v 0.04460821 0.98224585 0.48683127
v 0 0.99437266 0.4310246
v 0.06932998 0.95048577 0.72550143
v 0.04460821 0.98224585 0.48683127
v 0.05507477 0.9490509 0.75836533
v 0.07195866 0.90683916 0.77925786
v 0.09459851 0.90787415 0.75555279
v 0.06932998 0.95048577 0.72550143
v 0.07195866 0.90683916 0.77925786
v 0.10347164 0.80657561 0.79361574
v 0.09459851 0.90787415 0.75555279
v 0.07195866 0.81606385 0.62678864
v 0.10769375 0.81900718 0.55937528
v 0.07788749 0.85748489 0.79387384
v 0.10347164 0.80657561 0.79361574
v 0.04460821 0.98224585 0.48683127
v 0.05261897 0.98383878 0.45034734
v 0 0.99437266 0.4310246
v 0.09722719 0.96180902 0.46615632
v 0.05261897 0.98383878 0.45034734
v 0.06932998 0.95048577 0.72550143
v 0.09459851 0.90787415 0.75555279
v 0.12703344 0.92009972 0.47554122
v 0.09722719 0.96180902 0.46615632
v 0.10347164 0.80657561 0.79361574
v 0.1375 0.82048113 0.47512681
v 0.12703344 0.92009972 0.47554122
v 0.10347164 0.80657561 0.79361574
v 0.10769375 0.81900718 0.55937528
v 0.12703344 0.82285283 0.47129533
v 0.1375 0.82048113 0.47512681
v 0.05261897 0.98383878 0.45034734
v 0.05261897 0.98556294 0.41085742
v 0 0.99437266 0.4310246
v 0.09722719 0.96499486 0.39318857
v 0.09722719 0.96180902 0.46615632
v 0.12703344 0.92426222 0.38020418
v 0.09722719 0.96499486 0.39318857
v 0.12703344 0.92009972 0.47554122
v 0.1375 0.8249866 0.37193468
v 0.12703344 0.92426222 0.38020418
v 0.1375 0.82048113 0.47512681
v 0.12703344 0.82701534 0.37595829
v 0.1375 0.8249866 0.37193468
v 0.05261897 0.98556294 0.41085742
v 0.04460821 0.98715587 0.37437349
v 0 0.99437266 0.4310246
v 0.08242522 0.9679382 0.32577509
v 0.09722719 0.96499486 0.39318857
v 0.12703344 0.92426222 0.38020418
v 0.10769375 0.87294387 0.15606052
v 0.08242522 0.9679382 0.32577509
v 0.11656687 0.79399099 0.14883274
v 0.10769375 0.87294387 0.15606052
v 0.1375 0.8249866 0.37193468
v 0.10769375 0.8337732 0.22117789
v 0.11656687 0.79399099 0.14883274
v 0.04460821 0.98715587 0.37437349
v 0.02980625 0.98837504 0.34644992
v 0 0.99437266 0.4310246
v 0.05507477 0.97019093 0.27417909
v 0.08242522 0.9679382 0.32577509
v 0.10769375 0.87294387 0.15606052
v 0.07195866 0.87588721 0.08864704
v 0.05507477 0.97019093 0.27417909
v 0.10769375 0.87294387 0.15606052
v 0.07788749 0.8480005 0.07808387
v 0.07195866 0.87588721 0.08864704
v 0.11656687 0.79399099 0.14883274
v 0.07195866 0.83671653 0.15376441
v 0.07788749 0.8480005 0.07808387
v 0.02980625 0.98837504 0.34644992
v 0.01046656 0.98903484 0.33133785
v 0 0.99437266 0.4310246
v 0.02980625 0.98837504 0.34644992
v 0.01933969 0.9714101 0.24625552
v 0.01046656 0.98903484 0.33133785
v 0.07195866 0.87588721 0.08864704
v 0.02526852 0.87748013 0.0521631
v 0.07195866 0.87588721 0.08864704
v 0.07788749 0.8480005 0.07808387
v 0.02735045 0.84972467 0.03859396
v 0.02526852 0.87748013 0.0521631
v 0.07788749 0.8480005 0.07808387
v 0.07195866 0.83671653 0.15376441
v 0.02526852 0.83830946 0.11728048
v 0.02735045 0.84972467 0.03859396
v -0.01046656 0.98903484 0.33133785
v 0 0.99437266 0.4310246
v 0.01933969 0.9714101 0.24625552
v -0.01933969 0.9714101 0.24625552
v 0.02526852 0.87748013 0.0521631
v -0.02526852 0.87748013 0.0521631
v 0.02526852 0.87748013 0.0521631
v -0.02735045 0.84972467 0.03859396
v -0.02526852 0.87748013 0.0521631
v 0.02735045 0.84972467 0.03859396
v -0.02526852 0.83830946 0.11728048
v -0.02735045 0.84972467 0.03859396
v -0.02980625 0.98837504 0.34644992
v 0 0.99437266 0.4310246
v -0.01933969 0.9714101 0.24625552
v -0.05507477 0.97019093 0.27417909
v -0.02526852 0.87748013 0.0521631
v -0.07195866 0.87588721 0.08864704
v -0.02526852 0.87748013 0.0521631
v -0.07788749 0.8480005 0.07808387
v -0.07195866 0.87588721 0.08864704
v -0.02735045 0.84972467 0.03859396
v -0.07195866 0.83671653 0.15376441
v -0.07788749 0.8480005 0.07808387
v -0.04460821 0.98715587 0.37437349
v 0 0.99437266 0.4310246
v -0.05507477 0.97019093 0.27417909
v -0.08242522 0.9679382 0.32577509
v -0.05507477 0.97019093 0.27417909
v -0.07195866 0.87588721 0.08864704
v -0.10769375 0.87294387 0.15606052
v -0.08242522 0.9679382 0.32577509
v -0.07195866 0.87588721 0.08864704
v -0.07788749 0.8480005 0.07808387
v -0.11656687 0.79399099 0.14883274
v -0.10769375 0.87294387 0.15606052
v -0.07788749 0.8480005 0.07808387
v -0.10769375 0.8337732 0.22117789
v -0.11656687 0.79399099 0.14883274
v -0.05261897 0.98556294 0.41085742
v 0 0.99437266 0.4310246
v -0.08242522 0.9679382 0.32577509
v -0.09722719 0.96499486 0.39318857
v -0.08242522 0.9679382 0.32577509
v -0.10769375 0.87294387 0.15606052
v -0.12703344 0.92426222 0.38020418
v -0.09722719 0.96499486 0.39318857
v -0.1375 0.8249866 0.37193468
v -0.12703344 0.92426222 0.38020418
v -0.11656687 0.79399099 0.14883274
v -0.10769375 0.8337732 0.22117789
v -0.12703344 0.82701534 0.37595829
v -0.1375 0.8249866 0.37193468
v -0.05261897 0.98383878 0.45034734
v 0 0.99437266 0.4310246
v -0.09722719 0.96499486 0.39318857
v -0.09722719 0.96180902 0.46615632
v -0.09722719 0.96499486 0.39318857
v -0.12703344 0.92426222 0.38020418
v -0.12703344 0.92009972 0.47554122
v -0.09722719 0.96180902 0.46615632
v -0.12703344 0.92426222 0.38020418
v -0.1375 0.82048113 0.47512681
v -0.12703344 0.92009972 0.47554122
v -0.1375 0.8249866 0.37193468
v -0.12703344 0.82701534 0.37595829
v -0.12703344 0.82285283 0.47129533
v -0.1375 0.82048113 0.47512681
v -0.04460821 0.98224585 0.48683127
v 0 0.99437266 0.4310246
v -0.09722719 0.96180902 0.46615632
v -0.06932998 0.94912266 0.75672169
v -0.04460821 0.98224585 0.48683127
v -0.09722719 0.96180902 0.46615632
v -0.09459851 0.90678366 0.78052897
v -0.06932998 0.94912266 0.75672169
v -0.10347164 0.80684823 0.78737166
v -0.09459851 0.90678366 0.78052897
v -0.1375 0.82048113 0.47512681
v -0.10769375 0.81900718 0.55937528
v -0.10347164 0.80684823 0.78737166
v -0.02980625 0.98102668 0.51475484
v 0 0.99437266 0.4310246
v -0.06932998 0.94912266 0.75672169
v -0.05507477 0.9490509 0.75836533
v -0.02980625 0.98102668 0.51475484
v -0.06932998 0.94912266 0.75672169
v -0.09459851 0.90678366 0.78052897
v -0.07195866 0.90683916 0.77925786
v -0.05507477 0.9490509 0.75836533
v -0.10347164 0.80684823 0.78737166
v -0.07788749 0.85748489 0.79387384
v -0.07195866 0.90683916 0.77925786
v -0.10347164 0.80684823 0.78737166
v -0.07195866 0.81606385 0.62678864
v -0.07788749 0.85748489 0.79387384
v -0.01046656 0.98036688 0.52986691
v 0 0.99437266 0.4310246
v -0.05507477 0.9490509 0.75836533
v -0.01933969 0.94892221 0.76131271
v -0.01046656 0.98036688 0.52986691
v -0.05507477 0.9490509 0.75836533
v -0.07195866 0.90683916 0.77925786
v -0.02526852 0.90688197 0.77827747
v -0.01933969 0.94892221 0.76131271
v -0.07195866 0.90683916 0.77925786
v -0.02735045 0.85739645 0.79589942
v -0.02526852 0.90688197 0.77827747
v -0.07788749 0.85748489 0.79387384
v -0.02526852 0.81447093 0.66327257
v -0.02735045 0.85739645 0.79589942
v 0.01046656 0.98036688 0.52986691
v 0 0.99437266 0.4310246
v -0.01933969 0.94892221 0.76131271
v -0.01933969 0.94892221 0.76131271
v -0.02526852 0.90688197 0.77827747
v 0.02526852 0.90688197 0.77827747
v 0.01933969 0.94892221 0.76131271
v -0.02735045 0.85739645 0.79589942
v 0.02735045 0.85739645 0.79589942
vn 0.06995 0.99353 0.08944
vn 0.00751 0.99582 0.09099
vn -0.01915 0.41195 0.911
vn 0.03712 0.37734 0.92533
vn 0.26077 -0.906 0.3334
vn 0.12871 0.98934 0.06816
vn 0.15984 0.98471 0.06927
vn 0.59937 0.56009 0.57189
vn 0.59153 0.32594 0.73747
vn 0.44896 -0.86134 0.23776
vn 0.16746 0.98519 0.03673
vn 0.38862 0.92045 0.04176
vn 0.81488 0.57191 0.0943
vn 0.98556 0.13271 0.1052
vn -0.04658 -0.99886 -0.01022
vn 0.18095 0.98349 0
vn 0.43121 0.90225 0
vn 0.81061 0.58558 0
vn 0.99452 0.10457 0
vn -0.20591 -0.97857 0
vn 0.16746 0.98519 -0.03673
vn 0.40234 0.91122 -0.08826
vn 0.75684 0.61025 -0.23407
vn 0.98765 0.10832 -0.11322
vn -0.19699 -0.9801 0.02459
vn 0.12871 0.98934 -0.06816
vn 0.31565 0.93404 -0.16716
vn 0.63277 0.69808 -0.3351
vn 0.9096 0.12087 -0.39752
vn -0.63995 -0.68964 0.33891
vn 0.06995 0.99353 -0.08944
vn 0.17533 0.95865 -0.22416
vn 0.3422 0.83155 -0.43751
vn 0.57424 0.36225 -0.73418
vn 0.07663 -0.99223 -0.09797
vn 0 0.99529 -0.09698
vn 0 0.96943 -0.24536
vn 0 0.88028 -0.47446
vn 0 0.3996 -0.91669
vn 0 -0.99496 -0.10027
vn -0.06995 0.99353 -0.08944
vn -0.17533 0.95865 -0.22416
vn -0.3422 0.83155 -0.43751
vn -0.57424 0.36225 -0.73418
vn -0.07663 -0.99223 -0.09797
vn -0.12871 0.98934 -0.06816
vn -0.31565 0.93404 -0.16716
vn -0.63277 0.69808 -0.3351
vn -0.91482 0.28564 -0.28552
vn -0.16925 -0.98149 -0.08963
vn -0.16746 0.98519 -0.03673
vn -0.40234 0.91122 -0.08826
vn -0.79872 0.55865 -0.22351
vn -0.98662 0.11601 -0.11454
vn 0.91847 -0.3785 0.11465
vn -0.18095 0.98349 0
vn -0.43121 0.90225 -0
vn -0.81061 0.58558 0
vn -0.99452 0.10457 0
vn 0.20591 -0.97857 0
vn -0.16746 0.98519 0.03673
vn -0.41854 0.90731 0.04015
vn -0.79666 0.59847 0.08464
vn -0.98829 0.10817 0.1076
vn 0.19066 -0.98076 -0.04182
vn -0.12871 0.98934 0.06816
vn -0.00895 0.99695 0.07759
vn 0.04841 0.5055 0.86146
vn -0.42528 0.1385 0.8944
vn 0.01887 -0.99977 -0.00999
vn -0.06995 0.99353 0.08944
vn -0.0071 0.99627 0.08604
vn 0.01848 0.47636 0.87905
vn -0.03785 0.32939 0.94343
vn -0.21072 -0.93969 0.26941
vn -0 0.99529 0.09698
vn 0 0.99583 0.09127
vn 0 0.41431 0.91014
vn 0 0.37624 0.92652
vn 0 -0.93707 0.34914
vt 0.11794 0.49555
vt 0.13733 0.5106
vt 0.10752 0.59539
vt 0.12681 0.26133
vt 0.16254 0.26425
vt 0.1373 0.51057
vt 0.76812 0.56072
vt 0.77476 0.51549
vt 0.82146 0.51582
vt 0.80377 0.5625
vt 0.77763 0.46299
vt 0.82818 0.46452
vt 0.82138 0.51582
vt 0.21988 0.2338
vt 0.34333 0.29858
vt 0.35029 0.35744
vt 0.19813 0.27772
vt 0.13729 0.51058
vt 0.15237 0.53838
vt 0.10769 0.59543
vt 0.17718 0.29699
vt 0.15237 0.53838
vt 0.30237 0.75
vt 0.25234 0.75
vt 0.25547 0.71735
vt 0.3125 0.71718
vt 0.82137 0.51588
vt 0.85941 0.41686
vt 0.85256 0.52514
vt 0 0.06998
vt 0.0625 0
vt 0.0625 0.2395
vt 0.02952 0.22788
vt 0.15237 0.53838
vt 0.16094 0.57477
vt 0.10782 0.59554
vt 0.21253 0.55567
vt 0.16093 0.57473
vt 0.33344 0.99796
vt 0.30404 0.94802
vt 0.58617 0.94449
vt 0.59451 0.99591
vt 0.26164 0.84807
vt 0.58223 0.84443
vt 0.58616 0.94449
vt 0.93274 0.3125
vt 0.70272 0.35869
vt 0.61246 0.35869
vt 0.61406 0.34753
vt 0.16089 0.57474
vt 0.16265 0.61422
vt 0.10832 0.59686
vt 0.21578 0.62863
vt 0.59451 0.99593
vt 0.68145 0.9498
vt 0.66744 1
vt 0.58616 0.94452
vt 0.68552 0.84443
vt 0.68158 0.94452
vt 0.61407 0.34741
vt 0.51914 0.37862
vt 0.51306 0.36898
vt 0.16265 0.61422
vt 0.1574 0.65124
vt 0.10788 0.59834
vt 0.20608 0.69703
vt 0.67536 0.99627
vt 0.68158 0.94453
vt 0.90477 0.88589
vt 0.74425 0.99849
vt 0.90847 0.80619
vt 0.90477 0.88589
vt 0.51306 0.36898
vt 0.37153 0.42949
vt 0.29802 0.42764
vt 0.1574 0.65124
vt 0.14567 0.68061
vt 0.10638 0.59978
vt 0.1844 0.7513
vt 0.69976 0.3125
vt 0.6875 0.11676
vt 0.75 0.06108
vt 0.75 0.26989
vt 0.90477 0.88588
vt 0.98836 0.8613
vt 0.98079 0.8902
vt 0.28852 0.4274
vt 0.31667 0.4826
vt 0.25476 0.51135
vt 0.13503 0.68092
vt 0.11524 0.69546
vt 0.10747 0.59538
vt 0.14566 0.68061
vt 0.15295 0.784
vt 0.12864 0.6983
vt 0.24895 0.94988
vt 0.20786 0.9926
vt 0.57372 0.8125
vt 0.56691 0.78286
vt 0.6289 0.76629
vt 0.63098 0.79719
vt 0.43784 0.51868
vt 0.44378 0.44216
vt 0.49061 0.4785
vt 0.48853 0.55801
vt 0.09431 0.69489
vt 0.10747 0.59538
vt 0.12172 0.78429
vt 0.08306 0.78325
vt 0.12184 1
vt 0.07132 0.99864
vt 0.63098 0.79719
vt 0.6836 0.76629
vt 0.68152 0.79719
vt 0.48853 0.55801
vt 0.54115 0.4785
vt 0.54323 0.55801
vt 0.07534 0.67932
vt 0.10747 0.59538
vt 0.08022 0.78284
vt 0.04515 0.75406
vt 0.05014 0.99644
vt 0.00432 0.95883
vt 0.68152 0.79719
vt 0.74559 0.78286
vt 0.73878 0.8125
vt 0.54323 0.55801
vt 0.58798 0.44216
vt 0.59392 0.51868
vt 0.0611 0.65107
vt 0.10747 0.59538
vt 0.04288 0.7531
vt 0.01658 0.70091
vt 0.51989 0.8125
vt 0.31108 0.8125
vt 0.36676 0.76025
vt 0.5625 0.77251
vt 0.27316 0.64166
vt 0.265 0.61237
vt 0.34438 0.55653
vt 0.34804 0.63508
vt 0.59392 0.51868
vt 0.6243 0.375
vt 0.62466 0.44135
vt 0.05371 0.61442
vt 0.10747 0.59538
vt 0.01517 0.69961
vt 0.00151 0.63189
vt 0.50858 0.74896
vt 0.34809 0.63622
vt 0.57127 0.69484
vt 0.57754 0.74647
vt 0.56734 0.59475
vt 0.57127 0.69484
vt 0.09164 0
vt 0.125 0.07604
vt 0.09724 0.22969
vt 0.09164 0.22603
vt 0.05424 0.5749
vt 0.10747 0.59538
vt 0.00105 0.63047
vt 0.00203 0.55744
vt 0.58519 0.75
vt 0.5714 0.69974
vt 0.6667 0.69485
vt 0.65813 0.74625
vt 0.57127 0.69484
vt 0.67063 0.59475
vt 0.6667 0.69484
vt 0.67687 0.28934
vt 0.66841 0.29697
vt 0.58399 0.25248
vt 0.5855 0.24119
vt 0.06262 0.53846
vt 0.10747 0.59538
vt 0.00253 0.55601
vt 0.03829 0.26602
vt 0.0626 0.53853
vt 0.65813 0.74625
vt 0.97367 0.6983
vt 0.9503 0.74776
vt 0.985 0.59838
vt 0.97367 0.6983
vt 0.5855 0.24118
vt 0.49708 0.22814
vt 0.29342 0.12504
vt 0.07761 0.51061
vt 0.10747 0.59538
vt 0.03896 0.26589
vt 0.05323 0.26431
vt 0.07756 0.51071
vt 0.68717 0.5599
vt 0.65758 0.51383
vt 0.68021 0.51242
vt 0.70121 0.55779
vt 0.64059 0.41472
vt 0.67236 0.46217
vt 0.6775 0.51259
vt 0.29334 0.125
vt 0.42072 0.22814
vt 0.27758 0.14669
vt 0.097 0.49555
vt 0.10747 0.59538
vt 0.05234 0.26429
vt 0.08808 0.26136
vt 0.09697 0.49558
vt 0.1471 1
vt 0.12974 0.9375
vt 0.17644 0.9375
vt 0.18276 0.99824
vt 0.67761 0.51372
vt 0.72294 0.46217
vt 0.72422 0.51466
vt 0.27102 0.14296
vt 0.36747 0.25418
vt 0.24633 0.18593
vt 0.11794 0.49555
vt 0.10747 0.59538
vt 0.08813 0.26133
vt 0.72947 0.56015
vt 0.72423 0.51472
vt 0.77476 0.51549
vt 0.76814 0.56073
vt 0.24601 0.18575
vt 0.21988 0.2338
usemtl mat1
f 1996/1994/528 1997/1995/528 1998/1996/528
f 1996/1994/529 1999/1997/529 2000/1998/529
f 1996/1994/529 2000/1998/529 2001/1999/529
f 2002/2000/530 2003/2001/530 2004/2002/530
f 2002/2000/530 2004/2002/530 2005/2003/530
f 2003/2001/531 2006/2004/531 2007/2005/531
f 2003/2001/531 2007/2005/531 2008/2006/531
f 2009/2007/532 2010/2008/532 2011/2009/532
f 2009/2007/532 2011/2009/532 2012/2010/532
f 2013/2011/533 2014/2012/533 2015/2013/533
f 2013/2011/534 2000/1998/534 2016/2014/534
f 2013/2011/534 2016/2014/534 2017/2015/534
f 2018/2016/535 2019/2017/535 2020/2018/535
f 2018/2016/535 2020/2018/535 2021/2019/535
f 2022/2020/536 2007/2005/536 2023/2021/536
f 2022/2020/536 2023/2021/536 2024/2022/536
f 2025/2023/537 2026/2024/537 2027/2025/537
f 2025/2023/537 2027/2025/537 2028/2026/537
f 2029/2027/538 2030/2028/538 2031/2029/538
f 2029/2027/539 2016/2014/539 2032/2030/539
f 2029/2027/539 2032/2030/539 2033/2031/539
f 2034/2032/540 2035/2033/540 2036/2034/540
f 2034/2032/540 2036/2034/540 2037/2035/540
f 2035/2033/541 2038/2036/541 2039/2037/541
f 2035/2033/541 2039/2037/541 2040/2038/541
f 2041/2039/542 2042/2040/542 2043/2041/542
f 2041/2039/542 2043/2041/542 2044/2042/542
f 2045/2043/543 2046/2044/543 2047/2045/543
f 2045/2043/544 2032/2030/544 2048/2046/544
f 2045/2043/544 2048/2046/544 2046/2044/544
f 2049/2047/545 2036/2034/545 2050/2048/545
f 2049/2047/545 2050/2048/545 2051/2049/545
f 2052/2050/546 2039/2037/546 2053/2051/546
f 2052/2050/546 2053/2051/546 2054/2052/546
f 2055/2053/547 2043/2041/547 2056/2054/547
f 2055/2053/547 2056/2054/547 2057/2055/547
f 2058/2056/548 2059/2057/548 2060/2058/548
f 2058/2056/549 2048/2046/549 2061/2059/549
f 2058/2056/549 2061/2059/549 2059/2057/549
f 2062/2060/550 2063/2061/550 2064/2062/550
f 2062/2060/550 2064/2062/550 2065/2063/550
f 2063/2061/551 2053/2051/551 2066/2064/551
f 2063/2061/551 2066/2064/551 2067/2065/551
f 2068/2066/552 2056/2054/552 2069/2067/552
f 2068/2066/552 2069/2067/552 2070/2068/552
f 2071/2069/553 2072/2070/553 2073/2071/553
f 2071/2069/554 2061/2059/554 2074/2072/554
f 2071/2069/554 2074/2072/554 2072/2070/554
f 2075/2073/555 2076/2074/555 2077/2075/555
f 2075/2073/555 2077/2075/555 2078/2076/555
f 2079/2077/556 2066/2064/556 2080/2078/556
f 2079/2077/556 2080/2078/556 2081/2079/556
f 2082/2080/557 2069/2067/557 2083/2081/557
f 2082/2080/557 2083/2081/557 2084/2082/557
f 2085/2083/558 2086/2084/558 2087/2085/558
f 2088/2086/559 2074/2072/559 2089/2087/559
f 2088/2086/559 2089/2087/559 2090/2088/559
f 2074/2072/560 2091/2089/560 2092/2090/560
f 2074/2072/560 2092/2090/560 2089/2087/560
f 2093/2091/561 2094/2092/561 2095/2093/561
f 2093/2091/561 2095/2093/561 2096/2094/561
f 2097/2095/562 2098/2096/562 2099/2097/562
f 2097/2095/562 2099/2097/562 2100/2098/562
f 2086/2084/563 2101/2099/563 2102/2100/563
f 2086/2084/564 2103/2101/564 2104/2102/564
f 2086/2084/564 2104/2102/564 2101/2099/564
f 2103/2101/565 2105/2103/565 2106/2104/565
f 2103/2101/565 2106/2104/565 2104/2102/565
f 2107/2105/566 2095/2093/566 2108/2106/566
f 2107/2105/566 2108/2106/566 2109/2107/566
f 2110/2108/567 2099/2097/567 2111/2109/567
f 2110/2108/567 2111/2109/567 2112/2110/567
f 2101/2099/568 2113/2111/568 2114/2112/568
f 2101/2099/569 2115/2113/569 2116/2114/569
f 2101/2099/569 2116/2114/569 2113/2111/569
f 2115/2113/570 2117/2115/570 2118/2116/570
f 2115/2113/570 2118/2116/570 2116/2114/570
f 2119/2117/571 2108/2106/571 2120/2118/571
f 2119/2117/571 2120/2118/571 2121/2119/571
f 2122/2120/572 2111/2109/572 2123/2121/572
f 2122/2120/572 2123/2121/572 2124/2122/572
f 2113/2111/573 2125/2123/573 2126/2124/573
f 2113/2111/574 2127/2125/574 2128/2126/574
f 2113/2111/574 2128/2126/574 2125/2123/574
f 2129/2127/575 2130/2128/575 2131/2129/575
f 2129/2127/575 2131/2129/575 2132/2130/575
f 2133/2131/576 2134/2132/576 2135/2133/576
f 2133/2131/576 2135/2133/576 2136/2134/576
f 2137/2135/577 2123/2121/577 2138/2136/577
f 2137/2135/577 2138/2136/577 2139/2137/577
f 2125/2123/578 2140/2138/578 2141/2139/578
f 2125/2123/579 2142/2140/579 2143/2141/579
f 2125/2123/579 2143/2141/579 2140/2138/579
f 2144/2142/580 2145/2143/580 2146/2144/580
f 2144/2142/580 2146/2144/580 2147/2145/580
f 2145/2143/581 2135/2133/581 2148/2146/581
f 2145/2143/581 2148/2146/581 2149/2147/581
f 2150/2148/582 2151/2149/582 2152/2150/582
f 2150/2148/582 2152/2150/582 2153/2151/582
f 2140/2138/583 2154/2152/583 2155/2153/583
f 2140/2138/584 2156/2154/584 2157/2155/584
f 2140/2138/584 2157/2155/584 2154/2152/584
f 2158/2156/585 2159/2157/585 2160/2158/585
f 2158/2156/585 2160/2158/585 2161/2159/585
f 2162/2160/586 2148/2146/586 2163/2161/586
f 2162/2160/586 2163/2161/586 2164/2162/586
f 2165/2163/587 2166/2164/587 2167/2165/587
f 2165/2163/587 2167/2165/587 2168/2166/587
f 2154/2152/588 2169/2167/588 2170/2168/588
f 2154/2152/589 2171/2169/589 2172/2170/589
f 2154/2152/589 2172/2170/589 2173/2171/589
f 2174/2172/590 2160/2158/590 2175/2173/590
f 2174/2172/590 2175/2173/590 2176/2174/590
f 2160/2158/591 2163/2161/591 2177/2175/591
f 2160/2158/591 2177/2175/591 2178/2176/591
f 2179/2177/592 2167/2165/592 2180/2178/592
f 2179/2177/592 2180/2178/592 2181/2179/592
f 2169/2167/593 2182/2180/593 2183/2181/593
f 2169/2167/594 2184/2182/594 2185/2183/594
f 2169/2167/594 2185/2183/594 2186/2184/594
f 2187/2185/595 2188/2186/595 2189/2187/595
f 2187/2185/595 2189/2187/595 2190/2188/595
f 2188/2186/596 2191/2189/596 2192/2190/596
f 2188/2186/596 2192/2190/596 2193/2191/596
f 2194/2192/597 2180/2178/597 2195/2193/597
f 2194/2192/597 2195/2193/597 2196/2194/597
f 2182/2180/598 2197/2195/598 2198/2196/598
f 2182/2180/599 2199/2197/599 2200/2198/599
f 2182/2180/599 2200/2198/599 2201/2199/599
f 2202/2200/600 2203/2201/600 2204/2202/600
f 2202/2200/600 2204/2202/600 2205/2203/600
f 2206/2204/601 2192/2190/601 2207/2205/601
f 2206/2204/601 2207/2205/601 2208/2206/601
f 2209/2207/602 2195/2193/602 2210/2208/602
f 2209/2207/602 2210/2208/602 2211/2209/602
f 2197/2195/603 2212/2210/603 2213/2211/603
f 2197/2195/604 2214/2212/604 1999/1997/604
f 2197/2195/604 1999/1997/604 2212/2210/604
f 2215/2213/605 2216/2214/605 2217/2215/605
f 2215/2213/605 2217/2215/605 2218/2216/605
f 2216/2214/606 2207/2205/606 2006/2004/606
f 2216/2214/606 2006/2004/606 2217/2215/606
f 2219/2217/607 2210/2208/607 2010/2008/607
f 2219/2217/607 2010/2008/607 2220/2218/607
# Vertices: 225, normals: 80, texture coordinates: 225, faces: 144

o obj25
v 0.00624999 0.54220246 2.33361445
v 0.00624999 0.49258541 3.47003186
v 0.00624999 0.4800973 3.46948662
v 0.00624999 0.52971436 2.3330692
v -0.1625 0.4800973 3.46948662
v -0.1625 0.49258541 3.47003186
v -0.1625 0.54220246 2.33361445
v -0.1625 0.52971436 2.3330692
v -0.1625 0.49258541 3.47003186
v 0.00624999 0.49258541 3.47003186
v 0.00624999 0.54220246 2.33361445
v -0.1625 0.54220246 2.33361445
v 0.00624999 0.52971436 2.3330692
v 0.00624999 0.4800973 3.46948662
v -0.1625 0.4800973 3.46948662
v -0.1625 0.52971436 2.3330692
v 0.00624999 0.4800973 3.46948662
v 0.00624999 0.49258541 3.47003186
v -0.1625 0.49258541 3.47003186
v -0.1625 0.4800973 3.46948662
v -0.1625 0.54220246 2.33361445
v 0.00624999 0.54220246 2.33361445
v 0.00624999 0.52971436 2.3330692
v -0.1625 0.52971436 2.3330692
vn 1 0 0
vn -1 0 0
vn 0 1 0
vn 0 -1 0
vn 0 0 1
vn 0 0 -1
vt 0.875 0.98438
vt 0.73438 0.98438
vt 0.73438 0.97656
vt 0.875 0.97656
vt 0.875 0.96875
vt 0.73438 0.96875
vt 0.67188 0.74219
vt 0.69531 0.74219
vt 0.69531 0.88281
vt 0.67188 0.88281
vt 0.17969 0.17969
vt 0.17969 0.32031
vt 0.15625 0.32031
vt 0.15625 0.17969
vt 0.24219 0.97656
vt 0.24219 0.98438
vt 0.21875 0.98438
vt 0.21875 0.97656
vt 0.32031 0.84375
vt 0.29688 0.84375
vt 0.29688 0.83594
vt 0.32031 0.83594
usemtl mat0
f 2221/2219/608 2222/2220/608 2223/2221/608
f 2221/2219/608 2223/2221/608 2224/2222/608
f 2225/2223/609 2226/2222/609 2227/2221/609
f 2225/2223/609 2227/2221/609 2228/2224/609
f 2229/2225/610 2230/2226/610 2231/2227/610
f 2229/2225/610 2231/2227/610 2232/2228/610
f 2233/2229/611 2234/2230/611 2235/2231/611
f 2233/2229/611 2235/2231/611 2236/2232/611
f 2237/2233/612 2238/2234/612 2239/2235/612
f 2237/2233/612 2239/2235/612 2240/2236/612
f 2241/2237/613 2242/2238/613 2243/2239/613
f 2241/2237/613 2243/2239/613 2244/2240/613
# Vertices: 24, normals: 6, texture coordinates: 22, faces: 12

o obj26
v 0.18125001 0.54220246 2.33361447
v 0.18125001 0.49258541 3.4700318
v 0.18125001 0.48009731 3.46948656
v 0.18125001 0.52971436 2.33306923
v 0.00625 0.48009731 3.46948656
v 0.00625 0.49258541 3.4700318
v 0.00625 0.54220246 2.33361447
v 0.00625 0.52971436 2.33306923
v 0.00625 0.49258541 3.4700318
v 0.18125001 0.49258541 3.4700318
v 0.18125001 0.54220246 2.33361447
v 0.00625 0.54220246 2.33361447
v 0.18125001 0.52971436 2.33306923
v 0.18125001 0.48009731 3.46948656
v 0.00625 0.48009731 3.46948656
v 0.00625 0.52971436 2.33306923
v 0.18125001 0.48009731 3.46948656
v 0.18125001 0.49258541 3.4700318
v 0.00625 0.49258541 3.4700318
v 0.00625 0.48009731 3.46948656
v 0.00625 0.54220246 2.33361447
v 0.18125001 0.54220246 2.33361447
v 0.18125001 0.52971436 2.33306923
v 0.00625 0.52971436 2.33306923
vn 1 0 0
vn -1 0 0
vn 0 1 0
vn 0 -1 0
vn 0 0 1
vn 0 0 -1
vt 0.875 1
vt 0.73438 1
vt 0.73438 0.99219
vt 0.875 0.99219
vt 0.875 0.98438
vt 0.73438 0.98438
vt 0.03125 0.26562
vt 0.05469 0.26562
vt 0.05469 0.40625
vt 0.03125 0.40625
vt 0.6875 0.28125
vt 0.6875 0.42188
vt 0.66406 0.42188
vt 0.66406 0.28125
vt 0.16406 0.98438
vt 0.16406 0.99219
vt 0.14062 0.99219
vt 0.14062 0.98438
vt 0.23438 0.96094
vt 0.21094 0.96094
vt 0.21094 0.95312
vt 0.23438 0.95312
usemtl mat0
f 2245/2241/614 2246/2242/614 2247/2243/614
f 2245/2241/614 2247/2243/614 2248/2244/614
f 2249/2245/615 2250/2244/615 2251/2243/615
f 2249/2245/615 2251/2243/615 2252/2246/615
f 2253/2247/616 2254/2248/616 2255/2249/616
f 2253/2247/616 2255/2249/616 2256/2250/616
f 2257/2251/617 2258/2252/617 2259/2253/617
f 2257/2251/617 2259/2253/617 2260/2254/617
f 2261/2255/618 2262/2256/618 2263/2257/618
f 2261/2255/618 2263/2257/618 2264/2258/618
f 2265/2259/619 2266/2260/619 2267/2261/619
f 2265/2259/619 2267/2261/619 2268/2262/619
# Vertices: 24, normals: 6, texture coordinates: 22, faces: 12

o obj27
v 0.07729129 0.6731893 2.40814897
v 0.06769401 0.66921776 2.40797557
v 0.0625 0.69530497 2.40911456
v 0.0717338 0.61215515 3.24932045
v 0.0717338 0.62122443 3.04159958
v 0.08879563 0.62828494 3.04190784
v 0.08879563 0.61921565 3.24962872
v 0.06942535 0.62374945 3.24982667
v 0.08222172 0.62904484 3.25005787
v 0.0625 0.6585324 3.25134532
v 0.08463674 0.68052775 2.40846937
v 0.12162055 0.58642198 3.24819692
v 0.12162055 0.59003885 3.16535707
v 0.13467911 0.60308498 3.16592668
v 0.13467911 0.59946812 3.24876652
v 0.09201565 0.63882944 3.25048507
v 0.08861206 0.6901159 2.408888
v 0.1018542 0.6322618 3.25019832
v 0.1018542 0.64133108 3.04247745
v 0.10892145 0.65837667 3.04322168
v 0.10892145 0.64930739 3.25094255
v 0.09731608 0.65161365 3.25104324
v 0.08861206 0.70049403 2.40934112
v 0.10892145 0.6768267 3.04402722
v 0.10892145 0.66775742 3.2517481
v 0.09731608 0.66545116 3.2516474
v 0.08463674 0.71008219 2.40975975
v 0.1018542 0.69387229 3.04477145
v 0.1018542 0.68480301 3.25249232
v 0.09201565 0.67823536 3.25220557
v 0.07729129 0.71742063 2.41008015
v 0.13467911 0.71759668 3.25392412
v 0.13467911 0.72121355 3.17108428
v 0.12162055 0.73425969 3.17165389
v 0.12162055 0.73064283 3.25449373
v 0.08222172 0.68801996 3.25263278
v 0.06769401 0.72139218 2.41025355
v 0.08879563 0.69784915 3.25306193
v 0.08879563 0.70691843 3.04534106
v 0.0717338 0.71397894 3.04564932
v 0.0717338 0.70490966 3.2533702
v 0.06942535 0.69331535 3.25286398
v 0.05730599 0.72139218 2.41025355
v 0.0532662 0.71397894 3.04564932
v 0.0532662 0.70490966 3.2533702
v 0.05557465 0.69331535 3.25286398
v 0.04770871 0.71742063 2.41008015
v 0.03620436 0.70691843 3.04534106
v 0.03620436 0.69784915 3.25306193
v 0.04277827 0.68801996 3.25263278
v 0.04036326 0.71008219 2.40975975
v 0.00337945 0.73064283 3.25449373
v 0.00337945 0.73425969 3.17165389
v -0.00967912 0.72121355 3.17108428
v -0.00967912 0.71759668 3.25392412
v 0.03298435 0.67823536 3.25220557
v 0.03638794 0.70049403 2.40934112
v 0.0231458 0.68480301 3.25249232
v 0.0231458 0.69387229 3.04477145
v 0.01607856 0.6768267 3.04402722
v 0.01607856 0.66775742 3.2517481
v 0.02768392 0.66545116 3.2516474
v 0.03638794 0.6901159 2.408888
v 0.01607856 0.65837667 3.04322168
v 0.01607856 0.64930739 3.25094255
v 0.02768392 0.65161365 3.25104324
v 0.04036326 0.68052775 2.40846937
v 0.0231458 0.64133108 3.04247745
v 0.0231458 0.6322618 3.25019832
v 0.03298435 0.63882944 3.25048507
v 0.04770871 0.6731893 2.40814897
v -0.00967912 0.59946812 3.24876652
v -0.00967912 0.60308498 3.16592668
v 0.00337945 0.59003885 3.16535707
v 0.00337945 0.58642198 3.24819692
v 0.04277827 0.62904484 3.25005787
v 0.05730599 0.66921776 2.40797557
v 0.03620436 0.61921565 3.24962872
v 0.03620436 0.62828494 3.04190784
v 0.0532662 0.62122443 3.04159958
v 0.0532662 0.61215515 3.24932045
v 0.05557465 0.62374945 3.24982667
v 0.00343579 0.75433706 2.71051434
v 0.00672283 0.75250492 2.63969743
v -0.00470338 0.74108959 2.63919902
v -0.00962277 0.74129093 2.70994473
v 0.08879563 0.72144002 2.71274195
v 0.0855086 0.72233408 2.57948453
v 0.07057954 0.72851201 2.57975426
v 0.0717338 0.72850052 2.71305022
v 0.13462277 0.74129093 2.70994473
v 0.12970337 0.74108959 2.63919902
v 0.11827717 0.75250492 2.63969743
v 0.12156421 0.75433706 2.71051434
v 0.1018542 0.65585266 2.70987835
v 0.0969348 0.66494534 2.57697888
v 0.10311862 0.67986019 2.57763008
v 0.10892145 0.67289825 2.71062257
v 0.0532662 0.72850052 2.71305022
v 0.05442045 0.72851201 2.57975426
v 0.0394914 0.72233408 2.57948453
v 0.03620436 0.72144002 2.71274195
v 0.07057954 0.72851201 2.57975426
v 0.0532662 0.72850052 2.71305022
v 0.10892145 0.69134828 2.71142812
v 0.10311862 0.69600389 2.57833493
v 0.0969348 0.71091874 2.57898612
v 0.1018542 0.70839387 2.71217235
v 0.10311862 0.67986019 2.57763008
v 0.10311862 0.69600389 2.57833493
v 0.0231458 0.70839387 2.71217235
v 0.0280652 0.71091874 2.57898612
v 0.02188138 0.69600389 2.57833493
v 0.01607856 0.69134828 2.71142812
v 0.02188138 0.69600389 2.57833493
v 0.02188138 0.67986019 2.57763008
v 0.01607856 0.67289825 2.71062257
v 0.01607856 0.67289825 2.71062257
v 0.0280652 0.66494534 2.57697888
v 0.0231458 0.65585266 2.70987835
v 0.12156421 0.61022881 2.70422244
v 0.11827717 0.61822608 2.63383469
v 0.12970337 0.6296414 2.63433309
v 0.13462277 0.62327494 2.70479205
v 0.0717338 0.63574601 2.70900047
v 0.07057954 0.64735209 2.57621074
v 0.0855086 0.65353 2.57648048
v 0.08879563 0.64280652 2.70930874
v -0.00962277 0.62327494 2.70479205
v -0.00470338 0.6296414 2.63433309
v 0.00672283 0.61822608 2.63383469
v 0.00343579 0.61022881 2.70422244
v 0.03620436 0.64280652 2.70930874
v 0.0394914 0.65353 2.57648048
v 0.05442045 0.64735209 2.57621074
v 0.0532662 0.63574601 2.70900047
v 0.05442045 0.64735209 2.57621074
v 0.07057954 0.64735209 2.57621074
v 0.03298435 0.63552672 3.32612986
v 0.02768392 0.64831093 3.32668803
v 0.01607856 0.64600467 3.32658734
v 0.0231458 0.62895908 3.32584311
v 0.02768392 0.66214843 3.32729219
v 0.03298435 0.67493264 3.32785036
v 0.0231458 0.68150029 3.32813711
v 0.01607856 0.6644547 3.32739288
v 0.05557465 0.69001263 3.32850877
v 0.06942535 0.69001263 3.32850877
v 0.0717338 0.70160694 3.32901498
v 0.0532662 0.70160694 3.32901498
v 0.04277827 0.68471724 3.32827757
v 0.03620436 0.69454643 3.32870672
v 0.08222172 0.68471724 3.32827757
v 0.08879563 0.69454643 3.32870672
v 0.09201565 0.67493264 3.32785036
v 0.1018542 0.68150029 3.32813711
v 0.09731608 0.66214843 3.32729219
v 0.10892145 0.6644547 3.32739288
v 0.09731608 0.64831093 3.32668803
v 0.09201565 0.63552672 3.32612986
v 0.1018542 0.62895908 3.32584311
v 0.10892145 0.64600467 3.32658734
v 0.08222172 0.62574212 3.32570266
v 0.08879563 0.61591293 3.32527351
v 0.05557465 0.62044673 3.32547146
v 0.04277827 0.62574212 3.32570266
v 0.03620436 0.61591293 3.32527351
v 0.0532662 0.60885243 3.32496524
v 0.06942535 0.62044673 3.32547146
v 0.0717338 0.60885243 3.32496524
v 0.08222172 0.62574212 3.32570266
v 0.09201565 0.63552672 3.32612986
v 0.09201565 0.63882944 3.25048507
v 0.08222172 0.62904484 3.25005787
v 0.1018542 0.62895908 3.32584311
v 0.08879563 0.61591293 3.32527351
v 0.08879563 0.61921565 3.24962872
v 0.09731608 0.64831093 3.32668803
v 0.09731608 0.65161365 3.25104324
v 0.10892145 0.64600467 3.32658734
v 0.09731608 0.66214843 3.32729219
v 0.09731608 0.66545116 3.2516474
v 0.10892145 0.6644547 3.32739288
v 0.09201565 0.67493264 3.32785036
v 0.08222172 0.68471724 3.32827757
v 0.08222172 0.68801996 3.25263278
v 0.09201565 0.67823536 3.25220557
v 0.08879563 0.69454643 3.32870672
v 0.1018542 0.68150029 3.32813711
v 0.1018542 0.68480301 3.25249232
v 0.06942535 0.69001263 3.32850877
v 0.06942535 0.69331535 3.25286398
v 0.0717338 0.70160694 3.32901498
v 0.05557465 0.69001263 3.32850877
v 0.05557465 0.69331535 3.25286398
v 0.0532662 0.70160694 3.32901498
v 0.04277827 0.68471724 3.32827757
v 0.04277827 0.68801996 3.25263278
v 0.03620436 0.69454643 3.32870672
v 0.03298435 0.67493264 3.32785036
v 0.02768392 0.66214843 3.32729219
v 0.02768392 0.66545116 3.2516474
v 0.03298435 0.67823536 3.25220557
v 0.01607856 0.6644547 3.32739288
v 0.0231458 0.68150029 3.32813711
v 0.02768392 0.64831093 3.32668803
v 0.02768392 0.65161365 3.25104324
v 0.01607856 0.64600467 3.32658734
v 0.04277827 0.68471724 3.32827757
v 0.04277827 0.68801996 3.25263278
v 0.0231458 0.68150029 3.32813711
v 0.0231458 0.68480301 3.25249232
v 0.03298435 0.63552672 3.32612986
v 0.03298435 0.63882944 3.25048507
v 0.0231458 0.62895908 3.32584311
v 0.04277827 0.62574212 3.32570266
v 0.04277827 0.62904484 3.25005787
v 0.03620436 0.61591293 3.32527351
v 0.03620436 0.61921565 3.24962872
v 0.04277827 0.62574212 3.32570266
v 0.05557465 0.62044673 3.32547146
v 0.05557465 0.62374945 3.24982667
v 0.04277827 0.62904484 3.25005787
v 0.0532662 0.60885243 3.32496524
v 0.03620436 0.61591293 3.32527351
v 0.09201565 0.67493264 3.32785036
v 0.09201565 0.67823536 3.25220557
v 0.1018542 0.68150029 3.32813711
v 0.06942535 0.62044673 3.32547146
v 0.06942535 0.62374945 3.24982667
v 0.0717338 0.60885243 3.32496524
v 0.08222172 0.62574212 3.32570266
v 0.08222172 0.62904484 3.25005787
v 0.08879563 0.61591293 3.32527351
v 0.08861206 0.70049403 2.40934112
v 0.08463674 0.71008219 2.40975975
v 0.09201565 0.71126258 2.49575757
v 0.09731608 0.69847837 2.4951994
v 0.04036326 0.68052775 2.40846937
v 0.04770871 0.6731893 2.40814897
v 0.04277827 0.66207205 2.49360987
v 0.03298435 0.67185665 2.49403707
v 0.04770871 0.71742063 2.41008015
v 0.04036326 0.71008219 2.40975975
v 0.03298435 0.71126258 2.49575757
v 0.04277827 0.72104718 2.49618477
v 0.05730599 0.72139218 2.41025355
v 0.04770871 0.71742063 2.41008015
v 0.04277827 0.72104718 2.49618477
v 0.05557465 0.72634256 2.49641598
v 0.06769401 0.72139218 2.41025355
v 0.05730599 0.72139218 2.41025355
v 0.05557465 0.72634256 2.49641598
v 0.06942535 0.72634256 2.49641598
v 0.07729129 0.71742063 2.41008015
v 0.06769401 0.72139218 2.41025355
v 0.06942535 0.72634256 2.49641598
v 0.08222172 0.72104718 2.49618477
v 0.08463674 0.71008219 2.40975975
v 0.07729129 0.71742063 2.41008015
v 0.08222172 0.72104718 2.49618477
v 0.09201565 0.71126258 2.49575757
v 0.04036326 0.71008219 2.40975975
v 0.03638794 0.70049403 2.40934112
v 0.02768392 0.69847837 2.4951994
v 0.03298435 0.71126258 2.49575757
v 0.03638794 0.70049403 2.40934112
v 0.03638794 0.6901159 2.408888
v 0.02768392 0.68464086 2.49459524
v 0.02768392 0.69847837 2.4951994
v 0.07729129 0.6731893 2.40814897
v 0.08463674 0.68052775 2.40846937
v 0.09201565 0.67185665 2.49403707
v 0.08222172 0.66207205 2.49360987
v 0.08861206 0.6901159 2.408888
v 0.08861206 0.70049403 2.40934112
v 0.09731608 0.69847837 2.4951994
v 0.09731608 0.68464086 2.49459524
v 0.03638794 0.6901159 2.408888
v 0.04036326 0.68052775 2.40846937
v 0.03298435 0.67185665 2.49403707
v 0.02768392 0.68464086 2.49459524
v 0.08463674 0.68052775 2.40846937
v 0.08861206 0.6901159 2.408888
v 0.09731608 0.68464086 2.49459524
v 0.09201565 0.67185665 2.49403707
v 0.04770871 0.6731893 2.40814897
v 0.05730599 0.66921776 2.40797557
v 0.05557465 0.65677666 2.49337866
v 0.04277827 0.66207205 2.49360987
v 0.06769401 0.66921776 2.40797557
v 0.07729129 0.6731893 2.40814897
v 0.08222172 0.66207205 2.49360987
v 0.06942535 0.65677666 2.49337866
v 0.05730599 0.66921776 2.40797557
v 0.06769401 0.66921776 2.40797557
v 0.06942535 0.65677666 2.49337866
v 0.05557465 0.65677666 2.49337866
v 0.0231458 0.65585266 2.70987835
v 0.0231458 0.70839387 2.71217235
v 0.0231458 0.69387229 3.04477145
v 0.03620436 0.72144002 2.71274195
v 0.1018542 0.69387229 3.04477145
v 0.1018542 0.70839387 2.71217235
v 0.08879563 0.62828494 3.04190784
v 0.08879563 0.64280652 2.70930874
v 0.03620436 0.64280652 2.70930874
v 0.03620436 0.62828494 3.04190784
v 0.0280652 0.71091874 2.57898612
v 0.0394914 0.72233408 2.57948453
v 0.0855086 0.72233408 2.57948453
v 0.0969348 0.71091874 2.57898612
v 0.0969348 0.66494534 2.57697888
v 0.0855086 0.65353 2.57648048
v 0.0394914 0.65353 2.57648048
v 0.0280652 0.66494534 2.57697888
v 0.00337945 0.73425969 3.17165389
v 0.00337945 0.73064283 3.25449373
v 0.03620436 0.69784915 3.25306193
v 0.03620436 0.70691843 3.04534106
v 0.03620436 0.70691843 3.04534106
v 0.0231458 0.69387229 3.04477145
v -0.00967912 0.71759668 3.25392412
v -0.00967912 0.72121355 3.17108428
v 0.0231458 0.69387229 3.04477145
v 0.0231458 0.68480301 3.25249232
v 0.00337945 0.73064283 3.25449373
v -0.00967912 0.71759668 3.25392412
v 0.0231458 0.68480301 3.25249232
v 0.03620436 0.69784915 3.25306193
v 0.13467911 0.72121355 3.17108428
v 0.13467911 0.71759668 3.25392412
v 0.1018542 0.68480301 3.25249232
v 0.1018542 0.69387229 3.04477145
v 0.1018542 0.69387229 3.04477145
v 0.08879563 0.70691843 3.04534106
v 0.12162055 0.73064283 3.25449373
v 0.12162055 0.73425969 3.17165389
v 0.08879563 0.70691843 3.04534106
v 0.08879563 0.69784915 3.25306193
v 0.13467911 0.71759668 3.25392412
v 0.12162055 0.73064283 3.25449373
v 0.08879563 0.69784915 3.25306193
v 0.1018542 0.68480301 3.25249232
v 0.12162055 0.59003885 3.16535707
v 0.12162055 0.58642198 3.24819692
v 0.08879563 0.61921565 3.24962872
v 0.08879563 0.62828494 3.04190784
v 0.08879563 0.62828494 3.04190784
v 0.1018542 0.64133108 3.04247745
v 0.13467911 0.59946812 3.24876652
v 0.13467911 0.60308498 3.16592668
v 0.1018542 0.64133108 3.04247745
v 0.1018542 0.6322618 3.25019832
v 0.12162055 0.58642198 3.24819692
v 0.13467911 0.59946812 3.24876652
v 0.1018542 0.6322618 3.25019832
v 0.08879563 0.61921565 3.24962872
v -0.00967912 0.60308498 3.16592668
v -0.00967912 0.59946812 3.24876652
v 0.0231458 0.6322618 3.25019832
v 0.0231458 0.64133108 3.04247745
v 0.0231458 0.64133108 3.04247745
v 0.03620436 0.62828494 3.04190784
v 0.00337945 0.58642198 3.24819692
v 0.00337945 0.59003885 3.16535707
v 0.03620436 0.62828494 3.04190784
v 0.03620436 0.61921565 3.24962872
v -0.00967912 0.59946812 3.24876652
v 0.00337945 0.58642198 3.24819692
v 0.03620436 0.61921565 3.24962872
v 0.0231458 0.6322618 3.25019832
v 0.12970337 0.74108959 2.63919902
v 0.13462277 0.74129093 2.70994473
v 0.1018542 0.70839387 2.71217235
v 0.0969348 0.71091874 2.57898612
v 0.12156421 0.75433706 2.71051434
v 0.11827717 0.75250492 2.63969743
v 0.0855086 0.72233408 2.57948453
v 0.08879563 0.72144002 2.71274195
v 0.13462277 0.74129093 2.70994473
v 0.12156421 0.75433706 2.71051434
v 0.08879563 0.72144002 2.71274195
v 0.1018542 0.70839387 2.71217235
v 0.00672283 0.75250492 2.63969743
v 0.00343579 0.75433706 2.71051434
v 0.03620436 0.72144002 2.71274195
v 0.0394914 0.72233408 2.57948453
v -0.00962277 0.74129093 2.70994473
v -0.00470338 0.74108959 2.63919902
v 0.0280652 0.71091874 2.57898612
v 0.0231458 0.70839387 2.71217235
v 0.00343579 0.75433706 2.71051434
v -0.00962277 0.74129093 2.70994473
v 0.0231458 0.70839387 2.71217235
v 0.03620436 0.72144002 2.71274195
v -0.00470338 0.6296414 2.63433309
v -0.00962277 0.62327494 2.70479205
v 0.0231458 0.65585266 2.70987835
v 0.0280652 0.66494534 2.57697888
v 0.00343579 0.61022881 2.70422244
v 0.00672283 0.61822608 2.63383469
v 0.0394914 0.65353 2.57648048
v 0.03620436 0.64280652 2.70930874
v -0.00962277 0.62327494 2.70479205
v 0.00343579 0.61022881 2.70422244
v 0.03620436 0.64280652 2.70930874
v 0.0231458 0.65585266 2.70987835
v 0.11827717 0.61822608 2.63383469
v 0.12156421 0.61022881 2.70422244
v 0.08879563 0.64280652 2.70930874
v 0.0855086 0.65353 2.57648048
v 0.13462277 0.62327494 2.70479205
v 0.12970337 0.6296414 2.63433309
v 0.0969348 0.66494534 2.57697888
v 0.1018542 0.65585266 2.70987835
v 0.12156421 0.61022881 2.70422244
v 0.13462277 0.62327494 2.70479205
v 0.1018542 0.65585266 2.70987835
v 0.08879563 0.64280652 2.70930874
vn -0 -1 0
vn 0.38268 0 0.92388
vn 0 1 0
vn 0.70711 0 0.70711
vn 0.92388 0 0.38268
vn 1 0 0
vn 0.92388 0 -0.38268
vn 0.70711 0 -0.70711
vn 0.38268 0 -0.92388
vn 0 0 -1
vn -0.38268 0 -0.92388
vn -0.70711 0 -0.70711
vn -0.92388 0 -0.38268
vn -1 0 -0
vn -0.92388 0 0.38268
vn -0.70711 0 0.70711
vn -0.38268 0 0.92388
vn 0 0 1
vn -0.70473 -0.08184 -0.70473
vn 0.38232 -0.04353 -0.923
vn 0.70473 -0.08184 -0.70473
vn 0.923 -0.04353 0.38232
vn -0.38232 -0.04353 -0.923
vn 0 -0.04353 -0.99905
vn 0.923 -0.04353 -0.38232
vn 0.99905 -0.04353 0
vn -0.923 -0.04353 -0.38232
vn -0.99905 -0.04353 -0
vn -0.923 -0.04353 0.38232
vn 0.70473 -0.08184 0.70473
vn 0.38232 -0.04353 0.923
vn -0.70473 -0.08184 0.70473
vn -0.38232 -0.04353 0.923
vn 0 -0.04353 0.99905
vn -1 0 0
vn 1 0 0
vn 0.91917 -0.10085 -0.38073
vn -0.7035 -0.10085 0.7035
vn -0.7035 -0.10085 -0.7035
vn -0.38073 -0.10085 -0.91917
vn 0 -0.10085 -0.9949
vn 0.38073 -0.10085 -0.91917
vn 0.7035 -0.10085 -0.7035
vn -0.91917 -0.10085 -0.38073
vn -0.9949 -0.10085 -0
vn 0.7035 -0.10085 0.7035
vn 0.9949 -0.10085 0
vn -0.91917 -0.10085 0.38073
vn 0.91917 -0.10085 0.38073
vn -0.38073 -0.10085 0.91917
vn 0.38073 -0.10085 0.91917
vn 0 -0.10085 0.9949
vn -0.92164 -0.0696 -0.38176
vn -0.70539 -0.0696 -0.70539
vn -0.38176 -0.0696 -0.92164
vn 0 -0.0696 -0.99757
vn 0.38176 -0.0696 -0.92164
vn 0.70539 -0.0696 -0.70539
vn 0.92164 -0.0696 -0.38176
vn 0.99757 -0.0696 0
vn 0.92164 -0.0696 0.38176
vn 0.70539 -0.0696 0.70539
vn 0.38176 -0.0696 0.92164
vn 0 -0.0696 0.99757
vn -0.38176 -0.0696 0.92164
vn -0.70539 -0.0696 0.70539
vn -0.92164 -0.0696 0.38176
vn -0.99757 -0.0696 -0
vn -0.66287 -0.34814 -0.66287
vn 0.66287 -0.34814 -0.66287
vn 0.66287 -0.34814 0.66287
vn -0.66287 -0.34814 0.66287
vn 0.70611 -0.01623 0.70792
vn 0.5555 -0.61873 -0.5555
vn -0.69044 -0.01823 -0.72316
vn 0.05568 0.9969 -0.05568
vn 0.70792 -0.01623 -0.70611
vn -0.5555 -0.61873 -0.5555
vn -0.72316 -0.01823 0.69044
vn -0.05568 0.9969 -0.05568
vn -0.70611 -0.01623 -0.70792
vn -0.5555 -0.61873 0.5555
vn 0.69044 -0.01823 0.72316
vn -0.05568 0.9969 0.05568
vn -0.70792 -0.01623 0.70611
vn 0.5555 -0.61873 0.5555
vn 0.72316 -0.01823 -0.69044
vn 0.05568 0.9969 0.05568
vt 0.64802 0.71162
vt 0.64322 0.71361
vt 0.64062 0.70056
vt 0.39524 0.96214
vt 0.39524 0.85818
vt 0.40448 0.85818
vt 0.40448 0.96214
vt 0.59721 0.71518
vt 0.60361 0.71783
vt 0.59375 0.73259
vt 0.65169 0.70795
vt 0.05327 0.40625
vt 0.05327 0.36479
vt 0.0625 0.36479
vt 0.0625 0.40625
vt 0.60851 0.72273
vt 0.65368 0.70315
vt 0.33452 0.96214
vt 0.33452 0.85818
vt 0.34375 0.85818
vt 0.34375 0.96214
vt 0.61116 0.72913
vt 0.65368 0.69796
vt 0.35298 0.85818
vt 0.35298 0.96214
vt 0.61116 0.73605
vt 0.65169 0.69316
vt 0.36222 0.85818
vt 0.36222 0.96214
vt 0.60851 0.74245
vt 0.64802 0.68949
vt 0.21875 0.40625
vt 0.21875 0.36479
vt 0.22798 0.36479
vt 0.22798 0.40625
vt 0.60361 0.74735
vt 0.64322 0.6875
vt 0.0799 0.96214
vt 0.0799 0.85818
vt 0.08913 0.85818
vt 0.08913 0.96214
vt 0.59721 0.75
vt 0.63803 0.6875
vt 0.09837 0.85818
vt 0.09837 0.96214
vt 0.59029 0.75
vt 0.63323 0.68949
vt 0.1076 0.85818
vt 0.1076 0.96214
vt 0.58389 0.74735
vt 0.62956 0.69316
vt 0.11577 0.40625
vt 0.11577 0.36479
vt 0.125 0.36479
vt 0.125 0.40625
vt 0.57899 0.74245
vt 0.62757 0.69796
vt 0.13778 0.96214
vt 0.13778 0.85818
vt 0.14702 0.85818
vt 0.14702 0.96214
vt 0.57634 0.73605
vt 0.62757 0.70315
vt 0.15625 0.85818
vt 0.15625 0.96214
vt 0.57634 0.72913
vt 0.62956 0.70795
vt 0.16548 0.85818
vt 0.16548 0.96214
vt 0.57899 0.72273
vt 0.63323 0.71162
vt 0.15625 0.40625
vt 0.15625 0.36479
vt 0.16548 0.36479
vt 0.16548 0.40625
vt 0.58389 0.71783
vt 0.63803 0.71361
vt 0.37677 0.96214
vt 0.37677 0.85818
vt 0.38601 0.85818
vt 0.38601 0.96214
vt 0.59029 0.71518
vt 0.52202 0.43898
vt 0.52259 0.40353
vt 0.53067 0.40353
vt 0.53125 0.43898
vt 0.0799 0.69172
vt 0.08048 0.62507
vt 0.08856 0.62507
vt 0.08913 0.69172
vt 0.4375 0.47024
vt 0.43808 0.43478
vt 0.44616 0.43478
vt 0.44673 0.47024
vt 0.33452 0.69172
vt 0.3351 0.62507
vt 0.34317 0.62507
vt 0.34375 0.69172
vt 0.09837 0.69172
vt 0.09779 0.62507
vt 0.10587 0.62493
vt 0.1076 0.69156
vt 0.08971 0.62507
vt 0.09837 0.69172
vt 0.35298 0.69172
vt 0.35356 0.62507
vt 0.36164 0.62507
vt 0.36222 0.69172
vt 0.34433 0.62507
vt 0.35241 0.62507
vt 0.13778 0.69172
vt 0.13836 0.62507
vt 0.14644 0.62507
vt 0.14702 0.69172
vt 0.14759 0.62507
vt 0.15567 0.62507
vt 0.15625 0.69172
vt 0.15625 0.69173
vt 0.16375 0.62494
vt 0.16548 0.69157
vt 0.33452 0.43899
vt 0.33509 0.40353
vt 0.34317 0.40353
vt 0.34375 0.43899
vt 0.39524 0.69172
vt 0.39582 0.62507
vt 0.4039 0.62507
vt 0.40448 0.69172
vt 0.28125 0.43899
vt 0.28183 0.40353
vt 0.28991 0.40353
vt 0.29048 0.43899
vt 0.37677 0.69172
vt 0.37735 0.62507
vt 0.38543 0.62507
vt 0.38601 0.69172
vt 0.38658 0.62507
vt 0.39467 0.62507
vt 0.29774 0.49818
vt 0.29509 0.50458
vt 0.28929 0.50343
vt 0.29282 0.49489
vt 0.29509 0.5115
vt 0.29774 0.5179
vt 0.29282 0.52119
vt 0.28929 0.51266
vt 0.30904 0.52545
vt 0.31596 0.52545
vt 0.31712 0.53125
vt 0.30788 0.53125
vt 0.30264 0.5228
vt 0.29935 0.52772
vt 0.32236 0.5228
vt 0.32565 0.52772
vt 0.32726 0.5179
vt 0.33218 0.52119
vt 0.32991 0.5115
vt 0.33571 0.51266
vt 0.32991 0.50458
vt 0.32726 0.49818
vt 0.33218 0.49489
vt 0.33571 0.50343
vt 0.32236 0.49328
vt 0.32565 0.48836
vt 0.30904 0.49063
vt 0.30264 0.49328
vt 0.29935 0.48836
vt 0.30788 0.48483
vt 0.31596 0.49063
vt 0.31712 0.48483
vt 0.49823 0.4375
vt 0.4913 0.4375
vt 0.4913 0.39964
vt 0.49823 0.39964
vt 0.33452 1
vt 0.32528 1
vt 0.32528 0.96214
vt 0.48437 0.4375
vt 0.48437 0.39964
vt 0.34375 1
vt 0.47745 0.4375
vt 0.47745 0.39964
vt 0.35298 1
vt 0.59198 0.46875
vt 0.58505 0.46875
vt 0.58505 0.43089
vt 0.59198 0.43089
vt 0.0799 1
vt 0.07067 1
vt 0.07067 0.96214
vt 0.57812 0.46875
vt 0.57812 0.43089
vt 0.08913 1
vt 0.5712 0.46875
vt 0.5712 0.43089
vt 0.09837 1
vt 0.56427 0.46875
vt 0.56427 0.43089
vt 0.1076 1
vt 0.60414 0.8125
vt 0.59721 0.8125
vt 0.59721 0.77464
vt 0.60414 0.77464
vt 0.14702 1
vt 0.13778 1
vt 0.59029 0.8125
vt 0.59029 0.77464
vt 0.15625 1
vt 0.61107 0.8125
vt 0.61107 0.77464
vt 0.11683 1
vt 0.11683 0.96214
vt 0.58336 0.8125
vt 0.58336 0.77464
vt 0.16548 1
vt 0.57643 0.8125
vt 0.57643 0.77464
vt 0.17472 1
vt 0.17472 0.96214
vt 0.65101 0.84375
vt 0.64409 0.84375
vt 0.64409 0.80589
vt 0.65101 0.80589
vt 0.38601 1
vt 0.37677 1
vt 0.47052 0.4375
vt 0.47052 0.39964
vt 0.36222 1
vt 0.63716 0.84375
vt 0.63716 0.80589
vt 0.39524 1
vt 0.63024 0.84375
vt 0.63024 0.80589
vt 0.40448 1
vt 0.355 0.54024
vt 0.3602 0.54024
vt 0.36106 0.58339
vt 0.35414 0.58339
vt 0.28327 0.28125
vt 0.28847 0.28125
vt 0.28933 0.3244
vt 0.2824 0.3244
vt 0.52403 0.28125
vt 0.52923 0.28125
vt 0.53009 0.3244
vt 0.52317 0.3244
vt 0.09776 0.54022
vt 0.10296 0.54013
vt 0.10457 0.58326
vt 0.09764 0.58338
vt 0.09115 0.54023
vt 0.09635 0.54023
vt 0.09721 0.58339
vt 0.09029 0.58339
vt 0.08192 0.54024
vt 0.08711 0.54024
vt 0.08798 0.58339
vt 0.08105 0.58339
vt 0.43952 0.3125
vt 0.44472 0.3125
vt 0.44558 0.35565
vt 0.43865 0.35565
vt 0.1398 0.54024
vt 0.145 0.54024
vt 0.14586 0.58339
vt 0.13894 0.58339
vt 0.14904 0.54024
vt 0.15423 0.54024
vt 0.1551 0.58339
vt 0.14817 0.58339
vt 0.33654 0.28125
vt 0.34173 0.28125
vt 0.3426 0.3244
vt 0.33567 0.3244
vt 0.34577 0.54024
vt 0.35096 0.54024
vt 0.35183 0.58339
vt 0.3449 0.58339
vt 0.15565 0.54023
vt 0.16085 0.54014
vt 0.16246 0.58327
vt 0.15553 0.58339
vt 0.33654 0.54024
vt 0.34173 0.54024
vt 0.3426 0.58339
vt 0.33567 0.58339
vt 0.3788 0.54024
vt 0.38399 0.54024
vt 0.38486 0.58339
vt 0.37793 0.58339
vt 0.39726 0.54024
vt 0.40246 0.54024
vt 0.40332 0.58339
vt 0.3964 0.58339
vt 0.38803 0.54024
vt 0.39322 0.54024
vt 0.39409 0.58339
vt 0.38716 0.58339
vt 0.16548 0.69172
vt 0.11683 0.69172
vt 0.11683 0.85818
vt 0.1076 0.69172
vt 0.07067 0.85818
vt 0.07067 0.69172
vt 0.32528 0.85818
vt 0.32528 0.69172
vt 0.17472 0.69172
vt 0.17472 0.85818
vt 0.53067 0.36608
vt 0.52259 0.36608
vt 0.44616 0.39733
vt 0.43808 0.39733
vt 0.34317 0.36609
vt 0.33509 0.36609
vt 0.28991 0.36608
vt 0.28183 0.36608
vt 0.46875 0.95854
vt 0.46875 1
vt 0.4375 1
vt 0.4375 0.89604
vt 0.11577 0.29812
vt 0.125 0.29812
vt 0.4375 0.75
vt 0.4375 0.70854
vt 0.46875 0.64604
vt 0.46875 0.75
vt 0.5625 0.5625
vt 0.53125 0.5625
vt 0.53125 0.53125
vt 0.5625 0.53125
vt 0.46875 0.83354
vt 0.46875 0.875
vt 0.4375 0.875
vt 0.4375 0.77104
vt 0.21875 0.29812
vt 0.22798 0.29812
vt 0.4375 0.625
vt 0.4375 0.58354
vt 0.46875 0.52104
vt 0.46875 0.625
vt 0.59375 0.53125
vt 0.59375 0.5625
vt 0.09375 0.48979
vt 0.09375 0.53125
vt 0.0625 0.53125
vt 0.0625 0.42729
vt 0.05327 0.29812
vt 0.0625 0.29812
vt 0 0.53125
vt 0 0.48979
vt 0.03125 0.42729
vt 0.03125 0.53125
vt 0.59375 0.59375
vt 0.625 0.59375
vt 0.625 0.625
vt 0.59375 0.625
vt 0.5 0.95854
vt 0.5 1
vt 0.46875 0.89604
vt 0.15625 0.29812
vt 0.16548 0.29812
vt 0.03125 0.48979
vt 0.625 0.5625
vt 0.58875 0.93886
vt 0.62418 0.9375
vt 0.625 0.96073
vt 0.55835 0.96073
vt 0.5 0.59708
vt 0.50135 0.56165
vt 0.53125 0.5979
vt 0.625 0.53125
vt 0.5304 0.47011
vt 0.56583 0.46875
vt 0.56665 0.49198
vt 0.5 0.49198
vt 0.5 0.69083
vt 0.50135 0.6554
vt 0.53125 0.625
vt 0.53125 0.69165
vt 0.59375 0.5
vt 0.625 0.5
vt 0.58875 0.90761
vt 0.62418 0.90625
vt 0.625 0.92948
vt 0.55835 0.92948
vt 0.5 0.87833
vt 0.50135 0.8429
vt 0.53125 0.8125
vt 0.53125 0.87915
vt 0.59375 0.4375
vt 0.625 0.4375
vt 0.625 0.46875
vt 0.59375 0.46875
vt 0.5304 0.50136
vt 0.56583 0.5
vt 0.56665 0.52323
vt 0.5 0.52323
vt 0.5 0.97208
vt 0.50135 0.93665
vt 0.53125 0.90625
vt 0.53125 0.9729
usemtl mat2
f 2269/2263/620 2270/2264/620 2271/2265/620
f 2272/2266/621 2273/2267/621 2274/2268/621
f 2272/2266/621 2274/2268/621 2275/2269/621
f 2276/2270/622 2277/2271/622 2278/2272/622
f 2279/2273/620 2269/2263/620 2271/2265/620
f 2280/2274/623 2281/2275/623 2282/2276/623
f 2280/2274/623 2282/2276/623 2283/2277/623
f 2277/2271/622 2284/2278/622 2278/2272/622
f 2285/2279/620 2279/2273/620 2271/2265/620
f 2286/2280/624 2287/2281/624 2288/2282/624
f 2286/2280/624 2288/2282/624 2289/2283/624
f 2284/2278/622 2290/2284/622 2278/2272/622
f 2291/2285/620 2285/2279/620 2271/2265/620
f 2289/2283/625 2288/2282/625 2292/2286/625
f 2289/2283/625 2292/2286/625 2293/2287/625
f 2290/2284/622 2294/2288/622 2278/2272/622
f 2295/2289/620 2291/2285/620 2271/2265/620
f 2293/2287/626 2292/2286/626 2296/2290/626
f 2293/2287/626 2296/2290/626 2297/2291/626
f 2294/2288/622 2298/2292/622 2278/2272/622
f 2299/2293/620 2295/2289/620 2271/2265/620
f 2300/2294/627 2301/2295/627 2302/2296/627
f 2300/2294/627 2302/2296/627 2303/2297/627
f 2298/2292/622 2304/2298/622 2278/2272/622
f 2305/2299/620 2299/2293/620 2271/2265/620
f 2306/2300/628 2307/2301/628 2308/2302/628
f 2306/2300/628 2308/2302/628 2309/2303/628
f 2304/2298/622 2310/2304/622 2278/2272/622
f 2311/2305/620 2305/2299/620 2271/2265/620
f 2309/2303/629 2308/2302/629 2312/2306/629
f 2309/2303/629 2312/2306/629 2313/2307/629
f 2310/2304/622 2314/2308/622 2278/2272/622
f 2315/2309/620 2311/2305/620 2271/2265/620
f 2313/2307/630 2312/2306/630 2316/2310/630
f 2313/2307/630 2316/2310/630 2317/2311/630
f 2314/2308/622 2318/2312/622 2278/2272/622
f 2319/2313/620 2315/2309/620 2271/2265/620
f 2320/2314/631 2321/2315/631 2322/2316/631
f 2320/2314/631 2322/2316/631 2323/2317/631
f 2318/2312/622 2324/2318/622 2278/2272/622
f 2325/2319/620 2319/2313/620 2271/2265/620
f 2326/2320/632 2327/2321/632 2328/2322/632
f 2326/2320/632 2328/2322/632 2329/2323/632
f 2324/2318/622 2330/2324/622 2278/2272/622
f 2331/2325/620 2325/2319/620 2271/2265/620
f 2329/2323/633 2328/2322/633 2332/2326/633
f 2329/2323/633 2332/2326/633 2333/2327/633
f 2330/2324/622 2334/2328/622 2278/2272/622
f 2335/2329/620 2331/2325/620 2271/2265/620
f 2333/2327/634 2332/2326/634 2336/2330/634
f 2333/2327/634 2336/2330/634 2337/2331/634
f 2334/2328/622 2338/2332/622 2278/2272/622
f 2339/2333/620 2335/2329/620 2271/2265/620
f 2340/2334/635 2341/2335/635 2342/2336/635
f 2340/2334/635 2342/2336/635 2343/2337/635
f 2338/2332/622 2344/2338/622 2278/2272/622
f 2345/2339/620 2339/2333/620 2271/2265/620
f 2346/2340/636 2347/2341/636 2348/2342/636
f 2346/2340/636 2348/2342/636 2349/2343/636
f 2344/2338/622 2350/2344/622 2278/2272/622
f 2270/2264/620 2345/2339/620 2271/2265/620
f 2349/2343/637 2348/2342/637 2273/2267/637
f 2349/2343/637 2273/2267/637 2272/2266/637
f 2350/2344/622 2276/2270/622 2278/2272/622
f 2351/2345/638 2352/2346/638 2353/2347/638
f 2351/2345/638 2353/2347/638 2354/2348/638
f 2355/2349/639 2356/2350/639 2357/2351/639
f 2355/2349/639 2357/2351/639 2358/2352/639
f 2359/2353/640 2360/2354/640 2361/2355/640
f 2359/2353/640 2361/2355/640 2362/2356/640
f 2363/2357/641 2364/2358/641 2365/2359/641
f 2363/2357/641 2365/2359/641 2366/2360/641
f 2367/2361/642 2368/2362/642 2369/2363/642
f 2367/2361/642 2369/2363/642 2370/2364/642
f 2358/2352/643 2371/2365/643 2368/2362/643
f 2358/2352/643 2368/2362/643 2372/2366/643
f 2373/2367/644 2374/2368/644 2375/2369/644
f 2373/2367/644 2375/2369/644 2376/2370/644
f 2366/2360/645 2377/2371/645 2378/2372/645
f 2366/2360/645 2378/2372/645 2373/2367/645
f 2379/2373/646 2380/2374/646 2381/2375/646
f 2379/2373/646 2381/2375/646 2382/2376/646
f 2382/2376/647 2383/2377/647 2384/2378/647
f 2382/2376/647 2384/2378/647 2385/2379/647
f 2386/2380/648 2384/2378/648 2387/2381/648
f 2386/2380/648 2387/2381/648 2388/2382/648
f 2389/2383/649 2390/2384/649 2391/2385/649
f 2389/2383/649 2391/2385/649 2392/2386/649
f 2393/2387/650 2394/2388/650 2395/2389/650
f 2393/2387/650 2395/2389/650 2396/2390/650
f 2397/2391/651 2398/2392/651 2399/2393/651
f 2397/2391/651 2399/2393/651 2400/2394/651
f 2401/2395/652 2402/2396/652 2403/2397/652
f 2401/2395/652 2403/2397/652 2404/2398/652
f 2404/2398/653 2405/2399/653 2406/2400/653
f 2404/2398/653 2406/2400/653 2393/2387/653
f 2407/2401/622 2408/2402/622 2409/2403/622
f 2407/2401/622 2409/2403/622 2410/2404/622
f 2411/2405/622 2412/2406/622 2413/2407/622
f 2411/2405/622 2413/2407/622 2414/2408/622
f 2415/2409/622 2416/2410/622 2417/2411/622
f 2415/2409/622 2417/2411/622 2418/2412/622
f 2419/2413/622 2415/2409/622 2418/2412/622
f 2419/2413/622 2418/2412/622 2420/2414/622
f 2412/2406/622 2419/2413/622 2420/2414/622
f 2412/2406/622 2420/2414/622 2413/2407/622
f 2408/2402/622 2411/2405/622 2414/2408/622
f 2408/2402/622 2414/2408/622 2409/2403/622
f 2416/2410/622 2421/2415/622 2422/2416/622
f 2416/2410/622 2422/2416/622 2417/2411/622
f 2421/2415/622 2423/2417/622 2424/2418/622
f 2421/2415/622 2424/2418/622 2422/2416/622
f 2423/2417/622 2425/2419/622 2426/2420/622
f 2423/2417/622 2426/2420/622 2424/2418/622
f 2427/2421/622 2428/2422/622 2429/2423/622
f 2427/2421/622 2429/2423/622 2430/2424/622
f 2428/2422/622 2431/2425/622 2432/2426/622
f 2428/2422/622 2432/2426/622 2429/2423/622
f 2433/2427/622 2434/2428/622 2435/2429/622
f 2433/2427/622 2435/2429/622 2436/2430/622
f 2434/2428/622 2407/2401/622 2410/2404/622
f 2434/2428/622 2410/2404/622 2435/2429/622
f 2431/2425/622 2437/2431/622 2438/2432/622
f 2431/2425/622 2438/2432/622 2432/2426/622
f 2437/2431/622 2433/2427/622 2436/2430/622
f 2437/2431/622 2436/2430/622 2438/2432/622
f 2425/2419/622 2427/2421/622 2430/2424/622
f 2425/2419/622 2430/2424/622 2426/2420/622
f 2439/2433/631 2440/2434/631 2441/2435/631
f 2439/2433/631 2441/2435/631 2442/2436/631
f 2443/2437/623 2444/2438/623 2445/2439/623
f 2443/2437/623 2445/2439/623 2286/2280/623
f 2440/2434/632 2446/2440/632 2447/2441/632
f 2440/2434/632 2447/2441/632 2441/2435/632
f 2448/2442/624 2443/2437/624 2286/2280/624
f 2448/2442/624 2286/2280/624 2289/2283/624
f 2446/2440/654 2449/2443/654 2450/2444/654
f 2446/2440/654 2450/2444/654 2447/2441/654
f 2451/2445/625 2448/2442/625 2289/2283/625
f 2451/2445/625 2289/2283/625 2293/2287/625
f 2452/2446/635 2453/2447/635 2454/2448/635
f 2452/2446/635 2454/2448/635 2455/2449/635
f 2456/2450/627 2457/2451/627 2458/2452/627
f 2456/2450/627 2458/2452/627 2306/2300/627
f 2453/2447/636 2459/2453/636 2460/2454/636
f 2453/2447/636 2460/2454/636 2454/2448/636
f 2461/2455/628 2456/2450/628 2306/2300/628
f 2461/2455/628 2306/2300/628 2309/2303/628
f 2459/2453/637 2462/2456/637 2463/2457/637
f 2459/2453/637 2463/2457/637 2460/2454/637
f 2464/2458/629 2461/2455/629 2309/2303/629
f 2464/2458/629 2309/2303/629 2313/2307/629
f 2462/2456/621 2465/2459/621 2466/2460/621
f 2462/2456/621 2466/2460/621 2463/2457/621
f 2467/2461/630 2464/2458/630 2313/2307/630
f 2467/2461/630 2313/2307/630 2317/2311/630
f 2468/2462/624 2469/2463/624 2470/2464/624
f 2468/2462/624 2470/2464/624 2471/2465/624
f 2472/2466/632 2473/2467/632 2326/2320/632
f 2472/2466/632 2326/2320/632 2329/2323/632
f 2469/2463/655 2474/2468/655 2475/2469/655
f 2469/2463/655 2475/2469/655 2470/2464/655
f 2476/2470/633 2472/2466/633 2329/2323/633
f 2476/2470/633 2329/2323/633 2333/2327/633
f 2477/2471/623 2468/2462/623 2471/2465/623
f 2477/2471/623 2471/2465/623 2478/2472/623
f 2479/2473/631 2467/2461/631 2317/2311/631
f 2479/2473/631 2317/2311/631 2480/2474/631
f 2474/2468/626 2481/2475/626 2482/2476/626
f 2474/2468/626 2482/2476/626 2475/2469/626
f 2483/2477/634 2476/2470/634 2333/2327/634
f 2483/2477/634 2333/2327/634 2337/2331/634
f 2481/2475/627 2484/2478/627 2485/2479/627
f 2481/2475/627 2485/2479/627 2482/2476/627
f 2486/2480/635 2483/2477/635 2337/2331/635
f 2486/2480/635 2337/2331/635 2487/2481/635
f 2488/2482/628 2489/2483/628 2490/2484/628
f 2488/2482/628 2490/2484/628 2491/2485/628
f 2492/2486/636 2493/2487/636 2346/2340/636
f 2492/2486/636 2346/2340/636 2349/2343/636
f 2449/2443/634 2494/2488/634 2495/2489/634
f 2449/2443/634 2495/2489/634 2450/2444/634
f 2496/2490/626 2451/2445/626 2293/2287/626
f 2496/2490/626 2293/2287/626 2297/2291/626
f 2489/2483/629 2497/2491/629 2498/2492/629
f 2489/2483/629 2498/2492/629 2490/2484/629
f 2499/2493/637 2492/2486/637 2349/2343/637
f 2499/2493/637 2349/2343/637 2272/2266/637
f 2497/2491/630 2500/2494/630 2501/2495/630
f 2497/2491/630 2501/2495/630 2498/2492/630
f 2502/2496/621 2499/2493/621 2272/2266/621
f 2502/2496/621 2272/2266/621 2275/2269/621
f 2503/2497/656 2504/2498/656 2505/2499/656
f 2503/2497/656 2505/2499/656 2506/2500/656
f 2507/2501/657 2508/2502/657 2509/2503/657
f 2507/2501/657 2509/2503/657 2510/2504/657
f 2511/2505/658 2512/2506/658 2513/2507/658
f 2511/2505/658 2513/2507/658 2514/2508/658
f 2515/2509/659 2516/2510/659 2517/2511/659
f 2515/2509/659 2517/2511/659 2518/2512/659
f 2519/2513/660 2520/2514/660 2521/2515/660
f 2519/2513/660 2521/2515/660 2522/2516/660
f 2523/2517/661 2524/2518/661 2525/2519/661
f 2523/2517/661 2525/2519/661 2526/2520/661
f 2527/2521/662 2528/2522/662 2529/2523/662
f 2527/2521/662 2529/2523/662 2530/2524/662
f 2531/2525/663 2532/2526/663 2533/2527/663
f 2531/2525/663 2533/2527/663 2534/2528/663
f 2535/2529/664 2536/2530/664 2537/2531/664
f 2535/2529/664 2537/2531/664 2538/2532/664
f 2539/2533/665 2540/2534/665 2541/2535/665
f 2539/2533/665 2541/2535/665 2542/2536/665
f 2543/2537/666 2544/2538/666 2545/2539/666
f 2543/2537/666 2545/2539/666 2546/2540/666
f 2547/2541/667 2548/2542/667 2549/2543/667
f 2547/2541/667 2549/2543/667 2550/2544/667
f 2551/2545/668 2552/2546/668 2553/2547/668
f 2551/2545/668 2553/2547/668 2554/2548/668
f 2555/2549/669 2556/2550/669 2557/2551/669
f 2555/2549/669 2557/2551/669 2558/2552/669
f 2559/2553/670 2560/2554/670 2561/2555/670
f 2559/2553/670 2561/2555/670 2562/2556/670
f 2563/2557/671 2564/2558/671 2565/2559/671
f 2563/2557/671 2565/2559/671 2566/2560/671
f 2567/2561/634 2336/2330/634 2332/2326/634
f 2567/2561/634 2332/2326/634 2385/2379/634
f 2385/2379/633 2332/2326/633 2328/2322/633
f 2385/2379/633 2328/2322/633 2382/2376/633
f 2382/2376/632 2328/2322/632 2327/2321/632
f 2382/2376/632 2327/2321/632 2379/2373/632
f 2568/2562/631 2569/2563/631 2316/2310/631
f 2568/2562/631 2316/2310/631 2570/2564/631
f 2570/2564/630 2316/2310/630 2312/2306/630
f 2570/2564/630 2312/2306/630 2372/2366/630
f 2372/2366/629 2312/2306/629 2308/2302/629
f 2372/2366/629 2308/2302/629 2358/2352/629
f 2358/2352/628 2308/2302/628 2307/2301/628
f 2358/2352/628 2307/2301/628 2355/2349/628
f 2355/2349/627 2307/2301/627 2571/2565/627
f 2355/2349/627 2571/2565/627 2572/2566/627
f 2376/2370/626 2296/2290/626 2292/2286/626
f 2376/2370/626 2292/2286/626 2373/2367/626
f 2373/2367/625 2292/2286/625 2288/2282/625
f 2373/2367/625 2288/2282/625 2366/2360/625
f 2366/2360/624 2288/2282/624 2287/2281/624
f 2366/2360/624 2287/2281/624 2363/2357/624
f 2363/2357/623 2287/2281/623 2573/2567/623
f 2363/2357/623 2573/2567/623 2574/2568/623
f 2396/2390/621 2274/2268/621 2273/2267/621
f 2396/2390/621 2273/2267/621 2393/2387/621
f 2393/2387/637 2273/2267/637 2348/2342/637
f 2393/2387/637 2348/2342/637 2404/2398/637
f 2404/2398/636 2348/2342/636 2347/2341/636
f 2404/2398/636 2347/2341/636 2401/2395/636
f 2575/2569/635 2576/2570/635 2336/2330/635
f 2575/2569/635 2336/2330/635 2567/2561/635
f 2533/2527/672 2381/2375/672 2380/2374/672
f 2533/2527/672 2380/2374/672 2534/2528/672
f 2513/2507/673 2577/2571/673 2578/2572/673
f 2513/2507/673 2578/2572/673 2514/2508/673
f 2517/2511/674 2369/2363/674 2368/2362/674
f 2517/2511/674 2368/2362/674 2518/2512/674
f 2521/2515/675 2368/2362/675 2371/2365/675
f 2521/2515/675 2371/2365/675 2522/2516/675
f 2525/2519/676 2357/2351/676 2356/2350/676
f 2525/2519/676 2356/2350/676 2526/2520/676
f 2529/2523/677 2579/2573/677 2580/2574/677
f 2529/2523/677 2580/2574/677 2530/2524/677
f 2505/2499/678 2375/2369/678 2374/2368/678
f 2505/2499/678 2374/2368/678 2506/2500/678
f 2545/2539/679 2378/2372/679 2377/2371/679
f 2545/2539/679 2377/2371/679 2546/2540/679
f 2553/2547/680 2365/2359/680 2364/2358/680
f 2553/2547/680 2364/2358/680 2554/2548/680
f 2541/2535/681 2581/2575/681 2582/2576/681
f 2541/2535/681 2582/2576/681 2542/2536/681
f 2561/2555/682 2395/2389/682 2394/2388/682
f 2561/2555/682 2394/2388/682 2562/2556/682
f 2565/2559/683 2406/2400/683 2405/2399/683
f 2565/2559/683 2405/2399/683 2566/2560/683
f 2557/2551/684 2403/2397/684 2402/2396/684
f 2557/2551/684 2402/2396/684 2558/2552/684
f 2509/2503/685 2583/2577/685 2584/2578/685
f 2509/2503/685 2584/2578/685 2510/2504/685
f 2549/2543/686 2387/2381/686 2384/2378/686
f 2549/2543/686 2384/2378/686 2550/2544/686
f 2537/2531/687 2384/2378/687 2383/2377/687
f 2537/2531/687 2383/2377/687 2538/2532/687
f 2585/2579/627 2586/2580/627 2587/2581/627
f 2585/2579/627 2587/2581/627 2588/2582/627
f 2322/2316/688 2321/2315/688 2589/2583/688
f 2322/2316/688 2589/2583/688 2590/2584/688
f 2591/2585/635 2592/2586/635 2593/2587/635
f 2591/2585/635 2593/2587/635 2594/2588/635
f 2595/2589/622 2596/2590/622 2597/2591/622
f 2595/2589/622 2597/2591/622 2598/2592/622
f 2599/2593/623 2600/2594/623 2601/2595/623
f 2599/2593/623 2601/2595/623 2602/2596/623
f 2302/2296/689 2301/2295/689 2603/2597/689
f 2302/2296/689 2603/2597/689 2604/2598/689
f 2605/2599/631 2606/2600/631 2607/2601/631
f 2605/2599/631 2607/2601/631 2608/2602/631
f 2609/2603/622 2610/2604/622 2611/2589/622
f 2609/2603/622 2611/2589/622 2612/2592/622
f 2613/2605/635 2614/2606/635 2615/2607/635
f 2613/2605/635 2615/2607/635 2616/2608/635
f 2282/2276/690 2281/2275/690 2617/2609/690
f 2282/2276/690 2617/2609/690 2618/2610/690
f 2619/2611/627 2620/2612/627 2621/2613/627
f 2619/2611/627 2621/2613/627 2622/2614/627
f 2623/2615/622 2624/2616/622 2625/2617/622
f 2623/2615/622 2625/2617/622 2626/2618/622
f 2627/2619/631 2628/2620/631 2629/2580/631
f 2627/2619/631 2629/2580/631 2630/2621/631
f 2342/2336/691 2341/2335/691 2631/2622/691
f 2342/2336/691 2631/2622/691 2632/2623/691
f 2633/2614/623 2634/2624/623 2635/2608/623
f 2633/2614/623 2635/2608/623 2636/2607/623
f 2637/2615/622 2638/2604/622 2639/2625/622
f 2637/2615/622 2639/2625/622 2640/2616/622
f 2641/2626/692 2642/2627/692 2643/2628/692
f 2641/2626/692 2643/2628/692 2644/2629/692
f 2361/2355/693 2360/2354/693 2580/2574/693
f 2361/2355/693 2580/2574/693 2579/2573/693
f 2645/2630/694 2646/2631/694 2647/2591/694
f 2645/2630/694 2647/2591/694 2648/2632/694
f 2649/2603/695 2650/2633/695 2651/2625/695
f 2649/2603/695 2651/2625/695 2652/2604/695
f 2653/2634/696 2654/2635/696 2655/2636/696
f 2653/2634/696 2655/2636/696 2656/2637/696
f 2353/2347/697 2352/2346/697 2578/2572/697
f 2353/2347/697 2578/2572/697 2577/2571/697
f 2657/2638/698 2658/2639/698 2659/2640/698
f 2657/2638/698 2659/2640/698 2660/2641/698
f 2661/2642/699 2662/2643/699 2663/2633/699
f 2661/2642/699 2663/2633/699 2664/2603/699
f 2665/2644/700 2666/2645/700 2667/2646/700
f 2665/2644/700 2667/2646/700 2668/2647/700
f 2399/2393/701 2398/2392/701 2584/2578/701
f 2399/2393/701 2584/2578/701 2583/2577/701
f 2669/2648/702 2670/2649/702 2671/2650/702
f 2669/2648/702 2671/2650/702 2672/2651/702
f 2673/2652/703 2674/2653/703 2675/2654/703
f 2673/2652/703 2675/2654/703 2676/2655/703
f 2677/2656/704 2678/2657/704 2679/2658/704
f 2677/2656/704 2679/2658/704 2680/2659/704
f 2391/2385/705 2390/2384/705 2582/2576/705
f 2391/2385/705 2582/2576/705 2581/2575/705
f 2681/2660/706 2682/2661/706 2683/2662/706
f 2681/2660/706 2683/2662/706 2684/2663/706
f 2685/2655/707 2686/2654/707 2687/2643/707
f 2685/2655/707 2687/2643/707 2688/2642/707
# Vertices: 420, normals: 88, texture coordinates: 401, faces: 352

o obj28
v -0.04770871 0.6731893 2.40814897
v -0.05730599 0.66921776 2.40797557
v -0.0625 0.69530497 2.40911456
v -0.0532662 0.61215515 3.24932045
v -0.0532662 0.62122443 3.04159958
v -0.03620436 0.62828494 3.04190784
v -0.03620436 0.61921565 3.24962872
v -0.05557465 0.62374945 3.24982667
v -0.04277827 0.62904484 3.25005787
v -0.0625 0.6585324 3.25134532
v -0.04036326 0.68052775 2.40846937
v -0.00337945 0.58642198 3.24819692
v -0.00337945 0.59003885 3.16535707
v 0.00967912 0.60308498 3.16592668
v 0.00967912 0.59946812 3.24876652
v -0.03298435 0.63882944 3.25048507
v -0.03638794 0.6901159 2.408888
v -0.0231458 0.6322618 3.25019832
v -0.0231458 0.64133108 3.04247745
v -0.01607856 0.65837667 3.04322168
v -0.01607856 0.64930739 3.25094255
v -0.02768392 0.65161365 3.25104324
v -0.03638794 0.70049403 2.40934112
v -0.01607856 0.6768267 3.04402722
v -0.01607856 0.66775742 3.2517481
v -0.02768392 0.66545116 3.2516474
v -0.04036326 0.71008219 2.40975975
v -0.0231458 0.69387229 3.04477145
v -0.0231458 0.68480301 3.25249232
v -0.03298435 0.67823536 3.25220557
v -0.04770871 0.71742063 2.41008015
v 0.00967912 0.71759668 3.25392412
v 0.00967912 0.72121355 3.17108428
v -0.00337945 0.73425969 3.17165389
v -0.00337945 0.73064283 3.25449373
v -0.04277827 0.68801996 3.25263278
v -0.05730599 0.72139218 2.41025355
v -0.03620436 0.69784915 3.25306193
v -0.03620436 0.70691843 3.04534106
v -0.0532662 0.71397894 3.04564932
v -0.0532662 0.70490966 3.2533702
v -0.05557465 0.69331535 3.25286398
v -0.06769401 0.72139218 2.41025355
v -0.0717338 0.71397894 3.04564932
v -0.0717338 0.70490966 3.2533702
v -0.06942535 0.69331535 3.25286398
v -0.07729129 0.71742063 2.41008015
v -0.08879563 0.70691843 3.04534106
v -0.08879563 0.69784915 3.25306193
v -0.08222172 0.68801996 3.25263278
v -0.08463674 0.71008219 2.40975975
v -0.12162055 0.73064283 3.25449373
v -0.12162055 0.73425969 3.17165389
v -0.13467911 0.72121355 3.17108428
v -0.13467911 0.71759668 3.25392412
v -0.09201565 0.67823536 3.25220557
v -0.08861206 0.70049403 2.40934112
v -0.1018542 0.68480301 3.25249232
v -0.1018542 0.69387229 3.04477145
v -0.10892145 0.6768267 3.04402722
v -0.10892145 0.66775742 3.2517481
v -0.09731608 0.66545116 3.2516474
v -0.08861206 0.6901159 2.408888
v -0.10892145 0.65837667 3.04322168
v -0.10892145 0.64930739 3.25094255
v -0.09731608 0.65161365 3.25104324
v -0.08463674 0.68052775 2.40846937
v -0.1018542 0.64133108 3.04247745
v -0.1018542 0.6322618 3.25019832
v -0.09201565 0.63882944 3.25048507
v -0.07729129 0.6731893 2.40814897
v -0.13467911 0.59946812 3.24876652
v -0.13467911 0.60308498 3.16592668
v -0.12162055 0.59003885 3.16535707
v -0.12162055 0.58642198 3.24819692
v -0.08222172 0.62904484 3.25005787
v -0.06769401 0.66921776 2.40797557
v -0.08879563 0.61921565 3.24962872
v -0.08879563 0.62828494 3.04190784
v -0.0717338 0.62122443 3.04159958
v -0.0717338 0.61215515 3.24932045
v -0.06942535 0.62374945 3.24982667
v -0.12156421 0.75433706 2.71051434
v -0.11827717 0.75250492 2.63969743
v -0.12970337 0.74108959 2.63919902
v -0.13462277 0.74129093 2.70994473
v -0.03620436 0.72144002 2.71274195
v -0.0394914 0.72233408 2.57948453
v -0.05442045 0.72851201 2.57975426
v -0.0532662 0.72850052 2.71305022
v 0.00962277 0.74129093 2.70994473
v 0.00470338 0.74108959 2.63919902
v -0.00672283 0.75250492 2.63969743
v -0.00343579 0.75433706 2.71051434
v -0.0231458 0.65585266 2.70987835
v -0.0280652 0.66494534 2.57697888
v -0.02188138 0.67986019 2.57763008
v -0.01607856 0.67289825 2.71062257
v -0.0717338 0.72850052 2.71305022
v -0.07057954 0.72851201 2.57975426
v -0.0855086 0.72233408 2.57948453
v -0.08879563 0.72144002 2.71274195
v -0.05442045 0.72851201 2.57975426
v -0.0717338 0.72850052 2.71305022
v -0.01607856 0.69134828 2.71142812
v -0.02188138 0.69600389 2.57833493
v -0.0280652 0.71091874 2.57898612
v -0.0231458 0.70839387 2.71217235
v -0.02188138 0.67986019 2.57763008
v -0.02188138 0.69600389 2.57833493
v -0.1018542 0.70839387 2.71217235
v -0.0969348 0.71091874 2.57898612
v -0.10311862 0.69600389 2.57833493
v -0.10892145 0.69134828 2.71142812
v -0.10311862 0.69600389 2.57833493
v -0.10311862 0.67986019 2.57763008
v -0.10892145 0.67289825 2.71062257
v -0.10892145 0.67289825 2.71062257
v -0.0969348 0.66494534 2.57697888
v -0.1018542 0.65585266 2.70987835
v -0.00343579 0.61022881 2.70422244
v -0.00672283 0.61822608 2.63383469
v 0.00470338 0.6296414 2.63433309
v 0.00962277 0.62327494 2.70479205
v -0.0532662 0.63574601 2.70900047
v -0.05442045 0.64735209 2.57621074
v -0.0394914 0.65353 2.57648048
v -0.03620436 0.64280652 2.70930874
v -0.13462277 0.62327494 2.70479205
v -0.12970337 0.6296414 2.63433309
v -0.11827717 0.61822608 2.63383469
v -0.12156421 0.61022881 2.70422244
v -0.08879563 0.64280652 2.70930874
v -0.0855086 0.65353 2.57648048
v -0.07057954 0.64735209 2.57621074
v -0.0717338 0.63574601 2.70900047
v -0.07057954 0.64735209 2.57621074
v -0.05442045 0.64735209 2.57621074
v -0.09201565 0.63552672 3.32612986
v -0.09731608 0.64831093 3.32668803
v -0.10892145 0.64600467 3.32658734
v -0.1018542 0.62895908 3.32584311
v -0.09731608 0.66214843 3.32729219
v -0.09201565 0.67493264 3.32785036
v -0.1018542 0.68150029 3.32813711
v -0.10892145 0.6644547 3.32739288
v -0.06942535 0.69001263 3.32850877
v -0.05557465 0.69001263 3.32850877
v -0.0532662 0.70160694 3.32901498
v -0.0717338 0.70160694 3.32901498
v -0.08222172 0.68471724 3.32827757
v -0.08879563 0.69454643 3.32870672
v -0.04277827 0.68471724 3.32827757
v -0.03620436 0.69454643 3.32870672
v -0.03298435 0.67493264 3.32785036
v -0.0231458 0.68150029 3.32813711
v -0.02768392 0.66214843 3.32729219
v -0.01607856 0.6644547 3.32739288
v -0.02768392 0.64831093 3.32668803
v -0.03298435 0.63552672 3.32612986
v -0.0231458 0.62895908 3.32584311
v -0.01607856 0.64600467 3.32658734
v -0.04277827 0.62574212 3.32570266
v -0.03620436 0.61591293 3.32527351
v -0.06942535 0.62044673 3.32547146
v -0.08222172 0.62574212 3.32570266
v -0.08879563 0.61591293 3.32527351
v -0.0717338 0.60885243 3.32496524
v -0.05557465 0.62044673 3.32547146
v -0.0532662 0.60885243 3.32496524
v -0.04277827 0.62574212 3.32570266
v -0.03298435 0.63552672 3.32612986
v -0.03298435 0.63882944 3.25048507
v -0.04277827 0.62904484 3.25005787
v -0.0231458 0.62895908 3.32584311
v -0.03620436 0.61591293 3.32527351
v -0.03620436 0.61921565 3.24962872
v -0.02768392 0.64831093 3.32668803
v -0.02768392 0.65161365 3.25104324
v -0.01607856 0.64600467 3.32658734
v -0.02768392 0.66214843 3.32729219
v -0.02768392 0.66545116 3.2516474
v -0.01607856 0.6644547 3.32739288
v -0.03298435 0.67493264 3.32785036
v -0.04277827 0.68471724 3.32827757
v -0.04277827 0.68801996 3.25263278
v -0.03298435 0.67823536 3.25220557
v -0.03620436 0.69454643 3.32870672
v -0.0231458 0.68150029 3.32813711
v -0.0231458 0.68480301 3.25249232
v -0.05557465 0.69001263 3.32850877
v -0.05557465 0.69331535 3.25286398
v -0.0532662 0.70160694 3.32901498
v -0.06942535 0.69001263 3.32850877
v -0.06942535 0.69331535 3.25286398
v -0.0717338 0.70160694 3.32901498
v -0.08222172 0.68471724 3.32827757
v -0.08222172 0.68801996 3.25263278
v -0.08879563 0.69454643 3.32870672
v -0.09201565 0.67493264 3.32785036
v -0.09731608 0.66214843 3.32729219
v -0.09731608 0.66545116 3.2516474
v -0.09201565 0.67823536 3.25220557
v -0.10892145 0.6644547 3.32739288
v -0.1018542 0.68150029 3.32813711
v -0.09731608 0.64831093 3.32668803
v -0.09731608 0.65161365 3.25104324
v -0.10892145 0.64600467 3.32658734
v -0.08222172 0.68471724 3.32827757
v -0.08222172 0.68801996 3.25263278
v -0.1018542 0.68150029 3.32813711
v -0.1018542 0.68480301 3.25249232
v -0.09201565 0.63552672 3.32612986
v -0.09201565 0.63882944 3.25048507
v -0.1018542 0.62895908 3.32584311
v -0.08222172 0.62574212 3.32570266
v -0.08222172 0.62904484 3.25005787
v -0.08879563 0.61591293 3.32527351
v -0.08879563 0.61921565 3.24962872
v -0.08222172 0.62574212 3.32570266
v -0.06942535 0.62044673 3.32547146
v -0.06942535 0.62374945 3.24982667
v -0.08222172 0.62904484 3.25005787
v -0.0717338 0.60885243 3.32496524
v -0.08879563 0.61591293 3.32527351
v -0.03298435 0.67493264 3.32785036
v -0.03298435 0.67823536 3.25220557
v -0.0231458 0.68150029 3.32813711
v -0.05557465 0.62044673 3.32547146
v -0.05557465 0.62374945 3.24982667
v -0.0532662 0.60885243 3.32496524
v -0.04277827 0.62574212 3.32570266
v -0.04277827 0.62904484 3.25005787
v -0.03620436 0.61591293 3.32527351
v -0.03638794 0.70049403 2.40934112
v -0.04036326 0.71008219 2.40975975
v -0.03298435 0.71126258 2.49575757
v -0.02768392 0.69847837 2.4951994
v -0.08463674 0.68052775 2.40846937
v -0.07729129 0.6731893 2.40814897
v -0.08222172 0.66207205 2.49360987
v -0.09201565 0.67185665 2.49403707
v -0.07729129 0.71742063 2.41008015
v -0.08463674 0.71008219 2.40975975
v -0.09201565 0.71126258 2.49575757
v -0.08222172 0.72104718 2.49618477
v -0.06769401 0.72139218 2.41025355
v -0.07729129 0.71742063 2.41008015
v -0.08222172 0.72104718 2.49618477
v -0.06942535 0.72634256 2.49641598
v -0.05730599 0.72139218 2.41025355
v -0.06769401 0.72139218 2.41025355
v -0.06942535 0.72634256 2.49641598
v -0.05557465 0.72634256 2.49641598
v -0.04770871 0.71742063 2.41008015
v -0.05730599 0.72139218 2.41025355
v -0.05557465 0.72634256 2.49641598
v -0.04277827 0.72104718 2.49618477
v -0.04036326 0.71008219 2.40975975
v -0.04770871 0.71742063 2.41008015
v -0.04277827 0.72104718 2.49618477
v -0.03298435 0.71126258 2.49575757
v -0.08463674 0.71008219 2.40975975
v -0.08861206 0.70049403 2.40934112
v -0.09731608 0.69847837 2.4951994
v -0.09201565 0.71126258 2.49575757
v -0.08861206 0.70049403 2.40934112
v -0.08861206 0.6901159 2.408888
v -0.09731608 0.68464086 2.49459524
v -0.09731608 0.69847837 2.4951994
v -0.04770871 0.6731893 2.40814897
v -0.04036326 0.68052775 2.40846937
v -0.03298435 0.67185665 2.49403707
v -0.04277827 0.66207205 2.49360987
v -0.03638794 0.6901159 2.408888
v -0.03638794 0.70049403 2.40934112
v -0.02768392 0.69847837 2.4951994
v -0.02768392 0.68464086 2.49459524
v -0.08861206 0.6901159 2.408888
v -0.08463674 0.68052775 2.40846937
v -0.09201565 0.67185665 2.49403707
v -0.09731608 0.68464086 2.49459524
v -0.04036326 0.68052775 2.40846937
v -0.03638794 0.6901159 2.408888
v -0.02768392 0.68464086 2.49459524
v -0.03298435 0.67185665 2.49403707
v -0.07729129 0.6731893 2.40814897
v -0.06769401 0.66921776 2.40797557
v -0.06942535 0.65677666 2.49337866
v -0.08222172 0.66207205 2.49360987
v -0.05730599 0.66921776 2.40797557
v -0.04770871 0.6731893 2.40814897
v -0.04277827 0.66207205 2.49360987
v -0.05557465 0.65677666 2.49337866
v -0.06769401 0.66921776 2.40797557
v -0.05730599 0.66921776 2.40797557
v -0.05557465 0.65677666 2.49337866
v -0.06942535 0.65677666 2.49337866
v -0.1018542 0.65585266 2.70987835
v -0.1018542 0.70839387 2.71217235
v -0.1018542 0.69387229 3.04477145
v -0.08879563 0.72144002 2.71274195
v -0.0231458 0.69387229 3.04477145
v -0.0231458 0.70839387 2.71217235
v -0.03620436 0.62828494 3.04190784
v -0.03620436 0.64280652 2.70930874
v -0.08879563 0.64280652 2.70930874
v -0.08879563 0.62828494 3.04190784
v -0.0969348 0.71091874 2.57898612
v -0.0855086 0.72233408 2.57948453
v -0.0394914 0.72233408 2.57948453
v -0.0280652 0.71091874 2.57898612
v -0.0280652 0.66494534 2.57697888
v -0.0394914 0.65353 2.57648048
v -0.0855086 0.65353 2.57648048
v -0.0969348 0.66494534 2.57697888
v -0.12162055 0.73425969 3.17165389
v -0.12162055 0.73064283 3.25449373
v -0.08879563 0.69784915 3.25306193
v -0.08879563 0.70691843 3.04534106
v -0.08879563 0.70691843 3.04534106
v -0.1018542 0.69387229 3.04477145
v -0.13467911 0.71759668 3.25392412
v -0.13467911 0.72121355 3.17108428
v -0.1018542 0.69387229 3.04477145
v -0.1018542 0.68480301 3.25249232
v -0.12162055 0.73064283 3.25449373
v -0.13467911 0.71759668 3.25392412
v -0.1018542 0.68480301 3.25249232
v -0.08879563 0.69784915 3.25306193
v 0.00967912 0.72121355 3.17108428
v 0.00967912 0.71759668 3.25392412
v -0.0231458 0.68480301 3.25249232
v -0.0231458 0.69387229 3.04477145
v -0.0231458 0.69387229 3.04477145
v -0.03620436 0.70691843 3.04534106
v -0.00337945 0.73064283 3.25449373
v -0.00337945 0.73425969 3.17165389
v -0.03620436 0.70691843 3.04534106
v -0.03620436 0.69784915 3.25306193
v 0.00967912 0.71759668 3.25392412
v -0.00337945 0.73064283 3.25449373
v -0.03620436 0.69784915 3.25306193
v -0.0231458 0.68480301 3.25249232
v -0.00337945 0.59003885 3.16535707
v -0.00337945 0.58642198 3.24819692
v -0.03620436 0.61921565 3.24962872
v -0.03620436 0.62828494 3.04190784
v -0.03620436 0.62828494 3.04190784
v -0.0231458 0.64133108 3.04247745
v 0.00967912 0.59946812 3.24876652
v 0.00967912 0.60308498 3.16592668
v -0.0231458 0.64133108 3.04247745
v -0.0231458 0.6322618 3.25019832
v -0.00337945 0.58642198 3.24819692
v 0.00967912 0.59946812 3.24876652
v -0.0231458 0.6322618 3.25019832
v -0.03620436 0.61921565 3.24962872
v -0.13467911 0.60308498 3.16592668
v -0.13467911 0.59946812 3.24876652
v -0.1018542 0.6322618 3.25019832
v -0.1018542 0.64133108 3.04247745
v -0.1018542 0.64133108 3.04247745
v -0.08879563 0.62828494 3.04190784
v -0.12162055 0.58642198 3.24819692
v -0.12162055 0.59003885 3.16535707
v -0.08879563 0.62828494 3.04190784
v -0.08879563 0.61921565 3.24962872
v -0.13467911 0.59946812 3.24876652
v -0.12162055 0.58642198 3.24819692
v -0.08879563 0.61921565 3.24962872
v -0.1018542 0.6322618 3.25019832
v 0.00470338 0.74108959 2.63919902
v 0.00962277 0.74129093 2.70994473
v -0.0231458 0.70839387 2.71217235
v -0.0280652 0.71091874 2.57898612
v -0.00343579 0.75433706 2.71051434
v -0.00672283 0.75250492 2.63969743
v -0.0394914 0.72233408 2.57948453
v -0.03620436 0.72144002 2.71274195
v 0.00962277 0.74129093 2.70994473
v -0.00343579 0.75433706 2.71051434
v -0.03620436 0.72144002 2.71274195
v -0.0231458 0.70839387 2.71217235
v -0.11827717 0.75250492 2.63969743
v -0.12156421 0.75433706 2.71051434
v -0.08879563 0.72144002 2.71274195
v -0.0855086 0.72233408 2.57948453
v -0.13462277 0.74129093 2.70994473
v -0.12970337 0.74108959 2.63919902
v -0.0969348 0.71091874 2.57898612
v -0.1018542 0.70839387 2.71217235
v -0.12156421 0.75433706 2.71051434
v -0.13462277 0.74129093 2.70994473
v -0.1018542 0.70839387 2.71217235
v -0.08879563 0.72144002 2.71274195
v -0.12970337 0.6296414 2.63433309
v -0.13462277 0.62327494 2.70479205
v -0.1018542 0.65585266 2.70987835
v -0.0969348 0.66494534 2.57697888
v -0.12156421 0.61022881 2.70422244
v -0.11827717 0.61822608 2.63383469
v -0.0855086 0.65353 2.57648048
v -0.08879563 0.64280652 2.70930874
v -0.13462277 0.62327494 2.70479205
v -0.12156421 0.61022881 2.70422244
v -0.08879563 0.64280652 2.70930874
v -0.1018542 0.65585266 2.70987835
v -0.00672283 0.61822608 2.63383469
v -0.00343579 0.61022881 2.70422244
v -0.03620436 0.64280652 2.70930874
v -0.0394914 0.65353 2.57648048
v 0.00962277 0.62327494 2.70479205
v 0.00470338 0.6296414 2.63433309
v -0.0280652 0.66494534 2.57697888
v -0.0231458 0.65585266 2.70987835
v -0.00343579 0.61022881 2.70422244
v 0.00962277 0.62327494 2.70479205
v -0.0231458 0.65585266 2.70987835
v -0.03620436 0.64280652 2.70930874
vn -0 -1 0
vn 0.38268 0 0.92388
vn 0 1 0
vn 0.70711 0 0.70711
vn 0.92388 0 0.38268
vn 1 0 0
vn 0.92388 0 -0.38268
vn 0.70711 0 -0.70711
vn 0.38268 0 -0.92388
vn 0 0 -1
vn -0.38268 0 -0.92388
vn -0.70711 0 -0.70711
vn -0.92388 0 -0.38268
vn -1 0 -0
vn -0.92388 0 0.38268
vn -0.70711 0 0.70711
vn -0.38268 0 0.92388
vn 0 0 1
vn -0.70473 -0.08184 -0.70473
vn 0.38232 -0.04353 -0.923
vn 0.70473 -0.08184 -0.70473
vn 0.923 -0.04353 0.38232
vn -0.38232 -0.04353 -0.923
vn 0 -0.04353 -0.99905
vn 0.923 -0.04353 -0.38232
vn 0.99905 -0.04353 0
vn -0.923 -0.04353 -0.38232
vn -0.99905 -0.04353 0
vn -0.923 -0.04353 0.38232
vn 0.70473 -0.08184 0.70473
vn 0.38232 -0.04353 0.923
vn -0.70473 -0.08184 0.70473
vn -0.38232 -0.04353 0.923
vn 0 -0.04353 0.99905
vn -1 0 0
vn 1 0 0
vn 0.91917 -0.10085 -0.38073
vn -0.7035 -0.10085 0.7035
vn -0.7035 -0.10085 -0.7035
vn -0.38073 -0.10085 -0.91917
vn 0 -0.10085 -0.9949
vn 0.38073 -0.10085 -0.91917
vn 0.7035 -0.10085 -0.7035
vn -0.91917 -0.10085 -0.38073
vn -0.9949 -0.10085 0
vn 0.7035 -0.10085 0.7035
vn 0.9949 -0.10085 0
vn -0.91917 -0.10085 0.38073
vn 0.91917 -0.10085 0.38073
vn -0.38073 -0.10085 0.91917
vn 0.38073 -0.10085 0.91917
vn 0 -0.10085 0.9949
vn -0.92164 -0.0696 -0.38176
vn -0.70539 -0.0696 -0.70539
vn -0.38176 -0.0696 -0.92164
vn 0 -0.0696 -0.99757
vn 0.38176 -0.0696 -0.92164
vn 0.70539 -0.0696 -0.70539
vn 0.92164 -0.0696 -0.38176
vn 0.99757 -0.0696 0
vn 0.92164 -0.0696 0.38176
vn 0.70539 -0.0696 0.70539
vn 0.38176 -0.0696 0.92164
vn 0 -0.0696 0.99757
vn -0.38176 -0.0696 0.92164
vn -0.70539 -0.0696 0.70539
vn -0.92164 -0.0696 0.38176
vn -0.99757 -0.0696 0
vn -0.66287 -0.34814 -0.66287
vn 0.66287 -0.34814 -0.66287
vn 0.66287 -0.34814 0.66287
vn -0.66287 -0.34814 0.66287
vn 0.70611 -0.01623 0.70792
vn 0.5555 -0.61873 -0.5555
vn -0.69044 -0.01823 -0.72316
vn 0.05568 0.9969 -0.05568
vn 0.70792 -0.01623 -0.70611
vn -0.5555 -0.61873 -0.5555
vn -0.72316 -0.01823 0.69044
vn -0.05568 0.9969 -0.05568
vn -0.70611 -0.01623 -0.70792
vn -0.5555 -0.61873 0.5555
vn 0.69044 -0.01823 0.72316
vn -0.05568 0.9969 0.05568
vn -0.70792 -0.01623 0.70611
vn 0.5555 -0.61873 0.5555
vn 0.72316 -0.01823 -0.69044
vn 0.05568 0.9969 0.05568
vt 0.64802 0.68037
vt 0.64322 0.68236
vt 0.64062 0.66931
vt 0.42649 0.96214
vt 0.42649 0.85818
vt 0.43573 0.85818
vt 0.43573 0.96214
vt 0.59721 0.65268
vt 0.60361 0.65533
vt 0.59375 0.67009
vt 0.65169 0.6767
vt 0.20952 0.40625
vt 0.20952 0.36479
vt 0.21875 0.36479
vt 0.21875 0.40625
vt 0.60851 0.66023
vt 0.65368 0.6719
vt 0.27202 0.96214
vt 0.27202 0.85818
vt 0.28125 0.85818
vt 0.28125 0.96214
vt 0.61116 0.66663
vt 0.65368 0.66671
vt 0.29048 0.85818
vt 0.29048 0.96214
vt 0.61116 0.67355
vt 0.65169 0.66191
vt 0.29972 0.85818
vt 0.29972 0.96214
vt 0.60851 0.67995
vt 0.64802 0.65824
vt 0.125 0.40625
vt 0.125 0.36479
vt 0.13423 0.36479
vt 0.13423 0.40625
vt 0.60361 0.68485
vt 0.64322 0.65625
vt 0.0174 0.96214
vt 0.0174 0.85818
vt 0.02663 0.85818
vt 0.02663 0.96214
vt 0.59721 0.6875
vt 0.63803 0.65625
vt 0.03587 0.85818
vt 0.03587 0.96214
vt 0.59029 0.6875
vt 0.63323 0.65824
vt 0.0451 0.85818
vt 0.0451 0.96214
vt 0.58389 0.68485
vt 0.62956 0.66191
vt 0.27202 0.40625
vt 0.27202 0.36479
vt 0.28125 0.36479
vt 0.28125 0.40625
vt 0.57899 0.67995
vt 0.62757 0.66671
vt 0.20028 0.96214
vt 0.20028 0.85818
vt 0.20952 0.85818
vt 0.20952 0.96214
vt 0.57634 0.67355
vt 0.62757 0.6719
vt 0.21875 0.85818
vt 0.21875 0.96214
vt 0.57634 0.66663
vt 0.62956 0.6767
vt 0.22798 0.85818
vt 0.22798 0.96214
vt 0.57899 0.66023
vt 0.63323 0.68037
vt 0.0625 0.40625
vt 0.0625 0.36479
vt 0.07173 0.36479
vt 0.07173 0.40625
vt 0.58389 0.65533
vt 0.63803 0.68236
vt 0.40802 0.96214
vt 0.40802 0.85818
vt 0.41726 0.85818
vt 0.41726 0.96214
vt 0.59029 0.65268
vt 0.55327 0.78274
vt 0.55384 0.74728
vt 0.56192 0.74728
vt 0.5625 0.78274
vt 0.0174 0.69172
vt 0.01798 0.62507
vt 0.02606 0.62507
vt 0.02663 0.69172
vt 0.53125 0.43898
vt 0.53183 0.40353
vt 0.53991 0.40353
vt 0.54048 0.43898
vt 0.27202 0.69172
vt 0.2726 0.62507
vt 0.28068 0.62507
vt 0.28125 0.69172
vt 0.03587 0.69172
vt 0.03529 0.62507
vt 0.04337 0.62493
vt 0.0451 0.69156
vt 0.02721 0.62507
vt 0.03587 0.69172
vt 0.29048 0.69172
vt 0.29106 0.62507
vt 0.29914 0.62507
vt 0.29972 0.69172
vt 0.28183 0.62507
vt 0.28991 0.62507
vt 0.20028 0.69172
vt 0.20086 0.62507
vt 0.20894 0.62507
vt 0.20952 0.69172
vt 0.21009 0.62507
vt 0.21817 0.62507
vt 0.21875 0.69172
vt 0.21875 0.69172
vt 0.22625 0.62494
vt 0.22798 0.69156
vt 0.39702 0.43899
vt 0.39759 0.40353
vt 0.40567 0.40353
vt 0.40625 0.43899
vt 0.42649 0.69172
vt 0.42707 0.62507
vt 0.43515 0.62507
vt 0.43573 0.69172
vt 0.34375 0.43899
vt 0.34433 0.40353
vt 0.35241 0.40353
vt 0.35298 0.43899
vt 0.40802 0.69172
vt 0.4086 0.62507
vt 0.41668 0.62507
vt 0.41726 0.69172
vt 0.41783 0.62507
vt 0.42592 0.62507
vt 0.36024 0.49818
vt 0.35759 0.50458
vt 0.35179 0.50343
vt 0.35532 0.49489
vt 0.35759 0.5115
vt 0.36024 0.5179
vt 0.35532 0.52119
vt 0.35179 0.51266
vt 0.37154 0.52545
vt 0.37846 0.52545
vt 0.37962 0.53125
vt 0.37038 0.53125
vt 0.36514 0.5228
vt 0.36185 0.52772
vt 0.38486 0.5228
vt 0.38815 0.52772
vt 0.38976 0.5179
vt 0.39468 0.52119
vt 0.39241 0.5115
vt 0.39821 0.51266
vt 0.39241 0.50458
vt 0.38976 0.49818
vt 0.39468 0.49489
vt 0.39821 0.50343
vt 0.38486 0.49328
vt 0.38815 0.48836
vt 0.37154 0.49063
vt 0.36514 0.49328
vt 0.36185 0.48836
vt 0.37038 0.48483
vt 0.37846 0.49063
vt 0.37962 0.48483
vt 0.43573 0.4375
vt 0.4288 0.4375
vt 0.4288 0.39964
vt 0.43573 0.39964
vt 0.27202 1
vt 0.26278 1
vt 0.26278 0.96214
vt 0.42188 0.4375
vt 0.42188 0.39964
vt 0.28125 1
vt 0.41495 0.4375
vt 0.41495 0.39964
vt 0.29048 1
vt 0.02947 0.40625
vt 0.02255 0.40625
vt 0.02255 0.36839
vt 0.02947 0.36839
vt 0.0174 1
vt 0.00817 1
vt 0.00817 0.96214
vt 0.01562 0.40625
vt 0.01562 0.36839
vt 0.02663 1
vt 0.0087 0.40625
vt 0.0087 0.36839
vt 0.03587 1
vt 0.00178 0.40625
vt 0.00178 0.36839
vt 0.0451 1
vt 0.57289 0.625
vt 0.56596 0.625
vt 0.56596 0.58714
vt 0.57289 0.58714
vt 0.20952 1
vt 0.20028 1
vt 0.55904 0.625
vt 0.55904 0.58714
vt 0.21875 1
vt 0.57982 0.625
vt 0.57982 0.58714
vt 0.05433 1
vt 0.05433 0.96214
vt 0.55211 0.625
vt 0.55211 0.58714
vt 0.22798 1
vt 0.54518 0.625
vt 0.54518 0.58714
vt 0.23722 1
vt 0.23722 0.96214
vt 0.65101 0.78125
vt 0.64409 0.78125
vt 0.64409 0.74339
vt 0.65101 0.74339
vt 0.41726 1
vt 0.40802 1
vt 0.40802 0.4375
vt 0.40802 0.39964
vt 0.29972 1
vt 0.63716 0.78125
vt 0.63716 0.74339
vt 0.42649 1
vt 0.63024 0.78125
vt 0.63024 0.74339
vt 0.43573 1
vt 0.2925 0.54024
vt 0.2977 0.54024
vt 0.29856 0.58339
vt 0.29164 0.58339
vt 0.34577 0.28125
vt 0.35096 0.28125
vt 0.35183 0.3244
vt 0.3449 0.3244
vt 0.55528 0.625
vt 0.56048 0.625
vt 0.56135 0.66815
vt 0.55442 0.66815
vt 0.03527 0.54022
vt 0.04046 0.54013
vt 0.04207 0.58326
vt 0.03515 0.58338
vt 0.02865 0.54023
vt 0.03385 0.54023
vt 0.03471 0.58339
vt 0.02779 0.58339
vt 0.01942 0.54024
vt 0.02462 0.54024
vt 0.02548 0.58339
vt 0.01856 0.58339
vt 0.53327 0.28125
vt 0.53847 0.28125
vt 0.53933 0.3244
vt 0.53241 0.3244
vt 0.2023 0.54024
vt 0.2075 0.54024
vt 0.20836 0.58339
vt 0.20144 0.58339
vt 0.21154 0.54024
vt 0.21673 0.54024
vt 0.2176 0.58339
vt 0.21067 0.58339
vt 0.39903 0.28125
vt 0.40423 0.28125
vt 0.4051 0.3244
vt 0.39817 0.3244
vt 0.28327 0.54024
vt 0.28846 0.54024
vt 0.28933 0.58339
vt 0.2824 0.58339
vt 0.21815 0.54023
vt 0.22334 0.54014
vt 0.22495 0.58327
vt 0.21803 0.58339
vt 0.27404 0.54023
vt 0.27923 0.54023
vt 0.2801 0.58339
vt 0.27317 0.58339
vt 0.41004 0.54024
vt 0.41524 0.54024
vt 0.4161 0.58339
vt 0.40918 0.58339
vt 0.42851 0.54024
vt 0.4337 0.54024
vt 0.43457 0.58339
vt 0.42764 0.58339
vt 0.41928 0.54024
vt 0.42447 0.54024
vt 0.42534 0.58339
vt 0.41841 0.58339
vt 0.22798 0.69172
vt 0.05433 0.69172
vt 0.05433 0.85818
vt 0.0451 0.69172
vt 0.00817 0.85818
vt 0.00817 0.69172
vt 0.26278 0.85818
vt 0.26278 0.69172
vt 0.23722 0.69172
vt 0.23722 0.85818
vt 0.56192 0.70983
vt 0.55384 0.70983
vt 0.53991 0.36608
vt 0.53183 0.36608
vt 0.40567 0.36608
vt 0.39759 0.36608
vt 0.35241 0.36609
vt 0.34433 0.36609
vt 0.125 0.48979
vt 0.125 0.53125
vt 0.09375 0.53125
vt 0.09375 0.42729
vt 0.27202 0.29812
vt 0.28125 0.29812
vt 0.46875 0.875
vt 0.46875 0.83354
vt 0.5 0.77104
vt 0.5 0.875
vt 0.59375 0.40625
vt 0.5625 0.40625
vt 0.5625 0.375
vt 0.59375 0.375
vt 0.1875 0.48979
vt 0.1875 0.53125
vt 0.15625 0.53125
vt 0.15625 0.42729
vt 0.125 0.29812
vt 0.13423 0.29812
vt 0.625 0.40625
vt 0.625 0.4375
vt 0.59375 0.4375
vt 0.5 0.70854
vt 0.5 0.75
vt 0.46875 0.75
vt 0.46875 0.64604
vt 0.20952 0.29812
vt 0.21875 0.29812
vt 0.25 0.53125
vt 0.25 0.48979
vt 0.28125 0.42729
vt 0.28125 0.53125
vt 0.625 0.375
vt 0.21875 0.53125
vt 0.21875 0.42729
vt 0.0625 0.29812
vt 0.07173 0.29812
vt 0.625 1
vt 0.625 0.96875
vt 0.65625 0.96875
vt 0.65625 1
vt 0.58875 0.97011
vt 0.62418 0.96875
vt 0.625 0.99198
vt 0.55835 0.99198
vt 0.5 0.78458
vt 0.50135 0.74915
vt 0.53125 0.71875
vt 0.53125 0.7854
vt 0.625 0.9375
vt 0.65625 0.9375
vt 0.56165 0.87636
vt 0.59708 0.875
vt 0.5979 0.89823
vt 0.53125 0.89823
vt 0.46875 0.50333
vt 0.4701 0.4679
vt 0.5 0.4375
vt 0.5 0.50415
vt 0.625 0.90625
vt 0.65625 0.90625
vt 0.58875 0.81386
vt 0.62418 0.8125
vt 0.625 0.83573
vt 0.55835 0.83573
vt 0.46875 0.59708
vt 0.4701 0.56165
vt 0.5 0.53125
vt 0.5 0.5979
vt 0.625 0.875
vt 0.65625 0.875
vt 0.56165 0.84511
vt 0.59708 0.84375
vt 0.5979 0.86698
vt 0.53125 0.86698
vt 0.40625 0.50333
vt 0.4076 0.4679
vt 0.4375 0.4375
vt 0.4375 0.50415
vt 0.625 0.84375
vt 0.65625 0.84375
usemtl mat2
f 2689/2664/708 2690/2665/708 2691/2666/708
f 2692/2667/709 2693/2668/709 2694/2669/709
f 2692/2667/709 2694/2669/709 2695/2670/709
f 2696/2671/710 2697/2672/710 2698/2673/710
f 2699/2674/708 2689/2664/708 2691/2666/708
f 2700/2675/711 2701/2676/711 2702/2677/711
f 2700/2675/711 2702/2677/711 2703/2678/711
f 2697/2672/710 2704/2679/710 2698/2673/710
f 2705/2680/708 2699/2674/708 2691/2666/708
f 2706/2681/712 2707/2682/712 2708/2683/712
f 2706/2681/712 2708/2683/712 2709/2684/712
f 2704/2679/710 2710/2685/710 2698/2673/710
f 2711/2686/708 2705/2680/708 2691/2666/708
f 2709/2684/713 2708/2683/713 2712/2687/713
f 2709/2684/713 2712/2687/713 2713/2688/713
f 2710/2685/710 2714/2689/710 2698/2673/710
f 2715/2690/708 2711/2686/708 2691/2666/708
f 2713/2688/714 2712/2687/714 2716/2691/714
f 2713/2688/714 2716/2691/714 2717/2692/714
f 2714/2689/710 2718/2693/710 2698/2673/710
f 2719/2694/708 2715/2690/708 2691/2666/708
f 2720/2695/715 2721/2696/715 2722/2697/715
f 2720/2695/715 2722/2697/715 2723/2698/715
f 2718/2693/710 2724/2699/710 2698/2673/710
f 2725/2700/708 2719/2694/708 2691/2666/708
f 2726/2701/716 2727/2702/716 2728/2703/716
f 2726/2701/716 2728/2703/716 2729/2704/716
f 2724/2699/710 2730/2705/710 2698/2673/710
f 2731/2706/708 2725/2700/708 2691/2666/708
f 2729/2704/717 2728/2703/717 2732/2707/717
f 2729/2704/717 2732/2707/717 2733/2708/717
f 2730/2705/710 2734/2709/710 2698/2673/710
f 2735/2710/708 2731/2706/708 2691/2666/708
f 2733/2708/718 2732/2707/718 2736/2711/718
f 2733/2708/718 2736/2711/718 2737/2712/718
f 2734/2709/710 2738/2713/710 2698/2673/710
f 2739/2714/708 2735/2710/708 2691/2666/708
f 2740/2715/719 2741/2716/719 2742/2717/719
f 2740/2715/719 2742/2717/719 2743/2718/719
f 2738/2713/710 2744/2719/710 2698/2673/710
f 2745/2720/708 2739/2714/708 2691/2666/708
f 2746/2721/720 2747/2722/720 2748/2723/720
f 2746/2721/720 2748/2723/720 2749/2724/720
f 2744/2719/710 2750/2725/710 2698/2673/710
f 2751/2726/708 2745/2720/708 2691/2666/708
f 2749/2724/721 2748/2723/721 2752/2727/721
f 2749/2724/721 2752/2727/721 2753/2728/721
f 2750/2725/710 2754/2729/710 2698/2673/710
f 2755/2730/708 2751/2726/708 2691/2666/708
f 2753/2728/722 2752/2727/722 2756/2731/722
f 2753/2728/722 2756/2731/722 2757/2732/722
f 2754/2729/710 2758/2733/710 2698/2673/710
f 2759/2734/708 2755/2730/708 2691/2666/708
f 2760/2735/723 2761/2736/723 2762/2737/723
f 2760/2735/723 2762/2737/723 2763/2738/723
f 2758/2733/710 2764/2739/710 2698/2673/710
f 2765/2740/708 2759/2734/708 2691/2666/708
f 2766/2741/724 2767/2742/724 2768/2743/724
f 2766/2741/724 2768/2743/724 2769/2744/724
f 2764/2739/710 2770/2745/710 2698/2673/710
f 2690/2665/708 2765/2740/708 2691/2666/708
f 2769/2744/725 2768/2743/725 2693/2668/725
f 2769/2744/725 2693/2668/725 2692/2667/725
f 2770/2745/710 2696/2671/710 2698/2673/710
f 2771/2746/726 2772/2747/726 2773/2748/726
f 2771/2746/726 2773/2748/726 2774/2749/726
f 2775/2750/727 2776/2751/727 2777/2752/727
f 2775/2750/727 2777/2752/727 2778/2753/727
f 2779/2754/728 2780/2755/728 2781/2756/728
f 2779/2754/728 2781/2756/728 2782/2757/728
f 2783/2758/729 2784/2759/729 2785/2760/729
f 2783/2758/729 2785/2760/729 2786/2761/729
f 2787/2762/730 2788/2763/730 2789/2764/730
f 2787/2762/730 2789/2764/730 2790/2765/730
f 2778/2753/731 2791/2766/731 2788/2763/731
f 2778/2753/731 2788/2763/731 2792/2767/731
f 2793/2768/732 2794/2769/732 2795/2770/732
f 2793/2768/732 2795/2770/732 2796/2771/732
f 2786/2761/733 2797/2772/733 2798/2773/733
f 2786/2761/733 2798/2773/733 2793/2768/733
f 2799/2774/734 2800/2775/734 2801/2776/734
f 2799/2774/734 2801/2776/734 2802/2777/734
f 2802/2777/735 2803/2778/735 2804/2779/735
f 2802/2777/735 2804/2779/735 2805/2780/735
f 2806/2781/736 2804/2779/736 2807/2782/736
f 2806/2781/736 2807/2782/736 2808/2783/736
f 2809/2784/737 2810/2785/737 2811/2786/737
f 2809/2784/737 2811/2786/737 2812/2787/737
f 2813/2788/738 2814/2789/738 2815/2790/738
f 2813/2788/738 2815/2790/738 2816/2791/738
f 2817/2792/739 2818/2793/739 2819/2794/739
f 2817/2792/739 2819/2794/739 2820/2795/739
f 2821/2796/740 2822/2797/740 2823/2798/740
f 2821/2796/740 2823/2798/740 2824/2799/740
f 2824/2799/741 2825/2800/741 2826/2801/741
f 2824/2799/741 2826/2801/741 2813/2788/741
f 2827/2802/710 2828/2803/710 2829/2804/710
f 2827/2802/710 2829/2804/710 2830/2805/710
f 2831/2806/710 2832/2807/710 2833/2808/710
f 2831/2806/710 2833/2808/710 2834/2809/710
f 2835/2810/710 2836/2811/710 2837/2812/710
f 2835/2810/710 2837/2812/710 2838/2813/710
f 2839/2814/710 2835/2810/710 2838/2813/710
f 2839/2814/710 2838/2813/710 2840/2815/710
f 2832/2807/710 2839/2814/710 2840/2815/710
f 2832/2807/710 2840/2815/710 2833/2808/710
f 2828/2803/710 2831/2806/710 2834/2809/710
f 2828/2803/710 2834/2809/710 2829/2804/710
f 2836/2811/710 2841/2816/710 2842/2817/710
f 2836/2811/710 2842/2817/710 2837/2812/710
f 2841/2816/710 2843/2818/710 2844/2819/710
f 2841/2816/710 2844/2819/710 2842/2817/710
f 2843/2818/710 2845/2820/710 2846/2821/710
f 2843/2818/710 2846/2821/710 2844/2819/710
f 2847/2822/710 2848/2823/710 2849/2824/710
f 2847/2822/710 2849/2824/710 2850/2825/710
f 2848/2823/710 2851/2826/710 2852/2827/710
f 2848/2823/710 2852/2827/710 2849/2824/710
f 2853/2828/710 2854/2829/710 2855/2830/710
f 2853/2828/710 2855/2830/710 2856/2831/710
f 2854/2829/710 2827/2802/710 2830/2805/710
f 2854/2829/710 2830/2805/710 2855/2830/710
f 2851/2826/710 2857/2832/710 2858/2833/710
f 2851/2826/710 2858/2833/710 2852/2827/710
f 2857/2832/710 2853/2828/710 2856/2831/710
f 2857/2832/710 2856/2831/710 2858/2833/710
f 2845/2820/710 2847/2822/710 2850/2825/710
f 2845/2820/710 2850/2825/710 2846/2821/710
f 2859/2834/719 2860/2835/719 2861/2836/719
f 2859/2834/719 2861/2836/719 2862/2837/719
f 2863/2838/711 2864/2839/711 2865/2840/711
f 2863/2838/711 2865/2840/711 2706/2681/711
f 2860/2835/720 2866/2841/720 2867/2842/720
f 2860/2835/720 2867/2842/720 2861/2836/720
f 2868/2843/712 2863/2838/712 2706/2681/712
f 2868/2843/712 2706/2681/712 2709/2684/712
f 2866/2841/742 2869/2844/742 2870/2845/742
f 2866/2841/742 2870/2845/742 2867/2842/742
f 2871/2846/713 2868/2843/713 2709/2684/713
f 2871/2846/713 2709/2684/713 2713/2688/713
f 2872/2847/723 2873/2848/723 2874/2849/723
f 2872/2847/723 2874/2849/723 2875/2850/723
f 2876/2851/715 2877/2852/715 2878/2853/715
f 2876/2851/715 2878/2853/715 2726/2701/715
f 2873/2848/724 2879/2854/724 2880/2855/724
f 2873/2848/724 2880/2855/724 2874/2849/724
f 2881/2856/716 2876/2851/716 2726/2701/716
f 2881/2856/716 2726/2701/716 2729/2704/716
f 2879/2854/725 2882/2857/725 2883/2858/725
f 2879/2854/725 2883/2858/725 2880/2855/725
f 2884/2859/717 2881/2856/717 2729/2704/717
f 2884/2859/717 2729/2704/717 2733/2708/717
f 2882/2857/709 2885/2860/709 2886/2861/709
f 2882/2857/709 2886/2861/709 2883/2858/709
f 2887/2862/718 2884/2859/718 2733/2708/718
f 2887/2862/718 2733/2708/718 2737/2712/718
f 2888/2863/712 2889/2864/712 2890/2865/712
f 2888/2863/712 2890/2865/712 2891/2866/712
f 2892/2867/720 2893/2868/720 2746/2721/720
f 2892/2867/720 2746/2721/720 2749/2724/720
f 2889/2864/743 2894/2869/743 2895/2870/743
f 2889/2864/743 2895/2870/743 2890/2865/743
f 2896/2871/721 2892/2867/721 2749/2724/721
f 2896/2871/721 2749/2724/721 2753/2728/721
f 2897/2872/711 2888/2863/711 2891/2866/711
f 2897/2872/711 2891/2866/711 2898/2873/711
f 2899/2874/719 2887/2862/719 2737/2712/719
f 2899/2874/719 2737/2712/719 2900/2875/719
f 2894/2869/714 2901/2876/714 2902/2877/714
f 2894/2869/714 2902/2877/714 2895/2870/714
f 2903/2878/722 2896/2871/722 2753/2728/722
f 2903/2878/722 2753/2728/722 2757/2732/722
f 2901/2876/715 2904/2879/715 2905/2880/715
f 2901/2876/715 2905/2880/715 2902/2877/715
f 2906/2881/723 2903/2878/723 2757/2732/723
f 2906/2881/723 2757/2732/723 2907/2882/723
f 2908/2883/716 2909/2884/716 2910/2885/716
f 2908/2883/716 2910/2885/716 2911/2886/716
f 2912/2887/724 2913/2888/724 2766/2741/724
f 2912/2887/724 2766/2741/724 2769/2744/724
f 2869/2844/722 2914/2889/722 2915/2890/722
f 2869/2844/722 2915/2890/722 2870/2845/722
f 2916/2891/714 2871/2846/714 2713/2688/714
f 2916/2891/714 2713/2688/714 2717/2692/714
f 2909/2884/717 2917/2892/717 2918/2893/717
f 2909/2884/717 2918/2893/717 2910/2885/717
f 2919/2894/725 2912/2887/725 2769/2744/725
f 2919/2894/725 2769/2744/725 2692/2667/725
f 2917/2892/718 2920/2895/718 2921/2896/718
f 2917/2892/718 2921/2896/718 2918/2893/718
f 2922/2897/709 2919/2894/709 2692/2667/709
f 2922/2897/709 2692/2667/709 2695/2670/709
f 2923/2898/744 2924/2899/744 2925/2900/744
f 2923/2898/744 2925/2900/744 2926/2901/744
f 2927/2902/745 2928/2903/745 2929/2904/745
f 2927/2902/745 2929/2904/745 2930/2905/745
f 2931/2906/746 2932/2907/746 2933/2908/746
f 2931/2906/746 2933/2908/746 2934/2909/746
f 2935/2910/747 2936/2911/747 2937/2912/747
f 2935/2910/747 2937/2912/747 2938/2913/747
f 2939/2914/748 2940/2915/748 2941/2916/748
f 2939/2914/748 2941/2916/748 2942/2917/748
f 2943/2918/749 2944/2919/749 2945/2920/749
f 2943/2918/749 2945/2920/749 2946/2921/749
f 2947/2922/750 2948/2923/750 2949/2924/750
f 2947/2922/750 2949/2924/750 2950/2925/750
f 2951/2926/751 2952/2927/751 2953/2928/751
f 2951/2926/751 2953/2928/751 2954/2929/751
f 2955/2930/752 2956/2931/752 2957/2932/752
f 2955/2930/752 2957/2932/752 2958/2933/752
f 2959/2934/753 2960/2935/753 2961/2936/753
f 2959/2934/753 2961/2936/753 2962/2937/753
f 2963/2938/754 2964/2939/754 2965/2940/754
f 2963/2938/754 2965/2940/754 2966/2941/754
f 2967/2942/755 2968/2943/755 2969/2944/755
f 2967/2942/755 2969/2944/755 2970/2945/755
f 2971/2946/756 2972/2947/756 2973/2948/756
f 2971/2946/756 2973/2948/756 2974/2949/756
f 2975/2950/757 2976/2951/757 2977/2952/757
f 2975/2950/757 2977/2952/757 2978/2953/757
f 2979/2954/758 2980/2955/758 2981/2956/758
f 2979/2954/758 2981/2956/758 2982/2957/758
f 2983/2958/759 2984/2959/759 2985/2960/759
f 2983/2958/759 2985/2960/759 2986/2961/759
f 2987/2962/722 2756/2731/722 2752/2727/722
f 2987/2962/722 2752/2727/722 2805/2780/722
f 2805/2780/721 2752/2727/721 2748/2723/721
f 2805/2780/721 2748/2723/721 2802/2777/721
f 2802/2777/720 2748/2723/720 2747/2722/720
f 2802/2777/720 2747/2722/720 2799/2774/720
f 2988/2963/719 2989/2964/719 2736/2711/719
f 2988/2963/719 2736/2711/719 2990/2965/719
f 2990/2965/718 2736/2711/718 2732/2707/718
f 2990/2965/718 2732/2707/718 2792/2767/718
f 2792/2767/717 2732/2707/717 2728/2703/717
f 2792/2767/717 2728/2703/717 2778/2753/717
f 2778/2753/716 2728/2703/716 2727/2702/716
f 2778/2753/716 2727/2702/716 2775/2750/716
f 2775/2750/715 2727/2702/715 2991/2966/715
f 2775/2750/715 2991/2966/715 2992/2967/715
f 2796/2771/714 2716/2691/714 2712/2687/714
f 2796/2771/714 2712/2687/714 2793/2768/714
f 2793/2768/713 2712/2687/713 2708/2683/713
f 2793/2768/713 2708/2683/713 2786/2761/713
f 2786/2761/712 2708/2683/712 2707/2682/712
f 2786/2761/712 2707/2682/712 2783/2758/712
f 2783/2758/711 2707/2682/711 2993/2968/711
f 2783/2758/711 2993/2968/711 2994/2969/711
f 2816/2791/709 2694/2669/709 2693/2668/709
f 2816/2791/709 2693/2668/709 2813/2788/709
f 2813/2788/725 2693/2668/725 2768/2743/725
f 2813/2788/725 2768/2743/725 2824/2799/725
f 2824/2799/724 2768/2743/724 2767/2742/724
f 2824/2799/724 2767/2742/724 2821/2796/724
f 2995/2970/723 2996/2971/723 2756/2731/723
f 2995/2970/723 2756/2731/723 2987/2962/723
f 2953/2928/760 2801/2776/760 2800/2775/760
f 2953/2928/760 2800/2775/760 2954/2929/760
f 2933/2908/761 2997/2972/761 2998/2973/761
f 2933/2908/761 2998/2973/761 2934/2909/761
f 2937/2912/762 2789/2764/762 2788/2763/762
f 2937/2912/762 2788/2763/762 2938/2913/762
f 2941/2916/763 2788/2763/763 2791/2766/763
f 2941/2916/763 2791/2766/763 2942/2917/763
f 2945/2920/764 2777/2752/764 2776/2751/764
f 2945/2920/764 2776/2751/764 2946/2921/764
f 2949/2924/765 2999/2974/765 3000/2975/765
f 2949/2924/765 3000/2975/765 2950/2925/765
f 2925/2900/766 2795/2770/766 2794/2769/766
f 2925/2900/766 2794/2769/766 2926/2901/766
f 2965/2940/767 2798/2773/767 2797/2772/767
f 2965/2940/767 2797/2772/767 2966/2941/767
f 2973/2948/768 2785/2760/768 2784/2759/768
f 2973/2948/768 2784/2759/768 2974/2949/768
f 2961/2936/769 3001/2976/769 3002/2977/769
f 2961/2936/769 3002/2977/769 2962/2937/769
f 2981/2956/770 2815/2790/770 2814/2789/770
f 2981/2956/770 2814/2789/770 2982/2957/770
f 2985/2960/771 2826/2801/771 2825/2800/771
f 2985/2960/771 2825/2800/771 2986/2961/771
f 2977/2952/772 2823/2798/772 2822/2797/772
f 2977/2952/772 2822/2797/772 2978/2953/772
f 2929/2904/773 3003/2978/773 3004/2979/773
f 2929/2904/773 3004/2979/773 2930/2905/773
f 2969/2944/774 2807/2782/774 2804/2779/774
f 2969/2944/774 2804/2779/774 2970/2945/774
f 2957/2932/775 2804/2779/775 2803/2778/775
f 2957/2932/775 2803/2778/775 2958/2933/775
f 3005/2980/715 3006/2981/715 3007/2982/715
f 3005/2980/715 3007/2982/715 3008/2983/715
f 2742/2717/776 2741/2716/776 3009/2984/776
f 2742/2717/776 3009/2984/776 3010/2985/776
f 3011/2986/723 3012/2987/723 3013/2988/723
f 3011/2986/723 3013/2988/723 3014/2989/723
f 3015/2990/710 3016/2991/710 3017/2992/710
f 3015/2990/710 3017/2992/710 3018/2993/710
f 3019/2994/711 3020/2995/711 3021/2996/711
f 3019/2994/711 3021/2996/711 3022/2997/711
f 2722/2697/777 2721/2696/777 3023/2998/777
f 2722/2697/777 3023/2998/777 3024/2999/777
f 3025/2981/719 3026/2980/719 3027/2997/719
f 3025/2981/719 3027/2997/719 3028/2996/719
f 3029/3000/710 3030/3001/710 3031/3002/710
f 3029/3000/710 3031/3002/710 3032/2990/710
f 3033/3003/723 3034/3004/723 3035/3005/723
f 3033/3003/723 3035/3005/723 3036/3006/723
f 2702/2677/778 2701/2676/778 3037/3007/778
f 2702/2677/778 3037/3007/778 3038/3008/778
f 3039/3009/715 3040/3010/715 3041/3011/715
f 3039/3009/715 3041/3011/715 3042/3012/715
f 3043/2993/710 3044/3013/710 3045/3000/710
f 3043/2993/710 3045/3000/710 3046/2990/710
f 3047/3010/719 3048/3009/719 3049/3014/719
f 3047/3010/719 3049/3014/719 3050/3015/719
f 2762/2737/779 2761/2736/779 3051/3016/779
f 2762/2737/779 3051/3016/779 3052/3017/779
f 3053/2995/711 3054/2994/711 3055/3015/711
f 3053/2995/711 3055/3015/711 3056/3014/711
f 3057/3018/710 3058/3019/710 3059/3020/710
f 3057/3018/710 3059/3020/710 3060/3021/710
f 3061/3022/780 3062/3023/780 3063/3024/780
f 3061/3022/780 3063/3024/780 3064/3025/780
f 2781/2756/781 2780/2755/781 3000/2975/781
f 2781/2756/781 3000/2975/781 2999/2974/781
f 3065/3026/782 3066/3027/782 3067/3028/782
f 3065/3026/782 3067/3028/782 3068/3029/782
f 3069/3030/783 3070/3031/783 3071/3020/783
f 3069/3030/783 3071/3020/783 3072/3019/783
f 3073/3032/784 3074/3033/784 3075/3034/784
f 3073/3032/784 3075/3034/784 3076/3035/784
f 2773/2748/785 2772/2747/785 2998/2973/785
f 2773/2748/785 2998/2973/785 2997/2972/785
f 3077/3036/786 3078/3037/786 3079/3038/786
f 3077/3036/786 3079/3038/786 3080/3039/786
f 3081/3040/787 3082/3041/787 3083/3031/787
f 3081/3040/787 3083/3031/787 3084/3030/787
f 3085/3042/788 3086/3043/788 3087/3044/788
f 3085/3042/788 3087/3044/788 3088/3045/788
f 2819/2794/789 2818/2793/789 3004/2979/789
f 2819/2794/789 3004/2979/789 3003/2978/789
f 3089/3046/790 3090/3047/790 3091/3048/790
f 3089/3046/790 3091/3048/790 3092/3049/790
f 3093/3050/791 3094/3051/791 3095/3041/791
f 3093/3050/791 3095/3041/791 3096/3040/791
f 3097/3052/792 3098/3053/792 3099/3054/792
f 3097/3052/792 3099/3054/792 3100/3055/792
f 2811/2786/793 2810/2785/793 3002/2977/793
f 2811/2786/793 3002/2977/793 3001/2976/793
f 3101/3056/794 3102/3057/794 3103/3058/794
f 3101/3056/794 3103/3058/794 3104/3059/794
f 3105/3060/795 3106/3061/795 3107/3051/795
f 3105/3060/795 3107/3051/795 3108/3050/795
# Vertices: 420, normals: 88, texture coordinates: 398, faces: 352

o obj29
v -0.34978964 0.62539406 2.66100758
v -0.36040104 0.62978945 2.65625
v -0.36614387 0.63216821 2.6875
v -0.36040104 0.62978945 2.65625
v -0.34978964 0.62539406 2.66100758
v -0.46937822 0.33668172 2.66100758
v -0.47998962 0.34107711 2.65625
v -0.47998962 0.34107711 2.65625
v -0.46937822 0.33668172 2.66100758
v -0.48573244 0.34345587 2.6875
v -0.34166801 0.62202997 2.66979831
v -0.34978964 0.62539406 2.66100758
v -0.34166801 0.62202997 2.66979831
v -0.46125659 0.33331763 2.66979831
v -0.46937822 0.33668172 2.66100758
v -0.46125659 0.33331763 2.66979831
v -0.33727263 0.62020935 2.68128401
v -0.34166801 0.62202997 2.66979831
v -0.33727263 0.62020935 2.68128401
v -0.45686121 0.33149701 2.68128401
v -0.46125659 0.33331763 2.66979831
v -0.45686121 0.33149701 2.68128401
v -0.33727263 0.62020935 2.69371605
v -0.33727263 0.62020935 2.69371605
v -0.45686121 0.33149701 2.69371605
v -0.45686121 0.33149701 2.69371605
v -0.34166801 0.62202997 2.70520175
v -0.34166801 0.62202997 2.70520175
v -0.46125659 0.33331763 2.70520175
v -0.46125659 0.33331763 2.70520175
v -0.34978964 0.62539406 2.71399248
v -0.34166801 0.62202997 2.70520175
v -0.34978964 0.62539406 2.71399248
v -0.46937822 0.33668172 2.71399248
v -0.46125659 0.33331763 2.70520175
v -0.46937822 0.33668172 2.71399248
v -0.36040104 0.62978945 2.71875
v -0.34978964 0.62539406 2.71399248
v -0.36040104 0.62978945 2.71875
v -0.47998962 0.34107711 2.71875
v -0.46937822 0.33668172 2.71399248
v -0.47998962 0.34107711 2.71875
v -0.37188672 0.63454697 2.71875
v -0.37188672 0.63454697 2.71875
v -0.4914753 0.34583463 2.71875
v -0.4914753 0.34583463 2.71875
v -0.38249812 0.63894236 2.71399248
v -0.38249812 0.63894236 2.71399248
v -0.5020867 0.35023002 2.71399248
v -0.5020867 0.35023002 2.71399248
v -0.39061972 0.64230644 2.70520175
v -0.38249812 0.63894236 2.71399248
v -0.39061972 0.64230644 2.70520175
v -0.5102083 0.3535941 2.70520175
v -0.5020867 0.35023002 2.71399248
v -0.5102083 0.3535941 2.70520175
v -0.3950151 0.64412706 2.69371605
v -0.39061972 0.64230644 2.70520175
v -0.3950151 0.64412706 2.69371605
v -0.51460368 0.35541472 2.69371605
v -0.5102083 0.3535941 2.70520175
v -0.51460368 0.35541472 2.69371605
v -0.3950151 0.64412706 2.68128401
v -0.3950151 0.64412706 2.68128401
v -0.51460368 0.35541472 2.68128401
v -0.51460368 0.35541472 2.68128401
v -0.39061972 0.64230644 2.66979831
v -0.39061972 0.64230644 2.66979831
v -0.5102083 0.3535941 2.66979831
v -0.5102083 0.3535941 2.66979831
v -0.38249812 0.63894236 2.66100758
v -0.39061972 0.64230644 2.66979831
v -0.38249812 0.63894236 2.66100758
v -0.5020867 0.35023002 2.66100758
v -0.5102083 0.3535941 2.66979831
v -0.5020867 0.35023002 2.66100758
v -0.37188672 0.63454697 2.65625
v -0.38249812 0.63894236 2.66100758
v -0.37188672 0.63454697 2.65625
v -0.4914753 0.34583463 2.65625
v -0.5020867 0.35023002 2.66100758
v -0.4914753 0.34583463 2.65625
vn -0 -1 0
vn 0.38268 0 0.92388
vn 0 1 0
vn 0.70711 0 0.70711
vn 0.92388 0 0.38268
vn 1 0 0
vn 0.92388 0 -0.38268
vn 0.70711 0 -0.70711
vn 0.38268 0 -0.92388
vn 0 0 -1
vn -0.38268 0 -0.92388
vn -0.70711 0 -0.70711
vn -0.92388 0 -0.38268
vn -1 0 0
vn -0.92388 0 0.38268
vn -0.70711 0 0.70711
vn -0.38268 0 0.92388
vn 0 0 1
vt 0.20924 0.84315
vt 0.20781 0.84375
vt 0.20703 0.83984
vt 0.71562 0.21094
vt 0.71718 0.21094
vt 0.71718 0.25
vt 0.71562 0.25
vt 0.2 0.77344
vt 0.20143 0.77403
vt 0.19922 0.77734
vt 0.21034 0.84206
vt 0.61719 0.75
vt 0.625 0.75
vt 0.625 0.78906
vt 0.61719 0.78906
vt 0.20253 0.77513
vt 0.21094 0.84062
vt 0.73595 0.21094
vt 0.7375 0.21094
vt 0.7375 0.25
vt 0.73595 0.25
vt 0.20312 0.77657
vt 0.21094 0.83907
vt 0.73906 0.21094
vt 0.73906 0.25
vt 0.20312 0.77812
vt 0.21034 0.83763
vt 0.74061 0.21094
vt 0.74061 0.25
vt 0.20253 0.77956
vt 0.20924 0.83653
vt 0.54688 0.34375
vt 0.55469 0.34375
vt 0.55469 0.38281
vt 0.54688 0.38281
vt 0.20143 0.78066
vt 0.20781 0.83594
vt 0.7047 0.21094
vt 0.70625 0.21094
vt 0.70625 0.25
vt 0.7047 0.25
vt 0.2 0.78125
vt 0.20625 0.83594
vt 0.70781 0.21094
vt 0.70781 0.25
vt 0.19844 0.78125
vt 0.20482 0.83653
vt 0.70936 0.21094
vt 0.70936 0.25
vt 0.19701 0.78066
vt 0.20372 0.83763
vt 0.17188 0.33594
vt 0.17969 0.33594
vt 0.17969 0.375
vt 0.17188 0.375
vt 0.19591 0.77956
vt 0.20312 0.83907
vt 0.74376 0.21094
vt 0.74532 0.21094
vt 0.74532 0.25
vt 0.74376 0.25
vt 0.19531 0.77812
vt 0.20312 0.84062
vt 0.74687 0.21094
vt 0.74687 0.25
vt 0.19531 0.77657
vt 0.20372 0.84206
vt 0.74842 0.21094
vt 0.74842 0.25
vt 0.19591 0.77513
vt 0.20482 0.84315
vt 0.64844 0.53906
vt 0.65625 0.53906
vt 0.65625 0.57812
vt 0.64844 0.57812
vt 0.19701 0.77403
vt 0.20625 0.84375
vt 0.71251 0.21094
vt 0.71407 0.21094
vt 0.71407 0.25
vt 0.71251 0.25
vt 0.19844 0.77344
usemtl mat0
f 3109/3062/796 3110/3063/796 3111/3064/796
f 3112/3065/797 3113/3066/797 3114/3067/797
f 3112/3065/797 3114/3067/797 3115/3068/797
f 3116/3069/798 3117/3070/798 3118/3071/798
f 3119/3072/796 3109/3062/796 3111/3064/796
f 3120/3073/799 3121/3074/799 3122/3075/799
f 3120/3073/799 3122/3075/799 3123/3076/799
f 3117/3070/798 3124/3077/798 3118/3071/798
f 3125/3078/796 3119/3072/796 3111/3064/796
f 3126/3079/800 3127/3080/800 3128/3081/800
f 3126/3079/800 3128/3081/800 3129/3082/800
f 3124/3077/798 3130/3083/798 3118/3071/798
f 3131/3084/796 3125/3078/796 3111/3064/796
f 3127/3080/801 3132/3085/801 3133/3086/801
f 3127/3080/801 3133/3086/801 3128/3081/801
f 3130/3083/798 3134/3087/798 3118/3071/798
f 3135/3088/796 3131/3084/796 3111/3064/796
f 3132/3085/802 3136/3089/802 3137/3090/802
f 3132/3085/802 3137/3090/802 3133/3086/802
f 3134/3087/798 3138/3091/798 3118/3071/798
f 3139/3092/796 3135/3088/796 3111/3064/796
f 3140/3093/803 3141/3094/803 3142/3095/803
f 3140/3093/803 3142/3095/803 3143/3096/803
f 3138/3091/798 3144/3097/798 3118/3071/798
f 3145/3098/796 3139/3092/796 3111/3064/796
f 3146/3099/804 3147/3100/804 3148/3101/804
f 3146/3099/804 3148/3101/804 3149/3102/804
f 3144/3097/798 3150/3103/798 3118/3071/798
f 3151/3104/796 3145/3098/796 3111/3064/796
f 3147/3100/805 3152/3105/805 3153/3106/805
f 3147/3100/805 3153/3106/805 3148/3101/805
f 3150/3103/798 3154/3107/798 3118/3071/798
f 3155/3108/796 3151/3104/796 3111/3064/796
f 3152/3105/806 3156/3109/806 3157/3110/806
f 3152/3105/806 3157/3110/806 3153/3106/806
f 3154/3107/798 3158/3111/798 3118/3071/798
f 3159/3112/796 3155/3108/796 3111/3064/796
f 3160/3113/807 3161/3114/807 3162/3115/807
f 3160/3113/807 3162/3115/807 3163/3116/807
f 3158/3111/798 3164/3117/798 3118/3071/798
f 3165/3118/796 3159/3112/796 3111/3064/796
f 3166/3119/808 3167/3120/808 3168/3121/808
f 3166/3119/808 3168/3121/808 3169/3122/808
f 3164/3117/798 3170/3123/798 3118/3071/798
f 3171/3124/796 3165/3118/796 3111/3064/796
f 3167/3120/809 3172/3125/809 3173/3126/809
f 3167/3120/809 3173/3126/809 3168/3121/809
f 3170/3123/798 3174/3127/798 3118/3071/798
f 3175/3128/796 3171/3124/796 3111/3064/796
f 3172/3125/810 3176/3129/810 3177/3130/810
f 3172/3125/810 3177/3130/810 3173/3126/810
f 3174/3127/798 3178/3131/798 3118/3071/798
f 3179/3132/796 3175/3128/796 3111/3064/796
f 3180/3133/811 3181/3134/811 3182/3135/811
f 3180/3133/811 3182/3135/811 3183/3136/811
f 3178/3131/798 3184/3137/798 3118/3071/798
f 3185/3138/796 3179/3132/796 3111/3064/796
f 3186/3139/812 3187/3140/812 3188/3141/812
f 3186/3139/812 3188/3141/812 3189/3142/812
f 3184/3137/798 3190/3143/798 3118/3071/798
f 3110/3063/796 3185/3138/796 3111/3064/796
f 3187/3140/813 3112/3065/813 3115/3068/813
f 3187/3140/813 3115/3068/813 3188/3141/813
f 3190/3143/798 3116/3069/798 3118/3071/798
# Vertices: 82, normals: 18, texture coordinates: 82, faces: 64

o obj30
v -0.45200219 0.39713385 2.67160451
v -0.45836902 0.39977107 2.66875005
v -0.46181473 0.40119833 2.6875
v -0.45836902 0.39977107 2.66875005
v -0.45200219 0.39713385 2.67160451
v -0.52375534 0.22390644 2.67160451
v -0.53012216 0.22654367 2.66875005
v -0.53012216 0.22654367 2.66875005
v -0.52375534 0.22390644 2.67160451
v -0.53356788 0.22797093 2.6875
v -0.44712922 0.39511539 2.67687899
v -0.44712922 0.39511539 2.67687899
v -0.51888236 0.22188799 2.67687899
v -0.51888236 0.22188799 2.67687899
v -0.444492 0.39402303 2.68377042
v -0.44712922 0.39511539 2.67687899
v -0.444492 0.39402303 2.68377042
v -0.51624515 0.22079562 2.68377042
v -0.51888236 0.22188799 2.67687899
v -0.51624515 0.22079562 2.68377042
v -0.444492 0.39402303 2.69122964
v -0.444492 0.39402303 2.69122964
v -0.51624515 0.22079562 2.69122964
v -0.51624515 0.22079562 2.69122964
v -0.44712922 0.39511539 2.69812107
v -0.44712922 0.39511539 2.69812107
v -0.51888236 0.22188799 2.69812107
v -0.51888236 0.22188799 2.69812107
v -0.45200219 0.39713385 2.70339549
v -0.44712922 0.39511539 2.69812107
v -0.45200219 0.39713385 2.70339549
v -0.52375534 0.22390644 2.70339549
v -0.51888236 0.22188799 2.69812107
v -0.52375534 0.22390644 2.70339549
v -0.45836902 0.39977107 2.70625001
v -0.45836902 0.39977107 2.70625001
v -0.53012216 0.22654367 2.70625001
v -0.53012216 0.22654367 2.70625001
v -0.46526044 0.4026256 2.70625001
v -0.46526044 0.4026256 2.70625001
v -0.53701359 0.22939819 2.70625001
v -0.53701359 0.22939819 2.70625001
v -0.47162729 0.40526283 2.70339549
v -0.47162729 0.40526283 2.70339549
v -0.54338044 0.23203542 2.70339549
v -0.54338044 0.23203542 2.70339549
v -0.47650024 0.40728127 2.69812107
v -0.47650024 0.40728127 2.69812107
v -0.54825339 0.23405387 2.69812107
v -0.54825339 0.23405387 2.69812107
v -0.47913748 0.40837365 2.69122964
v -0.47650024 0.40728127 2.69812107
v -0.47913748 0.40837365 2.69122964
v -0.55089063 0.23514625 2.69122964
v -0.54825339 0.23405387 2.69812107
v -0.55089063 0.23514625 2.69122964
v -0.47913748 0.40837365 2.68377042
v -0.47913748 0.40837365 2.68377042
v -0.55089063 0.23514625 2.68377042
v -0.55089063 0.23514625 2.68377042
v -0.47650024 0.40728127 2.67687899
v -0.47650024 0.40728127 2.67687899
v -0.54825339 0.23405387 2.67687899
v -0.54825339 0.23405387 2.67687899
v -0.47162729 0.40526283 2.67160451
v -0.47650024 0.40728127 2.67687899
v -0.47162729 0.40526283 2.67160451
v -0.54338044 0.23203542 2.67160451
v -0.54825339 0.23405387 2.67687899
v -0.54338044 0.23203542 2.67160451
v -0.46526044 0.4026256 2.66875005
v -0.46526044 0.4026256 2.66875005
v -0.53701359 0.22939819 2.66875005
v -0.53701359 0.22939819 2.66875005
vn -0 -1 0
vn 0.38268 0 0.92388
vn 0 1 0
vn 0.70711 0 0.70711
vn 0.92388 0 0.38268
vn 1 0 0
vn 0.92388 0 -0.38268
vn 0.70711 0 -0.70711
vn 0.38268 0 -0.92388
vn 0 0 -1
vn -0.38268 0 -0.92388
vn -0.70711 0 -0.70711
vn -0.92388 0 -0.38268
vn -1 0 0
vn -0.92388 0 0.38268
vn -0.70711 0 0.70711
vn -0.38268 0 0.92388
vn 0 0 1
vt 0.34898 0.80902
vt 0.34812 0.80937
vt 0.34766 0.80703
vt 0.02 0.52344
vt 0.02093 0.52344
vt 0.02093 0.54688
vt 0.02 0.54688
vt 0.35594 0.97969
vt 0.3568 0.98004
vt 0.35547 0.98203
vt 0.34964 0.80836
vt 0.02186 0.52344
vt 0.02186 0.54688
vt 0.35746 0.9807
vt 0.35 0.8075
vt 0.26813 0.4375
vt 0.26907 0.4375
vt 0.26907 0.46094
vt 0.26813 0.46094
vt 0.35781 0.98157
vt 0.35 0.80656
vt 0.27 0.4375
vt 0.27 0.46094
vt 0.35781 0.9825
vt 0.34964 0.8057
vt 0.27093 0.4375
vt 0.27093 0.46094
vt 0.35746 0.98336
vt 0.34898 0.80504
vt 0.22032 0.5625
vt 0.22126 0.5625
vt 0.22126 0.58594
vt 0.22032 0.58594
vt 0.3568 0.98402
vt 0.34812 0.80469
vt 0.22219 0.5625
vt 0.22219 0.58594
vt 0.35594 0.98438
vt 0.34719 0.80469
vt 0.22312 0.5625
vt 0.22312 0.58594
vt 0.355 0.98438
vt 0.34633 0.80504
vt 0.22406 0.5625
vt 0.22406 0.58594
vt 0.35414 0.98402
vt 0.34567 0.8057
vt 0.22499 0.5625
vt 0.22499 0.58594
vt 0.35348 0.98336
vt 0.34531 0.80656
vt 0.27595 0.4375
vt 0.27688 0.4375
vt 0.27688 0.46094
vt 0.27595 0.46094
vt 0.35313 0.9825
vt 0.34531 0.8075
vt 0.27781 0.4375
vt 0.27781 0.46094
vt 0.35313 0.98157
vt 0.34567 0.80836
vt 0.27874 0.4375
vt 0.27874 0.46094
vt 0.35348 0.9807
vt 0.34633 0.80902
vt 0.0172 0.52344
vt 0.01813 0.52344
vt 0.01813 0.54688
vt 0.0172 0.54688
vt 0.35414 0.98004
vt 0.34719 0.80937
vt 0.01907 0.52344
vt 0.01907 0.54688
vt 0.355 0.97969
usemtl mat0
f 3191/3144/814 3192/3145/814 3193/3146/814
f 3194/3147/815 3195/3148/815 3196/3149/815
f 3194/3147/815 3196/3149/815 3197/3150/815
f 3198/3151/816 3199/3152/816 3200/3153/816
f 3201/3154/814 3191/3144/814 3193/3146/814
f 3195/3148/817 3202/3155/817 3203/3156/817
f 3195/3148/817 3203/3156/817 3196/3149/817
f 3199/3152/816 3204/3157/816 3200/3153/816
f 3205/3158/814 3201/3154/814 3193/3146/814
f 3206/3159/818 3207/3160/818 3208/3161/818
f 3206/3159/818 3208/3161/818 3209/3162/818
f 3204/3157/816 3210/3163/816 3200/3153/816
f 3211/3164/814 3205/3158/814 3193/3146/814
f 3207/3160/819 3212/3165/819 3213/3166/819
f 3207/3160/819 3213/3166/819 3208/3161/819
f 3210/3163/816 3214/3167/816 3200/3153/816
f 3215/3168/814 3211/3164/814 3193/3146/814
f 3212/3165/820 3216/3169/820 3217/3170/820
f 3212/3165/820 3217/3170/820 3213/3166/820
f 3214/3167/816 3218/3171/816 3200/3153/816
f 3219/3172/814 3215/3168/814 3193/3146/814
f 3220/3173/821 3221/3174/821 3222/3175/821
f 3220/3173/821 3222/3175/821 3223/3176/821
f 3218/3171/816 3224/3177/816 3200/3153/816
f 3225/3178/814 3219/3172/814 3193/3146/814
f 3221/3174/822 3226/3179/822 3227/3180/822
f 3221/3174/822 3227/3180/822 3222/3175/822
f 3224/3177/816 3228/3181/816 3200/3153/816
f 3229/3182/814 3225/3178/814 3193/3146/814
f 3226/3179/823 3230/3183/823 3231/3184/823
f 3226/3179/823 3231/3184/823 3227/3180/823
f 3228/3181/816 3232/3185/816 3200/3153/816
f 3233/3186/814 3229/3182/814 3193/3146/814
f 3230/3183/824 3234/3187/824 3235/3188/824
f 3230/3183/824 3235/3188/824 3231/3184/824
f 3232/3185/816 3236/3189/816 3200/3153/816
f 3237/3190/814 3233/3186/814 3193/3146/814
f 3234/3187/825 3238/3191/825 3239/3192/825
f 3234/3187/825 3239/3192/825 3235/3188/825
f 3236/3189/816 3240/3193/816 3200/3153/816
f 3241/3194/814 3237/3190/814 3193/3146/814
f 3242/3195/826 3243/3196/826 3244/3197/826
f 3242/3195/826 3244/3197/826 3245/3198/826
f 3240/3193/816 3246/3199/816 3200/3153/816
f 3247/3200/814 3241/3194/814 3193/3146/814
f 3243/3196/827 3248/3201/827 3249/3202/827
f 3243/3196/827 3249/3202/827 3244/3197/827
f 3246/3199/816 3250/3203/816 3200/3153/816
f 3251/3204/814 3247/3200/814 3193/3146/814
f 3248/3201/828 3252/3205/828 3253/3206/828
f 3248/3201/828 3253/3206/828 3249/3202/828
f 3250/3203/816 3254/3207/816 3200/3153/816
f 3255/3208/814 3251/3204/814 3193/3146/814
f 3256/3209/829 3257/3210/829 3258/3211/829
f 3256/3209/829 3258/3211/829 3259/3212/829
f 3254/3207/816 3260/3213/816 3200/3153/816
f 3261/3214/814 3255/3208/814 3193/3146/814
f 3257/3210/830 3262/3215/830 3263/3216/830
f 3257/3210/830 3263/3216/830 3258/3211/830
f 3260/3213/816 3264/3217/816 3200/3153/816
f 3192/3145/814 3261/3214/814 3193/3146/814
f 3262/3215/831 3194/3147/831 3197/3150/831
f 3262/3215/831 3197/3150/831 3263/3216/831
f 3264/3217/816 3198/3151/816 3200/3153/816
# Vertices: 74, normals: 18, texture coordinates: 74, faces: 64

o obj31
v -0.22948138 0.639592 2.67160451
v -0.23435435 0.64446497 2.66875005
v -0.23699158 0.6471022 2.6875
v -0.23435435 0.64446497 2.66875005
v -0.22948138 0.639592 2.67160451
v -0.45045225 0.41862113 2.67160451
v -0.45532522 0.4234941 2.66875005
v -0.45532522 0.4234941 2.66875005
v -0.45045225 0.41862113 2.67160451
v -0.45796245 0.42613133 2.6875
v -0.22575178 0.63586239 2.67687899
v -0.22575178 0.63586239 2.67687899
v -0.44672265 0.41489152 2.67687899
v -0.44672265 0.41489152 2.67687899
v -0.22373333 0.63384395 2.68377042
v -0.22575178 0.63586239 2.67687899
v -0.22373333 0.63384395 2.68377042
v -0.4447042 0.41287308 2.68377042
v -0.44672265 0.41489152 2.67687899
v -0.4447042 0.41287308 2.68377042
v -0.22373333 0.63384395 2.69122964
v -0.22373333 0.63384395 2.69122964
v -0.4447042 0.41287308 2.69122964
v -0.4447042 0.41287308 2.69122964
v -0.22575178 0.63586239 2.69812107
v -0.22575178 0.63586239 2.69812107
v -0.44672265 0.41489152 2.69812107
v -0.44672265 0.41489152 2.69812107
v -0.22948138 0.639592 2.70339549
v -0.22575178 0.63586239 2.69812107
v -0.22948138 0.639592 2.70339549
v -0.45045225 0.41862113 2.70339549
v -0.44672265 0.41489152 2.69812107
v -0.45045225 0.41862113 2.70339549
v -0.23435435 0.64446497 2.70625001
v -0.23435435 0.64446497 2.70625001
v -0.45532522 0.4234941 2.70625001
v -0.45532522 0.4234941 2.70625001
v -0.23962881 0.64973942 2.70625001
v -0.23962881 0.64973942 2.70625001
v -0.46059968 0.42876855 2.70625001
v -0.46059968 0.42876855 2.70625001
v -0.24450178 0.6546124 2.70339549
v -0.24450178 0.6546124 2.70339549
v -0.46547265 0.43364153 2.70339549
v -0.46547265 0.43364153 2.70339549
v -0.24823138 0.65834199 2.69812107
v -0.24450178 0.6546124 2.70339549
v -0.24823138 0.65834199 2.69812107
v -0.46920225 0.43737112 2.69812107
v -0.46547265 0.43364153 2.70339549
v -0.46920225 0.43737112 2.69812107
v -0.25024983 0.66036045 2.69122964
v -0.24823138 0.65834199 2.69812107
v -0.25024983 0.66036045 2.69122964
v -0.4712207 0.43938958 2.69122964
v -0.46920225 0.43737112 2.69812107
v -0.4712207 0.43938958 2.69122964
v -0.25024983 0.66036045 2.68377042
v -0.25024983 0.66036045 2.68377042
v -0.4712207 0.43938958 2.68377042
v -0.4712207 0.43938958 2.68377042
v -0.24823138 0.65834199 2.67687899
v -0.24823138 0.65834199 2.67687899
v -0.46920225 0.43737112 2.67687899
v -0.46920225 0.43737112 2.67687899
v -0.24450178 0.6546124 2.67160451
v -0.24823138 0.65834199 2.67687899
v -0.24450178 0.6546124 2.67160451
v -0.46547265 0.43364153 2.67160451
v -0.46920225 0.43737112 2.67687899
v -0.46547265 0.43364153 2.67160451
v -0.23962881 0.64973942 2.66875005
v -0.24450178 0.6546124 2.67160451
v -0.23962881 0.64973942 2.66875005
v -0.46059968 0.42876855 2.66875005
v -0.46547265 0.43364153 2.67160451
v -0.46059968 0.42876855 2.66875005
vn -0 -1 0
vn 0.38268 0 0.92388
vn 0 1 0
vn 0.70711 0 0.70711
vn 0.92388 0 0.38268
vn 1 0 0
vn 0.92388 0 -0.38268
vn 0.70711 0 -0.70711
vn 0.38268 0 -0.92388
vn 0 0 -1
vn -0.38268 0 -0.92388
vn -0.70711 0 -0.70711
vn -0.92388 0 -0.38268
vn -1 0 0
vn -0.92388 0 0.38268
vn -0.70711 0 0.70711
vn -0.38268 0 0.92388
vn 0 0 1
vt 0.34117 0.73871
vt 0.34031 0.73906
vt 0.33984 0.73672
vt 0.21484 0.20312
vt 0.21578 0.20312
vt 0.21578 0.24219
vt 0.21484 0.24219
vt 0.34812 0.97969
vt 0.34898 0.98004
vt 0.34766 0.98203
vt 0.34183 0.73805
vt 0.21671 0.20312
vt 0.21671 0.24219
vt 0.34964 0.9807
vt 0.34219 0.73718
vt 0.66657 0.20312
vt 0.6675 0.20312
vt 0.6675 0.24219
vt 0.66657 0.24219
vt 0.35 0.98157
vt 0.34219 0.73625
vt 0.66843 0.20312
vt 0.66843 0.24219
vt 0.35 0.9825
vt 0.34183 0.73539
vt 0.66937 0.20312
vt 0.66937 0.24219
vt 0.34964 0.98336
vt 0.34117 0.73473
vt 0.33017 0.20312
vt 0.3311 0.20312
vt 0.3311 0.24219
vt 0.33017 0.24219
vt 0.34898 0.98402
vt 0.34031 0.73438
vt 0.33203 0.20312
vt 0.33203 0.24219
vt 0.34812 0.98438
vt 0.33938 0.73438
vt 0.33296 0.20312
vt 0.33296 0.24219
vt 0.34719 0.98438
vt 0.33852 0.73473
vt 0.3339 0.20312
vt 0.3339 0.24219
vt 0.34633 0.98402
vt 0.33786 0.73539
vt 0.35156 0.38281
vt 0.35938 0.38281
vt 0.35938 0.42188
vt 0.35156 0.42188
vt 0.34567 0.98336
vt 0.3375 0.73625
vt 0.67438 0.20312
vt 0.67531 0.20312
vt 0.67531 0.24219
vt 0.67438 0.24219
vt 0.34531 0.9825
vt 0.3375 0.73718
vt 0.67625 0.20312
vt 0.67625 0.24219
vt 0.34531 0.98157
vt 0.33786 0.73805
vt 0.67718 0.20312
vt 0.67718 0.24219
vt 0.34567 0.9807
vt 0.33852 0.73871
vt 0.60938 0.53906
vt 0.61719 0.53906
vt 0.61719 0.57812
vt 0.60938 0.57812
vt 0.34633 0.98004
vt 0.33938 0.73906
vt 0.21298 0.20312
vt 0.21391 0.20312
vt 0.21391 0.24219
vt 0.21298 0.24219
vt 0.34719 0.97969
usemtl mat0
f 3265/3218/832 3266/3219/832 3267/3220/832
f 3268/3221/833 3269/3222/833 3270/3223/833
f 3268/3221/833 3270/3223/833 3271/3224/833
f 3272/3225/834 3273/3226/834 3274/3227/834
f 3275/3228/832 3265/3218/832 3267/3220/832
f 3269/3222/835 3276/3229/835 3277/3230/835
f 3269/3222/835 3277/3230/835 3270/3223/835
f 3273/3226/834 3278/3231/834 3274/3227/834
f 3279/3232/832 3275/3228/832 3267/3220/832
f 3280/3233/836 3281/3234/836 3282/3235/836
f 3280/3233/836 3282/3235/836 3283/3236/836
f 3278/3231/834 3284/3237/834 3274/3227/834
f 3285/3238/832 3279/3232/832 3267/3220/832
f 3281/3234/837 3286/3239/837 3287/3240/837
f 3281/3234/837 3287/3240/837 3282/3235/837
f 3284/3237/834 3288/3241/834 3274/3227/834
f 3289/3242/832 3285/3238/832 3267/3220/832
f 3286/3239/838 3290/3243/838 3291/3244/838
f 3286/3239/838 3291/3244/838 3287/3240/838
f 3288/3241/834 3292/3245/834 3274/3227/834
f 3293/3246/832 3289/3242/832 3267/3220/832
f 3294/3247/839 3295/3248/839 3296/3249/839
f 3294/3247/839 3296/3249/839 3297/3250/839
f 3292/3245/834 3298/3251/834 3274/3227/834
f 3299/3252/832 3293/3246/832 3267/3220/832
f 3295/3248/840 3300/3253/840 3301/3254/840
f 3295/3248/840 3301/3254/840 3296/3249/840
f 3298/3251/834 3302/3255/834 3274/3227/834
f 3303/3256/832 3299/3252/832 3267/3220/832
f 3300/3253/841 3304/3257/841 3305/3258/841
f 3300/3253/841 3305/3258/841 3301/3254/841
f 3302/3255/834 3306/3259/834 3274/3227/834
f 3307/3260/832 3303/3256/832 3267/3220/832
f 3304/3257/842 3308/3261/842 3309/3262/842
f 3304/3257/842 3309/3262/842 3305/3258/842
f 3306/3259/834 3310/3263/834 3274/3227/834
f 3311/3264/832 3307/3260/832 3267/3220/832
f 3312/3265/843 3313/3266/843 3314/3267/843
f 3312/3265/843 3314/3267/843 3315/3268/843
f 3310/3263/834 3316/3269/834 3274/3227/834
f 3317/3270/832 3311/3264/832 3267/3220/832
f 3318/3271/844 3319/3272/844 3320/3273/844
f 3318/3271/844 3320/3273/844 3321/3274/844
f 3316/3269/834 3322/3275/834 3274/3227/834
f 3323/3276/832 3317/3270/832 3267/3220/832
f 3319/3272/845 3324/3277/845 3325/3278/845
f 3319/3272/845 3325/3278/845 3320/3273/845
f 3322/3275/834 3326/3279/834 3274/3227/834
f 3327/3280/832 3323/3276/832 3267/3220/832
f 3324/3277/846 3328/3281/846 3329/3282/846
f 3324/3277/846 3329/3282/846 3325/3278/846
f 3326/3279/834 3330/3283/834 3274/3227/834
f 3331/3284/832 3327/3280/832 3267/3220/832
f 3332/3285/847 3333/3286/847 3334/3287/847
f 3332/3285/847 3334/3287/847 3335/3288/847
f 3330/3283/834 3336/3289/834 3274/3227/834
f 3337/3290/832 3331/3284/832 3267/3220/832
f 3338/3291/848 3339/3292/848 3340/3293/848
f 3338/3291/848 3340/3293/848 3341/3294/848
f 3336/3289/834 3342/3295/834 3274/3227/834
f 3266/3219/832 3337/3290/832 3267/3220/832
f 3339/3292/849 3268/3221/849 3271/3224/849
f 3339/3292/849 3271/3224/849 3340/3293/849
f 3342/3295/834 3272/3225/834 3274/3227/834
# Vertices: 78, normals: 18, texture coordinates: 78, faces: 64

o obj32
v -0.52499998 0.23767787 2.80936539
v -0.52499998 0.18484369 2.83125001
v -0.52499998 0.15625003 2.6875
v -0.52499998 0.18484369 2.83125001
v -0.52499998 0.23767787 2.80936539
v -0.60000002 0.23767787 2.80936539
v -0.60000002 0.18484369 2.83125001
v -0.61250001 0.17233396 2.76835942
v -0.61250001 0.20205319 2.75604928
v -0.61250001 0.15625003 2.6875
v -0.52499998 0.27811539 2.76892787
v -0.52499998 0.23767787 2.80936539
v -0.52499998 0.27811539 2.76892787
v -0.60000002 0.27811539 2.76892787
v -0.60000002 0.23767787 2.80936539
v -0.61250001 0.20205319 2.75604928
v -0.61250001 0.22479931 2.73330319
v -0.61250001 0.15625003 2.6875
v -0.52499998 0.30000003 2.71609366
v -0.52499998 0.30000003 2.71609366
v -0.60000002 0.30000003 2.71609366
v -0.61250001 0.23710939 2.70358396
v -0.52499998 0.30000003 2.6589064
v -0.52499998 0.30000003 2.6589064
v -0.60000002 0.30000003 2.6589064
v -0.61250001 0.23710939 2.6714161
v -0.52499998 0.27811539 2.60607219
v -0.52499998 0.27811539 2.60607219
v -0.60000002 0.27811539 2.60607219
v -0.61250001 0.22479931 2.64169687
v -0.52499998 0.23767787 2.56563467
v -0.52499998 0.23767787 2.56563467
v -0.60000002 0.23767787 2.56563467
v -0.61250001 0.20205319 2.61895078
v -0.52499998 0.18484369 2.54375005
v -0.52499998 0.23767787 2.56563467
v -0.52499998 0.18484369 2.54375005
v -0.60000002 0.18484369 2.54375005
v -0.60000002 0.23767787 2.56563467
v -0.61250001 0.17233396 2.60664064
v -0.52499998 0.12765637 2.54375005
v -0.52499998 0.12765637 2.54375005
v -0.60000002 0.12765637 2.54375005
v -0.61250001 0.17233396 2.60664064
v -0.61250001 0.1401661 2.60664064
v -0.52499998 0.07482219 2.56563467
v -0.52499998 0.07482219 2.56563467
v -0.60000002 0.07482219 2.56563467
v -0.61250001 0.11044687 2.61895078
v -0.52499998 0.03438467 2.60607219
v -0.52499998 0.07482219 2.56563467
v -0.52499998 0.03438467 2.60607219
v -0.60000002 0.03438467 2.60607219
v -0.60000002 0.07482219 2.56563467
v -0.61250001 0.08770075 2.64169687
v -0.52499998 0.01250005 2.6589064
v -0.52499998 0.01250005 2.6589064
v -0.60000002 0.01250005 2.6589064
v -0.61250001 0.07539064 2.6714161
v -0.52499998 0.01250005 2.71609366
v -0.52499998 0.01250005 2.71609366
v -0.60000002 0.01250005 2.71609366
v -0.61250001 0.07539064 2.70358396
v -0.52499998 0.03438467 2.76892787
v -0.52499998 0.03438467 2.76892787
v -0.60000002 0.03438467 2.76892787
v -0.61250001 0.08770075 2.73330319
v -0.52499998 0.07482219 2.80936539
v -0.52499998 0.07482219 2.80936539
v -0.60000002 0.07482219 2.80936539
v -0.61250001 0.11044687 2.75604928
v -0.52499998 0.12765637 2.83125001
v -0.52499998 0.07482219 2.80936539
v -0.52499998 0.12765637 2.83125001
v -0.60000002 0.12765637 2.83125001
v -0.60000002 0.07482219 2.80936539
v -0.61250001 0.1401661 2.76835942
v -0.60000002 0.21732089 2.77889907
v -0.60000002 0.17769527 2.79531252
v -0.60000002 0.18484369 2.83125001
v -0.60000002 0.23767787 2.80936539
v -0.60000002 0.26406252 2.66605479
v -0.60000002 0.26406252 2.70894527
v -0.60000002 0.30000003 2.71609366
v -0.60000002 0.30000003 2.6589064
v -0.60000002 0.17769527 2.57968754
v -0.60000002 0.21732089 2.59610099
v -0.60000002 0.23767787 2.56563467
v -0.60000002 0.18484369 2.54375005
v -0.60000002 0.24764904 2.62642914
v -0.60000002 0.27811539 2.60607219
v -0.60000002 0.26406252 2.70894527
v -0.60000002 0.24764904 2.74857092
v -0.60000002 0.27811539 2.76892787
v -0.60000002 0.30000003 2.71609366
v -0.60000002 0.21732089 2.59610099
v -0.60000002 0.23767787 2.56563467
v -0.60000002 0.17769527 2.79531252
v -0.60000002 0.13480479 2.79531252
v -0.60000002 0.12765637 2.83125001
v -0.60000002 0.18484369 2.83125001
v -0.60000002 0.13480479 2.57968754
v -0.60000002 0.17769527 2.57968754
v -0.60000002 0.18484369 2.54375005
v -0.60000002 0.12765637 2.54375005
v -0.60000002 0.09517914 2.59610099
v -0.60000002 0.13480479 2.57968754
v -0.60000002 0.12765637 2.54375005
v -0.60000002 0.07482219 2.56563467
v -0.60000002 0.13480479 2.79531252
v -0.60000002 0.09517914 2.77889907
v -0.60000002 0.07482219 2.80936539
v -0.60000002 0.12765637 2.83125001
v -0.60000002 0.04843754 2.66605479
v -0.60000002 0.06485102 2.62642914
v -0.60000002 0.03438467 2.60607219
v -0.60000002 0.01250005 2.6589064
v -0.60000002 0.09517914 2.77889907
v -0.60000002 0.06485102 2.74857092
v -0.60000002 0.03438467 2.76892787
v -0.60000002 0.07482219 2.80936539
v -0.60000002 0.06485102 2.74857092
v -0.60000002 0.04843754 2.70894527
v -0.60000002 0.01250005 2.71609366
v -0.60000002 0.03438467 2.76892787
v -0.60000002 0.06485102 2.62642914
v -0.60000002 0.09517914 2.59610099
v -0.60000002 0.07482219 2.56563467
v -0.60000002 0.03438467 2.60607219
v -0.60000002 0.04843754 2.70894527
v -0.60000002 0.04843754 2.66605479
v -0.60000002 0.01250005 2.6589064
v -0.60000002 0.01250005 2.71609366
v -0.61250001 0.20205319 2.75604928
v -0.60000002 0.21732089 2.77889907
v -0.61250001 0.23710939 2.6714161
v -0.61250001 0.23710939 2.70358396
v -0.61250001 0.17233396 2.60664064
v -0.61250001 0.20205319 2.61895078
v -0.60000002 0.21732089 2.59610099
v -0.60000002 0.17769527 2.57968754
v -0.61250001 0.22479931 2.64169687
v -0.60000002 0.24764904 2.62642914
v -0.60000002 0.24764904 2.74857092
v -0.60000002 0.26406252 2.70894527
v -0.60000002 0.24764904 2.62642914
v -0.60000002 0.21732089 2.59610099
v -0.60000002 0.21732089 2.77889907
v -0.61250001 0.1401661 2.60664064
v -0.61250001 0.11044687 2.61895078
v -0.60000002 0.09517914 2.59610099
v -0.61250001 0.1401661 2.76835942
v -0.60000002 0.13480479 2.79531252
v -0.61250001 0.07539064 2.6714161
v -0.60000002 0.04843754 2.66605479
v -0.61250001 0.11044687 2.75604928
v -0.60000002 0.09517914 2.77889907
v -0.61250001 0.08770075 2.73330319
v -0.60000002 0.06485102 2.74857092
v -0.61250001 0.08770075 2.64169687
v -0.60000002 0.06485102 2.62642914
vn -0 -1 0
vn 0.38268 0 0.92388
vn 0 1 0
vn 0.70711 0 0.70711
vn 0.92388 0 0.38268
vn 1 0 0
vn 0.92388 0 -0.38268
vn 0.70711 0 -0.70711
vn 0.38268 0 -0.92388
vn 0 0 -1
vn -0.38268 0 -0.92388
vn -0.70711 0 -0.70711
vn -0.92388 0 -0.38268
vn -1 0 0
vn -0.92388 0 0.38268
vn -0.70711 0 0.70711
vn -0.38268 0 0.92388
vn 0 0 1
vn 0.161 0.90719 0.3887
vn 0.42072 0.90719 0
vn 0.161 0.90719 -0.3887
vn 0.3887 0.90719 -0.161
vn 0.3887 0.90719 0.161
vn 0.2975 0.90719 -0.2975
vn 0.2975 0.90719 0.2975
vn 0 0.90719 0.42072
vn 0 0.90719 -0.42072
vn -0.161 0.90719 -0.3887
vn -0.161 0.90719 0.3887
vn -0.3887 0.90719 -0.161
vn -0.2975 0.90719 0.2975
vn -0.3887 0.90719 0.161
vn -0.2975 0.90719 -0.2975
vn -0.42072 0.90719 0
vt 0.27509 0.82031
vt 0.24867 0.83125
vt 0.23438 0.75937
vt 0.52992 0.9625
vt 0.55852 0.9625
vt 0.55852 1
vt 0.52992 1
vt 0.08435 0.87723
vt 0.09921 0.88338
vt 0.0763 0.91766
vt 0.29531 0.80009
vt 0.28789 0.5875
vt 0.31648 0.5875
vt 0.31648 0.625
vt 0.28789 0.625
vt 0.09921 0.88339
vt 0.11098 0.89434
vt 0.07754 0.91846
vt 0.30625 0.77367
vt 0.34508 0.5875
vt 0.34508 0.625
vt 0.11766 0.90897
vt 0.30625 0.74508
vt 0.37367 0.5875
vt 0.37367 0.625
vt 0.11823 0.92505
vt 0.29531 0.71866
vt 0.40227 0.5875
vt 0.40227 0.625
vt 0.11261 0.94012
vt 0.27509 0.69844
vt 0.43086 0.5875
vt 0.43086 0.625
vt 0.10165 0.95189
vt 0.24867 0.6875
vt 0.41023 0.525
vt 0.43883 0.525
vt 0.43883 0.5625
vt 0.41023 0.5625
vt 0.08702 0.95857
vt 0.22008 0.6875
vt 0.46742 0.525
vt 0.46742 0.5625
vt 0.08435 0.95809
vt 0.06826 0.95809
vt 0.19366 0.69844
vt 0.49602 0.525
vt 0.49602 0.5625
vt 0.0534 0.95193
vt 0.17344 0.71866
vt 0.00664 0.525
vt 0.03523 0.525
vt 0.03523 0.5625
vt 0.00664 0.5625
vt 0.04203 0.94056
vt 0.1625 0.74508
vt 0.06383 0.525
vt 0.06383 0.5625
vt 0.03588 0.9257
vt 0.1625 0.77367
vt 0.09242 0.525
vt 0.09242 0.5625
vt 0.03588 0.90962
vt 0.17344 0.80009
vt 0.12102 0.525
vt 0.12102 0.5625
vt 0.04203 0.89476
vt 0.19366 0.82031
vt 0.14961 0.525
vt 0.14961 0.5625
vt 0.0534 0.88338
vt 0.22008 0.83125
vt 0.47273 0.9625
vt 0.50133 0.9625
vt 0.50133 1
vt 0.47273 1
vt 0.06826 0.87723
vt 0.10737 0.87069
vt 0.08755 0.86248
vt 0.09113 0.84451
vt 0.11755 0.85546
vt 0.13495 0.9258
vt 0.13266 0.90448
vt 0.15014 0.899
vt 0.1532 0.92743
vt 0.1875 0.49643
vt 0.1875 0.47498
vt 0.21875 0.4714
vt 0.21875 0.5
vt 0.12891 0.94638
vt 0.14514 0.95487
vt 0.13073 0.90567
vt 0.12253 0.88585
vt 0.13777 0.87568
vt 0.1487 0.9021
vt 0.11545 0.96307
vt 0.1272 0.97713
vt 0.08703 0.86237
vt 0.06558 0.86237
vt 0.06201 0.84441
vt 0.0906 0.84441
vt 0.079 0.9817
vt 0.09978 0.97641
vt 0.10769 0.99294
vt 0.07998 1
vt 0.04524 0.96463
vt 0.06505 0.97283
vt 0.06148 0.9908
vt 0.03506 0.97986
vt 0.06505 0.86248
vt 0.04524 0.87069
vt 0.03506 0.85545
vt 0.06147 0.84451
vt 0.02112 0.9289
vt 0.02933 0.94872
vt 0.01409 0.95889
vt 0.00315 0.93248
vt 0.0448 0.87099
vt 0.02963 0.88615
vt 0.0144 0.87597
vt 0.03462 0.85575
vt 0.02933 0.8866
vt 0.02112 0.90641
vt 0.00315 0.90284
vt 0.0141 0.87642
vt 0.02963 0.94917
vt 0.0448 0.96433
vt 0.03462 0.97957
vt 0.0144 0.95935
vt 0.02102 0.90693
vt 0.02102 0.92838
vt 0.00305 0.93196
vt 0.00305 0.90336
vt 0.09921 0.88338
vt 0.10737 0.87069
vt 0.11989 0.92472
vt 0.11818 0.90873
vt 0.09352 0.96268
vt 0.10674 0.95351
vt 0.11741 0.96419
vt 0.09979 0.97641
vt 0.11591 0.9403
vt 0.12964 0.94658
vt 0.12306 0.8853
vt 0.13266 0.90448
vt 0.12964 0.94658
vt 0.11741 0.96419
vt 0.10737 0.87068
vt 0.07794 0.96665
vt 0.0534 0.95193
vt 0.04524 0.96463
vt 0.06826 0.87723
vt 0.06505 0.86248
vt 0.03587 0.9257
vt 0.02112 0.9289
vt 0.0534 0.88339
vt 0.0448 0.87099
vt 0.04203 0.89475
vt 0.02933 0.88659
vt 0.04203 0.94056
vt 0.02963 0.94917
usemtl mat3
f 3343/3296/850 3344/3297/850 3345/3298/850
f 3346/3299/851 3347/3300/851 3348/3301/851
f 3346/3299/851 3348/3301/851 3349/3302/851
f 3350/3303/852 3351/3304/852 3352/3305/852
f 3353/3306/850 3343/3296/850 3345/3298/850
f 3354/3307/853 3355/3308/853 3356/3309/853
f 3354/3307/853 3356/3309/853 3357/3310/853
f 3358/3311/852 3359/3312/852 3360/3313/852
f 3361/3314/850 3353/3306/850 3345/3298/850
f 3355/3308/854 3362/3315/854 3363/3316/854
f 3355/3308/854 3363/3316/854 3356/3309/854
f 3359/3312/852 3364/3317/852 3360/3313/852
f 3365/3318/850 3361/3314/850 3345/3298/850
f 3362/3315/855 3366/3319/855 3367/3320/855
f 3362/3315/855 3367/3320/855 3363/3316/855
f 3364/3317/852 3368/3321/852 3360/3313/852
f 3369/3322/850 3365/3318/850 3345/3298/850
f 3366/3319/856 3370/3323/856 3371/3324/856
f 3366/3319/856 3371/3324/856 3367/3320/856
f 3368/3321/852 3372/3325/852 3360/3313/852
f 3373/3326/850 3369/3322/850 3345/3298/850
f 3370/3323/857 3374/3327/857 3375/3328/857
f 3370/3323/857 3375/3328/857 3371/3324/857
f 3372/3325/852 3376/3329/852 3360/3313/852
f 3377/3330/850 3373/3326/850 3345/3298/850
f 3378/3331/858 3379/3332/858 3380/3333/858
f 3378/3331/858 3380/3333/858 3381/3334/858
f 3376/3329/852 3382/3335/852 3360/3313/852
f 3383/3336/850 3377/3330/850 3345/3298/850
f 3379/3332/859 3384/3337/859 3385/3338/859
f 3379/3332/859 3385/3338/859 3380/3333/859
f 3386/3339/852 3387/3340/852 3352/3305/852
f 3388/3341/850 3383/3336/850 3345/3298/850
f 3384/3337/860 3389/3342/860 3390/3343/860
f 3384/3337/860 3390/3343/860 3385/3338/860
f 3387/3340/852 3391/3344/852 3352/3305/852
f 3392/3345/850 3388/3341/850 3345/3298/850
f 3393/3346/861 3394/3347/861 3395/3348/861
f 3393/3346/861 3395/3348/861 3396/3349/861
f 3391/3344/852 3397/3350/852 3352/3305/852
f 3398/3351/850 3392/3345/850 3345/3298/850
f 3394/3347/862 3399/3352/862 3400/3353/862
f 3394/3347/862 3400/3353/862 3395/3348/862
f 3397/3350/852 3401/3354/852 3352/3305/852
f 3402/3355/850 3398/3351/850 3345/3298/850
f 3399/3352/863 3403/3356/863 3404/3357/863
f 3399/3352/863 3404/3357/863 3400/3353/863
f 3401/3354/852 3405/3358/852 3352/3305/852
f 3406/3359/850 3402/3355/850 3345/3298/850
f 3403/3356/864 3407/3360/864 3408/3361/864
f 3403/3356/864 3408/3361/864 3404/3357/864
f 3405/3358/852 3409/3362/852 3352/3305/852
f 3410/3363/850 3406/3359/850 3345/3298/850
f 3407/3360/865 3411/3364/865 3412/3365/865
f 3407/3360/865 3412/3365/865 3408/3361/865
f 3409/3362/852 3413/3366/852 3352/3305/852
f 3414/3367/850 3410/3363/850 3345/3298/850
f 3415/3368/866 3416/3369/866 3417/3370/866
f 3415/3368/866 3417/3370/866 3418/3371/866
f 3413/3366/852 3419/3372/852 3352/3305/852
f 3344/3297/850 3414/3367/850 3345/3298/850
f 3416/3369/867 3346/3299/867 3349/3302/867
f 3416/3369/867 3349/3302/867 3417/3370/867
f 3419/3372/852 3350/3303/852 3352/3305/852
f 3420/3373/852 3421/3374/852 3422/3375/852
f 3420/3373/852 3422/3375/852 3423/3376/852
f 3424/3377/852 3425/3378/852 3426/3379/852
f 3424/3377/852 3426/3379/852 3427/3380/852
f 3428/3381/852 3429/3382/852 3430/3383/852
f 3428/3381/852 3430/3383/852 3431/3384/852
f 3432/3385/852 3424/3377/852 3427/3380/852
f 3432/3385/852 3427/3380/852 3433/3386/852
f 3434/3387/852 3435/3388/852 3436/3389/852
f 3434/3387/852 3436/3389/852 3437/3390/852
f 3438/3391/852 3432/3385/852 3433/3386/852
f 3438/3391/852 3433/3386/852 3439/3392/852
f 3435/3388/852 3420/3373/852 3423/3376/852
f 3435/3388/852 3423/3376/852 3436/3389/852
f 3440/3393/852 3441/3394/852 3442/3395/852
f 3440/3393/852 3442/3395/852 3443/3396/852
f 3444/3397/852 3445/3398/852 3446/3399/852
f 3444/3397/852 3446/3399/852 3447/3400/852
f 3448/3401/852 3449/3402/852 3450/3403/852
f 3448/3401/852 3450/3403/852 3451/3404/852
f 3452/3405/852 3453/3406/852 3454/3407/852
f 3452/3405/852 3454/3407/852 3455/3408/852
f 3456/3409/852 3457/3410/852 3458/3411/852
f 3456/3409/852 3458/3411/852 3459/3412/852
f 3460/3413/852 3461/3414/852 3462/3415/852
f 3460/3413/852 3462/3415/852 3463/3416/852
f 3464/3417/852 3465/3418/852 3466/3419/852
f 3464/3417/852 3466/3419/852 3467/3420/852
f 3468/3421/852 3469/3422/852 3470/3423/852
f 3468/3421/852 3470/3423/852 3471/3424/852
f 3472/3425/852 3473/3426/852 3474/3427/852
f 3472/3425/852 3474/3427/852 3475/3428/852
f 3476/3429/868 3350/3303/868 3421/3374/868
f 3476/3429/868 3421/3374/868 3477/3430/868
f 3478/3431/869 3479/3432/869 3425/3378/869
f 3478/3431/869 3425/3378/869 3424/3377/869
f 3480/3433/870 3481/3434/870 3482/3435/870
f 3480/3433/870 3482/3435/870 3483/3436/870
f 3484/3437/871 3478/3431/871 3424/3377/871
f 3484/3437/871 3424/3377/871 3485/3438/871
f 3479/3432/872 3359/3312/872 3486/3439/872
f 3479/3432/872 3486/3439/872 3487/3440/872
f 3481/3434/873 3484/3437/873 3488/3441/873
f 3481/3434/873 3488/3441/873 3489/3442/873
f 3359/3312/874 3476/3429/874 3490/3443/874
f 3359/3312/874 3490/3443/874 3486/3439/874
f 3350/3303/875 3419/3372/875 3441/3394/875
f 3350/3303/875 3441/3394/875 3440/3393/875
f 3491/3444/876 3480/3433/876 3445/3398/876
f 3491/3444/876 3445/3398/876 3444/3397/876
f 3492/3445/877 3387/3340/877 3449/3402/877
f 3492/3445/877 3449/3402/877 3493/3446/877
f 3494/3447/878 3413/3366/878 3453/3406/878
f 3494/3447/878 3453/3406/878 3495/3448/878
f 3496/3449/879 3397/3350/879 3457/3410/879
f 3496/3449/879 3457/3410/879 3497/3450/879
f 3498/3451/880 3409/3362/880 3461/3414/880
f 3498/3451/880 3461/3414/880 3499/3452/880
f 3500/3453/881 3405/3358/881 3465/3418/881
f 3500/3453/881 3465/3418/881 3501/3454/881
f 3502/3455/882 3391/3344/882 3469/3422/882
f 3502/3455/882 3469/3422/882 3503/3456/882
f 3405/3358/883 3401/3354/883 3473/3426/883
f 3405/3358/883 3473/3426/883 3472/3425/883
# Vertices: 161, normals: 34, texture coordinates: 161, faces: 128

o obj33
v -0.37390347 0.58568078 2.43941468
v -0.38107569 0.58637364 2.43748619
v -0.3792312 0.60057256 2.45015351
v -0.38107569 0.58637364 2.43748619
v -0.37390347 0.58568078 2.43941468
v -0.45469634 0.39062953 2.66981385
v -0.46186856 0.39132239 2.66788536
v -0.46186856 0.39132239 2.66788536
v -0.45469634 0.39062953 2.66981385
v -0.46002407 0.40552131 2.68055268
v -0.36754235 0.58725506 2.44297805
v -0.37390347 0.58568078 2.43941468
v -0.36754235 0.58725506 2.44297805
v -0.44833522 0.39220381 2.67337722
v -0.45469634 0.39062953 2.66981385
v -0.44833522 0.39220381 2.67337722
v -0.36296075 0.59085681 2.44763382
v -0.36296075 0.59085681 2.44763382
v -0.44375361 0.39580556 2.67803299
v -0.44375361 0.39580556 2.67803299
v -0.36085617 0.59593769 2.45267319
v -0.36085617 0.59593769 2.45267319
v -0.44164904 0.40088644 2.68307236
v -0.44164904 0.40088644 2.68307236
v -0.36154903 0.60172419 2.45732897
v -0.36154903 0.60172419 2.45732897
v -0.4423419 0.40667294 2.68772814
v -0.4423419 0.40667294 2.68772814
v -0.36493384 0.60733537 2.46089234
v -0.36493384 0.60733537 2.46089234
v -0.44572671 0.41228412 2.69129151
v -0.44572671 0.41228412 2.69129151
v -0.3704953 0.61191697 2.46282082
v -0.36493384 0.60733537 2.46089234
v -0.3704953 0.61191697 2.46282082
v -0.45128817 0.41686572 2.69322
v -0.44572671 0.41228412 2.69129151
v -0.45128817 0.41686572 2.69322
v -0.37738671 0.61477149 2.46282082
v -0.37738671 0.61477149 2.46282082
v -0.45817958 0.41972024 2.69322
v -0.45817958 0.41972024 2.69322
v -0.38455893 0.61546435 2.46089234
v -0.38455893 0.61546435 2.46089234
v -0.4653518 0.4204131 2.69129151
v -0.4653518 0.4204131 2.69129151
v -0.39092006 0.61389007 2.45732897
v -0.38455893 0.61546435 2.46089234
v -0.39092006 0.61389007 2.45732897
v -0.47171293 0.41883882 2.68772814
v -0.4653518 0.4204131 2.69129151
v -0.47171293 0.41883882 2.68772814
v -0.39550166 0.61028832 2.45267319
v -0.39550166 0.61028832 2.45267319
v -0.47629453 0.41523707 2.68307237
v -0.47629453 0.41523707 2.68307237
v -0.39760623 0.60520743 2.44763382
v -0.39760623 0.60520743 2.44763382
v -0.4783991 0.41015618 2.67803299
v -0.4783991 0.41015618 2.67803299
v -0.39691337 0.59942093 2.44297805
v -0.39691337 0.59942093 2.44297805
v -0.47770624 0.40436968 2.67337722
v -0.47770624 0.40436968 2.67337722
v -0.39352856 0.59380976 2.43941468
v -0.39352856 0.59380976 2.43941468
v -0.47432143 0.39875851 2.66981385
v -0.47432143 0.39875851 2.66981385
v -0.38796711 0.58922816 2.43748619
v -0.39352856 0.59380976 2.43941468
v -0.38796711 0.58922816 2.43748619
v -0.46875998 0.39417691 2.66788536
v -0.47432143 0.39875851 2.66981385
v -0.46875998 0.39417691 2.66788536
vn -0 -1 0
vn 0.38268 0 0.92388
vn 0 1 0
vn 0.70711 0 0.70711
vn 0.92388 0 0.38268
vn 1 0 0
vn 0.92388 0 -0.38268
vn 0.70711 0 -0.70711
vn 0.38268 0 -0.92388
vn 0 0 -1
vn -0.38268 0 -0.92388
vn -0.70711 0 -0.70711
vn -0.92388 0 -0.38268
vn -1 0 0
vn -0.92388 0 0.38268
vn -0.70711 0 0.70711
vn -0.38268 0 0.92388
vn 0 0 1
vt 0.24742 0.69964
vt 0.24656 0.7
vt 0.24609 0.69766
vt 0.47312 0.20312
vt 0.47406 0.20312
vt 0.47406 0.24219
vt 0.47312 0.24219
vt 0.30125 0.72188
vt 0.30211 0.72223
vt 0.30078 0.72422
vt 0.24808 0.69898
vt 0.40001 0.22656
vt 0.40094 0.22656
vt 0.40094 0.26562
vt 0.40001 0.26562
vt 0.30277 0.72289
vt 0.24844 0.69812
vt 0.40188 0.22656
vt 0.40188 0.26562
vt 0.30312 0.72375
vt 0.24844 0.69719
vt 0.40281 0.22656
vt 0.40281 0.26562
vt 0.30312 0.72469
vt 0.24808 0.69633
vt 0.40374 0.22656
vt 0.40374 0.26562
vt 0.30277 0.72555
vt 0.24742 0.69567
vt 0.40468 0.22656
vt 0.40468 0.26562
vt 0.30211 0.72621
vt 0.24656 0.69531
vt 0.45563 0.20312
vt 0.45656 0.20312
vt 0.45656 0.24219
vt 0.45563 0.24219
vt 0.30125 0.72656
vt 0.24563 0.69531
vt 0.4575 0.20312
vt 0.4575 0.24219
vt 0.30031 0.72656
vt 0.24477 0.69567
vt 0.45843 0.20312
vt 0.45843 0.24219
vt 0.29945 0.72621
vt 0.24411 0.69633
vt 0.5797 0.21875
vt 0.58063 0.21875
vt 0.58063 0.25781
vt 0.5797 0.25781
vt 0.29879 0.72555
vt 0.24375 0.69719
vt 0.58157 0.21875
vt 0.58157 0.25781
vt 0.29844 0.72469
vt 0.24375 0.69812
vt 0.5825 0.21875
vt 0.5825 0.25781
vt 0.29844 0.72375
vt 0.24411 0.69898
vt 0.58343 0.21875
vt 0.58343 0.25781
vt 0.29879 0.72289
vt 0.24477 0.69964
vt 0.58436 0.21875
vt 0.58436 0.25781
vt 0.29945 0.72223
vt 0.24563 0.7
vt 0.47126 0.20312
vt 0.47219 0.20312
vt 0.47219 0.24219
vt 0.47126 0.24219
vt 0.30031 0.72188
usemtl mat0
f 3504/3457/884 3505/3458/884 3506/3459/884
f 3507/3460/885 3508/3461/885 3509/3462/885
f 3507/3460/885 3509/3462/885 3510/3463/885
f 3511/3464/886 3512/3465/886 3513/3466/886
f 3514/3467/884 3504/3457/884 3506/3459/884
f 3515/3468/887 3516/3469/887 3517/3470/887
f 3515/3468/887 3517/3470/887 3518/3471/887
f 3512/3465/886 3519/3472/886 3513/3466/886
f 3520/3473/884 3514/3467/884 3506/3459/884
f 3516/3469/888 3521/3474/888 3522/3475/888
f 3516/3469/888 3522/3475/888 3517/3470/888
f 3519/3472/886 3523/3476/886 3513/3466/886
f 3524/3477/884 3520/3473/884 3506/3459/884
f 3521/3474/889 3525/3478/889 3526/3479/889
f 3521/3474/889 3526/3479/889 3522/3475/889
f 3523/3476/886 3527/3480/886 3513/3466/886
f 3528/3481/884 3524/3477/884 3506/3459/884
f 3525/3478/890 3529/3482/890 3530/3483/890
f 3525/3478/890 3530/3483/890 3526/3479/890
f 3527/3480/886 3531/3484/886 3513/3466/886
f 3532/3485/884 3528/3481/884 3506/3459/884
f 3529/3482/891 3533/3486/891 3534/3487/891
f 3529/3482/891 3534/3487/891 3530/3483/891
f 3531/3484/886 3535/3488/886 3513/3466/886
f 3536/3489/884 3532/3485/884 3506/3459/884
f 3537/3490/892 3538/3491/892 3539/3492/892
f 3537/3490/892 3539/3492/892 3540/3493/892
f 3535/3488/886 3541/3494/886 3513/3466/886
f 3542/3495/884 3536/3489/884 3506/3459/884
f 3538/3491/893 3543/3496/893 3544/3497/893
f 3538/3491/893 3544/3497/893 3539/3492/893
f 3541/3494/886 3545/3498/886 3513/3466/886
f 3546/3499/884 3542/3495/884 3506/3459/884
f 3543/3496/894 3547/3500/894 3548/3501/894
f 3543/3496/894 3548/3501/894 3544/3497/894
f 3545/3498/886 3549/3502/886 3513/3466/886
f 3550/3503/884 3546/3499/884 3506/3459/884
f 3551/3504/895 3552/3505/895 3553/3506/895
f 3551/3504/895 3553/3506/895 3554/3507/895
f 3549/3502/886 3555/3508/886 3513/3466/886
f 3556/3509/884 3550/3503/884 3506/3459/884
f 3552/3505/896 3557/3510/896 3558/3511/896
f 3552/3505/896 3558/3511/896 3553/3506/896
f 3555/3508/886 3559/3512/886 3513/3466/886
f 3560/3513/884 3556/3509/884 3506/3459/884
f 3557/3510/897 3561/3514/897 3562/3515/897
f 3557/3510/897 3562/3515/897 3558/3511/897
f 3559/3512/886 3563/3516/886 3513/3466/886
f 3564/3517/884 3560/3513/884 3506/3459/884
f 3561/3514/898 3565/3518/898 3566/3519/898
f 3561/3514/898 3566/3519/898 3562/3515/898
f 3563/3516/886 3567/3520/886 3513/3466/886
f 3568/3521/884 3564/3517/884 3506/3459/884
f 3565/3518/899 3569/3522/899 3570/3523/899
f 3565/3518/899 3570/3523/899 3566/3519/899
f 3567/3520/886 3571/3524/886 3513/3466/886
f 3572/3525/884 3568/3521/884 3506/3459/884
f 3573/3526/900 3574/3527/900 3575/3528/900
f 3573/3526/900 3575/3528/900 3576/3529/900
f 3571/3524/886 3577/3530/886 3513/3466/886
f 3505/3458/884 3572/3525/884 3506/3459/884
f 3574/3527/901 3507/3460/901 3510/3463/901
f 3574/3527/901 3510/3463/901 3575/3528/901
f 3577/3530/886 3511/3464/886 3513/3466/886
# Vertices: 74, normals: 18, texture coordinates: 74, faces: 64

o obj34
v 0.38107569 0.58637364 2.43748619
v 0.37390347 0.58568078 2.43941468
v 0.3792312 0.60057256 2.45015351
v 0.45469634 0.39062953 2.66981385
v 0.37390347 0.58568078 2.43941468
v 0.38107569 0.58637364 2.43748619
v 0.46186856 0.39132239 2.66788536
v 0.45469634 0.39062953 2.66981385
v 0.46186856 0.39132239 2.66788536
v 0.46002407 0.40552131 2.68055268
v 0.36754235 0.58725506 2.44297805
v 0.44833522 0.39220381 2.67337722
v 0.36754235 0.58725506 2.44297805
v 0.37390347 0.58568078 2.43941468
v 0.45469634 0.39062953 2.66981385
v 0.44833522 0.39220381 2.67337722
v 0.36296075 0.59085681 2.44763382
v 0.44375361 0.39580556 2.67803299
v 0.36296075 0.59085681 2.44763382
v 0.44375361 0.39580556 2.67803299
v 0.36085617 0.59593769 2.45267319
v 0.44164904 0.40088644 2.68307236
v 0.36085617 0.59593769 2.45267319
v 0.44164904 0.40088644 2.68307236
v 0.36154903 0.60172419 2.45732897
v 0.4423419 0.40667294 2.68772814
v 0.36154903 0.60172419 2.45732897
v 0.4423419 0.40667294 2.68772814
v 0.36493384 0.60733537 2.46089234
v 0.44572671 0.41228412 2.69129151
v 0.36493384 0.60733537 2.46089234
v 0.44572671 0.41228412 2.69129151
v 0.3704953 0.61191697 2.46282082
v 0.45128817 0.41686572 2.69322
v 0.3704953 0.61191697 2.46282082
v 0.36493384 0.60733537 2.46089234
v 0.44572671 0.41228412 2.69129151
v 0.45128817 0.41686572 2.69322
v 0.37738671 0.61477149 2.46282082
v 0.45817958 0.41972024 2.69322
v 0.37738671 0.61477149 2.46282082
v 0.45817958 0.41972024 2.69322
v 0.38455893 0.61546435 2.46089234
v 0.4653518 0.4204131 2.69129151
v 0.38455893 0.61546435 2.46089234
v 0.4653518 0.4204131 2.69129151
v 0.39092006 0.61389007 2.45732897
v 0.47171293 0.41883882 2.68772814
v 0.39092006 0.61389007 2.45732897
v 0.38455893 0.61546435 2.46089234
v 0.4653518 0.4204131 2.69129151
v 0.47171293 0.41883882 2.68772814
v 0.39550166 0.61028832 2.45267319
v 0.47629453 0.41523707 2.68307237
v 0.39550166 0.61028832 2.45267319
v 0.47629453 0.41523707 2.68307237
v 0.39760623 0.60520743 2.44763382
v 0.4783991 0.41015618 2.67803299
v 0.39760623 0.60520743 2.44763382
v 0.4783991 0.41015618 2.67803299
v 0.39691337 0.59942093 2.44297805
v 0.47770624 0.40436968 2.67337722
v 0.39691337 0.59942093 2.44297805
v 0.47770624 0.40436968 2.67337722
v 0.39352856 0.59380976 2.43941468
v 0.47432143 0.39875851 2.66981385
v 0.39352856 0.59380976 2.43941468
v 0.47432143 0.39875851 2.66981385
v 0.38796711 0.58922816 2.43748619
v 0.46875998 0.39417691 2.66788536
v 0.38796711 0.58922816 2.43748619
v 0.39352856 0.59380976 2.43941468
v 0.47432143 0.39875851 2.66981385
v 0.46875998 0.39417691 2.66788536
vn 0 -1 -0
vn -0.38268 0 0.92388
vn -0 1 0
vn -0.70711 0 0.70711
vn -0.92388 0 0.38268
vn -1 0 0
vn -0.92388 0 -0.38268
vn -0.70711 0 -0.70711
vn -0.38268 0 -0.92388
vn 0 0 -1
vn 0.38268 0 -0.92388
vn 0.70711 0 -0.70711
vn 0.92388 0 -0.38268
vn 1 0 0
vn 0.92388 0 0.38268
vn 0.70711 0 0.70711
vn 0.38268 0 0.92388
vn 0 0 1
vt 0.26125 0.70781
vt 0.26039 0.70746
vt 0.26172 0.70547
vt 0.46344 0.24219
vt 0.46344 0.20312
vt 0.46438 0.20312
vt 0.46438 0.24219
vt 0.29945 0.89411
vt 0.30031 0.89375
vt 0.30078 0.89609
vt 0.25973 0.7068
vt 0.30999 0.30469
vt 0.30999 0.26562
vt 0.31093 0.26562
vt 0.31093 0.30469
vt 0.29879 0.89477
vt 0.25938 0.70593
vt 0.30906 0.30469
vt 0.30906 0.26562
vt 0.29844 0.89563
vt 0.25938 0.705
vt 0.30813 0.30469
vt 0.30813 0.26562
vt 0.29844 0.89656
vt 0.25973 0.70414
vt 0.30719 0.30469
vt 0.30719 0.26562
vt 0.29879 0.89742
vt 0.26039 0.70348
vt 0.30626 0.30469
vt 0.30626 0.26562
vt 0.29945 0.89808
vt 0.26125 0.70312
vt 0.34031 0.24219
vt 0.34031 0.20312
vt 0.34124 0.20312
vt 0.34124 0.24219
vt 0.30031 0.89844
vt 0.26219 0.70312
vt 0.33938 0.24219
vt 0.33938 0.20312
vt 0.30125 0.89844
vt 0.26305 0.70348
vt 0.33844 0.24219
vt 0.33844 0.20312
vt 0.30211 0.89808
vt 0.26371 0.70414
vt 0.40374 0.30469
vt 0.40374 0.26562
vt 0.40468 0.26562
vt 0.40468 0.30469
vt 0.30277 0.89742
vt 0.26406 0.705
vt 0.40281 0.30469
vt 0.40281 0.26562
vt 0.30312 0.89656
vt 0.26406 0.70593
vt 0.40188 0.30469
vt 0.40188 0.26562
vt 0.30312 0.89563
vt 0.26371 0.7068
vt 0.40094 0.30469
vt 0.40094 0.26562
vt 0.30277 0.89477
vt 0.26305 0.70746
vt 0.40001 0.30469
vt 0.40001 0.26562
vt 0.30211 0.89411
vt 0.26219 0.70781
vt 0.46531 0.24219
vt 0.46531 0.20312
vt 0.46624 0.20312
vt 0.46624 0.24219
vt 0.30125 0.89375
usemtl mat0
f 3578/3531/902 3579/3532/902 3580/3533/902
f 3581/3534/903 3582/3535/903 3583/3536/903
f 3581/3534/903 3583/3536/903 3584/3537/903
f 3585/3538/904 3586/3539/904 3587/3540/904
f 3579/3532/902 3588/3541/902 3580/3533/902
f 3589/3542/905 3590/3543/905 3591/3544/905
f 3589/3542/905 3591/3544/905 3592/3545/905
f 3593/3546/904 3585/3538/904 3587/3540/904
f 3588/3541/902 3594/3547/902 3580/3533/902
f 3595/3548/906 3596/3549/906 3590/3543/906
f 3595/3548/906 3590/3543/906 3589/3542/906
f 3597/3550/904 3593/3546/904 3587/3540/904
f 3594/3547/902 3598/3551/902 3580/3533/902
f 3599/3552/907 3600/3553/907 3596/3549/907
f 3599/3552/907 3596/3549/907 3595/3548/907
f 3601/3554/904 3597/3550/904 3587/3540/904
f 3598/3551/902 3602/3555/902 3580/3533/902
f 3603/3556/908 3604/3557/908 3600/3553/908
f 3603/3556/908 3600/3553/908 3599/3552/908
f 3605/3558/904 3601/3554/904 3587/3540/904
f 3602/3555/902 3606/3559/902 3580/3533/902
f 3607/3560/909 3608/3561/909 3604/3557/909
f 3607/3560/909 3604/3557/909 3603/3556/909
f 3609/3562/904 3605/3558/904 3587/3540/904
f 3606/3559/902 3610/3563/902 3580/3533/902
f 3611/3564/910 3612/3565/910 3613/3566/910
f 3611/3564/910 3613/3566/910 3614/3567/910
f 3615/3568/904 3609/3562/904 3587/3540/904
f 3610/3563/902 3616/3569/902 3580/3533/902
f 3617/3570/911 3618/3571/911 3612/3565/911
f 3617/3570/911 3612/3565/911 3611/3564/911
f 3619/3572/904 3615/3568/904 3587/3540/904
f 3616/3569/902 3620/3573/902 3580/3533/902
f 3621/3574/912 3622/3575/912 3618/3571/912
f 3621/3574/912 3618/3571/912 3617/3570/912
f 3623/3576/904 3619/3572/904 3587/3540/904
f 3620/3573/902 3624/3577/902 3580/3533/902
f 3625/3578/913 3626/3579/913 3627/3580/913
f 3625/3578/913 3627/3580/913 3628/3581/913
f 3629/3582/904 3623/3576/904 3587/3540/904
f 3624/3577/902 3630/3583/902 3580/3533/902
f 3631/3584/914 3632/3585/914 3626/3579/914
f 3631/3584/914 3626/3579/914 3625/3578/914
f 3633/3586/904 3629/3582/904 3587/3540/904
f 3630/3583/902 3634/3587/902 3580/3533/902
f 3635/3588/915 3636/3589/915 3632/3585/915
f 3635/3588/915 3632/3585/915 3631/3584/915
f 3637/3590/904 3633/3586/904 3587/3540/904
f 3634/3587/902 3638/3591/902 3580/3533/902
f 3639/3592/916 3640/3593/916 3636/3589/916
f 3639/3592/916 3636/3589/916 3635/3588/916
f 3641/3594/904 3637/3590/904 3587/3540/904
f 3638/3591/902 3642/3595/902 3580/3533/902
f 3643/3596/917 3644/3597/917 3640/3593/917
f 3643/3596/917 3640/3593/917 3639/3592/917
f 3645/3598/904 3641/3594/904 3587/3540/904
f 3642/3595/902 3646/3599/902 3580/3533/902
f 3647/3600/918 3648/3601/918 3649/3602/918
f 3647/3600/918 3649/3602/918 3650/3603/918
f 3651/3604/904 3645/3598/904 3587/3540/904
f 3646/3599/902 3578/3531/902 3580/3533/902
f 3584/3537/919 3583/3536/919 3648/3601/919
f 3584/3537/919 3648/3601/919 3647/3600/919
f 3586/3539/904 3651/3604/904 3587/3540/904
# Vertices: 74, normals: 18, texture coordinates: 74, faces: 64

o obj35
v 0.36040104 0.62978945 2.65625
v 0.34978964 0.62539406 2.66100758
v 0.36614387 0.63216821 2.6875
v 0.46937822 0.33668172 2.66100758
v 0.34978964 0.62539406 2.66100758
v 0.36040104 0.62978945 2.65625
v 0.47998962 0.34107711 2.65625
v 0.46937822 0.33668172 2.66100758
v 0.47998962 0.34107711 2.65625
v 0.48573244 0.34345587 2.6875
v 0.34166801 0.62202997 2.66979831
v 0.46125659 0.33331763 2.66979831
v 0.34166801 0.62202997 2.66979831
v 0.34978964 0.62539406 2.66100758
v 0.46937822 0.33668172 2.66100758
v 0.46125659 0.33331763 2.66979831
v 0.33727263 0.62020935 2.68128401
v 0.45686121 0.33149701 2.68128401
v 0.33727263 0.62020935 2.68128401
v 0.34166801 0.62202997 2.66979831
v 0.46125659 0.33331763 2.66979831
v 0.45686121 0.33149701 2.68128401
v 0.33727263 0.62020935 2.69371605
v 0.45686121 0.33149701 2.69371605
v 0.33727263 0.62020935 2.69371605
v 0.45686121 0.33149701 2.69371605
v 0.34166801 0.62202997 2.70520175
v 0.46125659 0.33331763 2.70520175
v 0.34166801 0.62202997 2.70520175
v 0.46125659 0.33331763 2.70520175
v 0.34978964 0.62539406 2.71399248
v 0.46937822 0.33668172 2.71399248
v 0.34978964 0.62539406 2.71399248
v 0.34166801 0.62202997 2.70520175
v 0.46125659 0.33331763 2.70520175
v 0.46937822 0.33668172 2.71399248
v 0.36040104 0.62978945 2.71875
v 0.47998962 0.34107711 2.71875
v 0.36040104 0.62978945 2.71875
v 0.34978964 0.62539406 2.71399248
v 0.46937822 0.33668172 2.71399248
v 0.47998962 0.34107711 2.71875
v 0.37188672 0.63454697 2.71875
v 0.4914753 0.34583463 2.71875
v 0.37188672 0.63454697 2.71875
v 0.4914753 0.34583463 2.71875
v 0.38249812 0.63894236 2.71399248
v 0.5020867 0.35023002 2.71399248
v 0.38249812 0.63894236 2.71399248
v 0.5020867 0.35023002 2.71399248
v 0.39061972 0.64230644 2.70520175
v 0.5102083 0.3535941 2.70520175
v 0.39061972 0.64230644 2.70520175
v 0.38249812 0.63894236 2.71399248
v 0.5020867 0.35023002 2.71399248
v 0.5102083 0.3535941 2.70520175
v 0.3950151 0.64412706 2.69371605
v 0.51460368 0.35541472 2.69371605
v 0.3950151 0.64412706 2.69371605
v 0.39061972 0.64230644 2.70520175
v 0.5102083 0.3535941 2.70520175
v 0.51460368 0.35541472 2.69371605
v 0.3950151 0.64412706 2.68128401
v 0.51460368 0.35541472 2.68128401
v 0.3950151 0.64412706 2.68128401
v 0.51460368 0.35541472 2.68128401
v 0.39061972 0.64230644 2.66979831
v 0.5102083 0.3535941 2.66979831
v 0.39061972 0.64230644 2.66979831
v 0.5102083 0.3535941 2.66979831
v 0.38249812 0.63894236 2.66100758
v 0.5020867 0.35023002 2.66100758
v 0.38249812 0.63894236 2.66100758
v 0.39061972 0.64230644 2.66979831
v 0.5102083 0.3535941 2.66979831
v 0.5020867 0.35023002 2.66100758
v 0.37188672 0.63454697 2.65625
v 0.4914753 0.34583463 2.65625
v 0.37188672 0.63454697 2.65625
v 0.38249812 0.63894236 2.66100758
v 0.5020867 0.35023002 2.66100758
v 0.4914753 0.34583463 2.65625
vn 0 -1 -0
vn -0.38268 0 0.92388
vn -0 1 0
vn -0.70711 0 0.70711
vn -0.92388 0 0.38268
vn -1 0 0
vn -0.92388 0 -0.38268
vn -0.70711 0 -0.70711
vn -0.38268 0 -0.92388
vn 0 0 -1
vn 0.38268 0 -0.92388
vn 0.70711 0 -0.70711
vn 0.92388 0 -0.38268
vn 1 0 0
vn 0.92388 0 0.38268
vn 0.70711 0 0.70711
vn 0.38268 0 0.92388
vn 0 0 1
vt 0.19844 0.8125
vt 0.19701 0.8119
vt 0.19922 0.80859
vt 0.69689 0.25
vt 0.69689 0.21094
vt 0.69844 0.21094
vt 0.69844 0.25
vt 0.19701 0.79747
vt 0.19844 0.79688
vt 0.19922 0.80078
vt 0.19591 0.81081
vt 0.49219 0.91406
vt 0.49219 0.875
vt 0.5 0.875
vt 0.5 0.91406
vt 0.19591 0.79857
vt 0.19531 0.80937
vt 0.72343 0.25
vt 0.72343 0.21094
vt 0.72499 0.21094
vt 0.72499 0.25
vt 0.19531 0.8
vt 0.19531 0.80782
vt 0.72188 0.25
vt 0.72188 0.21094
vt 0.19531 0.80156
vt 0.19591 0.80638
vt 0.72033 0.25
vt 0.72033 0.21094
vt 0.19591 0.80299
vt 0.19701 0.80528
vt 0.48438 0.48438
vt 0.48438 0.44531
vt 0.49219 0.44531
vt 0.49219 0.48438
vt 0.19701 0.80409
vt 0.19844 0.80469
vt 0.69218 0.25
vt 0.69218 0.21094
vt 0.69374 0.21094
vt 0.69374 0.25
vt 0.2 0.80469
vt 0.69063 0.25
vt 0.69063 0.21094
vt 0.20143 0.80528
vt 0.68907 0.25
vt 0.68907 0.21094
vt 0.20143 0.80409
vt 0.20253 0.80638
vt 0.57031 1
vt 0.57031 0.96094
vt 0.57812 0.96094
vt 0.57812 1
vt 0.20253 0.80299
vt 0.20312 0.80782
vt 0.73125 0.25
vt 0.73125 0.21094
vt 0.7328 0.21094
vt 0.7328 0.25
vt 0.20312 0.80156
vt 0.20312 0.80937
vt 0.72969 0.25
vt 0.72969 0.21094
vt 0.20312 0.8
vt 0.20253 0.81081
vt 0.72814 0.25
vt 0.72814 0.21094
vt 0.20253 0.79857
vt 0.20143 0.8119
vt 0.34375 0.42188
vt 0.34375 0.38281
vt 0.35156 0.38281
vt 0.35156 0.42188
vt 0.20143 0.79747
vt 0.2 0.8125
vt 0.7 0.25
vt 0.7 0.21094
vt 0.70155 0.21094
vt 0.70155 0.25
vt 0.2 0.79688
usemtl mat0
f 3652/3605/920 3653/3606/920 3654/3607/920
f 3655/3608/921 3656/3609/921 3657/3610/921
f 3655/3608/921 3657/3610/921 3658/3611/921
f 3659/3612/922 3660/3613/922 3661/3614/922
f 3653/3606/920 3662/3615/920 3654/3607/920
f 3663/3616/923 3664/3617/923 3665/3618/923
f 3663/3616/923 3665/3618/923 3666/3619/923
f 3667/3620/922 3659/3612/922 3661/3614/922
f 3662/3615/920 3668/3621/920 3654/3607/920
f 3669/3622/924 3670/3623/924 3671/3624/924
f 3669/3622/924 3671/3624/924 3672/3625/924
f 3673/3626/922 3667/3620/922 3661/3614/922
f 3668/3621/920 3674/3627/920 3654/3607/920
f 3675/3628/925 3676/3629/925 3670/3623/925
f 3675/3628/925 3670/3623/925 3669/3622/925
f 3677/3630/922 3673/3626/922 3661/3614/922
f 3674/3627/920 3678/3631/920 3654/3607/920
f 3679/3632/926 3680/3633/926 3676/3629/926
f 3679/3632/926 3676/3629/926 3675/3628/926
f 3681/3634/922 3677/3630/922 3661/3614/922
f 3678/3631/920 3682/3635/920 3654/3607/920
f 3683/3636/927 3684/3637/927 3685/3638/927
f 3683/3636/927 3685/3638/927 3686/3639/927
f 3687/3640/922 3681/3634/922 3661/3614/922
f 3682/3635/920 3688/3641/920 3654/3607/920
f 3689/3642/928 3690/3643/928 3691/3644/928
f 3689/3642/928 3691/3644/928 3692/3645/928
f 3693/3641/922 3687/3640/922 3661/3614/922
f 3688/3641/920 3694/3646/920 3654/3607/920
f 3695/3647/929 3696/3648/929 3690/3643/929
f 3695/3647/929 3690/3643/929 3689/3642/929
f 3697/3646/922 3693/3641/922 3661/3614/922
f 3694/3646/920 3698/3649/920 3654/3607/920
f 3699/3650/930 3700/3651/930 3696/3648/930
f 3699/3650/930 3696/3648/930 3695/3647/930
f 3701/3652/922 3697/3646/922 3661/3614/922
f 3698/3649/920 3702/3653/920 3654/3607/920
f 3703/3654/931 3704/3655/931 3705/3656/931
f 3703/3654/931 3705/3656/931 3706/3657/931
f 3707/3658/922 3701/3652/922 3661/3614/922
f 3702/3653/920 3708/3659/920 3654/3607/920
f 3709/3660/932 3710/3661/932 3711/3662/932
f 3709/3660/932 3711/3662/932 3712/3663/932
f 3713/3664/922 3707/3658/922 3661/3614/922
f 3708/3659/920 3714/3665/920 3654/3607/920
f 3715/3666/933 3716/3667/933 3710/3661/933
f 3715/3666/933 3710/3661/933 3709/3660/933
f 3717/3668/922 3713/3664/922 3661/3614/922
f 3714/3665/920 3718/3669/920 3654/3607/920
f 3719/3670/934 3720/3671/934 3716/3667/934
f 3719/3670/934 3716/3667/934 3715/3666/934
f 3721/3672/922 3717/3668/922 3661/3614/922
f 3718/3669/920 3722/3673/920 3654/3607/920
f 3723/3674/935 3724/3675/935 3725/3676/935
f 3723/3674/935 3725/3676/935 3726/3677/935
f 3727/3678/922 3721/3672/922 3661/3614/922
f 3722/3673/920 3728/3679/920 3654/3607/920
f 3729/3680/936 3730/3681/936 3731/3682/936
f 3729/3680/936 3731/3682/936 3732/3683/936
f 3733/3684/922 3727/3678/922 3661/3614/922
f 3728/3679/920 3652/3605/920 3654/3607/920
f 3658/3611/937 3657/3610/937 3730/3681/937
f 3658/3611/937 3730/3681/937 3729/3680/937
f 3660/3613/922 3733/3684/922 3661/3614/922
# Vertices: 82, normals: 18, texture coordinates: 80, faces: 64

o obj36
v 0.45836902 0.39977107 2.66875005
v 0.45200219 0.39713385 2.67160451
v 0.46181473 0.40119833 2.6875
v 0.52375534 0.22390644 2.67160451
v 0.45200219 0.39713385 2.67160451
v 0.45836902 0.39977107 2.66875005
v 0.53012216 0.22654367 2.66875005
v 0.52375534 0.22390644 2.67160451
v 0.53012216 0.22654367 2.66875005
v 0.53356788 0.22797093 2.6875
v 0.44712922 0.39511539 2.67687899
v 0.51888236 0.22188799 2.67687899
v 0.44712922 0.39511539 2.67687899
v 0.51888236 0.22188799 2.67687899
v 0.444492 0.39402303 2.68377042
v 0.51624515 0.22079562 2.68377042
v 0.444492 0.39402303 2.68377042
v 0.44712922 0.39511539 2.67687899
v 0.51888236 0.22188799 2.67687899
v 0.51624515 0.22079562 2.68377042
v 0.444492 0.39402303 2.69122964
v 0.51624515 0.22079562 2.69122964
v 0.444492 0.39402303 2.69122964
v 0.51624515 0.22079562 2.69122964
v 0.44712922 0.39511539 2.69812107
v 0.51888236 0.22188799 2.69812107
v 0.44712922 0.39511539 2.69812107
v 0.51888236 0.22188799 2.69812107
v 0.45200219 0.39713385 2.70339549
v 0.52375534 0.22390644 2.70339549
v 0.45200219 0.39713385 2.70339549
v 0.44712922 0.39511539 2.69812107
v 0.51888236 0.22188799 2.69812107
v 0.52375534 0.22390644 2.70339549
v 0.45836902 0.39977107 2.70625001
v 0.53012216 0.22654367 2.70625001
v 0.45836902 0.39977107 2.70625001
v 0.53012216 0.22654367 2.70625001
v 0.46526044 0.4026256 2.70625001
v 0.53701359 0.22939819 2.70625001
v 0.46526044 0.4026256 2.70625001
v 0.53701359 0.22939819 2.70625001
v 0.47162729 0.40526283 2.70339549
v 0.54338044 0.23203542 2.70339549
v 0.47162729 0.40526283 2.70339549
v 0.54338044 0.23203542 2.70339549
v 0.47650024 0.40728127 2.69812107
v 0.54825339 0.23405387 2.69812107
v 0.47650024 0.40728127 2.69812107
v 0.54825339 0.23405387 2.69812107
v 0.47913748 0.40837365 2.69122964
v 0.55089063 0.23514625 2.69122964
v 0.47913748 0.40837365 2.69122964
v 0.47650024 0.40728127 2.69812107
v 0.54825339 0.23405387 2.69812107
v 0.55089063 0.23514625 2.69122964
v 0.47913748 0.40837365 2.68377042
v 0.55089063 0.23514625 2.68377042
v 0.47913748 0.40837365 2.68377042
v 0.55089063 0.23514625 2.68377042
v 0.47650024 0.40728127 2.67687899
v 0.54825339 0.23405387 2.67687899
v 0.47650024 0.40728127 2.67687899
v 0.54825339 0.23405387 2.67687899
v 0.47162729 0.40526283 2.67160451
v 0.54338044 0.23203542 2.67160451
v 0.47162729 0.40526283 2.67160451
v 0.47650024 0.40728127 2.67687899
v 0.54825339 0.23405387 2.67687899
v 0.54338044 0.23203542 2.67160451
v 0.46526044 0.4026256 2.66875005
v 0.53701359 0.22939819 2.66875005
v 0.46526044 0.4026256 2.66875005
v 0.53701359 0.22939819 2.66875005
vn 0 -1 -0
vn -0.38268 0 0.92388
vn -0 1 0
vn -0.70711 0 0.70711
vn -0.92388 0 0.38268
vn -1 0 0
vn -0.92388 0 -0.38268
vn -0.70711 0 -0.70711
vn -0.38268 0 -0.92388
vn 0 0 -1
vn 0.38268 0 -0.92388
vn 0.70711 0 -0.70711
vn 0.92388 0 -0.38268
vn 1 0 0
vn 0.92388 0 0.38268
vn 0.70711 0 0.70711
vn 0.38268 0 0.92388
vn 0 0 1
vt 0.32375 0.99687
vt 0.32289 0.99652
vt 0.32422 0.99453
vt 0.41657 0.71094
vt 0.41657 0.6875
vt 0.4175 0.6875
vt 0.4175 0.71094
vt 0.33852 0.98786
vt 0.33938 0.9875
vt 0.33984 0.98984
vt 0.32223 0.99586
vt 0.41564 0.71094
vt 0.41564 0.6875
vt 0.33786 0.98852
vt 0.32188 0.995
vt 0.52781 0.71875
vt 0.52781 0.69531
vt 0.52874 0.69531
vt 0.52874 0.71875
vt 0.3375 0.98938
vt 0.32188 0.99406
vt 0.52688 0.71875
vt 0.52688 0.69531
vt 0.3375 0.99031
vt 0.32223 0.9932
vt 0.52595 0.71875
vt 0.52595 0.69531
vt 0.33786 0.99117
vt 0.32289 0.99254
vt 0.14593 0.74219
vt 0.14593 0.71875
vt 0.14686 0.71875
vt 0.14686 0.74219
vt 0.33852 0.99183
vt 0.32375 0.99219
vt 0.145 0.74219
vt 0.145 0.71875
vt 0.33938 0.99219
vt 0.32469 0.99219
vt 0.14406 0.74219
vt 0.14406 0.71875
vt 0.34031 0.99219
vt 0.32555 0.99254
vt 0.14313 0.74219
vt 0.14313 0.71875
vt 0.34117 0.99183
vt 0.32621 0.9932
vt 0.1422 0.74219
vt 0.1422 0.71875
vt 0.34183 0.99117
vt 0.32656 0.99406
vt 0.49656 0.46875
vt 0.49656 0.44531
vt 0.49749 0.44531
vt 0.49749 0.46875
vt 0.34219 0.99031
vt 0.32656 0.995
vt 0.49563 0.46875
vt 0.49563 0.44531
vt 0.34219 0.98938
vt 0.32621 0.99586
vt 0.4947 0.46875
vt 0.4947 0.44531
vt 0.34183 0.98852
vt 0.32555 0.99652
vt 0.41937 0.71094
vt 0.41937 0.6875
vt 0.4203 0.6875
vt 0.4203 0.71094
vt 0.34117 0.98786
vt 0.32469 0.99687
vt 0.41843 0.71094
vt 0.41843 0.6875
vt 0.34031 0.9875
usemtl mat0
f 3734/3685/938 3735/3686/938 3736/3687/938
f 3737/3688/939 3738/3689/939 3739/3690/939
f 3737/3688/939 3739/3690/939 3740/3691/939
f 3741/3692/940 3742/3693/940 3743/3694/940
f 3735/3686/938 3744/3695/938 3736/3687/938
f 3745/3696/941 3746/3697/941 3738/3689/941
f 3745/3696/941 3738/3689/941 3737/3688/941
f 3747/3698/940 3741/3692/940 3743/3694/940
f 3744/3695/938 3748/3699/938 3736/3687/938
f 3749/3700/942 3750/3701/942 3751/3702/942
f 3749/3700/942 3751/3702/942 3752/3703/942
f 3753/3704/940 3747/3698/940 3743/3694/940
f 3748/3699/938 3754/3705/938 3736/3687/938
f 3755/3706/943 3756/3707/943 3750/3701/943
f 3755/3706/943 3750/3701/943 3749/3700/943
f 3757/3708/940 3753/3704/940 3743/3694/940
f 3754/3705/938 3758/3709/938 3736/3687/938
f 3759/3710/944 3760/3711/944 3756/3707/944
f 3759/3710/944 3756/3707/944 3755/3706/944
f 3761/3712/940 3757/3708/940 3743/3694/940
f 3758/3709/938 3762/3713/938 3736/3687/938
f 3763/3714/945 3764/3715/945 3765/3716/945
f 3763/3714/945 3765/3716/945 3766/3717/945
f 3767/3718/940 3761/3712/940 3743/3694/940
f 3762/3713/938 3768/3719/938 3736/3687/938
f 3769/3720/946 3770/3721/946 3764/3715/946
f 3769/3720/946 3764/3715/946 3763/3714/946
f 3771/3722/940 3767/3718/940 3743/3694/940
f 3768/3719/938 3772/3723/938 3736/3687/938
f 3773/3724/947 3774/3725/947 3770/3721/947
f 3773/3724/947 3770/3721/947 3769/3720/947
f 3775/3726/940 3771/3722/940 3743/3694/940
f 3772/3723/938 3776/3727/938 3736/3687/938
f 3777/3728/948 3778/3729/948 3774/3725/948
f 3777/3728/948 3774/3725/948 3773/3724/948
f 3779/3730/940 3775/3726/940 3743/3694/940
f 3776/3727/938 3780/3731/938 3736/3687/938
f 3781/3732/949 3782/3733/949 3778/3729/949
f 3781/3732/949 3778/3729/949 3777/3728/949
f 3783/3734/940 3779/3730/940 3743/3694/940
f 3780/3731/938 3784/3735/938 3736/3687/938
f 3785/3736/950 3786/3737/950 3787/3738/950
f 3785/3736/950 3787/3738/950 3788/3739/950
f 3789/3740/940 3783/3734/940 3743/3694/940
f 3784/3735/938 3790/3741/938 3736/3687/938
f 3791/3742/951 3792/3743/951 3786/3737/951
f 3791/3742/951 3786/3737/951 3785/3736/951
f 3793/3744/940 3789/3740/940 3743/3694/940
f 3790/3741/938 3794/3745/938 3736/3687/938
f 3795/3746/952 3796/3747/952 3792/3743/952
f 3795/3746/952 3792/3743/952 3791/3742/952
f 3797/3748/940 3793/3744/940 3743/3694/940
f 3794/3745/938 3798/3749/938 3736/3687/938
f 3799/3750/953 3800/3751/953 3801/3752/953
f 3799/3750/953 3801/3752/953 3802/3753/953
f 3803/3754/940 3797/3748/940 3743/3694/940
f 3798/3749/938 3804/3755/938 3736/3687/938
f 3805/3756/954 3806/3757/954 3800/3751/954
f 3805/3756/954 3800/3751/954 3799/3750/954
f 3807/3758/940 3803/3754/940 3743/3694/940
f 3804/3755/938 3734/3685/938 3736/3687/938
f 3740/3691/955 3739/3690/955 3806/3757/955
f 3740/3691/955 3806/3757/955 3805/3756/955
f 3742/3693/940 3807/3758/940 3743/3694/940
# Vertices: 74, normals: 18, texture coordinates: 74, faces: 64

o obj37
v 0.23435435 0.64446497 2.66875005
v 0.22948138 0.639592 2.67160451
v 0.23699158 0.6471022 2.6875
v 0.45045225 0.41862113 2.67160451
v 0.22948138 0.639592 2.67160451
v 0.23435435 0.64446497 2.66875005
v 0.45532522 0.4234941 2.66875005
v 0.45045225 0.41862113 2.67160451
v 0.45532522 0.4234941 2.66875005
v 0.45796245 0.42613133 2.6875
v 0.22575178 0.63586239 2.67687899
v 0.44672265 0.41489152 2.67687899
v 0.22575178 0.63586239 2.67687899
v 0.44672265 0.41489152 2.67687899
v 0.22373333 0.63384395 2.68377042
v 0.4447042 0.41287308 2.68377042
v 0.22373333 0.63384395 2.68377042
v 0.22575178 0.63586239 2.67687899
v 0.44672265 0.41489152 2.67687899
v 0.4447042 0.41287308 2.68377042
v 0.22373333 0.63384395 2.69122964
v 0.4447042 0.41287308 2.69122964
v 0.22373333 0.63384395 2.69122964
v 0.4447042 0.41287308 2.69122964
v 0.22575178 0.63586239 2.69812107
v 0.44672265 0.41489152 2.69812107
v 0.22575178 0.63586239 2.69812107
v 0.44672265 0.41489152 2.69812107
v 0.22948138 0.639592 2.70339549
v 0.45045225 0.41862113 2.70339549
v 0.22948138 0.639592 2.70339549
v 0.22575178 0.63586239 2.69812107
v 0.44672265 0.41489152 2.69812107
v 0.45045225 0.41862113 2.70339549
v 0.23435435 0.64446497 2.70625001
v 0.45532522 0.4234941 2.70625001
v 0.23435435 0.64446497 2.70625001
v 0.45532522 0.4234941 2.70625001
v 0.23962881 0.64973942 2.70625001
v 0.46059968 0.42876855 2.70625001
v 0.23962881 0.64973942 2.70625001
v 0.46059968 0.42876855 2.70625001
v 0.24450178 0.6546124 2.70339549
v 0.46547265 0.43364153 2.70339549
v 0.24450178 0.6546124 2.70339549
v 0.46547265 0.43364153 2.70339549
v 0.24823138 0.65834199 2.69812107
v 0.46920225 0.43737112 2.69812107
v 0.24823138 0.65834199 2.69812107
v 0.24450178 0.6546124 2.70339549
v 0.46547265 0.43364153 2.70339549
v 0.46920225 0.43737112 2.69812107
v 0.25024983 0.66036045 2.69122964
v 0.4712207 0.43938958 2.69122964
v 0.25024983 0.66036045 2.69122964
v 0.24823138 0.65834199 2.69812107
v 0.46920225 0.43737112 2.69812107
v 0.4712207 0.43938958 2.69122964
v 0.25024983 0.66036045 2.68377042
v 0.4712207 0.43938958 2.68377042
v 0.25024983 0.66036045 2.68377042
v 0.4712207 0.43938958 2.68377042
v 0.24823138 0.65834199 2.67687899
v 0.46920225 0.43737112 2.67687899
v 0.24823138 0.65834199 2.67687899
v 0.46920225 0.43737112 2.67687899
v 0.24450178 0.6546124 2.67160451
v 0.46547265 0.43364153 2.67160451
v 0.24450178 0.6546124 2.67160451
v 0.24823138 0.65834199 2.67687899
v 0.46920225 0.43737112 2.67687899
v 0.46547265 0.43364153 2.67160451
v 0.23962881 0.64973942 2.66875005
v 0.46059968 0.42876855 2.66875005
v 0.23962881 0.64973942 2.66875005
v 0.24450178 0.6546124 2.67160451
v 0.46547265 0.43364153 2.67160451
v 0.46059968 0.42876855 2.66875005
vn 0 -1 -0
vn -0.38268 0 0.92388
vn -0 1 0
vn -0.70711 0 0.70711
vn -0.92388 0 0.38268
vn -1 0 0
vn -0.92388 0 -0.38268
vn -0.70711 0 -0.70711
vn -0.38268 0 -0.92388
vn 0 0 -1
vn 0.38268 0 -0.92388
vn 0.70711 0 -0.70711
vn 0.92388 0 -0.38268
vn 1 0 0
vn 0.92388 0 0.38268
vn 0.70711 0 0.70711
vn 0.38268 0 0.92388
vn 0 0 1
vt 0.22219 0.69219
vt 0.22133 0.69183
vt 0.22266 0.68984
vt 0.2061 0.24219
vt 0.2061 0.20312
vt 0.20703 0.20312
vt 0.20703 0.24219
vt 0.31508 0.73004
vt 0.31594 0.72969
vt 0.31641 0.73203
vt 0.22067 0.69117
vt 0.20517 0.24219
vt 0.20517 0.20312
vt 0.31442 0.7307
vt 0.22031 0.69031
vt 0.48094 0.24219
vt 0.48094 0.20312
vt 0.48187 0.20312
vt 0.48187 0.24219
vt 0.31406 0.73157
vt 0.22031 0.68938
vt 0.48 0.24219
vt 0.48 0.20312
vt 0.31406 0.7325
vt 0.22067 0.68852
vt 0.47907 0.24219
vt 0.47907 0.20312
vt 0.31442 0.73336
vt 0.22133 0.68786
vt 0.32515 0.24219
vt 0.32515 0.20312
vt 0.32608 0.20312
vt 0.32608 0.24219
vt 0.31508 0.73402
vt 0.22219 0.6875
vt 0.32422 0.24219
vt 0.32422 0.20312
vt 0.31594 0.73438
vt 0.22312 0.6875
vt 0.32329 0.24219
vt 0.32329 0.20312
vt 0.31687 0.73438
vt 0.22398 0.68786
vt 0.32235 0.24219
vt 0.32235 0.20312
vt 0.31773 0.73402
vt 0.22464 0.68852
vt 0.21094 0.65625
vt 0.21094 0.61719
vt 0.21875 0.61719
vt 0.21875 0.65625
vt 0.31839 0.73336
vt 0.225 0.68938
vt 0.55125 0.24219
vt 0.55125 0.20312
vt 0.55218 0.20312
vt 0.55218 0.24219
vt 0.31875 0.7325
vt 0.225 0.69031
vt 0.55032 0.24219
vt 0.55032 0.20312
vt 0.31875 0.73157
vt 0.22464 0.69117
vt 0.54938 0.24219
vt 0.54938 0.20312
vt 0.31839 0.7307
vt 0.22398 0.69183
vt 0.34375 0.78125
vt 0.34375 0.74219
vt 0.35156 0.74219
vt 0.35156 0.78125
vt 0.31773 0.73004
vt 0.22312 0.69219
vt 0.20796 0.24219
vt 0.20796 0.20312
vt 0.2089 0.20312
vt 0.2089 0.24219
vt 0.31687 0.72969
usemtl mat0
f 3808/3759/956 3809/3760/956 3810/3761/956
f 3811/3762/957 3812/3763/957 3813/3764/957
f 3811/3762/957 3813/3764/957 3814/3765/957
f 3815/3766/958 3816/3767/958 3817/3768/958
f 3809/3760/956 3818/3769/956 3810/3761/956
f 3819/3770/959 3820/3771/959 3812/3763/959
f 3819/3770/959 3812/3763/959 3811/3762/959
f 3821/3772/958 3815/3766/958 3817/3768/958
f 3818/3769/956 3822/3773/956 3810/3761/956
f 3823/3774/960 3824/3775/960 3825/3776/960
f 3823/3774/960 3825/3776/960 3826/3777/960
f 3827/3778/958 3821/3772/958 3817/3768/958
f 3822/3773/956 3828/3779/956 3810/3761/956
f 3829/3780/961 3830/3781/961 3824/3775/961
f 3829/3780/961 3824/3775/961 3823/3774/961
f 3831/3782/958 3827/3778/958 3817/3768/958
f 3828/3779/956 3832/3783/956 3810/3761/956
f 3833/3784/962 3834/3785/962 3830/3781/962
f 3833/3784/962 3830/3781/962 3829/3780/962
f 3835/3786/958 3831/3782/958 3817/3768/958
f 3832/3783/956 3836/3787/956 3810/3761/956
f 3837/3788/963 3838/3789/963 3839/3790/963
f 3837/3788/963 3839/3790/963 3840/3791/963
f 3841/3792/958 3835/3786/958 3817/3768/958
f 3836/3787/956 3842/3793/956 3810/3761/956
f 3843/3794/964 3844/3795/964 3838/3789/964
f 3843/3794/964 3838/3789/964 3837/3788/964
f 3845/3796/958 3841/3792/958 3817/3768/958
f 3842/3793/956 3846/3797/956 3810/3761/956
f 3847/3798/965 3848/3799/965 3844/3795/965
f 3847/3798/965 3844/3795/965 3843/3794/965
f 3849/3800/958 3845/3796/958 3817/3768/958
f 3846/3797/956 3850/3801/956 3810/3761/956
f 3851/3802/966 3852/3803/966 3848/3799/966
f 3851/3802/966 3848/3799/966 3847/3798/966
f 3853/3804/958 3849/3800/958 3817/3768/958
f 3850/3801/956 3854/3805/956 3810/3761/956
f 3855/3806/967 3856/3807/967 3857/3808/967
f 3855/3806/967 3857/3808/967 3858/3809/967
f 3859/3810/958 3853/3804/958 3817/3768/958
f 3854/3805/956 3860/3811/956 3810/3761/956
f 3861/3812/968 3862/3813/968 3863/3814/968
f 3861/3812/968 3863/3814/968 3864/3815/968
f 3865/3816/958 3859/3810/958 3817/3768/958
f 3860/3811/956 3866/3817/956 3810/3761/956
f 3867/3818/969 3868/3819/969 3862/3813/969
f 3867/3818/969 3862/3813/969 3861/3812/969
f 3869/3820/958 3865/3816/958 3817/3768/958
f 3866/3817/956 3870/3821/956 3810/3761/956
f 3871/3822/970 3872/3823/970 3868/3819/970
f 3871/3822/970 3868/3819/970 3867/3818/970
f 3873/3824/958 3869/3820/958 3817/3768/958
f 3870/3821/956 3874/3825/956 3810/3761/956
f 3875/3826/971 3876/3827/971 3877/3828/971
f 3875/3826/971 3877/3828/971 3878/3829/971
f 3879/3830/958 3873/3824/958 3817/3768/958
f 3874/3825/956 3880/3831/956 3810/3761/956
f 3881/3832/972 3882/3833/972 3883/3834/972
f 3881/3832/972 3883/3834/972 3884/3835/972
f 3885/3836/958 3879/3830/958 3817/3768/958
f 3880/3831/956 3808/3759/956 3810/3761/956
f 3814/3765/973 3813/3764/973 3882/3833/973
f 3814/3765/973 3882/3833/973 3881/3832/973
f 3816/3767/958 3885/3836/958 3817/3768/958
# Vertices: 78, normals: 18, texture coordinates: 78, faces: 64

o obj38
v 0.52500001 0.18484365 2.83125
v 0.52500001 0.23767783 2.80936536
v 0.52500001 0.15625 2.6875
v 0.60000001 0.23767783 2.80936536
v 0.52500001 0.23767783 2.80936536
v 0.52500001 0.18484365 2.83125
v 0.60000001 0.18484365 2.83125
v 0.61250001 0.20205316 2.75604927
v 0.61250001 0.17233393 2.76835938
v 0.61250001 0.15625 2.6875
v 0.52500001 0.27811536 2.76892783
v 0.60000001 0.27811536 2.76892783
v 0.52500001 0.27811536 2.76892783
v 0.52500001 0.23767783 2.80936536
v 0.60000001 0.23767783 2.80936536
v 0.61250001 0.22479927 2.73330316
v 0.52500001 0.3 2.71609365
v 0.60000001 0.3 2.71609365
v 0.52500001 0.3 2.71609365
v 0.61250001 0.23710938 2.70358393
v 0.52500001 0.3 2.65890635
v 0.60000001 0.3 2.65890635
v 0.52500001 0.3 2.65890635
v 0.61250001 0.23710938 2.67141607
v 0.52500001 0.27811536 2.60607217
v 0.60000001 0.27811536 2.60607217
v 0.52500001 0.27811536 2.60607217
v 0.61250001 0.22479927 2.64169684
v 0.52500001 0.23767783 2.56563464
v 0.60000001 0.23767783 2.56563464
v 0.52500001 0.23767783 2.56563464
v 0.61250001 0.20205316 2.61895073
v 0.52500001 0.18484365 2.54375
v 0.60000001 0.18484365 2.54375
v 0.52500001 0.18484365 2.54375
v 0.52500001 0.23767783 2.56563464
v 0.60000001 0.23767783 2.56563464
v 0.61250001 0.17233393 2.60664062
v 0.52500001 0.12765635 2.54375
v 0.60000001 0.12765635 2.54375
v 0.52500001 0.12765635 2.54375
v 0.61250001 0.14016607 2.60664062
v 0.52500001 0.07482217 2.56563464
v 0.60000001 0.07482217 2.56563464
v 0.52500001 0.07482217 2.56563464
v 0.61250001 0.11044684 2.61895073
v 0.52500001 0.03438464 2.60607217
v 0.60000001 0.03438464 2.60607217
v 0.52500001 0.03438464 2.60607217
v 0.52500001 0.07482217 2.56563464
v 0.60000001 0.07482217 2.56563464
v 0.61250001 0.08770073 2.64169684
v 0.52500001 0.0125 2.65890635
v 0.60000001 0.0125 2.65890635
v 0.52500001 0.0125 2.65890635
v 0.61250001 0.07539062 2.67141607
v 0.52500001 0.0125 2.71609365
v 0.60000001 0.0125 2.71609365
v 0.52500001 0.0125 2.71609365
v 0.61250001 0.07539062 2.70358393
v 0.52500001 0.03438464 2.76892783
v 0.60000001 0.03438464 2.76892783
v 0.52500001 0.03438464 2.76892783
v 0.61250001 0.08770073 2.73330316
v 0.52500001 0.07482217 2.80936536
v 0.60000001 0.07482217 2.80936536
v 0.52500001 0.07482217 2.80936536
v 0.61250001 0.11044684 2.75604927
v 0.52500001 0.12765635 2.83125
v 0.60000001 0.12765635 2.83125
v 0.52500001 0.12765635 2.83125
v 0.52500001 0.07482217 2.80936536
v 0.60000001 0.07482217 2.80936536
v 0.61250001 0.14016607 2.76835938
v 0.60000001 0.18484365 2.83125
v 0.60000001 0.17769524 2.7953125
v 0.60000001 0.21732087 2.77889902
v 0.60000001 0.23767783 2.80936536
v 0.60000001 0.3 2.71609365
v 0.60000001 0.2640625 2.70894524
v 0.60000001 0.2640625 2.66605476
v 0.60000001 0.3 2.65890635
v 0.60000001 0.23767783 2.56563464
v 0.60000001 0.21732087 2.59610098
v 0.60000001 0.17769524 2.5796875
v 0.60000001 0.18484365 2.54375
v 0.60000001 0.3 2.65890635
v 0.60000001 0.2640625 2.66605476
v 0.60000001 0.24764902 2.62642913
v 0.60000001 0.27811536 2.60607217
v 0.60000001 0.27811536 2.76892783
v 0.60000001 0.24764902 2.74857087
v 0.60000001 0.2640625 2.70894524
v 0.60000001 0.3 2.71609365
v 0.60000001 0.27811536 2.60607217
v 0.60000001 0.24764902 2.62642913
v 0.60000001 0.21732087 2.59610098
v 0.60000001 0.23767783 2.56563464
v 0.60000001 0.23767783 2.80936536
v 0.60000001 0.21732087 2.77889902
v 0.60000001 0.24764902 2.74857087
v 0.60000001 0.27811536 2.76892783
v 0.60000001 0.12765635 2.83125
v 0.60000001 0.13480476 2.7953125
v 0.60000001 0.18484365 2.83125
v 0.60000001 0.18484365 2.54375
v 0.60000001 0.17769524 2.5796875
v 0.60000001 0.13480476 2.5796875
v 0.60000001 0.12765635 2.54375
v 0.60000001 0.12765635 2.54375
v 0.60000001 0.13480476 2.5796875
v 0.60000001 0.09517913 2.59610098
v 0.60000001 0.07482217 2.56563464
v 0.60000001 0.07482217 2.80936536
v 0.60000001 0.09517913 2.77889902
v 0.60000001 0.13480476 2.7953125
v 0.60000001 0.12765635 2.83125
v 0.60000001 0.03438464 2.60607217
v 0.60000001 0.06485098 2.62642913
v 0.60000001 0.0484375 2.66605476
v 0.60000001 0.0125 2.65890635
v 0.60000001 0.03438464 2.76892783
v 0.60000001 0.06485098 2.74857087
v 0.60000001 0.09517913 2.77889902
v 0.60000001 0.07482217 2.80936536
v 0.60000001 0.0125 2.71609365
v 0.60000001 0.0484375 2.70894524
v 0.60000001 0.06485098 2.74857087
v 0.60000001 0.03438464 2.76892783
v 0.60000001 0.07482217 2.56563464
v 0.60000001 0.09517913 2.59610098
v 0.60000001 0.06485098 2.62642913
v 0.60000001 0.03438464 2.60607217
v 0.60000001 0.0125 2.65890635
v 0.60000001 0.0484375 2.66605476
v 0.60000001 0.0125 2.71609365
v 0.61250001 0.17233393 2.76835938
v 0.60000001 0.21732087 2.77889902
v 0.61250001 0.20205316 2.61895073
v 0.60000001 0.17769524 2.5796875
v 0.61250001 0.23710938 2.67141607
v 0.60000001 0.24764902 2.62642913
v 0.61250001 0.22479927 2.73330316
v 0.60000001 0.2640625 2.70894524
v 0.61250001 0.22479927 2.64169684
v 0.60000001 0.21732087 2.59610098
v 0.61250001 0.20205316 2.75604927
v 0.60000001 0.24764902 2.74857087
v 0.61250001 0.14016607 2.76835938
v 0.61250001 0.14016607 2.60664062
v 0.60000001 0.09517913 2.59610098
v 0.61250001 0.11044684 2.75604927
v 0.61250001 0.08770073 2.64169684
v 0.61250001 0.07539062 2.67141607
v 0.61250001 0.08770073 2.73330316
v 0.61250001 0.07539062 2.70358393
v 0.61250001 0.11044684 2.61895073
vn 0 -1 -0
vn -0.38268 0 0.92388
vn -0 1 0
vn -0.70711 0 0.70711
vn -0.92388 0 0.38268
vn -1 0 0
vn -0.92388 0 -0.38268
vn -0.70711 0 -0.70711
vn -0.38268 0 -0.92388
vn 0 0 -1
vn 0.38268 0 -0.92388
vn 0.70711 0 -0.70711
vn 0.92388 0 -0.38268
vn 1 0 0
vn 0.92388 0 0.38268
vn 0.70711 0 0.70711
vn 0.38268 0 0.92388
vn 0 0 1
vn -0.161 0.90719 0.3887
vn -0.42072 0.90719 0
vn -0.161 0.90719 -0.3887
vn -0.3887 0.90719 -0.161
vn -0.3887 0.90719 0.161
vn -0.2975 0.90719 -0.2975
vn -0.2975 0.90719 0.2975
vn 0 0.90719 0.42072
vn 0 0.90719 -0.42072
vn 0.161 0.90719 -0.3887
vn 0.161 0.90719 0.3887
vn 0.3887 0.90719 -0.161
vn 0.2975 0.90719 0.2975
vn 0.3887 0.90719 0.161
vn 0.2975 0.90719 -0.2975
vn 0.42072 0.90719 0
vt 0.22008 0.9875
vt 0.19366 0.97656
vt 0.23438 0.91562
vt 0.44148 0.625
vt 0.44148 0.5875
vt 0.47008 0.5875
vt 0.47008 0.625
vt 0.05173 0.73622
vt 0.06659 0.73007
vt 0.07463 0.7705
vt 0.17344 0.95634
vt 0.43352 0.75
vt 0.43352 0.7125
vt 0.46211 0.7125
vt 0.46211 0.75
vt 0.04036 0.74759
vt 0.1625 0.92992
vt 0.40492 0.75
vt 0.40492 0.7125
vt 0.0342 0.76246
vt 0.1625 0.90133
vt 0.37633 0.75
vt 0.37633 0.7125
vt 0.0342 0.77854
vt 0.17344 0.87491
vt 0.34773 0.75
vt 0.34773 0.7125
vt 0.04036 0.7934
vt 0.19366 0.85469
vt 0.31914 0.75
vt 0.31914 0.7125
vt 0.05173 0.80477
vt 0.22008 0.84375
vt 0.49867 0.6875
vt 0.49867 0.65
vt 0.52727 0.65
vt 0.52727 0.6875
vt 0.06659 0.81093
vt 0.24867 0.84375
vt 0.47008 0.6875
vt 0.47008 0.65
vt 0.08267 0.81093
vt 0.27509 0.85469
vt 0.44148 0.6875
vt 0.44148 0.65
vt 0.09753 0.80477
vt 0.29531 0.87491
vt 0.40227 0.6875
vt 0.40227 0.65
vt 0.43086 0.65
vt 0.43086 0.6875
vt 0.10891 0.7934
vt 0.30625 0.90133
vt 0.37367 0.6875
vt 0.37367 0.65
vt 0.11506 0.77854
vt 0.30625 0.92992
vt 0.34508 0.6875
vt 0.34508 0.65
vt 0.11506 0.76246
vt 0.29531 0.95634
vt 0.31648 0.6875
vt 0.31648 0.65
vt 0.10891 0.74759
vt 0.27509 0.97656
vt 0.28789 0.6875
vt 0.28789 0.65
vt 0.09753 0.73622
vt 0.24867 0.9875
vt 0.49867 0.625
vt 0.49867 0.5875
vt 0.52727 0.5875
vt 0.52727 0.625
vt 0.08267 0.73007
vt 0.05981 0.69735
vt 0.06338 0.71532
vt 0.04357 0.72352
vt 0.03339 0.70829
vt 0.00138 0.7562
vt 0.01935 0.75977
vt 0.01935 0.78122
vt 0.00138 0.78479
vt 0.03339 0.8327
vt 0.04357 0.81747
vt 0.06338 0.82568
vt 0.05981 0.84365
vt 0.00149 0.78532
vt 0.01946 0.78175
vt 0.02766 0.80156
vt 0.01243 0.81174
vt 0.01242 0.72926
vt 0.02766 0.73944
vt 0.01945 0.75925
vt 0.00148 0.75568
vt 0.01273 0.81219
vt 0.02796 0.80201
vt 0.04312 0.81717
vt 0.03295 0.8324
vt 0.03294 0.70859
vt 0.04312 0.72382
vt 0.02795 0.73899
vt 0.01272 0.72881
vt 0.08775 0.69648
vt 0.08481 0.71456
vt 0.05917 0.69749
vt 0.06033 0.84375
vt 0.06391 0.82578
vt 0.08535 0.82578
vt 0.08893 0.84375
vt 0.08946 0.84364
vt 0.08588 0.82567
vt 0.1057 0.81747
vt 0.11587 0.8327
vt 0.11423 0.70543
vt 0.10515 0.72135
vt 0.08481 0.71456
vt 0.08711 0.69639
vt 0.14975 0.8022
vt 0.13272 0.79547
vt 0.13655 0.77437
vt 0.15487 0.77407
vt 0.13591 0.72308
vt 0.12184 0.73481
vt 0.10515 0.72134
vt 0.11366 0.70512
vt 0.15005 0.74719
vt 0.13277 0.75327
vt 0.12184 0.73481
vt 0.13548 0.72258
vt 0.13536 0.82616
vt 0.12175 0.8139
vt 0.13272 0.79547
vt 0.14998 0.80159
vt 0.15487 0.77472
vt 0.13655 0.77437
vt 0.14982 0.74658
vt 0.06659 0.73007
vt 0.04357 0.72352
vt 0.05173 0.80477
vt 0.06338 0.82568
vt 0.0342 0.77854
vt 0.02766 0.80156
vt 0.04035 0.7476
vt 0.01945 0.75925
vt 0.04036 0.7934
vt 0.04312 0.81717
vt 0.05173 0.73622
vt 0.02796 0.73899
vt 0.08266 0.7295
vt 0.08268 0.81093
vt 0.1057 0.81747
vt 0.09791 0.73459
vt 0.11858 0.79018
vt 0.12146 0.77436
vt 0.11043 0.74469
vt 0.11862 0.75853
vt 0.11035 0.804
usemtl mat3
f 3886/3837/974 3887/3838/974 3888/3839/974
f 3889/3840/975 3890/3841/975 3891/3842/975
f 3889/3840/975 3891/3842/975 3892/3843/975
f 3893/3844/976 3894/3845/976 3895/3846/976
f 3887/3838/974 3896/3847/974 3888/3839/974
f 3897/3848/977 3898/3849/977 3899/3850/977
f 3897/3848/977 3899/3850/977 3900/3851/977
f 3901/3852/976 3893/3844/976 3895/3846/976
f 3896/3847/974 3902/3853/974 3888/3839/974
f 3903/3854/978 3904/3855/978 3898/3849/978
f 3903/3854/978 3898/3849/978 3897/3848/978
f 3905/3856/976 3901/3852/976 3895/3846/976
f 3902/3853/974 3906/3857/974 3888/3839/974
f 3907/3858/979 3908/3859/979 3904/3855/979
f 3907/3858/979 3904/3855/979 3903/3854/979
f 3909/3860/976 3905/3856/976 3895/3846/976
f 3906/3857/974 3910/3861/974 3888/3839/974
f 3911/3862/980 3912/3863/980 3908/3859/980
f 3911/3862/980 3908/3859/980 3907/3858/980
f 3913/3864/976 3909/3860/976 3895/3846/976
f 3910/3861/974 3914/3865/974 3888/3839/974
f 3915/3866/981 3916/3867/981 3912/3863/981
f 3915/3866/981 3912/3863/981 3911/3862/981
f 3917/3868/976 3913/3864/976 3895/3846/976
f 3914/3865/974 3918/3869/974 3888/3839/974
f 3919/3870/982 3920/3871/982 3921/3872/982
f 3919/3870/982 3921/3872/982 3922/3873/982
f 3923/3874/976 3917/3868/976 3895/3846/976
f 3918/3869/974 3924/3875/974 3888/3839/974
f 3925/3876/983 3926/3877/983 3920/3871/983
f 3925/3876/983 3920/3871/983 3919/3870/983
f 3927/3878/976 3923/3874/976 3895/3846/976
f 3924/3875/974 3928/3879/974 3888/3839/974
f 3929/3880/984 3930/3881/984 3926/3877/984
f 3929/3880/984 3926/3877/984 3925/3876/984
f 3931/3882/976 3927/3878/976 3895/3846/976
f 3928/3879/974 3932/3883/974 3888/3839/974
f 3933/3884/985 3934/3885/985 3935/3886/985
f 3933/3884/985 3935/3886/985 3936/3887/985
f 3937/3888/976 3931/3882/976 3895/3846/976
f 3932/3883/974 3938/3889/974 3888/3839/974
f 3939/3890/986 3940/3891/986 3934/3885/986
f 3939/3890/986 3934/3885/986 3933/3884/986
f 3941/3892/976 3937/3888/976 3895/3846/976
f 3938/3889/974 3942/3893/974 3888/3839/974
f 3943/3894/987 3944/3895/987 3940/3891/987
f 3943/3894/987 3940/3891/987 3939/3890/987
f 3945/3896/976 3941/3892/976 3895/3846/976
f 3942/3893/974 3946/3897/974 3888/3839/974
f 3947/3898/988 3948/3899/988 3944/3895/988
f 3947/3898/988 3944/3895/988 3943/3894/988
f 3949/3900/976 3945/3896/976 3895/3846/976
f 3946/3897/974 3950/3901/974 3888/3839/974
f 3951/3902/989 3952/3903/989 3948/3899/989
f 3951/3902/989 3948/3899/989 3947/3898/989
f 3953/3904/976 3949/3900/976 3895/3846/976
f 3950/3901/974 3954/3905/974 3888/3839/974
f 3955/3906/990 3956/3907/990 3957/3908/990
f 3955/3906/990 3957/3908/990 3958/3909/990
f 3959/3910/976 3953/3904/976 3895/3846/976
f 3954/3905/974 3886/3837/974 3888/3839/974
f 3892/3843/991 3891/3842/991 3956/3907/991
f 3892/3843/991 3956/3907/991 3955/3906/991
f 3894/3845/976 3959/3910/976 3895/3846/976
f 3960/3911/976 3961/3912/976 3962/3913/976
f 3960/3911/976 3962/3913/976 3963/3914/976
f 3964/3915/976 3965/3916/976 3966/3917/976
f 3964/3915/976 3966/3917/976 3967/3918/976
f 3968/3919/976 3969/3920/976 3970/3921/976
f 3968/3919/976 3970/3921/976 3971/3922/976
f 3972/3923/976 3973/3924/976 3974/3925/976
f 3972/3923/976 3974/3925/976 3975/3926/976
f 3976/3927/976 3977/3928/976 3978/3929/976
f 3976/3927/976 3978/3929/976 3979/3930/976
f 3980/3931/976 3981/3932/976 3982/3933/976
f 3980/3931/976 3982/3933/976 3983/3934/976
f 3984/3935/976 3985/3936/976 3986/3937/976
f 3984/3935/976 3986/3937/976 3987/3938/976
f 3988/3939/976 3989/3940/976 3961/3912/976
f 3988/3939/976 3961/3912/976 3990/3941/976
f 3991/3942/976 3992/3943/976 3993/3944/976
f 3991/3942/976 3993/3944/976 3994/3945/976
f 3995/3946/976 3996/3947/976 3997/3948/976
f 3995/3946/976 3997/3948/976 3998/3949/976
f 3999/3950/976 4000/3951/976 4001/3952/976
f 3999/3950/976 4001/3952/976 4002/3953/976
f 4003/3954/976 4004/3955/976 4005/3956/976
f 4003/3954/976 4005/3956/976 4006/3957/976
f 4007/3958/976 4008/3959/976 4009/3960/976
f 4007/3958/976 4009/3960/976 4010/3961/976
f 4011/3962/976 4012/3963/976 4013/3964/976
f 4011/3962/976 4013/3964/976 4014/3965/976
f 4015/3966/976 4016/3967/976 4017/3968/976
f 4015/3966/976 4017/3968/976 4018/3969/976
f 4019/3970/976 4020/3971/976 4012/3963/976
f 4019/3970/976 4012/3963/976 4021/3972/976
f 3961/3912/992 4022/3973/992 3893/3844/992
f 3961/3912/992 3893/3844/992 4023/3974/992
f 3965/3916/993 3905/3856/993 3909/3860/993
f 3965/3916/993 3909/3860/993 3966/3917/993
f 3969/3920/994 4024/3975/994 3923/3874/994
f 3969/3920/994 3923/3874/994 4025/3976/994
f 3973/3924/995 4026/3977/995 3913/3864/995
f 3973/3924/995 3913/3864/995 4027/3978/995
f 3977/3928/996 4028/3979/996 3905/3856/996
f 3977/3928/996 3905/3856/996 4029/3980/996
f 3981/3932/997 4030/3981/997 3917/3868/997
f 3981/3932/997 3917/3868/997 4031/3982/997
f 3985/3936/998 4032/3983/998 3901/3852/998
f 3985/3936/998 3901/3852/998 4033/3984/998
f 3989/3940/999 4034/3985/999 4022/3973/999
f 3989/3940/999 4022/3973/999 3961/3912/999
f 3992/3943/1000 3923/3874/1000 3927/3878/1000
f 3992/3943/1000 3927/3878/1000 3993/3944/1000
f 3996/3947/1001 4035/3986/1001 3931/3882/1001
f 3996/3947/1001 3931/3882/1001 4036/3987/1001
f 4000/3951/1002 4037/3988/1002 4034/3985/1002
f 4000/3951/1002 4034/3985/1002 3989/3940/1002
f 4004/3955/1003 4038/3989/1003 4039/3990/1003
f 4004/3955/1003 4039/3990/1003 4020/3971/1003
f 4008/3959/1004 4040/3991/1004 4037/3988/1004
f 4008/3959/1004 4037/3988/1004 4000/3951/1004
f 4012/3963/1005 4041/3992/1005 4040/3991/1005
f 4012/3963/1005 4040/3991/1005 4008/3959/1005
f 4016/3967/1006 4042/3993/1006 4038/3989/1006
f 4016/3967/1006 4038/3989/1006 4004/3955/1006
f 4020/3971/1007 4039/3990/1007 4041/3992/1007
f 4020/3971/1007 4041/3992/1007 4012/3963/1007
# Vertices: 157, normals: 34, texture coordinates: 157, faces: 128

o obj39
v -0.03257134 0.39848065 0.50254325
v -0.03003107 0.39666802 0.50931837
v -0.013672 0.3992401 0.49976647
v -0.02978058 0.09480901 0.42846465
v -0.03003107 0.39666802 0.50931837
v -0.03257134 0.39848065 0.50254325
v -0.03232085 0.09662164 0.42168952
v -0.02978058 0.09480901 0.42846465
v -0.03232085 0.09662164 0.42168952
v -0.01342151 0.09738109 0.41891274
v -0.02500027 0.395247 0.5146392
v -0.02474978 0.09338799 0.43378547
v -0.02500027 0.395247 0.5146392
v -0.02474978 0.09338799 0.43378547
v -0.01824485 0.39443389 0.51769578
v -0.01799436 0.09257488 0.43684205
v -0.01824485 0.39443389 0.51769578
v -0.02500027 0.395247 0.5146392
v -0.02474978 0.09338799 0.43378547
v -0.01799436 0.09257488 0.43684205
v -0.01079325 0.39435247 0.51802283
v -0.01054276 0.09249347 0.4371691
v -0.01079325 0.39435247 0.51802283
v -0.01054276 0.09249347 0.4371691
v -0.00377992 0.39501514 0.51557056
v -0.00352943 0.09315613 0.43471683
v -0.00377992 0.39501514 0.51557056
v -0.00352943 0.09315613 0.43471683
v 0.00172743 0.39632102 0.51071225
v 0.00197792 0.09446201 0.42985852
v 0.00172743 0.39632102 0.51071225
v -0.00377992 0.39501514 0.51557056
v -0.00352943 0.09315613 0.43471683
v 0.00197792 0.09446201 0.42985852
v 0.00489037 0.39807133 0.50418744
v 0.00514086 0.09621233 0.42333371
v 0.00489037 0.39807133 0.50418744
v 0.00514086 0.09621233 0.42333371
v 0.00522734 0.39999955 0.4969897
v 0.00547783 0.09814054 0.41613597
v 0.00522734 0.39999955 0.4969897
v 0.00547783 0.09814054 0.41613597
v 0.00268707 0.40181217 0.49021457
v 0.00293756 0.09995317 0.40936084
v 0.00268707 0.40181217 0.49021457
v 0.00293756 0.09995317 0.40936084
v -0.00234372 0.4032332 0.48489375
v -0.00209323 0.10137419 0.40404002
v -0.00234372 0.4032332 0.48489375
v 0.00268707 0.40181217 0.49021457
v 0.00293756 0.09995317 0.40936084
v -0.00209323 0.10137419 0.40404002
v -0.00909915 0.4040463 0.48183717
v -0.00884865 0.1021873 0.40098344
v -0.00909915 0.4040463 0.48183717
v -0.00884865 0.1021873 0.40098344
v -0.01655074 0.40412772 0.48151012
v -0.01630025 0.10226871 0.40065639
v -0.01655074 0.40412772 0.48151012
v -0.01630025 0.10226871 0.40065639
v -0.02356408 0.40346505 0.48396239
v -0.02331358 0.10160605 0.40310866
v -0.02356408 0.40346505 0.48396239
v -0.02331358 0.10160605 0.40310866
v -0.02907143 0.40215917 0.48882069
v -0.02882093 0.10030017 0.40796697
v -0.02907143 0.40215917 0.48882069
v -0.02882093 0.10030017 0.40796697
v -0.03223436 0.40040886 0.4953455
v -0.03198387 0.09854985 0.41449178
v -0.03223436 0.40040886 0.4953455
v -0.02907143 0.40215917 0.48882069
v -0.02882093 0.10030017 0.40796697
v -0.03198387 0.09854985 0.41449178
vn 0 -1 -0
vn -0.38268 0 0.92388
vn -0 1 0
vn -0.70711 0 0.70711
vn -0.92388 0 0.38268
vn -1 0 0
vn -0.92388 0 -0.38268
vn -0.70711 0 -0.70711
vn -0.38268 0 -0.92388
vn 0 0 -1
vn 0.38268 0 -0.92388
vn 0.70711 0 -0.70711
vn 0.92388 0 -0.38268
vn 1 0 0
vn 0.92388 0 0.38268
vn 0.70711 0 0.70711
vn 0.38268 0 0.92388
vn 0 0 1
vt 0.355 0.87187
vt 0.35414 0.87152
vt 0.35547 0.86953
vt 0.18266 0.24219
vt 0.18266 0.20312
vt 0.18359 0.20312
vt 0.18359 0.24219
vt 0.35414 0.76911
vt 0.355 0.76875
vt 0.35547 0.77109
vt 0.35348 0.87086
vt 0.18173 0.24219
vt 0.18173 0.20312
vt 0.35348 0.76977
vt 0.35313 0.87
vt 0.68406 0.24219
vt 0.68406 0.20312
vt 0.68499 0.20312
vt 0.68499 0.24219
vt 0.35313 0.77063
vt 0.35313 0.86906
vt 0.68313 0.24219
vt 0.68313 0.20312
vt 0.35313 0.77156
vt 0.35348 0.8682
vt 0.6822 0.24219
vt 0.6822 0.20312
vt 0.35348 0.77242
vt 0.35414 0.86754
vt 0.19234 0.24219
vt 0.19234 0.20312
vt 0.19327 0.20312
vt 0.19327 0.24219
vt 0.35414 0.77308
vt 0.355 0.86719
vt 0.19141 0.24219
vt 0.19141 0.20312
vt 0.355 0.77344
vt 0.35594 0.86719
vt 0.19047 0.24219
vt 0.19047 0.20312
vt 0.35594 0.77344
vt 0.3568 0.86754
vt 0.18954 0.24219
vt 0.18954 0.20312
vt 0.3568 0.77308
vt 0.35746 0.8682
vt 0.04437 0.25
vt 0.04437 0.21094
vt 0.0453 0.21094
vt 0.0453 0.25
vt 0.35746 0.77242
vt 0.35781 0.86906
vt 0.04344 0.25
vt 0.04344 0.21094
vt 0.35781 0.77156
vt 0.35781 0.87
vt 0.0425 0.25
vt 0.0425 0.21094
vt 0.35781 0.77063
vt 0.35746 0.87086
vt 0.04157 0.25
vt 0.04157 0.21094
vt 0.35746 0.76977
vt 0.3568 0.87152
vt 0.04064 0.25
vt 0.04064 0.21094
vt 0.3568 0.76911
vt 0.35594 0.87187
vt 0.18453 0.24219
vt 0.18453 0.20312
vt 0.18546 0.20312
vt 0.18546 0.24219
vt 0.35594 0.76875
usemtl mat0
f 4043/3994/1008 4044/3995/1008 4045/3996/1008
f 4046/3997/1009 4047/3998/1009 4048/3999/1009
f 4046/3997/1009 4048/3999/1009 4049/4000/1009
f 4050/4001/1010 4051/4002/1010 4052/4003/1010
f 4044/3995/1008 4053/4004/1008 4045/3996/1008
f 4054/4005/1011 4055/4006/1011 4047/3998/1011
f 4054/4005/1011 4047/3998/1011 4046/3997/1011
f 4056/4007/1010 4050/4001/1010 4052/4003/1010
f 4053/4004/1008 4057/4008/1008 4045/3996/1008
f 4058/4009/1012 4059/4010/1012 4060/4011/1012
f 4058/4009/1012 4060/4011/1012 4061/4012/1012
f 4062/4013/1010 4056/4007/1010 4052/4003/1010
f 4057/4008/1008 4063/4014/1008 4045/3996/1008
f 4064/4015/1013 4065/4016/1013 4059/4010/1013
f 4064/4015/1013 4059/4010/1013 4058/4009/1013
f 4066/4017/1010 4062/4013/1010 4052/4003/1010
f 4063/4014/1008 4067/4018/1008 4045/3996/1008
f 4068/4019/1014 4069/4020/1014 4065/4016/1014
f 4068/4019/1014 4065/4016/1014 4064/4015/1014
f 4070/4021/1010 4066/4017/1010 4052/4003/1010
f 4067/4018/1008 4071/4022/1008 4045/3996/1008
f 4072/4023/1015 4073/4024/1015 4074/4025/1015
f 4072/4023/1015 4074/4025/1015 4075/4026/1015
f 4076/4027/1010 4070/4021/1010 4052/4003/1010
f 4071/4022/1008 4077/4028/1008 4045/3996/1008
f 4078/4029/1016 4079/4030/1016 4073/4024/1016
f 4078/4029/1016 4073/4024/1016 4072/4023/1016
f 4080/4031/1010 4076/4027/1010 4052/4003/1010
f 4077/4028/1008 4081/4032/1008 4045/3996/1008
f 4082/4033/1017 4083/4034/1017 4079/4030/1017
f 4082/4033/1017 4079/4030/1017 4078/4029/1017
f 4084/4035/1010 4080/4031/1010 4052/4003/1010
f 4081/4032/1008 4085/4036/1008 4045/3996/1008
f 4086/4037/1018 4087/4038/1018 4083/4034/1018
f 4086/4037/1018 4083/4034/1018 4082/4033/1018
f 4088/4039/1010 4084/4035/1010 4052/4003/1010
f 4085/4036/1008 4089/4040/1008 4045/3996/1008
f 4090/4041/1019 4091/4042/1019 4092/4043/1019
f 4090/4041/1019 4092/4043/1019 4093/4044/1019
f 4094/4045/1010 4088/4039/1010 4052/4003/1010
f 4089/4040/1008 4095/4046/1008 4045/3996/1008
f 4096/4047/1020 4097/4048/1020 4091/4042/1020
f 4096/4047/1020 4091/4042/1020 4090/4041/1020
f 4098/4049/1010 4094/4045/1010 4052/4003/1010
f 4095/4046/1008 4099/4050/1008 4045/3996/1008
f 4100/4051/1021 4101/4052/1021 4097/4048/1021
f 4100/4051/1021 4097/4048/1021 4096/4047/1021
f 4102/4053/1010 4098/4049/1010 4052/4003/1010
f 4099/4050/1008 4103/4054/1008 4045/3996/1008
f 4104/4055/1022 4105/4056/1022 4101/4052/1022
f 4104/4055/1022 4101/4052/1022 4100/4051/1022
f 4106/4057/1010 4102/4053/1010 4052/4003/1010
f 4103/4054/1008 4107/4058/1008 4045/3996/1008
f 4108/4059/1023 4109/4060/1023 4105/4056/1023
f 4108/4059/1023 4105/4056/1023 4104/4055/1023
f 4110/4061/1010 4106/4057/1010 4052/4003/1010
f 4107/4058/1008 4111/4062/1008 4045/3996/1008
f 4112/4063/1024 4113/4064/1024 4114/4065/1024
f 4112/4063/1024 4114/4065/1024 4115/4066/1024
f 4116/4067/1010 4110/4061/1010 4052/4003/1010
f 4111/4062/1008 4043/3994/1008 4045/3996/1008
f 4049/4000/1025 4048/3999/1025 4113/4064/1025
f 4049/4000/1025 4113/4064/1025 4112/4063/1025
f 4051/4002/1010 4116/4067/1010 4052/4003/1010
# Vertices: 74, normals: 18, texture coordinates: 74, faces: 64

o obj40
v -0.03794074 0.67036393 0.69256511
v -0.03537466 0.66613945 0.69815169
v -0.01905537 0.67242864 0.69043155
v -0.02974067 0.41817208 0.50805515
v -0.03537466 0.66613945 0.69815169
v -0.03794074 0.67036393 0.69256511
v -0.03230676 0.42239655 0.50246857
v -0.02974067 0.41817208 0.50805515
v -0.03230676 0.42239655 0.50246857
v -0.01342139 0.42446127 0.50033502
v -0.0303241 0.66287251 0.70256286
v -0.02469012 0.41490514 0.51246633
v -0.0303241 0.66287251 0.70256286
v -0.02469012 0.41490514 0.51246633
v -0.02355799 0.66106041 0.70512715
v -0.01792401 0.41309304 0.51503061
v -0.02355799 0.66106041 0.70512715
v -0.0303241 0.66287251 0.70256286
v -0.02469012 0.41490514 0.51246633
v -0.01792401 0.41309304 0.51503061
v -0.01610639 0.660979 0.7054542
v -0.01047241 0.41301162 0.51535766
v -0.01610639 0.660979 0.7054542
v -0.01047241 0.41301162 0.51535766
v -0.00910375 0.66264066 0.70349422
v -0.00346977 0.41467328 0.51339769
v -0.00910375 0.66264066 0.70349422
v -0.00346977 0.41467328 0.51339769
v -0.00361616 0.66579245 0.69954557
v 0.00201783 0.41782508 0.50944903
v -0.00361616 0.66579245 0.69954557
v -0.00910375 0.66264066 0.70349422
v -0.00346977 0.41467328 0.51339769
v 0.00201783 0.41782508 0.50944903
v -0.00047904 0.66995461 0.6942093
v 0.00515495 0.42198724 0.50411277
v -0.00047904 0.66995461 0.6942093
v 0.00515495 0.42198724 0.50411277
v -0.00017 0.67449335 0.688298
v 0.00546399 0.42652598 0.49820147
v -0.00017 0.67449335 0.688298
v 0.00546399 0.42652598 0.49820147
v -0.00273609 0.67871776 0.68271151
v 0.0028979 0.43075038 0.49261498
v -0.00273609 0.67871776 0.68271151
v 0.0028979 0.43075038 0.49261498
v -0.00778663 0.68198477 0.67830025
v -0.00215265 0.43401739 0.48820371
v -0.00778663 0.68198477 0.67830025
v -0.00273609 0.67871776 0.68271151
v 0.0028979 0.43075038 0.49261498
v -0.00215265 0.43401739 0.48820371
v -0.01455275 0.68379687 0.67573596
v -0.00891876 0.43582949 0.48563942
v -0.01455275 0.68379687 0.67573596
v -0.00891876 0.43582949 0.48563942
v -0.02200434 0.68387828 0.67540891
v -0.01637036 0.43591091 0.48531237
v -0.02200434 0.68387828 0.67540891
v -0.01637036 0.43591091 0.48531237
v -0.02900698 0.68221662 0.67736889
v -0.023373 0.43424925 0.48727235
v -0.02900698 0.68221662 0.67736889
v -0.023373 0.43424925 0.48727235
v -0.03449458 0.67906476 0.68131763
v -0.0288606 0.43109738 0.4912211
v -0.03449458 0.67906476 0.68131763
v -0.0288606 0.43109738 0.4912211
v -0.0376317 0.67490267 0.68665381
v -0.03199772 0.42693529 0.49655727
v -0.0376317 0.67490267 0.68665381
v -0.03449458 0.67906476 0.68131763
v -0.0288606 0.43109738 0.4912211
v -0.03199772 0.42693529 0.49655727
vn 0 -1 -0
vn -0.38268 0 0.92388
vn -0 1 0
vn -0.70711 0 0.70711
vn -0.92388 0 0.38268
vn -1 0 0
vn -0.92388 0 -0.38268
vn -0.70711 0 -0.70711
vn -0.38268 0 -0.92388
vn 0 0 -1
vn 0.38268 0 -0.92388
vn 0.70711 0 -0.70711
vn 0.92388 0 -0.38268
vn 1 0 0
vn 0.92388 0 0.38268
vn 0.70711 0 0.70711
vn 0.38268 0 0.92388
vn 0 0 1
vt 0.2925 0.97344
vt 0.29164 0.97308
vt 0.29297 0.97109
vt 0.19829 0.24219
vt 0.19829 0.20312
vt 0.19922 0.20312
vt 0.19922 0.24219
vt 0.29164 0.92536
vt 0.2925 0.925
vt 0.29297 0.92734
vt 0.29098 0.97242
vt 0.19735 0.24219
vt 0.19735 0.20312
vt 0.29098 0.92602
vt 0.29063 0.97156
vt 0.76219 0.25
vt 0.76219 0.21094
vt 0.76312 0.21094
vt 0.76312 0.25
vt 0.29063 0.92688
vt 0.29063 0.97063
vt 0.76125 0.25
vt 0.76125 0.21094
vt 0.29063 0.92781
vt 0.29098 0.96977
vt 0.76032 0.25
vt 0.76032 0.21094
vt 0.29098 0.92867
vt 0.29164 0.96911
vt 0.31734 0.24219
vt 0.31734 0.20312
vt 0.31827 0.20312
vt 0.31827 0.24219
vt 0.29164 0.92933
vt 0.2925 0.96875
vt 0.31641 0.24219
vt 0.31641 0.20312
vt 0.2925 0.92969
vt 0.29344 0.96875
vt 0.31547 0.24219
vt 0.31547 0.20312
vt 0.29344 0.92969
vt 0.2943 0.96911
vt 0.31454 0.24219
vt 0.31454 0.20312
vt 0.2943 0.92933
vt 0.29496 0.96977
vt 0.7553 0.25
vt 0.7553 0.21094
vt 0.75624 0.21094
vt 0.75624 0.25
vt 0.29496 0.92867
vt 0.29531 0.97063
vt 0.75437 0.25
vt 0.75437 0.21094
vt 0.29531 0.92781
vt 0.29531 0.97156
vt 0.75344 0.25
vt 0.75344 0.21094
vt 0.29531 0.92688
vt 0.29496 0.97242
vt 0.75251 0.25
vt 0.75251 0.21094
vt 0.29496 0.92602
vt 0.2943 0.97308
vt 0.75158 0.25
vt 0.75158 0.21094
vt 0.2943 0.92536
vt 0.29344 0.97344
vt 0.20015 0.24219
vt 0.20015 0.20312
vt 0.20108 0.20312
vt 0.20108 0.24219
vt 0.29344 0.925
usemtl mat0
f 4117/4068/1026 4118/4069/1026 4119/4070/1026
f 4120/4071/1027 4121/4072/1027 4122/4073/1027
f 4120/4071/1027 4122/4073/1027 4123/4074/1027
f 4124/4075/1028 4125/4076/1028 4126/4077/1028
f 4118/4069/1026 4127/4078/1026 4119/4070/1026
f 4128/4079/1029 4129/4080/1029 4121/4072/1029
f 4128/4079/1029 4121/4072/1029 4120/4071/1029
f 4130/4081/1028 4124/4075/1028 4126/4077/1028
f 4127/4078/1026 4131/4082/1026 4119/4070/1026
f 4132/4083/1030 4133/4084/1030 4134/4085/1030
f 4132/4083/1030 4134/4085/1030 4135/4086/1030
f 4136/4087/1028 4130/4081/1028 4126/4077/1028
f 4131/4082/1026 4137/4088/1026 4119/4070/1026
f 4138/4089/1031 4139/4090/1031 4133/4084/1031
f 4138/4089/1031 4133/4084/1031 4132/4083/1031
f 4140/4091/1028 4136/4087/1028 4126/4077/1028
f 4137/4088/1026 4141/4092/1026 4119/4070/1026
f 4142/4093/1032 4143/4094/1032 4139/4090/1032
f 4142/4093/1032 4139/4090/1032 4138/4089/1032
f 4144/4095/1028 4140/4091/1028 4126/4077/1028
f 4141/4092/1026 4145/4096/1026 4119/4070/1026
f 4146/4097/1033 4147/4098/1033 4148/4099/1033
f 4146/4097/1033 4148/4099/1033 4149/4100/1033
f 4150/4101/1028 4144/4095/1028 4126/4077/1028
f 4145/4096/1026 4151/4102/1026 4119/4070/1026
f 4152/4103/1034 4153/4104/1034 4147/4098/1034
f 4152/4103/1034 4147/4098/1034 4146/4097/1034
f 4154/4105/1028 4150/4101/1028 4126/4077/1028
f 4151/4102/1026 4155/4106/1026 4119/4070/1026
f 4156/4107/1035 4157/4108/1035 4153/4104/1035
f 4156/4107/1035 4153/4104/1035 4152/4103/1035
f 4158/4109/1028 4154/4105/1028 4126/4077/1028
f 4155/4106/1026 4159/4110/1026 4119/4070/1026
f 4160/4111/1036 4161/4112/1036 4157/4108/1036
f 4160/4111/1036 4157/4108/1036 4156/4107/1036
f 4162/4113/1028 4158/4109/1028 4126/4077/1028
f 4159/4110/1026 4163/4114/1026 4119/4070/1026
f 4164/4115/1037 4165/4116/1037 4166/4117/1037
f 4164/4115/1037 4166/4117/1037 4167/4118/1037
f 4168/4119/1028 4162/4113/1028 4126/4077/1028
f 4163/4114/1026 4169/4120/1026 4119/4070/1026
f 4170/4121/1038 4171/4122/1038 4165/4116/1038
f 4170/4121/1038 4165/4116/1038 4164/4115/1038
f 4172/4123/1028 4168/4119/1028 4126/4077/1028
f 4169/4120/1026 4173/4124/1026 4119/4070/1026
f 4174/4125/1039 4175/4126/1039 4171/4122/1039
f 4174/4125/1039 4171/4122/1039 4170/4121/1039
f 4176/4127/1028 4172/4123/1028 4126/4077/1028
f 4173/4124/1026 4177/4128/1026 4119/4070/1026
f 4178/4129/1040 4179/4130/1040 4175/4126/1040
f 4178/4129/1040 4175/4126/1040 4174/4125/1040
f 4180/4131/1028 4176/4127/1028 4126/4077/1028
f 4177/4128/1026 4181/4132/1026 4119/4070/1026
f 4182/4133/1041 4183/4134/1041 4179/4130/1041
f 4182/4133/1041 4179/4130/1041 4178/4129/1041
f 4184/4135/1028 4180/4131/1028 4126/4077/1028
f 4181/4132/1026 4185/4136/1026 4119/4070/1026
f 4186/4137/1042 4187/4138/1042 4188/4139/1042
f 4186/4137/1042 4188/4139/1042 4189/4140/1042
f 4190/4141/1028 4184/4135/1028 4126/4077/1028
f 4185/4136/1026 4117/4068/1026 4119/4070/1026
f 4123/4074/1043 4122/4073/1043 4187/4138/1043
f 4123/4074/1043 4187/4138/1043 4186/4137/1043
f 4125/4076/1028 4190/4141/1028 4126/4077/1028
# Vertices: 74, normals: 18, texture coordinates: 74, faces: 64

o obj41
v -0.0453713 0.63946152 0.56907749
v -0.04113751 0.6364405 0.58036925
v -0.01387239 0.64072729 0.56444945
v -0.04088701 0.33458151 0.49951552
v -0.04113751 0.6364405 0.58036925
v -0.0453713 0.63946152 0.56907749
v -0.04512081 0.33760252 0.48822377
v -0.04088701 0.33458151 0.49951552
v -0.04512081 0.33760252 0.48822377
v -0.0136219 0.3388683 0.48359573
v -0.03275285 0.63407212 0.58923733
v -0.03250236 0.33221313 0.5083836
v -0.03275285 0.63407212 0.58923733
v -0.04113751 0.6364405 0.58036925
v -0.04088701 0.33458151 0.49951552
v -0.03250236 0.33221313 0.5083836
v -0.02149382 0.63271692 0.59433171
v -0.02124332 0.33085793 0.51347798
v -0.02149382 0.63271692 0.59433171
v -0.03275285 0.63407212 0.58923733
v -0.03250236 0.33221313 0.5083836
v -0.02124332 0.33085793 0.51347798
v -0.00907449 0.63258123 0.59487679
v -0.008824 0.33072223 0.51402307
v -0.00907449 0.63258123 0.59487679
v -0.008824 0.33072223 0.51402307
v 0.0026144 0.63368569 0.5907896
v 0.0028649 0.3318267 0.50993587
v 0.0026144 0.63368569 0.5907896
v 0.0028649 0.3318267 0.50993587
v 0.01179332 0.63586217 0.58269238
v 0.01204382 0.33400318 0.50183866
v 0.01179332 0.63586217 0.58269238
v 0.01204382 0.33400318 0.50183866
v 0.01706488 0.63877932 0.57181781
v 0.01731537 0.33692033 0.49096409
v 0.01706488 0.63877932 0.57181781
v 0.01179332 0.63586217 0.58269238
v 0.01204382 0.33400318 0.50183866
v 0.01731537 0.33692033 0.49096409
v 0.01762651 0.64199306 0.55982141
v 0.017877 0.34013407 0.47896769
v 0.01762651 0.64199306 0.55982141
v 0.017877 0.34013407 0.47896769
v 0.01339272 0.64501407 0.54852966
v 0.01364321 0.34315508 0.46767593
v 0.01339272 0.64501407 0.54852966
v 0.01364321 0.34315508 0.46767593
v 0.00500807 0.64738245 0.53966158
v 0.00525856 0.34552346 0.45880785
v 0.00500807 0.64738245 0.53966158
v 0.01339272 0.64501407 0.54852966
v 0.01364321 0.34315508 0.46767593
v 0.00525856 0.34552346 0.45880785
v -0.00625097 0.64873765 0.5345672
v -0.00600048 0.34687866 0.45371347
v -0.00625097 0.64873765 0.5345672
v -0.00600048 0.34687866 0.45371347
v -0.0186703 0.64887335 0.53402211
v -0.01841981 0.34701436 0.45316839
v -0.0186703 0.64887335 0.53402211
v -0.01841981 0.34701436 0.45316839
v -0.03035919 0.64776888 0.53810931
v -0.03010869 0.34590989 0.45725558
v -0.03035919 0.64776888 0.53810931
v -0.03010869 0.34590989 0.45725558
v -0.03953811 0.64559241 0.54620652
v -0.03928762 0.34373341 0.4653528
v -0.03953811 0.64559241 0.54620652
v -0.03928762 0.34373341 0.4653528
v -0.04480966 0.64267525 0.55708109
v -0.04455917 0.34081626 0.47622737
v -0.04480966 0.64267525 0.55708109
v -0.03953811 0.64559241 0.54620652
v -0.03928762 0.34373341 0.4653528
v -0.04455917 0.34081626 0.47622737
vn 0 -1 -0
vn -0.38268 0 0.92388
vn -0 1 0
vn -0.70711 0 0.70711
vn -0.92388 0 0.38268
vn -1 0 0
vn -0.92388 0 -0.38268
vn -0.70711 0 -0.70711
vn -0.38268 0 -0.92388
vn 0 0 -1
vn 0.38268 0 -0.92388
vn 0.70711 0 -0.70711
vn 0.92388 0 -0.38268
vn 1 0 0
vn 0.92388 0 0.38268
vn 0.70711 0 0.70711
vn 0.38268 0 0.92388
vn 0 0 1
vt 0.15938 0.75781
vt 0.15794 0.75722
vt 0.16016 0.75391
vt 0.55626 0.25
vt 0.55626 0.21094
vt 0.55782 0.21094
vt 0.55782 0.25
vt 0.24388 0.83653
vt 0.24532 0.83594
vt 0.24609 0.83984
vt 0.15684 0.75612
vt 0.09375 0.94531
vt 0.09375 0.90625
vt 0.10156 0.90625
vt 0.10156 0.94531
vt 0.24278 0.83763
vt 0.15625 0.75468
vt 0.27109 0.30469
vt 0.27109 0.26562
vt 0.27264 0.26562
vt 0.27264 0.30469
vt 0.24219 0.83907
vt 0.15625 0.75313
vt 0.26953 0.30469
vt 0.26953 0.26562
vt 0.24219 0.84062
vt 0.15684 0.75169
vt 0.26798 0.30469
vt 0.26798 0.26562
vt 0.24278 0.84206
vt 0.15794 0.75059
vt 0.26642 0.30469
vt 0.26642 0.26562
vt 0.24388 0.84316
vt 0.15938 0.75
vt 0.14531 0.25
vt 0.14531 0.21094
vt 0.14686 0.21094
vt 0.14686 0.25
vt 0.24532 0.84375
vt 0.16093 0.75
vt 0.14375 0.25
vt 0.14375 0.21094
vt 0.24687 0.84375
vt 0.16237 0.75059
vt 0.1422 0.25
vt 0.1422 0.21094
vt 0.24831 0.84316
vt 0.16347 0.75169
vt 0.45155 0.35156
vt 0.45155 0.3125
vt 0.4531 0.3125
vt 0.4531 0.35156
vt 0.24941 0.84206
vt 0.16406 0.75313
vt 0.45 0.35156
vt 0.45 0.3125
vt 0.25 0.84062
vt 0.16406 0.75468
vt 0.44844 0.35156
vt 0.44844 0.3125
vt 0.25 0.83907
vt 0.16347 0.75612
vt 0.44689 0.35156
vt 0.44689 0.3125
vt 0.24941 0.83763
vt 0.16237 0.75722
vt 0.44533 0.35156
vt 0.44533 0.3125
vt 0.24831 0.83653
vt 0.16093 0.75781
vt 0.55937 0.25
vt 0.55937 0.21094
vt 0.56093 0.21094
vt 0.56093 0.25
vt 0.24687 0.83594
usemtl mat0
f 4191/4142/1044 4192/4143/1044 4193/4144/1044
f 4194/4145/1045 4195/4146/1045 4196/4147/1045
f 4194/4145/1045 4196/4147/1045 4197/4148/1045
f 4198/4149/1046 4199/4150/1046 4200/4151/1046
f 4192/4143/1044 4201/4152/1044 4193/4144/1044
f 4202/4153/1047 4203/4154/1047 4204/4155/1047
f 4202/4153/1047 4204/4155/1047 4205/4156/1047
f 4206/4157/1046 4198/4149/1046 4200/4151/1046
f 4201/4152/1044 4207/4158/1044 4193/4144/1044
f 4208/4159/1048 4209/4160/1048 4210/4161/1048
f 4208/4159/1048 4210/4161/1048 4211/4162/1048
f 4212/4163/1046 4206/4157/1046 4200/4151/1046
f 4207/4158/1044 4213/4164/1044 4193/4144/1044
f 4214/4165/1049 4215/4166/1049 4209/4160/1049
f 4214/4165/1049 4209/4160/1049 4208/4159/1049
f 4216/4167/1046 4212/4163/1046 4200/4151/1046
f 4213/4164/1044 4217/4168/1044 4193/4144/1044
f 4218/4169/1050 4219/4170/1050 4215/4166/1050
f 4218/4169/1050 4215/4166/1050 4214/4165/1050
f 4220/4171/1046 4216/4167/1046 4200/4151/1046
f 4217/4168/1044 4221/4172/1044 4193/4144/1044
f 4222/4173/1051 4223/4174/1051 4219/4170/1051
f 4222/4173/1051 4219/4170/1051 4218/4169/1051
f 4224/4175/1046 4220/4171/1046 4200/4151/1046
f 4221/4172/1044 4225/4176/1044 4193/4144/1044
f 4226/4177/1052 4227/4178/1052 4228/4179/1052
f 4226/4177/1052 4228/4179/1052 4229/4180/1052
f 4230/4181/1046 4224/4175/1046 4200/4151/1046
f 4225/4176/1044 4231/4182/1044 4193/4144/1044
f 4232/4183/1053 4233/4184/1053 4227/4178/1053
f 4232/4183/1053 4227/4178/1053 4226/4177/1053
f 4234/4185/1046 4230/4181/1046 4200/4151/1046
f 4231/4182/1044 4235/4186/1044 4193/4144/1044
f 4236/4187/1054 4237/4188/1054 4233/4184/1054
f 4236/4187/1054 4233/4184/1054 4232/4183/1054
f 4238/4189/1046 4234/4185/1046 4200/4151/1046
f 4235/4186/1044 4239/4190/1044 4193/4144/1044
f 4240/4191/1055 4241/4192/1055 4242/4193/1055
f 4240/4191/1055 4242/4193/1055 4243/4194/1055
f 4244/4195/1046 4238/4189/1046 4200/4151/1046
f 4239/4190/1044 4245/4196/1044 4193/4144/1044
f 4246/4197/1056 4247/4198/1056 4241/4192/1056
f 4246/4197/1056 4241/4192/1056 4240/4191/1056
f 4248/4199/1046 4244/4195/1046 4200/4151/1046
f 4245/4196/1044 4249/4200/1044 4193/4144/1044
f 4250/4201/1057 4251/4202/1057 4247/4198/1057
f 4250/4201/1057 4247/4198/1057 4246/4197/1057
f 4252/4203/1046 4248/4199/1046 4200/4151/1046
f 4249/4200/1044 4253/4204/1044 4193/4144/1044
f 4254/4205/1058 4255/4206/1058 4251/4202/1058
f 4254/4205/1058 4251/4202/1058 4250/4201/1058
f 4256/4207/1046 4252/4203/1046 4200/4151/1046
f 4253/4204/1044 4257/4208/1044 4193/4144/1044
f 4258/4209/1059 4259/4210/1059 4255/4206/1059
f 4258/4209/1059 4255/4206/1059 4254/4205/1059
f 4260/4211/1046 4256/4207/1046 4200/4151/1046
f 4257/4208/1044 4261/4212/1044 4193/4144/1044
f 4262/4213/1060 4263/4214/1060 4264/4215/1060
f 4262/4213/1060 4264/4215/1060 4265/4216/1060
f 4266/4217/1046 4260/4211/1046 4200/4151/1046
f 4261/4212/1044 4191/4142/1044 4193/4144/1044
f 4197/4148/1061 4196/4147/1061 4263/4214/1061
f 4197/4148/1061 4263/4214/1061 4262/4213/1061
f 4199/4150/1046 4266/4217/1046 4200/4151/1046
# Vertices: 76, normals: 18, texture coordinates: 76, faces: 64

o obj42
v 0 0.15487084 0.55625
v 0 0.19851647 0.53817139
v 0 0.13124999 0.4375
v 0.075 0.19851647 0.53817139
v 0 0.19851647 0.53817139
v 0 0.15487084 0.55625
v 0.075 0.15487084 0.55625
v 0.0875 0.16908738 0.49412766
v 0.0875 0.14453672 0.50429688
v 0.0875 0.13124999 0.4375
v 0 0.23192138 0.50476647
v 0.075 0.23192138 0.50476647
v 0 0.23192138 0.50476647
v 0 0.19851647 0.53817139
v 0.075 0.19851647 0.53817139
v 0.0875 0.18787765 0.47533739
v 0 0.24999999 0.46112084
v 0.075 0.24999999 0.46112084
v 0 0.24999999 0.46112084
v 0.0875 0.19804687 0.45078672
v 0 0.24999999 0.41387916
v 0.075 0.24999999 0.41387916
v 0 0.24999999 0.41387916
v 0.0875 0.19804687 0.42421328
v 0 0.23192138 0.37023353
v 0.075 0.23192138 0.37023353
v 0 0.23192138 0.37023353
v 0.0875 0.18787765 0.39966261
v 0 0.19851647 0.33682861
v 0.075 0.19851647 0.33682861
v 0 0.19851647 0.33682861
v 0.0875 0.16908738 0.38087234
v -0 0.15487084 0.31875
v 0.075 0.15487084 0.31875
v -0 0.15487084 0.31875
v 0 0.19851647 0.33682861
v 0.075 0.19851647 0.33682861
v 0.0875 0.14453672 0.37070312
v -0 0.10762915 0.31875
v 0.075 0.10762915 0.31875
v -0 0.10762915 0.31875
v 0.0875 0.11796327 0.37070312
v 0 0.06398352 0.33682861
v 0.075 0.06398352 0.33682861
v 0 0.06398352 0.33682861
v 0.0875 0.0934126 0.38087234
v 0 0.03057861 0.37023353
v 0.075 0.03057861 0.37023353
v 0 0.03057861 0.37023353
v 0 0.06398352 0.33682861
v 0.075 0.06398352 0.33682861
v 0.0875 0.07462234 0.39966261
v 0 0.0125 0.41387916
v 0.075 0.0125 0.41387916
v 0 0.0125 0.41387916
v 0.0875 0.06445312 0.42421328
v 0 0.0125 0.46112084
v 0.075 0.0125 0.46112084
v 0 0.0125 0.46112084
v 0.0875 0.06445312 0.45078672
v 0 0.03057861 0.50476647
v 0.075 0.03057861 0.50476647
v 0 0.03057861 0.50476647
v 0.0875 0.07462234 0.47533739
v 0 0.06398352 0.53817139
v 0.075 0.06398352 0.53817139
v 0 0.06398352 0.53817139
v 0.0875 0.0934126 0.49412766
v 0 0.10762915 0.55625
v 0.075 0.10762915 0.55625
v 0 0.10762915 0.55625
v 0 0.06398352 0.53817139
v 0.075 0.06398352 0.53817139
v 0.0875 0.11796327 0.50429688
v 0.075 0.15487084 0.55625
v 0.075 0.14896563 0.5265625
v 0.075 0.18169985 0.51300354
v 0.075 0.19851647 0.53817139
v 0.075 0.24999999 0.46112084
v 0.075 0.22031249 0.45521563
v 0.075 0.22031249 0.41978437
v 0.075 0.24999999 0.41387916
v 0.075 0.19851647 0.33682861
v 0.075 0.18169985 0.36199646
v 0.075 0.14896563 0.3484375
v 0.075 0.15487084 0.31875
v 0.075 0.24999999 0.41387916
v 0.075 0.22031249 0.41978437
v 0.075 0.20675354 0.38705015
v 0.075 0.23192138 0.37023353
v 0.075 0.23192138 0.50476647
v 0.075 0.20675354 0.48794985
v 0.075 0.22031249 0.45521563
v 0.075 0.24999999 0.46112084
v 0.075 0.23192138 0.37023353
v 0.075 0.20675354 0.38705015
v 0.075 0.18169985 0.36199646
v 0.075 0.19851647 0.33682861
v 0.075 0.19851647 0.53817139
v 0.075 0.18169985 0.51300354
v 0.075 0.20675354 0.48794985
v 0.075 0.23192138 0.50476647
v 0.075 0.10762915 0.55625
v 0.075 0.11353436 0.5265625
v 0.075 0.15487084 0.55625
v 0.075 0.15487084 0.31875
v 0.075 0.14896563 0.3484375
v 0.075 0.11353436 0.3484375
v 0.075 0.10762915 0.31875
v 0.075 0.10762915 0.31875
v 0.075 0.11353436 0.3484375
v 0.075 0.08080014 0.36199646
v 0.075 0.06398352 0.33682861
v 0.075 0.06398352 0.53817139
v 0.075 0.08080014 0.51300354
v 0.075 0.11353436 0.5265625
v 0.075 0.10762915 0.55625
v 0.075 0.03057861 0.37023353
v 0.075 0.05574645 0.38705015
v 0.075 0.0421875 0.41978437
v 0.075 0.0125 0.41387916
v 0.075 0.03057861 0.50476647
v 0.075 0.05574645 0.48794985
v 0.075 0.08080014 0.51300354
v 0.075 0.06398352 0.53817139
v 0.075 0.0125 0.46112084
v 0.075 0.0421875 0.45521563
v 0.075 0.05574645 0.48794985
v 0.075 0.03057861 0.50476647
v 0.075 0.06398352 0.33682861
v 0.075 0.08080014 0.36199646
v 0.075 0.05574645 0.38705015
v 0.075 0.03057861 0.37023353
v 0.075 0.0125 0.41387916
v 0.075 0.0421875 0.41978437
v 0.075 0.0125 0.46112084
v 0.0875 0.14453672 0.50429688
v 0.075 0.18169985 0.51300354
v 0.0875 0.16908738 0.38087234
v 0.075 0.14896563 0.3484375
v 0.0875 0.19804687 0.42421328
v 0.075 0.20675354 0.38705015
v 0.0875 0.18787765 0.47533739
v 0.075 0.22031249 0.45521563
v 0.0875 0.18787765 0.39966261
v 0.075 0.18169985 0.36199646
v 0.0875 0.16908738 0.49412766
v 0.075 0.20675354 0.48794985
v 0.0875 0.11796327 0.50429688
v 0.0875 0.11796327 0.37070312
v 0.075 0.08080014 0.36199646
v 0.0875 0.0934126 0.49412766
v 0.0875 0.07462234 0.39966261
v 0.0875 0.06445312 0.42421328
v 0.0875 0.07462234 0.47533739
v 0.0875 0.06445312 0.45078672
v 0.0875 0.0934126 0.38087234
vn 0 -1 -0
vn -0.38268 0 0.92388
vn -0 1 0
vn -0.70711 0 0.70711
vn -0.92388 0 0.38268
vn -1 0 0
vn -0.92388 0 -0.38268
vn -0.70711 0 -0.70711
vn -0.38268 0 -0.92388
vn 0 0 -1
vn 0.38268 0 -0.92388
vn 0.70711 0 -0.70711
vn 0.92388 0 -0.38268
vn 1 0 0
vn 0.92388 0 0.38268
vn 0.70711 0 0.70711
vn 0.38268 0 0.92388
vn 0 0 1
vn -0.18734 0.87198 0.45227
vn -0.48953 0.87198 0
vn -0.18734 0.87198 -0.45227
vn -0.45227 0.87198 -0.18734
vn -0.45227 0.87198 0.18734
vn -0.34615 0.87198 -0.34615
vn -0.34615 0.87198 0.34615
vn 0 0.87198 0.48953
vn 0 0.87198 -0.48953
vn 0.18734 0.87198 -0.45227
vn 0.18734 0.87198 0.45227
vn 0.45227 0.87198 -0.18734
vn 0.34615 0.87198 0.34615
vn 0.45227 0.87198 0.18734
vn 0.34615 0.87198 -0.34615
vn 0.48953 0.87198 0
vt 0.36319 0.86875
vt 0.34137 0.85971
vt 0.375 0.80937
vt 0.1052 0.5
vt 0.1052 0.4625
vt 0.12882 0.4625
vt 0.12882 0.5
vt 0.05537 0.59818
vt 0.06765 0.59309
vt 0.07429 0.62649
vt 0.32467 0.84301
vt 0.53543 0.8125
vt 0.53543 0.775
vt 0.55905 0.775
vt 0.55905 0.8125
vt 0.04598 0.60757
vt 0.31563 0.82118
vt 0.51181 0.8125
vt 0.51181 0.775
vt 0.0409 0.61985
vt 0.31563 0.79757
vt 0.48819 0.8125
vt 0.48819 0.775
vt 0.0409 0.63313
vt 0.32467 0.77574
vt 0.46457 0.8125
vt 0.46457 0.775
vt 0.04598 0.64541
vt 0.34137 0.75904
vt 0.44095 0.8125
vt 0.44095 0.775
vt 0.05537 0.6548
vt 0.36319 0.75
vt 0.05868 0.5
vt 0.05868 0.4625
vt 0.0823 0.4625
vt 0.0823 0.5
vt 0.06765 0.65989
vt 0.38681 0.75
vt 0.03507 0.5
vt 0.03507 0.4625
vt 0.08094 0.65989
vt 0.40863 0.75904
vt 0.01145 0.5
vt 0.01145 0.4625
vt 0.09321 0.6548
vt 0.42533 0.77574
vt 0.37918 0.5625
vt 0.37918 0.525
vt 0.4028 0.525
vt 0.4028 0.5625
vt 0.10261 0.64541
vt 0.43437 0.79757
vt 0.35556 0.5625
vt 0.35556 0.525
vt 0.10769 0.63313
vt 0.43437 0.82118
vt 0.33194 0.5625
vt 0.33194 0.525
vt 0.10769 0.61985
vt 0.42533 0.84301
vt 0.30832 0.5625
vt 0.30832 0.525
vt 0.10261 0.60757
vt 0.40863 0.85971
vt 0.2847 0.5625
vt 0.2847 0.525
vt 0.09321 0.59818
vt 0.38681 0.86875
vt 0.15243 0.5
vt 0.15243 0.4625
vt 0.17605 0.4625
vt 0.17605 0.5
vt 0.08094 0.59309
vt 0.06185 0.5656
vt 0.06481 0.58045
vt 0.04844 0.58723
vt 0.04003 0.57465
vt 0.01328 0.61468
vt 0.02813 0.61763
vt 0.02813 0.63535
vt 0.01328 0.6383
vt 0.04003 0.67833
vt 0.04844 0.66575
vt 0.06481 0.67253
vt 0.06186 0.68737
vt 0.01341 0.63892
vt 0.02825 0.63597
vt 0.03503 0.65234
vt 0.02245 0.66075
vt 0.02245 0.59223
vt 0.03503 0.60064
vt 0.02825 0.617
vt 0.01341 0.61405
vt 0.0228 0.66128
vt 0.03538 0.65287
vt 0.04791 0.6654
vt 0.0395 0.67798
vt 0.0395 0.575
vt 0.04791 0.58758
vt 0.03539 0.60011
vt 0.0228 0.5917
vt 0.08472 0.5646
vt 0.0825 0.57957
vt 0.06113 0.56577
vt 0.06248 0.6875
vt 0.06543 0.67266
vt 0.08315 0.67266
vt 0.0861 0.6875
vt 0.08673 0.68738
vt 0.08378 0.67253
vt 0.10014 0.66575
vt 0.10855 0.67833
vt 0.1066 0.57137
vt 0.09946 0.58471
vt 0.08251 0.57957
vt 0.08399 0.56451
vt 0.1406 0.64921
vt 0.12612 0.64482
vt 0.12785 0.62719
vt 0.14291 0.6257
vt 0.1249 0.5851
vt 0.1137 0.59527
vt 0.09946 0.58471
vt 0.10593 0.57103
vt 0.13752 0.6042
vt 0.12354 0.61
vt 0.1137 0.59527
vt 0.12439 0.58457
vt 0.1307 0.66985
vt 0.11854 0.66084
vt 0.12612 0.64482
vt 0.1408 0.6485
vt 0.14297 0.62644
vt 0.12785 0.62718
vt 0.13722 0.60353
vt 0.06765 0.59309
vt 0.04844 0.58723
vt 0.05537 0.6548
vt 0.06481 0.67253
vt 0.0409 0.63313
vt 0.03503 0.65234
vt 0.04598 0.60757
vt 0.02825 0.61701
vt 0.04598 0.64541
vt 0.04791 0.6654
vt 0.05538 0.59818
vt 0.03539 0.60011
vt 0.08092 0.59244
vt 0.08094 0.65989
vt 0.10015 0.66575
vt 0.09364 0.59629
vt 0.11363 0.64136
vt 0.11493 0.62814
vt 0.10431 0.6042
vt 0.1117 0.61525
vt 0.10795 0.65338
usemtl mat3
f 4267/4218/1062 4268/4219/1062 4269/4220/1062
f 4270/4221/1063 4271/4222/1063 4272/4223/1063
f 4270/4221/1063 4272/4223/1063 4273/4224/1063
f 4274/4225/1064 4275/4226/1064 4276/4227/1064
f 4268/4219/1062 4277/4228/1062 4269/4220/1062
f 4278/4229/1065 4279/4230/1065 4280/4231/1065
f 4278/4229/1065 4280/4231/1065 4281/4232/1065
f 4282/4233/1064 4274/4225/1064 4276/4227/1064
f 4277/4228/1062 4283/4234/1062 4269/4220/1062
f 4284/4235/1066 4285/4236/1066 4279/4230/1066
f 4284/4235/1066 4279/4230/1066 4278/4229/1066
f 4286/4237/1064 4282/4233/1064 4276/4227/1064
f 4283/4234/1062 4287/4238/1062 4269/4220/1062
f 4288/4239/1067 4289/4240/1067 4285/4236/1067
f 4288/4239/1067 4285/4236/1067 4284/4235/1067
f 4290/4241/1064 4286/4237/1064 4276/4227/1064
f 4287/4238/1062 4291/4242/1062 4269/4220/1062
f 4292/4243/1068 4293/4244/1068 4289/4240/1068
f 4292/4243/1068 4289/4240/1068 4288/4239/1068
f 4294/4245/1064 4290/4241/1064 4276/4227/1064
f 4291/4242/1062 4295/4246/1062 4269/4220/1062
f 4296/4247/1069 4297/4248/1069 4293/4244/1069
f 4296/4247/1069 4293/4244/1069 4292/4243/1069
f 4298/4249/1064 4294/4245/1064 4276/4227/1064
f 4295/4246/1062 4299/4250/1062 4269/4220/1062
f 4300/4251/1070 4301/4252/1070 4302/4253/1070
f 4300/4251/1070 4302/4253/1070 4303/4254/1070
f 4304/4255/1064 4298/4249/1064 4276/4227/1064
f 4299/4250/1062 4305/4256/1062 4269/4220/1062
f 4306/4257/1071 4307/4258/1071 4301/4252/1071
f 4306/4257/1071 4301/4252/1071 4300/4251/1071
f 4308/4259/1064 4304/4255/1064 4276/4227/1064
f 4305/4256/1062 4309/4260/1062 4269/4220/1062
f 4310/4261/1072 4311/4262/1072 4307/4258/1072
f 4310/4261/1072 4307/4258/1072 4306/4257/1072
f 4312/4263/1064 4308/4259/1064 4276/4227/1064
f 4309/4260/1062 4313/4264/1062 4269/4220/1062
f 4314/4265/1073 4315/4266/1073 4316/4267/1073
f 4314/4265/1073 4316/4267/1073 4317/4268/1073
f 4318/4269/1064 4312/4263/1064 4276/4227/1064
f 4313/4264/1062 4319/4270/1062 4269/4220/1062
f 4320/4271/1074 4321/4272/1074 4315/4266/1074
f 4320/4271/1074 4315/4266/1074 4314/4265/1074
f 4322/4273/1064 4318/4269/1064 4276/4227/1064
f 4319/4270/1062 4323/4274/1062 4269/4220/1062
f 4324/4275/1075 4325/4276/1075 4321/4272/1075
f 4324/4275/1075 4321/4272/1075 4320/4271/1075
f 4326/4277/1064 4322/4273/1064 4276/4227/1064
f 4323/4274/1062 4327/4278/1062 4269/4220/1062
f 4328/4279/1076 4329/4280/1076 4325/4276/1076
f 4328/4279/1076 4325/4276/1076 4324/4275/1076
f 4330/4281/1064 4326/4277/1064 4276/4227/1064
f 4327/4278/1062 4331/4282/1062 4269/4220/1062
f 4332/4283/1077 4333/4284/1077 4329/4280/1077
f 4332/4283/1077 4329/4280/1077 4328/4279/1077
f 4334/4285/1064 4330/4281/1064 4276/4227/1064
f 4331/4282/1062 4335/4286/1062 4269/4220/1062
f 4336/4287/1078 4337/4288/1078 4338/4289/1078
f 4336/4287/1078 4338/4289/1078 4339/4290/1078
f 4340/4291/1064 4334/4285/1064 4276/4227/1064
f 4335/4286/1062 4267/4218/1062 4269/4220/1062
f 4273/4224/1079 4272/4223/1079 4337/4288/1079
f 4273/4224/1079 4337/4288/1079 4336/4287/1079
f 4275/4226/1064 4340/4291/1064 4276/4227/1064
f 4341/4292/1064 4342/4293/1064 4343/4294/1064
f 4341/4292/1064 4343/4294/1064 4344/4295/1064
f 4345/4296/1064 4346/4297/1064 4347/4298/1064
f 4345/4296/1064 4347/4298/1064 4348/4299/1064
f 4349/4300/1064 4350/4301/1064 4351/4302/1064
f 4349/4300/1064 4351/4302/1064 4352/4303/1064
f 4353/4304/1064 4354/4305/1064 4355/4306/1064
f 4353/4304/1064 4355/4306/1064 4356/4307/1064
f 4357/4308/1064 4358/4309/1064 4359/4310/1064
f 4357/4308/1064 4359/4310/1064 4360/4311/1064
f 4361/4312/1064 4362/4313/1064 4363/4314/1064
f 4361/4312/1064 4363/4314/1064 4364/4315/1064
f 4365/4316/1064 4366/4317/1064 4367/4318/1064
f 4365/4316/1064 4367/4318/1064 4368/4319/1064
f 4369/4320/1064 4370/4321/1064 4342/4293/1064
f 4369/4320/1064 4342/4293/1064 4371/4322/1064
f 4372/4323/1064 4373/4324/1064 4374/4325/1064
f 4372/4323/1064 4374/4325/1064 4375/4326/1064
f 4376/4327/1064 4377/4328/1064 4378/4329/1064
f 4376/4327/1064 4378/4329/1064 4379/4330/1064
f 4380/4331/1064 4381/4332/1064 4382/4333/1064
f 4380/4331/1064 4382/4333/1064 4383/4334/1064
f 4384/4335/1064 4385/4336/1064 4386/4337/1064
f 4384/4335/1064 4386/4337/1064 4387/4338/1064
f 4388/4339/1064 4389/4340/1064 4390/4341/1064
f 4388/4339/1064 4390/4341/1064 4391/4342/1064
f 4392/4343/1064 4393/4344/1064 4394/4345/1064
f 4392/4343/1064 4394/4345/1064 4395/4346/1064
f 4396/4347/1064 4397/4348/1064 4398/4349/1064
f 4396/4347/1064 4398/4349/1064 4399/4350/1064
f 4400/4351/1064 4401/4352/1064 4393/4344/1064
f 4400/4351/1064 4393/4344/1064 4402/4353/1064
f 4342/4293/1080 4403/4354/1080 4274/4225/1080
f 4342/4293/1080 4274/4225/1080 4404/4355/1080
f 4346/4297/1081 4286/4237/1081 4290/4241/1081
f 4346/4297/1081 4290/4241/1081 4347/4298/1081
f 4350/4301/1082 4405/4356/1082 4304/4255/1082
f 4350/4301/1082 4304/4255/1082 4406/4357/1082
f 4354/4305/1083 4407/4358/1083 4294/4245/1083
f 4354/4305/1083 4294/4245/1083 4408/4359/1083
f 4358/4309/1084 4409/4360/1084 4286/4237/1084
f 4358/4309/1084 4286/4237/1084 4410/4361/1084
f 4362/4313/1085 4411/4362/1085 4298/4249/1085
f 4362/4313/1085 4298/4249/1085 4412/4363/1085
f 4366/4317/1086 4413/4364/1086 4282/4233/1086
f 4366/4317/1086 4282/4233/1086 4414/4365/1086
f 4370/4321/1087 4415/4366/1087 4403/4354/1087
f 4370/4321/1087 4403/4354/1087 4342/4293/1087
f 4373/4324/1088 4304/4255/1088 4308/4259/1088
f 4373/4324/1088 4308/4259/1088 4374/4325/1088
f 4377/4328/1089 4416/4367/1089 4312/4263/1089
f 4377/4328/1089 4312/4263/1089 4417/4368/1089
f 4381/4332/1090 4418/4369/1090 4415/4366/1090
f 4381/4332/1090 4415/4366/1090 4370/4321/1090
f 4385/4336/1091 4419/4370/1091 4420/4371/1091
f 4385/4336/1091 4420/4371/1091 4401/4352/1091
f 4389/4340/1092 4421/4372/1092 4418/4369/1092
f 4389/4340/1092 4418/4369/1092 4381/4332/1092
f 4393/4344/1093 4422/4373/1093 4421/4372/1093
f 4393/4344/1093 4421/4372/1093 4389/4340/1093
f 4397/4348/1094 4423/4374/1094 4419/4370/1094
f 4397/4348/1094 4419/4370/1094 4385/4336/1094
f 4401/4352/1095 4420/4371/1095 4422/4373/1095
f 4401/4352/1095 4422/4373/1095 4393/4344/1095
# Vertices: 157, normals: 34, texture coordinates: 157, faces: 128

o obj43
v -0.025 0.19851647 0.53817139
v -0.025 0.15487084 0.55625
v -0.025 0.13124999 0.4375
v -0.025 0.15487084 0.55625
v -0.025 0.19851647 0.53817139
v -0.1 0.19851647 0.53817139
v -0.1 0.15487084 0.55625
v -0.1125 0.14453672 0.50429688
v -0.1125 0.16908738 0.49412766
v -0.1125 0.13124999 0.4375
v -0.025 0.23192138 0.50476647
v -0.025 0.19851647 0.53817139
v -0.025 0.23192138 0.50476647
v -0.1 0.23192138 0.50476647
v -0.1 0.19851647 0.53817139
v -0.1125 0.16908738 0.49412766
v -0.1125 0.18787765 0.47533739
v -0.1125 0.13124999 0.4375
v -0.025 0.24999999 0.46112084
v -0.025 0.24999999 0.46112084
v -0.1 0.24999999 0.46112084
v -0.1125 0.19804687 0.45078672
v -0.025 0.24999999 0.41387916
v -0.025 0.24999999 0.41387916
v -0.1 0.24999999 0.41387916
v -0.1125 0.19804687 0.42421328
v -0.025 0.23192138 0.37023353
v -0.025 0.23192138 0.37023353
v -0.1 0.23192138 0.37023353
v -0.1125 0.18787765 0.39966261
v -0.025 0.19851647 0.33682861
v -0.025 0.19851647 0.33682861
v -0.1 0.19851647 0.33682861
v -0.1125 0.16908738 0.38087234
v -0.025 0.15487084 0.31875
v -0.025 0.19851647 0.33682861
v -0.025 0.15487084 0.31875
v -0.1 0.15487084 0.31875
v -0.1 0.19851647 0.33682861
v -0.1125 0.14453672 0.37070312
v -0.025 0.10762915 0.31875
v -0.025 0.10762915 0.31875
v -0.1 0.10762915 0.31875
v -0.1125 0.14453672 0.37070312
v -0.1125 0.11796327 0.37070312
v -0.025 0.06398352 0.33682861
v -0.025 0.06398352 0.33682861
v -0.1 0.06398352 0.33682861
v -0.1125 0.0934126 0.38087234
v -0.025 0.03057861 0.37023353
v -0.025 0.06398352 0.33682861
v -0.025 0.03057861 0.37023353
v -0.1 0.03057861 0.37023353
v -0.1 0.06398352 0.33682861
v -0.1125 0.07462234 0.39966261
v -0.025 0.0125 0.41387916
v -0.025 0.0125 0.41387916
v -0.1 0.0125 0.41387916
v -0.1125 0.06445312 0.42421328
v -0.025 0.0125 0.46112084
v -0.025 0.0125 0.46112084
v -0.1 0.0125 0.46112084
v -0.1125 0.06445312 0.45078672
v -0.025 0.03057861 0.50476647
v -0.025 0.03057861 0.50476647
v -0.1 0.03057861 0.50476647
v -0.1125 0.07462234 0.47533739
v -0.025 0.06398352 0.53817139
v -0.025 0.06398352 0.53817139
v -0.1 0.06398352 0.53817139
v -0.1125 0.0934126 0.49412766
v -0.025 0.10762915 0.55625
v -0.025 0.06398352 0.53817139
v -0.025 0.10762915 0.55625
v -0.1 0.10762915 0.55625
v -0.1 0.06398352 0.53817139
v -0.1125 0.11796327 0.50429688
v -0.1 0.18169985 0.51300354
v -0.1 0.14896563 0.5265625
v -0.1 0.15487084 0.55625
v -0.1 0.19851647 0.53817139
v -0.1 0.22031249 0.41978437
v -0.1 0.22031249 0.45521563
v -0.1 0.24999999 0.46112084
v -0.1 0.24999999 0.41387916
v -0.1 0.14896563 0.3484375
v -0.1 0.18169985 0.36199646
v -0.1 0.19851647 0.33682861
v -0.1 0.15487084 0.31875
v -0.1 0.20675354 0.38705015
v -0.1 0.22031249 0.41978437
v -0.1 0.24999999 0.41387916
v -0.1 0.23192138 0.37023353
v -0.1 0.22031249 0.45521563
v -0.1 0.20675354 0.48794985
v -0.1 0.23192138 0.50476647
v -0.1 0.24999999 0.46112084
v -0.1 0.14896563 0.5265625
v -0.1 0.11353436 0.5265625
v -0.1 0.10762915 0.55625
v -0.1 0.15487084 0.55625
v -0.1 0.11353436 0.3484375
v -0.1 0.14896563 0.3484375
v -0.1 0.15487084 0.31875
v -0.1 0.10762915 0.31875
v -0.1 0.08080014 0.36199646
v -0.1 0.11353436 0.3484375
v -0.1 0.10762915 0.31875
v -0.1 0.06398352 0.33682861
v -0.1 0.11353436 0.5265625
v -0.1 0.08080014 0.51300354
v -0.1 0.06398352 0.53817139
v -0.1 0.10762915 0.55625
v -0.1 0.0421875 0.41978437
v -0.1 0.05574645 0.38705015
v -0.1 0.03057861 0.37023353
v -0.1 0.0125 0.41387916
v -0.1 0.08080014 0.51300354
v -0.1 0.05574645 0.48794985
v -0.1 0.03057861 0.50476647
v -0.1 0.06398352 0.53817139
v -0.1 0.05574645 0.48794985
v -0.1 0.0421875 0.45521563
v -0.1 0.0125 0.46112084
v -0.1 0.03057861 0.50476647
v -0.1 0.05574645 0.38705015
v -0.1 0.08080014 0.36199646
v -0.1 0.06398352 0.33682861
v -0.1 0.03057861 0.37023353
v -0.1 0.0421875 0.45521563
v -0.1 0.0421875 0.41978437
v -0.1 0.0125 0.41387916
v -0.1 0.0125 0.46112084
v -0.1125 0.16908738 0.49412766
v -0.1 0.18169985 0.51300354
v -0.1125 0.19804687 0.42421328
v -0.1125 0.19804687 0.45078672
v -0.1 0.22031249 0.45521563
v -0.1125 0.14453672 0.37070312
v -0.1125 0.16908738 0.38087234
v -0.1 0.18169985 0.36199646
v -0.1 0.14896563 0.3484375
v -0.1125 0.18787765 0.39966261
v -0.1 0.20675354 0.38705015
v -0.1 0.20675354 0.48794985
v -0.1125 0.11796327 0.37070312
v -0.1 0.11353436 0.3484375
v -0.1125 0.0934126 0.38087234
v -0.1 0.08080014 0.36199646
v -0.1125 0.11796327 0.50429688
v -0.1 0.11353436 0.5265625
v -0.1125 0.06445312 0.42421328
v -0.1 0.0421875 0.41978437
v -0.1125 0.0934126 0.49412766
v -0.1 0.08080014 0.51300354
v -0.1 0.05574645 0.48794985
v -0.1125 0.07462234 0.39966261
v -0.1 0.05574645 0.38705015
vn -0 -1 0
vn 0.38268 0 0.92388
vn 0 1 0
vn 0.70711 0 0.70711
vn 0.92388 0 0.38268
vn 1 0 0
vn 0.92388 0 -0.38268
vn 0.70711 0 -0.70711
vn 0.38268 0 -0.92388
vn 0 0 -1
vn -0.38268 0 -0.92388
vn -0.70711 0 -0.70711
vn -0.92388 0 -0.38268
vn -1 0 0
vn -0.92388 0 0.38268
vn -0.70711 0 0.70711
vn -0.38268 0 0.92388
vn 0 0 1
vn 0.18734 0.87198 0.45227
vn 0.48953 0.87198 0
vn 0.18734 0.87198 -0.45227
vn 0.45227 0.87198 -0.18734
vn 0.45227 0.87198 0.18734
vn 0.34615 0.87198 -0.34615
vn 0.34615 0.87198 0.34615
vn 0 0.87198 0.48953
vn 0 0.87198 -0.48953
vn -0.18734 0.87198 -0.45227
vn -0.18734 0.87198 0.45227
vn -0.45227 0.87198 -0.18734
vn -0.34615 0.87198 0.34615
vn -0.45227 0.87198 0.18734
vn -0.34615 0.87198 -0.34615
vn -0.48953 0.87198 0
vt 0.25238 0.67221
vt 0.23056 0.68125
vt 0.21875 0.62187
vt 0.52743 0.7125
vt 0.55105 0.7125
vt 0.55105 0.75
vt 0.52743 0.75
vt 0.39525 0.90488
vt 0.40752 0.90997
vt 0.3886 0.93828
vt 0.26908 0.65551
vt 0.44095 0.8375
vt 0.46457 0.8375
vt 0.46457 0.875
vt 0.44095 0.875
vt 0.40752 0.90997
vt 0.41736 0.91889
vt 0.39001 0.93917
vt 0.27812 0.63368
vt 0.48819 0.8375
vt 0.48819 0.875
vt 0.42304 0.9309
vt 0.27812 0.61007
vt 0.51181 0.8375
vt 0.51181 0.875
vt 0.42369 0.94418
vt 0.26908 0.58824
vt 0.53543 0.8375
vt 0.53543 0.875
vt 0.41921 0.95668
vt 0.25238 0.57154
vt 0.55905 0.8375
vt 0.55905 0.875
vt 0.41029 0.96653
vt 0.23056 0.5625
vt 0.4802 0.9
vt 0.50382 0.9
vt 0.50382 0.9375
vt 0.4802 0.9375
vt 0.39828 0.9722
vt 0.20694 0.5625
vt 0.52743 0.9
vt 0.52743 0.9375
vt 0.39525 0.97168
vt 0.38196 0.97168
vt 0.18512 0.57154
vt 0.55105 0.9
vt 0.55105 0.9375
vt 0.36968 0.96659
vt 0.16842 0.58824
vt 0.1597 0.525
vt 0.18332 0.525
vt 0.18332 0.5625
vt 0.1597 0.5625
vt 0.36029 0.9572
vt 0.15937 0.61007
vt 0.20694 0.525
vt 0.3552 0.94492
vt 0.15937 0.63368
vt 0.23056 0.525
vt 0.3552 0.93164
vt 0.16842 0.65551
vt 0.25418 0.525
vt 0.25418 0.5625
vt 0.36029 0.91936
vt 0.18512 0.67221
vt 0.2778 0.525
vt 0.2778 0.5625
vt 0.36968 0.90997
vt 0.20694 0.68125
vt 0.4802 0.7125
vt 0.50382 0.7125
vt 0.50382 0.75
vt 0.4802 0.75
vt 0.38196 0.90488
vt 0.41445 0.89902
vt 0.39809 0.89224
vt 0.40104 0.87739
vt 0.42286 0.88644
vt 0.21875 0.49705
vt 0.21875 0.47933
vt 0.25 0.47638
vt 0.25 0.5
vt 0.41049 0.98602
vt 0.42522 0.97618
vt 0.43592 0.98688
vt 0.41627 1
vt 0.43507 0.96145
vt 0.43853 0.94408
vt 0.45366 0.94408
vt 0.44905 0.96725
vt 0.43375 0.92792
vt 0.42698 0.91155
vt 0.43956 0.90314
vt 0.44859 0.92497
vt 0.39746 0.89211
vt 0.37974 0.89211
vt 0.37679 0.87727
vt 0.40041 0.87727
vt 0.25677 0.46875
vt 0.27448 0.46875
vt 0.27743 0.5
vt 0.25382 0.5
vt 0.36275 0.97754
vt 0.37912 0.98432
vt 0.37617 0.99916
vt 0.35434 0.99012
vt 0.37911 0.89224
vt 0.36275 0.89902
vt 0.35433 0.88644
vt 0.37616 0.87739
vt 0.34256 0.94777
vt 0.34934 0.96413
vt 0.33676 0.97255
vt 0.32772 0.95072
vt 0.36222 0.89937
vt 0.34969 0.9119
vt 0.33711 0.90349
vt 0.35381 0.88679
vt 0.34934 0.91243
vt 0.34256 0.92879
vt 0.32771 0.92584
vt 0.33676 0.90402
vt 0.34969 0.96466
vt 0.36222 0.97719
vt 0.35381 0.98977
vt 0.33711 0.97307
vt 0.34243 0.92942
vt 0.34243 0.94714
vt 0.32759 0.95009
vt 0.32759 0.92647
vt 0.40752 0.90997
vt 0.41446 0.89902
vt 0.42557 0.94376
vt 0.42362 0.93061
vt 0.43593 0.92655
vt 0.40587 0.97661
vt 0.41614 0.96818
vt 0.42595 0.97665
vt 0.41225 0.98789
vt 0.42298 0.95679
vt 0.43507 0.96145
vt 0.42758 0.91092
vt 0.39336 0.98108
vt 0.39557 0.99385
vt 0.36968 0.96659
vt 0.36275 0.97754
vt 0.38196 0.90488
vt 0.37912 0.89224
vt 0.3552 0.94492
vt 0.34256 0.94777
vt 0.36968 0.90996
vt 0.36222 0.89937
vt 0.34934 0.91242
vt 0.36029 0.9572
vt 0.34969 0.96466
usemtl mat3
f 4424/4375/1096 4425/4376/1096 4426/4377/1096
f 4427/4378/1097 4428/4379/1097 4429/4380/1097
f 4427/4378/1097 4429/4380/1097 4430/4381/1097
f 4431/4382/1098 4432/4383/1098 4433/4384/1098
f 4434/4385/1096 4424/4375/1096 4426/4377/1096
f 4435/4386/1099 4436/4387/1099 4437/4388/1099
f 4435/4386/1099 4437/4388/1099 4438/4389/1099
f 4439/4390/1098 4440/4391/1098 4441/4392/1098
f 4442/4393/1096 4434/4385/1096 4426/4377/1096
f 4436/4387/1100 4443/4394/1100 4444/4395/1100
f 4436/4387/1100 4444/4395/1100 4437/4388/1100
f 4440/4391/1098 4445/4396/1098 4441/4392/1098
f 4446/4397/1096 4442/4393/1096 4426/4377/1096
f 4443/4394/1101 4447/4398/1101 4448/4399/1101
f 4443/4394/1101 4448/4399/1101 4444/4395/1101
f 4445/4396/1098 4449/4400/1098 4441/4392/1098
f 4450/4401/1096 4446/4397/1096 4426/4377/1096
f 4447/4398/1102 4451/4402/1102 4452/4403/1102
f 4447/4398/1102 4452/4403/1102 4448/4399/1102
f 4449/4400/1098 4453/4404/1098 4441/4392/1098
f 4454/4405/1096 4450/4401/1096 4426/4377/1096
f 4451/4402/1103 4455/4406/1103 4456/4407/1103
f 4451/4402/1103 4456/4407/1103 4452/4403/1103
f 4453/4404/1098 4457/4408/1098 4441/4392/1098
f 4458/4409/1096 4454/4405/1096 4426/4377/1096
f 4459/4410/1104 4460/4411/1104 4461/4412/1104
f 4459/4410/1104 4461/4412/1104 4462/4413/1104
f 4457/4408/1098 4463/4414/1098 4441/4392/1098
f 4464/4415/1096 4458/4409/1096 4426/4377/1096
f 4460/4411/1105 4465/4416/1105 4466/4417/1105
f 4460/4411/1105 4466/4417/1105 4461/4412/1105
f 4467/4418/1098 4468/4419/1098 4433/4384/1098
f 4469/4420/1096 4464/4415/1096 4426/4377/1096
f 4465/4416/1106 4470/4421/1106 4471/4422/1106
f 4465/4416/1106 4471/4422/1106 4466/4417/1106
f 4468/4419/1098 4472/4423/1098 4433/4384/1098
f 4473/4424/1096 4469/4420/1096 4426/4377/1096
f 4474/4425/1107 4475/4426/1107 4476/4427/1107
f 4474/4425/1107 4476/4427/1107 4477/4428/1107
f 4472/4423/1098 4478/4429/1098 4433/4384/1098
f 4479/4430/1096 4473/4424/1096 4426/4377/1096
f 4475/4426/1108 4480/4431/1108 4481/4415/1108
f 4475/4426/1108 4481/4415/1108 4476/4427/1108
f 4478/4429/1098 4482/4432/1098 4433/4384/1098
f 4483/4433/1096 4479/4430/1096 4426/4377/1096
f 4480/4431/1109 4484/4434/1109 4485/4409/1109
f 4480/4431/1109 4485/4409/1109 4481/4415/1109
f 4482/4432/1098 4486/4435/1098 4433/4384/1098
f 4487/4436/1096 4483/4433/1096 4426/4377/1096
f 4484/4434/1110 4488/4437/1110 4489/4438/1110
f 4484/4434/1110 4489/4438/1110 4485/4409/1110
f 4486/4435/1098 4490/4439/1098 4433/4384/1098
f 4491/4440/1096 4487/4436/1096 4426/4377/1096
f 4488/4437/1111 4492/4441/1111 4493/4442/1111
f 4488/4437/1111 4493/4442/1111 4489/4438/1111
f 4490/4439/1098 4494/4443/1098 4433/4384/1098
f 4495/4444/1096 4491/4440/1096 4426/4377/1096
f 4496/4445/1112 4497/4446/1112 4498/4447/1112
f 4496/4445/1112 4498/4447/1112 4499/4448/1112
f 4494/4443/1098 4500/4449/1098 4433/4384/1098
f 4425/4376/1096 4495/4444/1096 4426/4377/1096
f 4497/4446/1113 4427/4378/1113 4430/4381/1113
f 4497/4446/1113 4430/4381/1113 4498/4447/1113
f 4500/4449/1098 4431/4382/1098 4433/4384/1098
f 4501/4450/1098 4502/4451/1098 4503/4452/1098
f 4501/4450/1098 4503/4452/1098 4504/4453/1098
f 4505/4454/1098 4506/4455/1098 4507/4456/1098
f 4505/4454/1098 4507/4456/1098 4508/4457/1098
f 4509/4458/1098 4510/4459/1098 4511/4460/1098
f 4509/4458/1098 4511/4460/1098 4512/4461/1098
f 4513/4462/1098 4514/4463/1098 4515/4464/1098
f 4513/4462/1098 4515/4464/1098 4516/4465/1098
f 4517/4466/1098 4518/4467/1098 4519/4468/1098
f 4517/4466/1098 4519/4468/1098 4520/4469/1098
f 4510/4459/1098 4513/4462/1098 4516/4465/1098
f 4510/4459/1098 4516/4465/1098 4511/4460/1098
f 4518/4467/1098 4501/4450/1098 4504/4453/1098
f 4518/4467/1098 4504/4453/1098 4519/4468/1098
f 4521/4470/1098 4522/4471/1098 4523/4472/1098
f 4521/4470/1098 4523/4472/1098 4524/4473/1098
f 4525/4474/1098 4526/4475/1098 4527/4476/1098
f 4525/4474/1098 4527/4476/1098 4528/4477/1098
f 4529/4478/1098 4530/4479/1098 4531/4480/1098
f 4529/4478/1098 4531/4480/1098 4532/4481/1098
f 4533/4482/1098 4534/4483/1098 4535/4484/1098
f 4533/4482/1098 4535/4484/1098 4536/4485/1098
f 4537/4486/1098 4538/4487/1098 4539/4488/1098
f 4537/4486/1098 4539/4488/1098 4540/4489/1098
f 4541/4490/1098 4542/4491/1098 4543/4492/1098
f 4541/4490/1098 4543/4492/1098 4544/4493/1098
f 4545/4494/1098 4546/4495/1098 4547/4496/1098
f 4545/4494/1098 4547/4496/1098 4548/4497/1098
f 4549/4498/1098 4550/4499/1098 4551/4500/1098
f 4549/4498/1098 4551/4500/1098 4552/4501/1098
f 4553/4502/1098 4554/4503/1098 4555/4504/1098
f 4553/4502/1098 4555/4504/1098 4556/4505/1098
f 4557/4506/1114 4431/4382/1114 4502/4451/1114
f 4557/4506/1114 4502/4451/1114 4558/4507/1114
f 4559/4508/1115 4560/4509/1115 4561/4510/1115
f 4559/4508/1115 4561/4510/1115 4514/4463/1115
f 4562/4511/1116 4563/4512/1116 4564/4513/1116
f 4562/4511/1116 4564/4513/1116 4565/4514/1116
f 4566/4515/1117 4559/4508/1117 4514/4463/1117
f 4566/4515/1117 4514/4463/1117 4567/4516/1117
f 4560/4509/1118 4440/4391/1118 4568/4517/1118
f 4560/4509/1118 4568/4517/1118 4561/4510/1118
f 4563/4512/1119 4566/4515/1119 4567/4516/1119
f 4563/4512/1119 4567/4516/1119 4564/4513/1119
f 4440/4391/1120 4557/4506/1120 4558/4507/1120
f 4440/4391/1120 4558/4507/1120 4568/4517/1120
f 4431/4382/1121 4500/4449/1121 4522/4471/1121
f 4431/4382/1121 4522/4471/1121 4521/4470/1121
f 4569/4518/1122 4562/4511/1122 4565/4514/1122
f 4569/4518/1122 4565/4514/1122 4570/4519/1122
f 4571/4520/1123 4468/4419/1123 4530/4479/1123
f 4571/4520/1123 4530/4479/1123 4572/4521/1123
f 4573/4522/1124 4494/4443/1124 4534/4483/1124
f 4573/4522/1124 4534/4483/1124 4574/4523/1124
f 4575/4524/1125 4478/4429/1125 4538/4487/1125
f 4575/4524/1125 4538/4487/1125 4576/4525/1125
f 4577/4526/1126 4490/4439/1126 4542/4491/1126
f 4577/4526/1126 4542/4491/1126 4578/4527/1126
f 4490/4439/1127 4486/4435/1127 4546/4495/1127
f 4490/4439/1127 4546/4495/1127 4579/4528/1127
f 4580/4529/1128 4472/4423/1128 4550/4499/1128
f 4580/4529/1128 4550/4499/1128 4581/4530/1128
f 4486/4435/1129 4482/4432/1129 4554/4503/1129
f 4486/4435/1129 4554/4503/1129 4553/4502/1129
# Vertices: 158, normals: 34, texture coordinates: 156, faces: 128

o obj44
v 0.08014282 0.57917829 0.66030589
v 0.06233005 0.59343729 0.66092845
v 0.06236419 0.49977653 0.65683914
v 0.06233005 0.59343729 0.66092845
v 0.08014282 0.57917829 0.66030589
v 0.08014282 0.60371418 0.09834126
v 0.06233005 0.61797318 0.09896382
v 0.06233005 0.61797318 0.09896382
v 0.08014282 0.60371418 0.09834126
v 0.06236419 0.52431242 0.09487451
v 0.08897179 0.55283109 0.65915555
v 0.08014282 0.57917829 0.66030589
v 0.08897179 0.55283109 0.65915555
v 0.08897179 0.57736698 0.09719092
v 0.08014282 0.60371418 0.09834126
v 0.08897179 0.57736698 0.09719092
v 0.09375 0.51840681 0.65765255
v 0.09375 0.51840681 0.65765255
v 0.09375 0.54294271 0.09568792
v 0.09375 0.54294271 0.09568792
v 0.09375 0.48114624 0.65602572
v 0.09375 0.48114624 0.65602572
v 0.09375 0.50568213 0.09406109
v 0.09375 0.50568213 0.09406109
v 0.08897179 0.44672196 0.65452273
v 0.08897179 0.44672196 0.65452273
v 0.08897179 0.47125785 0.0925581
v 0.08897179 0.47125785 0.0925581
v 0.08014282 0.42037476 0.65337239
v 0.08014282 0.42037476 0.65337239
v 0.08014282 0.44491065 0.09140775
v 0.08014282 0.44491065 0.09140775
v 0.06358549 0.40611576 0.65274982
v 0.08014282 0.42037476 0.65337239
v 0.06358549 0.40611576 0.65274982
v 0.06358549 0.43065165 0.09078519
v 0.08014282 0.44491065 0.09140775
v 0.06358549 0.43065165 0.09078519
v 0.03499598 0.38407963 0.65178771
v 0.03499598 0.40861552 0.08982308
vn -0 -1 0
vn 0.62529 0 0.78039
vn 0 1 0
vn 0.94827 0 0.31746
vn 0.99052 0 0.13736
vn 1 0 0
vn 0.99052 0 -0.13736
vn 0.94827 0 -0.31746
vn 0.65291 0 -0.75743
vn 0.61084 0 -0.79175
vt 0.36354 0.53728
vt 0.36132 0.53906
vt 0.36132 0.52734
vt 0.125 0.65625
vt 0.13281 0.65625
vt 0.13281 0.72656
vt 0.125 0.72656
vt 0.03319 0.5
vt 0.03542 0.50178
vt 0.0332 0.51172
vt 0.36465 0.53398
vt 0.43125 0.21875
vt 0.43473 0.21875
vt 0.43473 0.28906
vt 0.43125 0.28906
vt 0.03652 0.50508
vt 0.36524 0.52968
vt 0.43908 0.21875
vt 0.43908 0.28906
vt 0.03712 0.50939
vt 0.36524 0.52501
vt 0.44374 0.21875
vt 0.44374 0.28906
vt 0.03712 0.51405
vt 0.36465 0.52071
vt 0.44809 0.21875
vt 0.44809 0.28906
vt 0.03652 0.51836
vt 0.36354 0.51741
vt 0.45156 0.21875
vt 0.45156 0.28906
vt 0.03542 0.52165
vt 0.36147 0.51562
vt 0.57812 0.71875
vt 0.58086 0.71875
vt 0.58086 0.78906
vt 0.57812 0.78906
vt 0.03335 0.52344
vt 0.58537 0.71875
vt 0.58537 0.78906
usemtl mat0
f 4582/4531/1130 4583/4532/1130 4584/4533/1130
f 4585/4534/1131 4586/4535/1131 4587/4536/1131
f 4585/4534/1131 4587/4536/1131 4588/4537/1131
f 4589/4538/1132 4590/4539/1132 4591/4540/1132
f 4592/4541/1130 4582/4531/1130 4584/4533/1130
f 4593/4542/1133 4594/4543/1133 4595/4544/1133
f 4593/4542/1133 4595/4544/1133 4596/4545/1133
f 4590/4539/1132 4597/4546/1132 4591/4540/1132
f 4598/4547/1130 4592/4541/1130 4584/4533/1130
f 4594/4543/1134 4599/4548/1134 4600/4549/1134
f 4594/4543/1134 4600/4549/1134 4595/4544/1134
f 4597/4546/1132 4601/4550/1132 4591/4540/1132
f 4602/4551/1130 4598/4547/1130 4584/4533/1130
f 4599/4548/1135 4603/4552/1135 4604/4553/1135
f 4599/4548/1135 4604/4553/1135 4600/4549/1135
f 4601/4550/1132 4605/4554/1132 4591/4540/1132
f 4606/4555/1130 4602/4551/1130 4584/4533/1130
f 4603/4552/1136 4607/4556/1136 4608/4557/1136
f 4603/4552/1136 4608/4557/1136 4604/4553/1136
f 4605/4554/1132 4609/4558/1132 4591/4540/1132
f 4610/4559/1130 4606/4555/1130 4584/4533/1130
f 4607/4556/1137 4611/4560/1137 4612/4561/1137
f 4607/4556/1137 4612/4561/1137 4608/4557/1137
f 4609/4558/1132 4613/4562/1132 4591/4540/1132
f 4614/4563/1130 4610/4559/1130 4584/4533/1130
f 4615/4564/1138 4616/4565/1138 4617/4566/1138
f 4615/4564/1138 4617/4566/1138 4618/4567/1138
f 4613/4562/1132 4619/4568/1132 4591/4540/1132
f 4616/4565/1139 4620/4569/1139 4621/4570/1139
f 4616/4565/1139 4621/4570/1139 4617/4566/1139
# Vertices: 40, normals: 10, texture coordinates: 40, faces: 30

o obj45
v 0.46337888 0.56194211 2.84913734
v 0.4406011 0.56341514 2.84920166
v 0.49440185 0.48671229 2.84585274
v 0.4406011 0.56341514 2.84920166
v 0.46337888 0.56194211 2.84913734
v 0.4633789 0.58647799 2.2871727
v 0.44060111 0.58795103 2.28723701
v 0.44060111 0.58795103 2.28723701
v 0.4633789 0.58647799 2.2871727
v 0.49440187 0.51124817 2.2838881
v 0.48573768 0.54541902 2.84841593
v 0.46337888 0.56194211 2.84913734
v 0.48573768 0.54541902 2.84841593
v 0.4857377 0.5699549 2.28645128
v 0.4633789 0.58647799 2.2871727
v 0.4857377 0.5699549 2.28645128
v 0.50941552 0.51995835 2.8473043
v 0.50941552 0.51995835 2.8473043
v 0.50941554 0.54449424 2.28533965
v 0.50941554 0.54449424 2.28533965
v 0.53080767 0.48943628 2.84597168
v 0.53080767 0.48943628 2.84597168
v 0.53080769 0.51397216 2.28400703
v 0.53080769 0.51397216 2.28400703
v 0.54665736 0.4584995 2.84462095
v 0.54665736 0.4584995 2.84462095
v 0.54665738 0.48303538 2.2826563
v 0.54665738 0.48303538 2.2826563
v 0.55455162 0.43185787 2.84345775
v 0.55455162 0.43185787 2.84345775
v 0.55455164 0.45639375 2.2814931
v 0.55455164 0.45639375 2.2814931
v 0.54917507 0.41068971 2.84253353
v 0.55455162 0.43185787 2.84345775
v 0.54917507 0.41068971 2.84253353
v 0.54917509 0.43522559 2.28056888
v 0.55455164 0.45639375 2.2814931
v 0.54917509 0.43522559 2.28056888
v 0.53840736 0.37625611 2.84103013
v 0.53840738 0.400792 2.27906548
vn -0 -1 0
vn 0.62529 0 0.78039
vn 0 1 0
vn 0.94827 0 0.31746
vn 0.99052 0 0.13736
vn 1 0 0
vn 0.99052 0 -0.13736
vn 0.94827 0 -0.31746
vn 0.65291 0 -0.75743
vn 0.61084 0 -0.79175
vt 0.31667 0.52165
vt 0.31444 0.52344
vt 0.31445 0.51172
vt 0.10156 0.5625
vt 0.10938 0.5625
vt 0.10938 0.63281
vt 0.10156 0.63281
vt 0.17382 0.52344
vt 0.17604 0.52522
vt 0.17382 0.53516
vt 0.31777 0.51836
vt 0.7125 0.34375
vt 0.71598 0.34375
vt 0.71598 0.41406
vt 0.7125 0.41406
vt 0.17715 0.52852
vt 0.31837 0.51405
vt 0.72032 0.34375
vt 0.72032 0.41406
vt 0.17774 0.53282
vt 0.31837 0.50939
vt 0.72499 0.34375
vt 0.72499 0.41406
vt 0.17774 0.53749
vt 0.31777 0.50508
vt 0.72934 0.34375
vt 0.72934 0.41406
vt 0.17715 0.54179
vt 0.31667 0.50178
vt 0.73281 0.34375
vt 0.73281 0.41406
vt 0.17604 0.54509
vt 0.3146 0.5
vt 0.07812 0.46875
vt 0.08086 0.46875
vt 0.08086 0.53906
vt 0.07812 0.53906
vt 0.17397 0.54688
vt 0.08537 0.46875
vt 0.08537 0.53906
usemtl mat0
f 4622/4571/1140 4623/4572/1140 4624/4573/1140
f 4625/4574/1141 4626/4575/1141 4627/4576/1141
f 4625/4574/1141 4627/4576/1141 4628/4577/1141
f 4629/4578/1142 4630/4579/1142 4631/4580/1142
f 4632/4581/1140 4622/4571/1140 4624/4573/1140
f 4633/4582/1143 4634/4583/1143 4635/4584/1143
f 4633/4582/1143 4635/4584/1143 4636/4585/1143
f 4630/4579/1142 4637/4586/1142 4631/4580/1142
f 4638/4587/1140 4632/4581/1140 4624/4573/1140
f 4634/4583/1144 4639/4588/1144 4640/4589/1144
f 4634/4583/1144 4640/4589/1144 4635/4584/1144
f 4637/4586/1142 4641/4590/1142 4631/4580/1142
f 4642/4591/1140 4638/4587/1140 4624/4573/1140
f 4639/4588/1145 4643/4592/1145 4644/4593/1145
f 4639/4588/1145 4644/4593/1145 4640/4589/1145
f 4641/4590/1142 4645/4594/1142 4631/4580/1142
f 4646/4595/1140 4642/4591/1140 4624/4573/1140
f 4643/4592/1146 4647/4596/1146 4648/4597/1146
f 4643/4592/1146 4648/4597/1146 4644/4593/1146
f 4645/4594/1142 4649/4598/1142 4631/4580/1142
f 4650/4599/1140 4646/4595/1140 4624/4573/1140
f 4647/4596/1147 4651/4600/1147 4652/4601/1147
f 4647/4596/1147 4652/4601/1147 4648/4597/1147
f 4649/4598/1142 4653/4602/1142 4631/4580/1142
f 4654/4603/1140 4650/4599/1140 4624/4573/1140
f 4655/4604/1148 4656/4605/1148 4657/4606/1148
f 4655/4604/1148 4657/4606/1148 4658/4607/1148
f 4653/4602/1142 4659/4608/1142 4631/4580/1142
f 4656/4605/1149 4660/4609/1149 4661/4610/1149
f 4656/4605/1149 4661/4610/1149 4657/4606/1149
# Vertices: 40, normals: 10, texture coordinates: 40, faces: 30

o obj46
v -0.4406011 0.56341514 2.84920166
v -0.46337888 0.56194211 2.84913734
v -0.49440185 0.48671229 2.84585274
v -0.4633789 0.58647799 2.2871727
v -0.46337888 0.56194211 2.84913734
v -0.4406011 0.56341514 2.84920166
v -0.44060111 0.58795103 2.28723701
v -0.4633789 0.58647799 2.2871727
v -0.44060111 0.58795103 2.28723701
v -0.49440187 0.51124817 2.2838881
v -0.48573768 0.54541902 2.84841593
v -0.4857377 0.5699549 2.28645128
v -0.48573768 0.54541902 2.84841593
v -0.46337888 0.56194211 2.84913734
v -0.4633789 0.58647799 2.2871727
v -0.4857377 0.5699549 2.28645128
v -0.50941552 0.51995835 2.8473043
v -0.50941554 0.54449424 2.28533965
v -0.50941552 0.51995835 2.8473043
v -0.50941554 0.54449424 2.28533965
v -0.53080767 0.48943628 2.84597168
v -0.53080769 0.51397216 2.28400703
v -0.53080767 0.48943628 2.84597168
v -0.53080769 0.51397216 2.28400703
v -0.54665736 0.4584995 2.84462095
v -0.54665738 0.48303538 2.2826563
v -0.54665736 0.4584995 2.84462095
v -0.54665738 0.48303538 2.2826563
v -0.55455162 0.43185787 2.84345775
v -0.55455164 0.45639375 2.2814931
v -0.55455162 0.43185787 2.84345775
v -0.55455164 0.45639375 2.2814931
v -0.54917507 0.41068971 2.84253353
v -0.54917509 0.43522559 2.28056888
v -0.54917507 0.41068971 2.84253353
v -0.55455162 0.43185787 2.84345775
v -0.55455164 0.45639375 2.2814931
v -0.54917509 0.43522559 2.28056888
v -0.53840738 0.400792 2.27906548
v -0.53840736 0.37625611 2.84103013
vn 0 -1 0
vn -0.62529 0 0.78039
vn -0 1 0
vn -0.94827 0 0.31746
vn -0.99052 0 0.13736
vn -1 0 0
vn -0.99052 0 -0.13736
vn -0.94827 0 -0.31746
vn -0.65291 0 -0.75743
vn -0.61084 0 -0.79175
vt 0.04493 0.50781
vt 0.04271 0.50603
vt 0.04493 0.49609
vt 0.17188 0.61719
vt 0.17188 0.54688
vt 0.17969 0.54688
vt 0.17969 0.61719
vt 0.45677 0.6971
vt 0.45899 0.69531
vt 0.45899 0.70703
vt 0.0416 0.50273
vt 0.72934 0.34375
vt 0.72934 0.27344
vt 0.73281 0.27344
vt 0.73281 0.34375
vt 0.45567 0.70039
vt 0.04101 0.49843
vt 0.72499 0.34375
vt 0.72499 0.27344
vt 0.45507 0.7047
vt 0.04101 0.49376
vt 0.72033 0.34375
vt 0.72033 0.27344
vt 0.45507 0.70936
vt 0.0416 0.48946
vt 0.71598 0.34375
vt 0.71598 0.27344
vt 0.45567 0.71367
vt 0.04271 0.48616
vt 0.7125 0.34375
vt 0.7125 0.27344
vt 0.45677 0.71697
vt 0.04478 0.48438
vt 0.09102 0.53906
vt 0.09102 0.46875
vt 0.09375 0.46875
vt 0.09375 0.53906
vt 0.45884 0.71875
vt 0.0865 0.53906
vt 0.0865 0.46875
usemtl mat0
f 4662/4611/1150 4663/4612/1150 4664/4613/1150
f 4665/4614/1151 4666/4615/1151 4667/4616/1151
f 4665/4614/1151 4667/4616/1151 4668/4617/1151
f 4669/4618/1152 4670/4619/1152 4671/4620/1152
f 4663/4612/1150 4672/4621/1150 4664/4613/1150
f 4673/4622/1153 4674/4623/1153 4675/4624/1153
f 4673/4622/1153 4675/4624/1153 4676/4625/1153
f 4677/4626/1152 4669/4618/1152 4671/4620/1152
f 4672/4621/1150 4678/4627/1150 4664/4613/1150
f 4679/4628/1154 4680/4629/1154 4674/4623/1154
f 4679/4628/1154 4674/4623/1154 4673/4622/1154
f 4681/4630/1152 4677/4626/1152 4671/4620/1152
f 4678/4627/1150 4682/4631/1150 4664/4613/1150
f 4683/4632/1155 4684/4633/1155 4680/4629/1155
f 4683/4632/1155 4680/4629/1155 4679/4628/1155
f 4685/4634/1152 4681/4630/1152 4671/4620/1152
f 4682/4631/1150 4686/4635/1150 4664/4613/1150
f 4687/4636/1156 4688/4637/1156 4684/4633/1156
f 4687/4636/1156 4684/4633/1156 4683/4632/1156
f 4689/4638/1152 4685/4634/1152 4671/4620/1152
f 4686/4635/1150 4690/4639/1150 4664/4613/1150
f 4691/4640/1157 4692/4641/1157 4688/4637/1157
f 4691/4640/1157 4688/4637/1157 4687/4636/1157
f 4693/4642/1152 4689/4638/1152 4671/4620/1152
f 4690/4639/1150 4694/4643/1150 4664/4613/1150
f 4695/4644/1158 4696/4645/1158 4697/4646/1158
f 4695/4644/1158 4697/4646/1158 4698/4647/1158
f 4699/4648/1152 4693/4642/1152 4671/4620/1152
f 4700/4649/1159 4701/4650/1159 4696/4645/1159
f 4700/4649/1159 4696/4645/1159 4695/4644/1159
# Vertices: 40, normals: 10, texture coordinates: 40, faces: 30

o obj47
v 0.00354034 0.71154845 -0.59375
v 0.0012432 0.71249998 -0.59375
v -0 0.70624995 -0.59375
v 0.0012432 0.71249998 -0.59375
v 0.00354034 0.71154845 -0.59375
v 0.00354034 0.71154845 -0.73579544
v 0.0012432 0.71249998 -0.73579544
v 0.0009324 0.7109375 -0.90625
v 0.00265526 0.71022391 -0.90625
v -0 0.70624995 -0.90625
v 0.00529849 0.70979035 -0.59375
v 0.00354034 0.71154845 -0.59375
v 0.00529849 0.70979035 -0.59375
v 0.00529849 0.70979035 -0.73579544
v 0.00354034 0.71154845 -0.73579544
v 0.00397387 0.70890522 -0.90625
v 0.00625 0.70749319 -0.59375
v 0.00625 0.70749319 -0.59375
v 0.00625 0.70749319 -0.73579544
v 0.0046875 0.70718241 -0.90625
v 0.00625 0.70500684 -0.59375
v 0.00625 0.70500684 -0.59375
v 0.00625 0.70500684 -0.73579544
v 0.0046875 0.70531762 -0.90625
v 0.00529849 0.70270967 -0.59375
v 0.00529849 0.70270967 -0.59375
v 0.00529849 0.70270967 -0.73579544
v 0.00397387 0.7035948 -0.90625
v 0.00354034 0.70095146 -0.59375
v 0.00354034 0.70095146 -0.59375
v 0.00354034 0.70095146 -0.73579544
v 0.00265526 0.70227611 -0.90625
v 0.0012432 0.70000005 -0.59375
v 0.00354034 0.70095146 -0.59375
v 0.0012432 0.70000005 -0.59375
v 0.0012432 0.70000005 -0.73579544
v 0.00354034 0.70095146 -0.73579544
v 0.0009324 0.70156252 -0.90625
v -0.0012432 0.70000005 -0.59375
v -0.0012432 0.70000005 -0.59375
v -0.0012432 0.70000005 -0.73579544
v -0.0009324 0.70156252 -0.90625
v -0.00354034 0.70095146 -0.59375
v -0.00354034 0.70095146 -0.59375
v -0.00354034 0.70095146 -0.73579544
v -0.00265526 0.70227611 -0.90625
v -0.00529849 0.70270967 -0.59375
v -0.00354034 0.70095146 -0.59375
v -0.00529849 0.70270967 -0.59375
v -0.00529849 0.70270967 -0.73579544
v -0.00354034 0.70095146 -0.73579544
v -0.00397387 0.7035948 -0.90625
v -0.00625 0.70500684 -0.59375
v -0.00625 0.70500684 -0.59375
v -0.00625 0.70500684 -0.73579544
v -0.0046875 0.70531762 -0.90625
v -0.00625 0.70749319 -0.59375
v -0.00625 0.70749319 -0.59375
v -0.00625 0.70749319 -0.73579544
v -0.0046875 0.70718241 -0.90625
v -0.00529849 0.70979035 -0.59375
v -0.00529849 0.70979035 -0.59375
v -0.00529849 0.70979035 -0.73579544
v -0.00397387 0.70890522 -0.90625
v -0.00354034 0.71154845 -0.59375
v -0.00354034 0.71154845 -0.59375
v -0.00354034 0.71154845 -0.73579544
v -0.00265526 0.71022391 -0.90625
v -0.0012432 0.71249998 -0.59375
v -0.00354034 0.71154845 -0.59375
v -0.0012432 0.71249998 -0.59375
v -0.0012432 0.71249998 -0.73579544
v -0.00354034 0.71154845 -0.73579544
v -0.0009324 0.7109375 -0.90625
v -0.00265526 0.71022391 -0.90625
v -0.00397387 0.70890522 -0.90625
v -0.00529849 0.70979035 -0.73579544
v -0.00354034 0.71154845 -0.73579544
v 0.00265526 0.71022391 -0.90625
v 0.0009324 0.7109375 -0.90625
v 0.00354034 0.71154845 -0.73579544
v -0.0009324 0.7109375 -0.90625
v 0.0046875 0.70531762 -0.90625
v 0.0046875 0.70718241 -0.90625
v -0.00265526 0.71022391 -0.90625
v -0.00354034 0.71154845 -0.73579544
v 0.00397387 0.70890522 -0.90625
v 0.00265526 0.71022391 -0.90625
v 0.00354034 0.71154845 -0.73579544
v 0.00529849 0.70979035 -0.73579544
v 0.00397387 0.70890522 -0.90625
v 0.00529849 0.70979035 -0.73579544
v 0.00625 0.70749319 -0.73579544
v -0.00397387 0.70890522 -0.90625
v -0.0046875 0.70718241 -0.90625
v -0.00625 0.70749319 -0.73579544
v -0.00529849 0.70979035 -0.73579544
v -0.0046875 0.70531762 -0.90625
v 0.00397387 0.7035948 -0.90625
v 0.00529849 0.70270967 -0.73579544
v -0.00397387 0.7035948 -0.90625
v -0.00529849 0.70270967 -0.73579544
v 0.00265526 0.70227611 -0.90625
v 0.00397387 0.7035948 -0.90625
v 0.00529849 0.70270967 -0.73579544
v 0.00354034 0.70095146 -0.73579544
v 0.0009324 0.70156252 -0.90625
v 0.00265526 0.70227611 -0.90625
v 0.00354034 0.70095146 -0.73579544
v -0.0009324 0.70156252 -0.90625
v -0.00397387 0.7035948 -0.90625
v -0.00265526 0.70227611 -0.90625
v -0.00354034 0.70095146 -0.73579544
v -0.00529849 0.70270967 -0.73579544
v -0.00265526 0.70227611 -0.90625
v -0.00354034 0.70095146 -0.73579544
vn -0 -1 0
vn 0.38268 0 0.92388
vn 0 1 0
vn 0.70711 0 0.70711
vn 0.92388 0 0.38268
vn 1 0 0
vn 0.92388 0 -0.38268
vn 0.70711 0 -0.70711
vn 0.38268 0 -0.92388
vn 0 0 -1
vn -0.38268 0 -0.92388
vn -0.70711 0 -0.70711
vn -0.92388 0 -0.38268
vn -1 0 -0
vn -0.92388 0 0.38268
vn -0.70711 0 0.70711
vn -0.38268 0 0.92388
vn 0 0 1
vn -0.70708 0.00917 0.70708
vn 0.38267 0.00917 0.92384
vn 0 0.00917 0.99996
vn 0.99996 0.00917 0
vn -0.38267 0.00917 0.92384
vn 0.70708 0.00917 0.70708
vn 0.92384 0.00917 0.38267
vn -0.92384 0.00917 0.38267
vn -0.99996 0.00917 -0
vn 0.92384 0.00917 -0.38267
vn -0.92384 0.00917 -0.38267
vn 0.70708 0.00917 -0.70708
vn 0.38267 0.00917 -0.92384
vn 0 0.00917 -0.99996
vn -0.70708 0.00917 -0.70708
vn -0.38267 0.00917 -0.92384
vt 0.35591 0.74363
vt 0.35562 0.74375
vt 0.35547 0.74297
vt 0.05875 0.19531
vt 0.05906 0.19531
vt 0.05906 0.21307
vt 0.05875 0.21307
vt 0.3634 0.97539
vt 0.36361 0.97548
vt 0.36328 0.97598
vt 0.35613 0.74341
vt 0.03438 0.19531
vt 0.03469 0.19531
vt 0.03469 0.21307
vt 0.03438 0.21307
vt 0.36378 0.97564
vt 0.35625 0.74312
vt 0.035 0.19531
vt 0.035 0.21307
vt 0.36387 0.97586
vt 0.35625 0.74281
vt 0.03531 0.19531
vt 0.03531 0.21307
vt 0.36387 0.97609
vt 0.35613 0.74253
vt 0.03562 0.19531
vt 0.03562 0.21307
vt 0.36378 0.97631
vt 0.35591 0.74231
vt 0.03593 0.19531
vt 0.03593 0.21307
vt 0.36361 0.97647
vt 0.35562 0.74219
vt 0.06594 0.19531
vt 0.06625 0.19531
vt 0.06625 0.21307
vt 0.06594 0.21307
vt 0.3634 0.97656
vt 0.35531 0.74219
vt 0.06656 0.19531
vt 0.06656 0.21307
vt 0.36316 0.97656
vt 0.35503 0.74231
vt 0.06687 0.19531
vt 0.06687 0.21307
vt 0.36295 0.97647
vt 0.35481 0.74253
vt 0.05 0.19531
vt 0.05031 0.19531
vt 0.05031 0.21307
vt 0.05 0.21307
vt 0.36278 0.97631
vt 0.35469 0.74281
vt 0.05063 0.19531
vt 0.05063 0.21307
vt 0.3627 0.97609
vt 0.35469 0.74312
vt 0.05094 0.19531
vt 0.05094 0.21307
vt 0.3627 0.97586
vt 0.35481 0.74341
vt 0.05125 0.19531
vt 0.05125 0.21307
vt 0.36278 0.97564
vt 0.35503 0.74363
vt 0.05156 0.19531
vt 0.05156 0.21307
vt 0.36295 0.97548
vt 0.35531 0.74375
vt 0.05813 0.19531
vt 0.05844 0.19531
vt 0.05844 0.21307
vt 0.05813 0.21307
vt 0.36316 0.97539
vt 0.54715 0.89844
vt 0.54691 0.89844
vt 0.54688 0.875
vt 0.54719 0.875
vt 0.05894 0.23438
vt 0.05871 0.23437
vt 0.05906 0.21307
vt 0.05848 0.23437
vt 0.03527 0.23437
vt 0.03504 0.23437
vt 0.05824 0.23438
vt 0.05813 0.21307
vt 0.56246 0.59375
vt 0.56223 0.59375
vt 0.56219 0.57031
vt 0.5625 0.57031
vt 0.03481 0.23438
vt 0.03469 0.21307
vt 0.035 0.21307
vt 0.05113 0.23438
vt 0.0509 0.23437
vt 0.05094 0.21307
vt 0.05125 0.21307
vt 0.05066 0.23437
vt 0.03551 0.23438
vt 0.03562 0.21307
vt 0.05043 0.23438
vt 0.05031 0.21307
vt 0.21121 0.45312
vt 0.21098 0.45312
vt 0.21094 0.42969
vt 0.21125 0.42969
vt 0.06629 0.23437
vt 0.06606 0.23438
vt 0.06594 0.21307
vt 0.06652 0.23437
vt 0.53902 0.4375
vt 0.53879 0.4375
vt 0.53875 0.41406
vt 0.53906 0.41406
vt 0.06676 0.23438
vt 0.06687 0.21307
usemtl mat0
f 4702/4651/1160 4703/4652/1160 4704/4653/1160
f 4705/4654/1161 4706/4655/1161 4707/4656/1161
f 4705/4654/1161 4707/4656/1161 4708/4657/1161
f 4709/4658/1162 4710/4659/1162 4711/4660/1162
f 4712/4661/1160 4702/4651/1160 4704/4653/1160
f 4713/4662/1163 4714/4663/1163 4715/4664/1163
f 4713/4662/1163 4715/4664/1163 4716/4665/1163
f 4710/4659/1162 4717/4666/1162 4711/4660/1162
f 4718/4667/1160 4712/4661/1160 4704/4653/1160
f 4714/4663/1164 4719/4668/1164 4720/4669/1164
f 4714/4663/1164 4720/4669/1164 4715/4664/1164
f 4717/4666/1162 4721/4670/1162 4711/4660/1162
f 4722/4671/1160 4718/4667/1160 4704/4653/1160
f 4719/4668/1165 4723/4672/1165 4724/4673/1165
f 4719/4668/1165 4724/4673/1165 4720/4669/1165
f 4721/4670/1162 4725/4674/1162 4711/4660/1162
f 4726/4675/1160 4722/4671/1160 4704/4653/1160
f 4723/4672/1166 4727/4676/1166 4728/4677/1166
f 4723/4672/1166 4728/4677/1166 4724/4673/1166
f 4725/4674/1162 4729/4678/1162 4711/4660/1162
f 4730/4679/1160 4726/4675/1160 4704/4653/1160
f 4727/4676/1167 4731/4680/1167 4732/4681/1167
f 4727/4676/1167 4732/4681/1167 4728/4677/1167
f 4729/4678/1162 4733/4682/1162 4711/4660/1162
f 4734/4683/1160 4730/4679/1160 4704/4653/1160
f 4735/4684/1168 4736/4685/1168 4737/4686/1168
f 4735/4684/1168 4737/4686/1168 4738/4687/1168
f 4733/4682/1162 4739/4688/1162 4711/4660/1162
f 4740/4689/1160 4734/4683/1160 4704/4653/1160
f 4736/4685/1169 4741/4690/1169 4742/4691/1169
f 4736/4685/1169 4742/4691/1169 4737/4686/1169
f 4739/4688/1162 4743/4692/1162 4711/4660/1162
f 4744/4693/1160 4740/4689/1160 4704/4653/1160
f 4741/4690/1170 4745/4694/1170 4746/4695/1170
f 4741/4690/1170 4746/4695/1170 4742/4691/1170
f 4743/4692/1162 4747/4696/1162 4711/4660/1162
f 4748/4697/1160 4744/4693/1160 4704/4653/1160
f 4749/4698/1171 4750/4699/1171 4751/4700/1171
f 4749/4698/1171 4751/4700/1171 4752/4701/1171
f 4747/4696/1162 4753/4702/1162 4711/4660/1162
f 4754/4703/1160 4748/4697/1160 4704/4653/1160
f 4750/4699/1172 4755/4704/1172 4756/4705/1172
f 4750/4699/1172 4756/4705/1172 4751/4700/1172
f 4753/4702/1162 4757/4706/1162 4711/4660/1162
f 4758/4707/1160 4754/4703/1160 4704/4653/1160
f 4755/4704/1173 4759/4708/1173 4760/4709/1173
f 4755/4704/1173 4760/4709/1173 4756/4705/1173
f 4757/4706/1162 4761/4710/1162 4711/4660/1162
f 4762/4711/1160 4758/4707/1160 4704/4653/1160
f 4759/4708/1174 4763/4712/1174 4764/4713/1174
f 4759/4708/1174 4764/4713/1174 4760/4709/1174
f 4761/4710/1162 4765/4714/1162 4711/4660/1162
f 4766/4715/1160 4762/4711/1160 4704/4653/1160
f 4763/4712/1175 4767/4716/1175 4768/4717/1175
f 4763/4712/1175 4768/4717/1175 4764/4713/1175
f 4765/4714/1162 4769/4718/1162 4711/4660/1162
f 4770/4719/1160 4766/4715/1160 4704/4653/1160
f 4771/4720/1176 4772/4721/1176 4773/4722/1176
f 4771/4720/1176 4773/4722/1176 4774/4723/1176
f 4769/4718/1162 4775/4724/1162 4711/4660/1162
f 4703/4652/1160 4770/4719/1160 4704/4653/1160
f 4772/4721/1177 4705/4654/1177 4708/4657/1177
f 4772/4721/1177 4708/4657/1177 4773/4722/1177
f 4775/4724/1162 4709/4658/1162 4711/4660/1162
f 4776/4725/1178 4777/4726/1178 4778/4727/1178
f 4776/4725/1178 4778/4727/1178 4779/4728/1178
f 4780/4729/1179 4781/4730/1179 4708/4657/1179
f 4780/4729/1179 4708/4657/1179 4782/4731/1179
f 4781/4730/1180 4783/4732/1180 4773/4722/1180
f 4781/4730/1180 4773/4722/1180 4708/4657/1180
f 4784/4733/1181 4785/4734/1181 4720/4669/1181
f 4784/4733/1181 4720/4669/1181 4724/4673/1181
f 4783/4732/1182 4786/4735/1182 4787/4736/1182
f 4783/4732/1182 4787/4736/1182 4773/4722/1182
f 4788/4737/1183 4789/4738/1183 4790/4739/1183
f 4788/4737/1183 4790/4739/1183 4791/4740/1183
f 4785/4734/1184 4792/4741/1184 4793/4742/1184
f 4785/4734/1184 4793/4742/1184 4794/4743/1184
f 4795/4744/1185 4796/4745/1185 4797/4746/1185
f 4795/4744/1185 4797/4746/1185 4798/4747/1185
f 4796/4745/1186 4799/4748/1186 4756/4705/1186
f 4796/4745/1186 4756/4705/1186 4760/4709/1186
f 4800/4749/1187 4784/4733/1187 4724/4673/1187
f 4800/4749/1187 4724/4673/1187 4801/4750/1187
f 4799/4748/1188 4802/4751/1188 4803/4752/1188
f 4799/4748/1188 4803/4752/1188 4756/4705/1188
f 4804/4753/1189 4805/4754/1189 4806/4755/1189
f 4804/4753/1189 4806/4755/1189 4807/4756/1189
f 4808/4757/1190 4809/4758/1190 4810/4759/1190
f 4808/4757/1190 4810/4759/1190 4737/4686/1190
f 4811/4760/1191 4808/4757/1191 4737/4686/1191
f 4811/4760/1191 4737/4686/1191 4742/4691/1191
f 4812/4761/1192 4813/4762/1192 4814/4763/1192
f 4812/4761/1192 4814/4763/1192 4815/4764/1192
f 4816/4765/1193 4811/4760/1193 4742/4691/1193
f 4816/4765/1193 4742/4691/1193 4817/4766/1193
# Vertices: 116, normals: 34, texture coordinates: 116, faces: 96

o obj48
v 0.3488038 0.63535787 0.97108258
v 0.34827018 0.63291996 1.03353274
v 0.31930204 0.60913522 1.03235671
v 0.31983566 0.61157313 0.96990656
v 0.31533344 0.61396107 1.03251119
v 0.34430157 0.63774581 1.03368722
v 0.34483519 0.64018371 0.97123706
v 0.31586706 0.61639897 0.97006104
v 0.34430157 0.63774581 1.03368722
v 0.34827018 0.63291996 1.03353274
v 0.3488038 0.63535787 0.97108258
v 0.34483519 0.64018371 0.97123706
v 0.31983566 0.61157313 0.96990656
v 0.31533344 0.61396107 1.03251119
v 0.31586706 0.61639897 0.97006104
v 0.31930204 0.60913522 1.03235671
v 0.34827018 0.63291996 1.03353274
v 0.34430157 0.63774581 1.03368722
v 0.31533344 0.61396107 1.03251119
v 0.34483519 0.64018371 0.97123706
v 0.3488038 0.63535787 0.97108258
v 0.31586706 0.61639897 0.97006104
vn 1 0 0
vn -1 0 0
vn 0 1 0
vn 0 -1 0
vn 0 0 1
vn 0 0 -1
vt 0.125 0.875
vt 0.0625 0.875
vt 0.0625 0.8125
vt 0.125 0.8125
vt 0.1875 0.875
vt 0.1875 0.9375
vt 0.125 0.9375
vt 0.1875 0.8125
vt 0.0625 0.75
vt 0 0.8125
vt 0 0.75
vt 0.25 0.9375
vt 0.25 1
vt 0.1875 1
vt 0.125 0.75
usemtl mat4
f 4818/4767/1194 4819/4768/1194 4820/4769/1194
f 4818/4767/1194 4820/4769/1194 4821/4770/1194
f 4822/4771/1195 4823/4772/1195 4824/4773/1195
f 4822/4771/1195 4824/4773/1195 4825/4767/1195
f 4826/4770/1196 4827/4774/1196 4828/4771/1196
f 4826/4770/1196 4828/4771/1196 4829/4767/1196
f 4830/4775/1197 4820/4769/1197 4831/4776/1197
f 4830/4775/1197 4831/4776/1197 4832/4777/1197
f 4833/4778/1198 4834/4779/1198 4835/4780/1198
f 4833/4778/1198 4835/4780/1198 4836/4772/1198
f 4837/4770/1199 4838/4769/1199 4830/4775/1199
f 4837/4770/1199 4830/4775/1199 4839/4781/1199
# Vertices: 22, normals: 6, texture coordinates: 15, faces: 12

o obj49
v -0.31930204 0.60913522 1.03235671
v -0.34827018 0.63291996 1.03353274
v -0.3488038 0.63535787 0.97108258
v -0.31983566 0.61157313 0.96990656
v -0.34483519 0.64018371 0.97123706
v -0.34430157 0.63774581 1.03368722
v -0.31533344 0.61396107 1.03251119
v -0.31586706 0.61639897 0.97006104
v -0.3488038 0.63535787 0.97108258
v -0.34827018 0.63291996 1.03353274
v -0.34430157 0.63774581 1.03368722
v -0.34483519 0.64018371 0.97123706
v -0.31533344 0.61396107 1.03251119
v -0.31983566 0.61157313 0.96990656
v -0.31586706 0.61639897 0.97006104
v -0.34430157 0.63774581 1.03368722
v -0.34827018 0.63291996 1.03353274
v -0.31930204 0.60913522 1.03235671
v -0.31533344 0.61396107 1.03251119
v -0.31983566 0.61157313 0.96990656
v -0.3488038 0.63535787 0.97108258
v -0.31586706 0.61639897 0.97006104
vn -1 0 0
vn 1 0 0
vn 0 1 0
vn 0 -1 0
vn 0 0 1
vn 0 0 -1
vt 0.0625 0.9375
vt 0.0625 1
vt 0 1
vt 0 0.9375
vt 0 0.875
vt 0.0625 0.875
vt 0.125 0.9375
vt 0.125 1
vt 0.125 0.875
vt 0 0.8125
vt 0.0625 0.8125
vt 0.1875 0.9375
vt 0.1875 1
usemtl mat4
f 4840/4782/1200 4841/4783/1200 4842/4784/1200
f 4840/4782/1200 4842/4784/1200 4843/4785/1200
f 4844/4782/1201 4845/4785/1201 4846/4786/1201
f 4844/4782/1201 4846/4786/1201 4847/4787/1201
f 4848/4783/1202 4849/4782/1202 4850/4788/1202
f 4848/4783/1202 4850/4788/1202 4851/4789/1202
f 4852/4788/1203 4840/4782/1203 4853/4787/1203
f 4852/4788/1203 4853/4787/1203 4854/4790/1203
f 4855/4787/1204 4856/4786/1204 4857/4791/1204
f 4855/4787/1204 4857/4791/1204 4858/4792/1204
f 4859/4793/1205 4860/4794/1205 4851/4789/1205
f 4859/4793/1205 4851/4789/1205 4861/4788/1205
# Vertices: 22, normals: 6, texture coordinates: 13, faces: 12

o obj50
v 0.03125 0.83749998 0.46875
v 0.03125 0.83749998 0.53125
v 0.03125 0.8125 0.53125
v 0.03125 0.8125 0.46875
v -0.03125 0.8125 0.53125
v -0.03125 0.83749998 0.53125
v -0.03125 0.83749998 0.46875
v -0.03125 0.8125 0.46875
v -0.03125 0.83749998 0.53125
v 0.03125 0.83749998 0.53125
v 0.03125 0.83749998 0.46875
v -0.03125 0.83749998 0.46875
v 0.03125 0.8125 0.46875
v 0.03125 0.8125 0.53125
v -0.03125 0.8125 0.53125
v -0.03125 0.8125 0.46875
v 0.03125 0.8125 0.56875002
v 0.03125 0.83749998 0.56875002
v -0.03125 0.83749998 0.56875002
v -0.03125 0.8125 0.56875002
v -0.03125 0.83749998 0.46875
v 0.03125 0.83749998 0.46875
v 0.03125 0.8125 0.46875
v -0.03125 0.8125 0.46875
v 0.03125 0.83749998 0.56875002
v 0.03125 0.8125 0.56875002
v -0.01875 0.9375 0.61250001
v 0.01875 0.9375 0.61250001
v 0.01875 0.9375 0.58125001
v -0.01875 0.9375 0.58125001
v -0.03125 0.8125 0.56875002
v -0.03125 0.83749998 0.56875002
v 0.03125 0.8125 0.56875002
v -0.03125 0.8125 0.56875002
v 0.03125 0.91874999 0.60000002
v -0.03125 0.91874999 0.60000002
v 0.03125 0.91874999 0.5625
v 0.03125 0.91874999 0.60000002
v -0.03125 0.91874999 0.5625
v 0.03125 0.91874999 0.5625
v 0.03125 0.83749998 0.53125
v -0.03125 0.83749998 0.53125
v -0.03125 0.91874999 0.60000002
v -0.03125 0.91874999 0.5625
v 0.01875 0.9375 0.61250001
v -0.01875 0.9375 0.61250001
v 0.01875 0.9375 0.58125001
v 0.01875 0.9375 0.61250001
v -0.01875 0.9375 0.58125001
v 0.01875 0.9375 0.58125001
v -0.01875 0.9375 0.61250001
v -0.01875 0.9375 0.58125001
vn 1 0 0
vn -1 0 0
vn 0 1 0
vn 0 -1 0
vn 0 0 1
vn 0 0 -1
vn 0 1 0
vn 0 -1 -0
vn 0 -0.35898 0.93335
vn 0 0.35898 -0.93335
vn 0 -0.5547 0.83205
vn 0.83205 0.5547 0
vn 0 0.70711 -0.70711
vn -0.83205 0.5547 0
vt 0.3375 0.70872
vt 0.275 0.70872
vt 0.275 0.68372
vt 0.3375 0.68372
vt 0.06875 0.62122
vt 0.06875 0.64622
vt 0.00625 0.64622
vt 0.00625 0.62122
vt 0 0.6875
vt 0.0625 0.6875
vt 0.0625 0.75
vt 0 0.75
vt 0.375 0.51562
vt 0.375 0.57812
vt 0.3125 0.57812
vt 0.3125 0.51562
vt 0.1875 0.55291
vt 0.1875 0.57791
vt 0.125 0.57791
vt 0.125 0.55291
vt 0.4375 0.625
vt 0.375 0.625
vt 0.375 0.5625
vt 0.4375 0.5625
vt 0.2375 0.70872
vt 0.2375 0.68372
vt 0 0.5
vt 0.0625 0.5
vt 0.0625 0.5625
vt 0 0.5625
vt 0.10625 0.62122
vt 0.10625 0.64622
vt 0.375 0.61563
vt 0.3125 0.61563
vt 0.1875 0.66497
vt 0.125 0.66497
vt 0.24375 0.78997
vt 0.20625 0.78997
vt 0.4375 0.72348
vt 0.375 0.72348
vt 0.375 0.63643
vt 0.4375 0.63643
vt 0.1375 0.72747
vt 0.1 0.72747
vt 0.175 0.6875
vt 0.1375 0.6875
vt 0.225 0.8125
vt 0.19375 0.8125
vt 0.425 0.75
vt 0.3875 0.75
vt 0.15 0.75
vt 0.11875 0.75
usemtl mat5
f 4862/4795/1206 4863/4796/1206 4864/4797/1206
f 4862/4795/1206 4864/4797/1206 4865/4798/1206
f 4866/4799/1207 4867/4800/1207 4868/4801/1207
f 4866/4799/1207 4868/4801/1207 4869/4802/1207
f 4870/4803/1208 4871/4804/1208 4872/4805/1208
f 4870/4803/1208 4872/4805/1208 4873/4806/1208
f 4874/4807/1209 4875/4808/1209 4876/4809/1209
f 4874/4807/1209 4876/4809/1209 4877/4810/1209
f 4878/4811/1210 4879/4812/1210 4880/4813/1210
f 4878/4811/1210 4880/4813/1210 4881/4814/1210
f 4882/4815/1211 4883/4816/1211 4884/4817/1211
f 4882/4815/1211 4884/4817/1211 4885/4818/1211
f 4886/4819/1206 4887/4820/1206 4864/4797/1206
f 4886/4819/1206 4864/4797/1206 4863/4796/1206
f 4888/4821/1212 4889/4822/1212 4890/4823/1212
f 4888/4821/1212 4890/4823/1212 4891/4824/1212
f 4892/4825/1207 4893/4826/1207 4867/4800/1207
f 4892/4825/1207 4867/4800/1207 4866/4799/1207
f 4894/4827/1213 4895/4828/1213 4876/4809/1213
f 4894/4827/1213 4876/4809/1213 4875/4808/1213
f 4896/4829/1214 4897/4830/1214 4880/4813/1214
f 4896/4829/1214 4880/4813/1214 4879/4812/1214
f 4898/4831/1206 4899/4832/1206 4886/4819/1206
f 4898/4831/1206 4886/4819/1206 4863/4796/1206
f 4900/4833/1215 4901/4834/1215 4902/4835/1215
f 4900/4833/1215 4902/4835/1215 4903/4836/1215
f 4904/4837/1207 4905/4838/1207 4867/4800/1207
f 4904/4837/1207 4867/4800/1207 4893/4826/1207
f 4906/4839/1216 4907/4840/1216 4897/4830/1216
f 4906/4839/1216 4897/4830/1216 4896/4829/1216
f 4908/4841/1217 4909/4842/1217 4899/4832/1217
f 4908/4841/1217 4899/4832/1217 4898/4831/1217
f 4910/4843/1218 4911/4844/1218 4901/4834/1218
f 4910/4843/1218 4901/4834/1218 4900/4833/1218
f 4912/4845/1219 4913/4846/1219 4905/4838/1219
f 4912/4845/1219 4905/4838/1219 4904/4837/1219
# Vertices: 52, normals: 14, texture coordinates: 52, faces: 36

o obj51
v 0.0625 0.875 0.21875
v 0.0625 0.88749999 0.40625
v 0.0625 0.8125 0.40625
v 0.0625 0.8125 0.21875
v -0.0625 0.8125 0.40625
v -0.0625 0.88749999 0.40625
v -0.0625 0.875 0.21875
v -0.0625 0.8125 0.21875
v 0.0625 0.875 0.21875
v 0.01875 0.875 0.21875
v 0.01875 0.89999998 0.40625
v 0.0625 0.88749999 0.40625
v 0.0625 0.8125 0.40625
v 0.01875 0.8125 0.40625
v 0.01875 0.8125 0.21875
v 0.0625 0.8125 0.21875
v 0.0625 0.88749999 0.40625
v 0.01875 0.89999998 0.40625
v 0.01875 0.8125 0.40625
v 0.0625 0.8125 0.40625
v 0.0625 0.8125 0.21875
v 0.01875 0.8125 0.21875
v 0.01875 0.875 0.21875
v 0.0625 0.875 0.21875
v -0.021875 0.875 0.21875
v -0.021875 0.89999998 0.40625
v -0.021875 0.8125 0.21875
v -0.021875 0.875 0.21875
v -0.021875 0.8125 0.40625
v -0.021875 0.8125 0.21875
v -0.021875 0.89999998 0.40625
v -0.021875 0.8125 0.40625
v -0.0625 0.88749999 0.40625
v -0.021875 0.875 0.21875
v -0.0625 0.875 0.21875
v -0.0625 0.875 0.21875
v -0.0625 0.8125 0.21875
v -0.0625 0.8125 0.21875
v -0.0625 0.8125 0.40625
v -0.0625 0.8125 0.40625
v -0.0625 0.88749999 0.40625
vn 1 0 0
vn -1 0 0
vn 0 0.99123 -0.13216
vn 0 -1 0
vn 0 0 1
vn 0 0 -1
vn -0.29173 0.94811 -0.12641
vt 0.5 0.9875
vt 0.3125 1
vt 0.3125 0.9375
vt 0.5 0.9375
vt 0.5 0.875
vt 0.3125 0.925
vt 0.3125 0.875
vt 0.00689 0.81084
vt 0.05064 0.81084
vt 0.05064 1
vt 0.00689 0.99835
vt 0.26875 1
vt 0.26875 0.8125
vt 0.3125 0.8125
vt 0.4375 0.8625
vt 0.39375 0.875
vt 0.39375 0.7875
vt 0.4375 0.7875
vt 0.1875 0.5625
vt 0.23125 0.5625
vt 0.23125 0.625
vt 0.1875 0.625
vt 0.09126 0.81084
vt 0.09126 1
vt 0.27187 0.5625
vt 0.27187 0.625
vt 0.22813 1
vt 0.22813 0.8125
vt 0.35313 0.875
vt 0.35313 0.7875
vt 0.13374 0.99834
vt 0.09126 0.81084
vt 0.13012 0.81084
vt 0.3125 0.625
vt 0.3125 0.5625
vt 0.1875 0.8125
vt 0.1875 1
vt 0.3125 0.7875
vt 0.3125 0.8625
usemtl mat5
f 4914/4847/1220 4915/4848/1220 4916/4849/1220
f 4914/4847/1220 4916/4849/1220 4917/4850/1220
f 4918/4851/1221 4919/4850/1221 4920/4852/1221
f 4918/4851/1221 4920/4852/1221 4921/4853/1221
f 4922/4854/1222 4923/4855/1222 4924/4856/1222
f 4922/4854/1222 4924/4856/1222 4925/4857/1222
f 4926/4848/1223 4927/4858/1223 4928/4859/1223
f 4926/4848/1223 4928/4859/1223 4929/4860/1223
f 4930/4861/1224 4931/4862/1224 4932/4863/1224
f 4930/4861/1224 4932/4863/1224 4933/4864/1224
f 4934/4865/1225 4935/4866/1225 4936/4867/1225
f 4934/4865/1225 4936/4867/1225 4937/4868/1225
f 4923/4855/1222 4938/4869/1222 4939/4870/1222
f 4923/4855/1222 4939/4870/1222 4924/4856/1222
f 4935/4866/1225 4940/4871/1225 4941/4872/1225
f 4935/4866/1225 4941/4872/1225 4936/4867/1225
f 4927/4858/1223 4942/4873/1223 4943/4874/1223
f 4927/4858/1223 4943/4874/1223 4928/4859/1223
f 4931/4862/1224 4944/4875/1224 4945/4876/1224
f 4931/4862/1224 4945/4876/1224 4932/4863/1224
f 4946/4877/1226 4939/4870/1226 4947/4878/1226
f 4946/4877/1226 4947/4878/1226 4948/4879/1226
f 4949/4880/1225 4941/4872/1225 4940/4871/1225
f 4949/4880/1225 4940/4871/1225 4950/4881/1225
f 4951/4882/1223 4943/4874/1223 4942/4873/1223
f 4951/4882/1223 4942/4873/1223 4952/4883/1223
f 4953/4884/1224 4945/4876/1224 4944/4875/1224
f 4953/4884/1224 4944/4875/1224 4954/4885/1224
# Vertices: 41, normals: 7, texture coordinates: 39, faces: 28

o obj52
v -0.03125 0.91874999 0.38124999
v -0.03125 0.91874999 0.39375001
v -0.03125 0.88749999 0.39375001
v -0.03125 0.88749999 0.38124999
v -0.04375 0.88749999 0.39375001
v -0.04375 0.91874999 0.39375001
v -0.04375 0.91874999 0.38124999
v -0.04375 0.88749999 0.38124999
v -0.04375 0.93124998 0.40625
v -0.03125 0.93124998 0.40625
v -0.03125 0.93124998 0.39375001
v -0.04375 0.93124998 0.39375001
v -0.03125 0.88749999 0.38124999
v -0.03125 0.88749999 0.39375001
v -0.04375 0.88749999 0.39375001
v -0.04375 0.88749999 0.38124999
v -0.03125 0.88749999 0.39375001
v -0.03125 0.91874999 0.39375001
v -0.04375 0.91874999 0.39375001
v -0.04375 0.88749999 0.39375001
v -0.04375 0.91874999 0.38124999
v -0.03125 0.91874999 0.38124999
v -0.03125 0.88749999 0.38124999
v -0.04375 0.88749999 0.38124999
v -0.03125 0.93124998 0.40625
v -0.04375 0.93124998 0.40625
v -0.04375 0.91874999 0.39375001
v -0.03125 0.91874999 0.39375001
v -0.03125 0.93124998 0.39375001
v -0.03125 0.93124998 0.40625
v -0.04375 0.93124998 0.39375001
v -0.03125 0.93124998 0.39375001
v -0.03125 0.91874999 0.38124999
v -0.04375 0.91874999 0.38124999
v -0.04375 0.93124998 0.40625
v -0.04375 0.93124998 0.39375001
vn 1 0 0
vn -1 0 0
vn 0 1 0
vn 0 -1 0
vn 0 0 1
vn 0 0 -1
vn 0 -0.70711 0.70711
vn 0 0.70711 -0.70711
vt 0.52812 0.675
vt 0.51562 0.675
vt 0.51562 0.64375
vt 0.52812 0.64375
vt 0.39062 0.45625
vt 0.39062 0.4875
vt 0.37813 0.4875
vt 0.37813 0.45625
vt 0 0.4375
vt 0.0625 0.4375
vt 0.0625 0.5
vt 0 0.5
vt 0.5625 0.9375
vt 0.5625 1
vt 0.5 1
vt 0.5 0.9375
vt 0.125 0.4375
vt 0.125 0.5
vt 0.5 0.875
vt 0.5625 0.875
vt 0.1875 0.5
vt 0.1875 0.4375
vt 0.51562 0.6875
vt 0.50313 0.6875
vt 0.5 0.8125
vt 0.5625 0.8125
vt 0.40312 0.5
vt 0.39062 0.5
usemtl mat5
f 4955/4886/1227 4956/4887/1227 4957/4888/1227
f 4955/4886/1227 4957/4888/1227 4958/4889/1227
f 4959/4890/1228 4960/4891/1228 4961/4892/1228
f 4959/4890/1228 4961/4892/1228 4962/4893/1228
f 4963/4894/1229 4964/4895/1229 4965/4896/1229
f 4963/4894/1229 4965/4896/1229 4966/4897/1229
f 4967/4898/1230 4968/4899/1230 4969/4900/1230
f 4967/4898/1230 4969/4900/1230 4970/4901/1230
f 4971/4902/1231 4972/4903/1231 4973/4896/1231
f 4971/4902/1231 4973/4896/1231 4974/4895/1231
f 4975/4898/1232 4976/4901/1232 4977/4904/1232
f 4975/4898/1232 4977/4904/1232 4978/4905/1232
f 4979/4906/1233 4980/4903/1233 4981/4902/1233
f 4979/4906/1233 4981/4902/1233 4982/4907/1233
f 4983/4908/1227 4984/4909/1227 4956/4887/1227
f 4983/4908/1227 4956/4887/1227 4955/4886/1227
f 4985/4905/1234 4986/4904/1234 4987/4910/1234
f 4985/4905/1234 4987/4910/1234 4988/4911/1234
f 4989/4912/1228 4990/4913/1228 4961/4892/1228
f 4989/4912/1228 4961/4892/1228 4960/4891/1228
# Vertices: 36, normals: 8, texture coordinates: 28, faces: 20

o obj53
v 0.04375 0.91874999 0.38124999
v 0.04375 0.91874999 0.39375001
v 0.04375 0.88749999 0.39375001
v 0.04375 0.88749999 0.38124999
v 0.03125 0.88749999 0.39375001
v 0.03125 0.91874999 0.39375001
v 0.03125 0.91874999 0.38124999
v 0.03125 0.88749999 0.38124999
v 0.03125 0.93124998 0.40625
v 0.04375 0.93124998 0.40625
v 0.04375 0.93124998 0.39375001
v 0.03125 0.93124998 0.39375001
v 0.04375 0.88749999 0.38124999
v 0.04375 0.88749999 0.39375001
v 0.03125 0.88749999 0.39375001
v 0.03125 0.88749999 0.38124999
v 0.04375 0.88749999 0.39375001
v 0.04375 0.91874999 0.39375001
v 0.03125 0.91874999 0.39375001
v 0.03125 0.88749999 0.39375001
v 0.03125 0.91874999 0.38124999
v 0.04375 0.91874999 0.38124999
v 0.04375 0.88749999 0.38124999
v 0.03125 0.88749999 0.38124999
v 0.04375 0.93124998 0.40625
v 0.03125 0.93124998 0.40625
v 0.03125 0.91874999 0.39375001
v 0.04375 0.91874999 0.39375001
v 0.04375 0.93124998 0.39375001
v 0.04375 0.93124998 0.40625
v 0.03125 0.93124998 0.39375001
v 0.04375 0.93124998 0.39375001
v 0.04375 0.91874999 0.38124999
v 0.03125 0.91874999 0.38124999
v 0.03125 0.93124998 0.40625
v 0.03125 0.93124998 0.39375001
vn 1 0 0
vn -1 0 0
vn 0 1 0
vn 0 -1 0
vn 0 0 1
vn 0 0 -1
vn 0 -0.70711 0.70711
vn 0 0.70711 -0.70711
vt 0.27812 0.4875
vt 0.26562 0.4875
vt 0.26562 0.45625
vt 0.27812 0.45625
vt 0.32812 0.45625
vt 0.32812 0.4875
vt 0.31563 0.4875
vt 0.31563 0.45625
vt 0.25 0.5
vt 0.3125 0.5
vt 0.3125 0.5625
vt 0.25 0.5625
vt 0.5 0.6875
vt 0.5 0.75
vt 0.4375 0.75
vt 0.4375 0.6875
vt 0.5 0.625
vt 0.4375 0.625
vt 0.4375 0.5625
vt 0.375 0.5625
vt 0.375 0.5
vt 0.4375 0.5
vt 0.5 0.5625
vt 0.26562 0.5
vt 0.25313 0.5
vt 0.5 0.5
vt 0.34062 0.5
vt 0.32812 0.5
usemtl mat5
f 4991/4914/1235 4992/4915/1235 4993/4916/1235
f 4991/4914/1235 4993/4916/1235 4994/4917/1235
f 4995/4918/1236 4996/4919/1236 4997/4920/1236
f 4995/4918/1236 4997/4920/1236 4998/4921/1236
f 4999/4922/1237 5000/4923/1237 5001/4924/1237
f 4999/4922/1237 5001/4924/1237 5002/4925/1237
f 5003/4926/1238 5004/4927/1238 5005/4928/1238
f 5003/4926/1238 5005/4928/1238 5006/4929/1238
f 5007/4930/1239 5008/4926/1239 5009/4929/1239
f 5007/4930/1239 5009/4929/1239 5010/4931/1239
f 5011/4932/1240 5012/4933/1240 5013/4934/1240
f 5011/4932/1240 5013/4934/1240 5014/4935/1240
f 5015/4930/1241 5016/4931/1241 5017/4932/1241
f 5015/4930/1241 5017/4932/1241 5018/4936/1241
f 5019/4937/1235 5020/4938/1235 4992/4915/1235
f 5019/4937/1235 4992/4915/1235 4991/4914/1235
f 5021/4936/1242 5022/4932/1242 5023/4935/1242
f 5021/4936/1242 5023/4935/1242 5024/4939/1242
f 5025/4940/1236 5026/4941/1236 4997/4920/1236
f 5025/4940/1236 4997/4920/1236 4996/4919/1236
# Vertices: 36, normals: 8, texture coordinates: 28, faces: 20

o obj54
v 0.03125 0.89395667 0.38794186
v 0.03125 0.92516384 0.38957736
v -0.03125 0.92516384 0.38957736
v -0.03125 0.89395667 0.38794186
v -0.03125 0.92516384 0.38957736
v 0.03125 0.92516384 0.38957736
v 0.03125 0.89395667 0.38794186
v -0.03125 0.89395667 0.38794186
v 0.03125 0.93075107 0.40238732
v -0.03125 0.93075107 0.40238732
v 0.03125 0.92516384 0.38957736
v -0.03125 0.93075107 0.40238732
v 0.03125 0.93075107 0.40238732
v 0.03125 0.92516384 0.38957736
v -0.03125 0.92516384 0.38957736
vn 0 0 1
vn 0 0 -1
vn 0 -0.89443 0.44721
vn 0 0.89443 -0.44721
vt 0.0625 0.9375
vt 0.0625 1
vt 0 1
vt 0 0.9375
vt 0 0.875
vt 0.0625 0.875
vt 0.125 1
vt 0.125 0.9375
vt 0.125 0.875
usemtl mat6
f 5027/4942/1243 5028/4943/1243 5029/4944/1243
f 5027/4942/1243 5029/4944/1243 5030/4945/1243
f 5031/4942/1244 5032/4945/1244 5033/4946/1244
f 5031/4942/1244 5033/4946/1244 5034/4947/1244
f 5035/4948/1245 5036/4943/1245 5031/4942/1245
f 5035/4948/1245 5031/4942/1245 5037/4949/1245
f 5038/4949/1246 5039/4942/1246 5040/4947/1246
f 5038/4949/1246 5040/4947/1246 5041/4950/1246
# Vertices: 15, normals: 4, texture coordinates: 9, faces: 8

o obj55
v -0.19545387 0.66889907 0.3125
v -0.16723604 0.82893032 0.3125
v -0.16723604 0.82893032 0.125
v -0.19545387 0.66889907 0.125
vn -1 0 0
vt 0.86377 0.10645
vt 0.86377 1
vt 0 1
vt 0 0.10645
usemtl mat7
f 5042/4951/1247 5043/4952/1247 5044/4953/1247
f 5042/4951/1247 5044/4953/1247 5045/4954/1247
# Vertices: 4, normals: 1, texture coordinates: 4, faces: 2

o obj56
v 0.19504252 0.66587559 0.09375
v 0.16682469 0.82590685 0.09375
v 0.16682469 0.82590685 0.28125
v 0.19504252 0.66587559 0.28125
vn 1 0 0
vt 0.86377 0.10645
vt 0.86377 1
vt 0 1
vt 0 0.10645
usemtl mat7
f 5046/4955/1248 5047/4956/1248 5048/4957/1248
f 5046/4955/1248 5048/4957/1248 5049/4958/1248
# Vertices: 4, normals: 1, texture coordinates: 4, faces: 2

o obj57
v 0.19515423 0.68490851 0.3043724
v 0.17353087 0.78244519 0.30873436
v 0.17954948 0.75529698 0.9456276
v 0.20117284 0.6577603 0.94126564
vn 1 0 0
vt 0.50293 0.63123
vt 0.50293 1
vt 0 1
vt 0 0.63123
usemtl mat8
f 5050/4959/1249 5051/4960/1249 5052/4961/1249
f 5050/4959/1249 5052/4961/1249 5053/4962/1249
# Vertices: 4, normals: 1, texture coordinates: 4, faces: 2

o obj58
v -0.19292651 0.65073609 0.89838991
v -0.18207349 0.74796755 0.90107471
v -0.18207349 0.78676391 0.33911008
v -0.19292651 0.68953245 0.3364253
vn -0.99382 0.11072 0.00764
vt 0.50293 0.63123
vt 0.50293 1
vt 0 1
vt 0 0.63123
usemtl mat8
f 5054/4963/1250 5055/4964/1250 5056/4965/1250
f 5054/4963/1250 5056/4965/1250 5057/4966/1250
# Vertices: 4, normals: 1, texture coordinates: 4, faces: 2

o obj59
v 0.38125001 0.64732247 1.55182752
v 0.38125001 0.83464401 1.56000614
v 0.38125001 0.86517758 0.86067238
v 0.38125001 0.67785604 0.85249376
vn -1 0 0
vt 0.55566 0.3125
vt 0.55566 1
vt 0 1
vt 0 0.3125
usemtl mat9
f 5058/4967/1251 5059/4968/1251 5060/4969/1251
f 5058/4967/1251 5060/4969/1251 5061/4970/1251
# Vertices: 4, normals: 1, texture coordinates: 4, faces: 2

o obj60
v -0.38750001 0.64732247 1.55182751
v -0.38750001 0.83464401 1.56000615
v -0.38750001 0.86517758 0.86067239
v -0.38750001 0.67785604 0.85249376
vn -1 0 0
vt 0.55566 0.3125
vt 0.55566 1
vt 0 1
vt 0 0.3125
usemtl mat9
f 5062/4971/1252 5063/4972/1252 5064/4973/1252
f 5062/4971/1252 5064/4973/1252 5065/4974/1252
# Vertices: 4, normals: 1, texture coordinates: 4, faces: 2

o obj61
v -0.57499999 0.9375 3.6875
v -0.57499999 1.1875 3.6875
v -0.57499999 1.1875 3.4375
v -0.57499999 0.9375 3.4375
vn -1 0 0
vt 0.75391 0.26953
vt 0.75391 1
vt 0 1
vt 0 0.26953
usemtl mat10
f 5066/4975/1253 5067/4976/1253 5068/4977/1253
f 5066/4975/1253 5068/4977/1253 5069/4978/1253
# Vertices: 4, normals: 1, texture coordinates: 4, faces: 2

o obj62
v 0.57499999 1.1875 3.4375
v 0.57499999 1.1875 3.6875
v 0.57499999 0.9375 3.6875
v 0.57499999 0.9375 3.4375
vn 1 0 0
vt 0 1
vt 0.75391 1
vt 0.75391 0.26953
vt 0 0.26953
usemtl mat10
f 5070/4979/1254 5071/4980/1254 5072/4981/1254
f 5070/4979/1254 5072/4981/1254 5073/4982/1254
# Vertices: 4, normals: 1, texture coordinates: 4, faces: 2

o obj63
v -1.71112268 0.73124999 2.33833432
v -1.40129615 0.73124999 2.29754488
v -1.44208559 0.73124999 1.98771836
v -1.75191211 0.73124999 2.02850779
vn -1 0 0
vt 0.75391 0.26953
vt 0.75391 1
vt 0 1
vt 0 0.26953
usemtl mat10
f 5074/4983/1255 5075/4984/1255 5076/4985/1255
f 5074/4983/1255 5076/4985/1255 5077/4986/1255
# Vertices: 4, normals: 1, texture coordinates: 4, faces: 2

o obj64
v -1.71112268 0.70624999 2.33833432
v -1.40129615 0.70624999 2.29754488
v -1.44208559 0.70624999 1.98771836
v -1.75191211 0.70624999 2.02850779
vn -1 0 0
vt 0.75391 0.26953
vt 0.75391 1
vt 0 1
vt 0 0.26953
usemtl mat10
f 5078/4987/1256 5079/4988/1256 5080/4989/1256
f 5078/4987/1256 5080/4989/1256 5081/4990/1256
# Vertices: 4, normals: 1, texture coordinates: 4, faces: 2

o obj65
v 1.44208559 0.73124999 1.98771836
v 1.40129615 0.73124999 2.29754488
v 1.71112268 0.73124999 2.33833432
v 1.75191211 0.73124999 2.02850779
vn 1 0 0
vt 0 1
vt 0.75391 1
vt 0.75391 0.26953
vt 0 0.26953
usemtl mat10
f 5082/4991/1257 5083/4992/1257 5084/4993/1257
f 5082/4991/1257 5084/4993/1257 5085/4994/1257
# Vertices: 4, normals: 1, texture coordinates: 4, faces: 2

o obj66
v 1.44208559 0.70624999 1.98771836
v 1.40129615 0.70624999 2.29754488
v 1.71112268 0.70624999 2.33833432
v 1.75191211 0.70624999 2.02850779
vn 1 0 0
vt 0 1
vt 0.75391 1
vt 0.75391 0.26953
vt 0 0.26953
usemtl mat10
f 5086/4995/1258 5087/4996/1258 5088/4997/1258
f 5086/4995/1258 5088/4997/1258 5089/4998/1258
# Vertices: 4, normals: 1, texture coordinates: 4, faces: 2

o obj67
v -1.91250002 0.7437501 1.75625002
v -2 0.7437501 1.75625002
v -2 0.7437501 2.34375
v -1.91250002 0.7437501 2.34375
vn -1 0 0
vt 0.66211 0.20312
vt 0.66211 1
vt 0 1
vt 0 0.20312
usemtl mat11
f 5090/4999/1259 5091/5000/1259 5092/5001/1259
f 5090/4999/1259 5092/5001/1259 5093/5002/1259
# Vertices: 4, normals: 1, texture coordinates: 4, faces: 2

o obj68
v 2 0.7437501 2.34375
v 2 0.7437501 1.75625002
v 1.91250002 0.7437501 1.75625002
v 1.91250002 0.7437501 2.34375
vn 1 0 0
vt 0 1
vt 0.66211 1
vt 0.66211 0.20312
vt 0 0.20312
usemtl mat11
f 5094/5003/1260 5095/5004/1260 5096/5005/1260
f 5094/5003/1260 5096/5005/1260 5097/5006/1260
# Vertices: 4, normals: 1, texture coordinates: 4, faces: 2

o obj69
v 0.00625 0.87554436 0.45384344
v 0.00625 0.8697725 0.46493107
v 0.00625 0.80456665 0.43098705
v 0.00625 0.8103385 0.41989942
v -0.00625 0.80456665 0.43098705
v -0.00625 0.8697725 0.46493107
v -0.00625 0.87554436 0.45384344
v -0.00625 0.8103385 0.41989942
v -0.00625 0.87320439 0.4667176
v 0.00625 0.87320439 0.4667176
v 0.00625 0.88240813 0.45741649
v -0.00625 0.88240813 0.45741649
v 0.00625 0.8103385 0.41989942
v 0.00625 0.80456665 0.43098705
v -0.00625 0.80456665 0.43098705
v -0.00625 0.8103385 0.41989942
v 0.00625 0.80456665 0.43098705
v 0.00625 0.8697725 0.46493107
v -0.00625 0.8697725 0.46493107
v -0.00625 0.80456665 0.43098705
v -0.00625 0.87554436 0.45384344
v 0.00625 0.87554436 0.45384344
v 0.00625 0.8103385 0.41989942
v -0.00625 0.8103385 0.41989942
v 0.00625 0.87148819 0.4658242
v -0.00625 0.87148819 0.4658242
v 0.00625 0.87897573 0.45562969
v 0.00625 0.87148819 0.4658242
v -0.00625 0.8749596 0.44599214
v -0.00625 0.87811803 0.44411378
v 0.00625 0.87811803 0.44411378
v 0.00625 0.8749596 0.44599214
v -0.025 0.8697725 0.46493107
v -0.025 0.87148819 0.4658242
v -0.025 0.87897573 0.45562969
v -0.025 0.87554436 0.45384344
v -0.025 0.88240813 0.45741649
v -0.025 0.87320439 0.4667176
v -0.025 0.87554436 0.45384344
v -0.025 0.87897573 0.45562969
v -0.00625 0.87897573 0.45562969
v -0.00625 0.87554436 0.45384344
v -0.025 0.8697725 0.46493107
v -0.025 0.87554436 0.45384344
v -0.00625 0.87554436 0.45384344
v -0.00625 0.8697725 0.46493107
v -0.025 0.87148819 0.4658242
v -0.025 0.8697725 0.46493107
v 0.00625 0.88186217 0.45008614
v -0.00625 0.88186217 0.45008614
v -0.00625 0.88240813 0.45741649
v 0.00625 0.88240813 0.45741649
v 0.00625 0.87554436 0.45384344
v 0.00625 0.87897573 0.45562969
v 0.00625 0.87870279 0.45196507
v -0.00625 0.87554436 0.45384344
v -0.00625 0.87870279 0.45196507
v -0.00625 0.87897573 0.45562969
v 0.00625 0.88186217 0.45008614
v 0.00625 0.87870279 0.45196507
v -0.00625 0.87870279 0.45196507
v -0.00625 0.88186217 0.45008614
v -0.00625 0.88186217 0.45008614
v -0.00625 0.87870279 0.45196507
v -0.00625 0.87897573 0.45562969
v -0.00625 0.88240813 0.45741649
v -0.00625 0.88240813 0.45741649
v -0.025 0.88240813 0.45741649
v -0.025 0.88240813 0.45741649
v -0.025 0.87320439 0.4667176
v -0.025 0.87320439 0.4667176
v -0.00625 0.87320439 0.4667176
v 0.00625 0.87320439 0.4667176
v 0.00625 0.87320439 0.4667176
v 0.00625 0.88240813 0.45741649
v 0.00625 0.87870279 0.45196507
v 0.00625 0.88186217 0.45008614
v -0.00625 0.87811803 0.44411378
v -0.00625 0.8749596 0.44599214
v -0.00625 0.87554436 0.45384344
v -0.00625 0.87870279 0.45196507
v 0.00625 0.87811803 0.44411378
v -0.00625 0.87811803 0.44411378
v -0.00625 0.87870279 0.45196507
v 0.00625 0.87870279 0.45196507
v 0.00625 0.8749596 0.44599214
v 0.00625 0.87811803 0.44411378
v 0.00625 0.87870279 0.45196507
v 0.00625 0.87554436 0.45384344
v -0.00625 0.8749596 0.44599214
v 0.00625 0.8749596 0.44599214
v 0.00625 0.87554436 0.45384344
vn 1 0 0
vn -1 0 0
vn 0 0.95529 0.29568
vn 0 -1 0
vn 0 0 1
vn 0 0 -1
vn 0 -0.85027 -0.52635
vn 0 0.85027 -0.52635
vn 0 -0.85027 0.52635
vt 0.22187 0.99226
vt 0.20937 0.99226
vt 0.20937 0.91875
vt 0.22187 0.91875
vt 0.0625 0.9375
vt 0.0625 1
vt 0 1
vt 0 0.9375
vt 0.09687 0.79942
vt 0.10938 0.79942
vt 0.10938 0.8125
vt 0.09687 0.8125
vt 0.0625 0.875
vt 0 0.875
vt 0.04688 0.73512
vt 0.04688 0.80863
vt 0.03438 0.80863
vt 0.03438 0.73512
vt 0.125 1
vt 0.125 0.9375
vt 0.04688 0.81056
vt 0.03438 0.81056
vt 0.22187 0.99613
vt 0.20937 0.99419
vt 0.1875 0.8125
vt 0.1875 0.875
vt 0.125 0.875
vt 0.125 0.8125
vt 0.1 0.74226
vt 0.1 0.74419
vt 0.0875 0.74613
vt 0.0875 0.74226
vt 0.07812 0.8125
vt 0.07812 0.79942
vt 0.29063 0.99226
vt 0.29063 0.99613
vt 0.27187 0.99613
vt 0.27187 0.99226
vt 0.01562 0.81056
vt 0.01562 0.80863
vt 0.0625 0.8125
vt 0.21719 0.8125
vt 0.21719 0.875
vt 0.21719 0.87306
vt 0.21719 0.75
vt 0.22031 0.81056
vt 0.1875 0.9375
vt 0.125 0.80863
vt 0.12812 0.80669
vt 0.1875 0.80863
vt 0.27187 1
vt 0.29063 1
vt 0.0875 0.75
vt 0.1 0.74613
vt 0.01562 0.8125
vt 0.03438 0.8125
vt 0.04688 0.8125
vt 0.20937 0.99613
vt 0.22187 1
vt 0.225 0.99419
vt 0.22813 0.99613
vt 0.27634 0.93336
vt 0.27947 0.93142
vt 0.28616 0.93557
vt 0.28303 0.9375
vt 0 0.8125
vt 0.15803 0.74392
vt 0.16116 0.74586
vt 0.15447 0.75
vt 0.15134 0.74807
vt 0.1875 1
usemtl mat12
f 5098/5007/1261 5099/5008/1261 5100/5009/1261
f 5098/5007/1261 5100/5009/1261 5101/5010/1261
f 5102/5011/1262 5103/5012/1262 5104/5013/1262
f 5102/5011/1262 5104/5013/1262 5105/5014/1262
f 5106/5015/1263 5107/5016/1263 5108/5017/1263
f 5106/5015/1263 5108/5017/1263 5109/5018/1263
f 5110/5019/1264 5111/5011/1264 5112/5014/1264
f 5110/5019/1264 5112/5014/1264 5113/5020/1264
f 5114/5021/1265 5115/5022/1265 5116/5023/1265
f 5114/5021/1265 5116/5023/1265 5117/5024/1265
f 5118/5025/1266 5119/5012/1266 5120/5011/1266
f 5118/5025/1266 5120/5011/1266 5121/5026/1266
f 5115/5022/1265 5122/5027/1265 5123/5028/1265
f 5115/5022/1265 5123/5028/1265 5116/5023/1265
f 5098/5007/1261 5124/5029/1261 5125/5030/1261
f 5098/5007/1261 5125/5030/1261 5099/5008/1261
f 5126/5031/1267 5127/5032/1267 5128/5033/1267
f 5126/5031/1267 5128/5033/1267 5129/5034/1267
f 5130/5035/1262 5131/5036/1262 5132/5037/1262
f 5130/5035/1262 5132/5037/1262 5133/5038/1262
f 5134/5039/1263 5135/5040/1263 5106/5015/1263
f 5134/5039/1263 5106/5015/1263 5109/5018/1263
f 5136/5041/1266 5137/5042/1266 5138/5043/1266
f 5136/5041/1266 5138/5043/1266 5139/5044/1266
f 5140/5011/1264 5141/5019/1264 5142/5033/1264
f 5140/5011/1264 5142/5033/1264 5143/5026/1264
f 5116/5023/1265 5123/5028/1265 5144/5045/1265
f 5116/5023/1265 5144/5045/1265 5145/5046/1265
f 5146/5047/1268 5147/5034/1268 5148/5033/1268
f 5146/5047/1268 5148/5033/1268 5149/5019/1268
f 5150/5048/1262 5151/5049/1262 5152/5050/1262
f 5153/5051/1261 5154/5052/1261 5155/5048/1261
f 5156/5026/1267 5157/5033/1267 5158/5032/1267
f 5156/5026/1267 5158/5032/1267 5159/5053/1267
f 5160/5054/1262 5161/5055/1262 5162/5056/1262
f 5160/5054/1262 5162/5056/1262 5163/5031/1262
f 5164/5057/1266 5138/5043/1266 5137/5042/1266
f 5164/5057/1266 5137/5042/1266 5165/5058/1266
f 5166/5059/1262 5132/5037/1262 5131/5036/1262
f 5166/5059/1262 5131/5036/1262 5167/5060/1262
f 5168/5061/1265 5144/5045/1265 5123/5028/1265
f 5168/5061/1265 5123/5028/1265 5169/5062/1265
f 5169/5062/1265 5123/5028/1265 5122/5027/1265
f 5169/5062/1265 5122/5027/1265 5170/5063/1265
f 5171/5064/1261 5125/5030/1261 5124/5029/1261
f 5171/5064/1261 5124/5029/1261 5172/5065/1261
f 5172/5065/1261 5124/5029/1261 5173/5066/1261
f 5172/5065/1261 5173/5066/1261 5174/5067/1261
f 5175/5068/1262 5176/5069/1262 5177/5070/1262
f 5175/5068/1262 5177/5070/1262 5178/5071/1262
f 5179/5072/1268 5180/5047/1268 5181/5019/1268
f 5179/5072/1268 5181/5019/1268 5182/5020/1268
f 5183/5073/1261 5184/5074/1261 5185/5075/1261
f 5183/5073/1261 5185/5075/1261 5186/5076/1261
f 5187/5026/1269 5188/5053/1269 5189/5077/1269
f 5187/5026/1269 5189/5077/1269 5118/5025/1269
# Vertices: 92, normals: 9, texture coordinates: 71, faces: 56

o obj70
v 0.15000001 0.875 0.0125
v 0.15000001 0.85624999 0.175
v 0.15000001 0.82499999 0.175
v 0.15000001 0.82499999 0.0125
v 0.1 0.82499999 0.175
v 0.1 0.85624999 0.175
v 0.1 0.875 0.0125
v 0.1 0.82499999 0.0125
v 0.1 0.85624999 0.175
v 0.15000001 0.85624999 0.175
v 0.15000001 0.875 0.0125
v 0.1 0.875 0.0125
v 0.15000001 0.82499999 0.0125
v 0.15000001 0.82499999 0.175
v 0.1 0.82499999 0.175
v 0.1 0.82499999 0.0125
v 0.15000001 0.82499999 0.175
v 0.15000001 0.85624999 0.175
v 0.1 0.85624999 0.175
v 0.1 0.82499999 0.175
v 0.1 0.875 0.0125
v 0.1 0.82499999 0.0125
vn 1 0 0
vn -1 0 0
vn 0 0.99341 0.11462
vn 0 -1 0
vn 0 0 1
vn 0 0 -1
vt 0.1875 1
vt 0 0.98125
vt 0 0.9375
vt 0.1875 0.9375
vt 0.1875 0.875
vt 0.1875 0.91875
vt 0 0.875
vt 0.0625 0.6875
vt 0.125 0.6875
vt 0.125 0.875
vt 0.0625 0.875
vt 0 0.6875
vt 0.1875 0.8125
vt 0.125 0.8125
vt 0.25 1
vt 0.25 0.9375
usemtl mat13
f 5190/5078/1270 5191/5079/1270 5192/5080/1270
f 5190/5078/1270 5192/5080/1270 5193/5081/1270
f 5194/5082/1271 5195/5083/1271 5196/5080/1271
f 5194/5082/1271 5196/5080/1271 5197/5084/1271
f 5198/5085/1272 5199/5086/1272 5200/5087/1272
f 5198/5085/1272 5200/5087/1272 5201/5088/1272
f 5202/5085/1273 5203/5088/1273 5204/5084/1273
f 5202/5085/1273 5204/5084/1273 5205/5089/1273
f 5206/5090/1274 5207/5082/1274 5208/5087/1274
f 5206/5090/1274 5208/5087/1274 5209/5091/1274
f 5210/5092/1275 5190/5078/1275 5193/5081/1275
f 5210/5092/1275 5193/5081/1275 5211/5093/1275
# Vertices: 22, normals: 6, texture coordinates: 16, faces: 12

o obj71
v 0.13562103 0.86589548 0.025
v 0.12872961 0.86875001 0.025
v 0.125 0.84999999 0.025
v 0.12872961 0.86875001 0.025
v 0.13562103 0.86589548 0.025
v 0.13562103 0.86589548 -0.0125
v 0.12872961 0.86875001 -0.0125
v 0.1277972 0.8640625 -0.025
v 0.13296577 0.86192161 -0.025
v 0.125 0.84999999 -0.025
v 0.14089549 0.86062102 0.025
v 0.14089549 0.86062102 0.025
v 0.14089549 0.86062102 -0.0125
v 0.13692161 0.85796577 -0.025
v 0.14375 0.85372961 0.025
v 0.14089549 0.86062102 0.025
v 0.14375 0.85372961 0.025
v 0.14375 0.85372961 -0.0125
v 0.14089549 0.86062102 -0.0125
v 0.13906249 0.85279721 -0.025
v 0.14375 0.8462704 0.025
v 0.14375 0.8462704 0.025
v 0.14375 0.8462704 -0.0125
v 0.13906249 0.84720279 -0.025
v 0.14089549 0.83937898 0.025
v 0.14375 0.8462704 0.025
v 0.14089549 0.83937898 0.025
v 0.14089549 0.83937898 -0.0125
v 0.14375 0.8462704 -0.0125
v 0.13692161 0.84203424 -0.025
v 0.13562103 0.83410452 0.025
v 0.13562103 0.83410452 0.025
v 0.13562103 0.83410452 -0.0125
v 0.13296577 0.83807839 -0.025
v 0.12872961 0.83125 0.025
v 0.13562103 0.83410452 0.025
v 0.12872961 0.83125 0.025
v 0.12872961 0.83125 -0.0125
v 0.13562103 0.83410452 -0.0125
v 0.1277972 0.8359375 -0.025
v 0.1212704 0.83125 0.025
v 0.1212704 0.83125 0.025
v 0.1212704 0.83125 -0.0125
v 0.12220279 0.8359375 -0.025
v 0.11437898 0.83410452 0.025
v 0.1212704 0.83125 0.025
v 0.11437898 0.83410452 0.025
v 0.11437898 0.83410452 -0.0125
v 0.1212704 0.83125 -0.0125
v 0.11703423 0.83807839 -0.025
v 0.10910451 0.83937898 0.025
v 0.11437898 0.83410452 0.025
v 0.10910451 0.83937898 0.025
v 0.10910451 0.83937898 -0.0125
v 0.11437898 0.83410452 -0.0125
v 0.11307839 0.84203424 -0.025
v 0.10625 0.8462704 0.025
v 0.10625 0.8462704 0.025
v 0.10625 0.8462704 -0.0125
v 0.1109375 0.84720279 -0.025
v 0.10625 0.85372961 0.025
v 0.10625 0.85372961 0.025
v 0.10625 0.85372961 -0.0125
v 0.1109375 0.85279721 -0.025
v 0.10910451 0.86062102 0.025
v 0.10625 0.85372961 0.025
v 0.10910451 0.86062102 0.025
v 0.10910451 0.86062102 -0.0125
v 0.11307839 0.85796577 -0.025
v 0.11437898 0.86589548 0.025
v 0.10910451 0.86062102 0.025
v 0.11437898 0.86589548 0.025
v 0.11437898 0.86589548 -0.0125
v 0.10910451 0.86062102 -0.0125
v 0.11703423 0.86192161 -0.025
v 0.1212704 0.86875001 0.025
v 0.1212704 0.86875001 0.025
v 0.1212704 0.86875001 -0.0125
v 0.12220279 0.8640625 -0.025
v 0.12872961 0.86875001 0.025
v 0.11307839 0.84203424 -0.025
v 0.11703423 0.83807839 -0.025
v 0.11437898 0.83410452 -0.0125
v 0.10910451 0.83937898 -0.0125
v 0.1277972 0.8359375 -0.025
v 0.13296577 0.83807839 -0.025
v 0.13562103 0.83410452 -0.0125
v 0.1277972 0.8640625 -0.025
v 0.12220279 0.8640625 -0.025
v 0.13296577 0.86192161 -0.025
v 0.13906249 0.85279721 -0.025
v 0.13692161 0.85796577 -0.025
v 0.14089549 0.86062102 -0.0125
v 0.13692161 0.84203424 -0.025
v 0.13906249 0.84720279 -0.025
v 0.13692161 0.85796577 -0.025
v 0.13296577 0.86192161 -0.025
v 0.13562103 0.86589548 -0.0125
v 0.14089549 0.86062102 -0.0125
v 0.13296577 0.83807839 -0.025
v 0.13692161 0.84203424 -0.025
v 0.14089549 0.83937898 -0.0125
v 0.13562103 0.83410452 -0.0125
v 0.11703423 0.86192161 -0.025
v 0.11437898 0.86589548 -0.0125
v 0.11703423 0.86192161 -0.025
v 0.11307839 0.85796577 -0.025
v 0.10910451 0.86062102 -0.0125
v 0.11437898 0.86589548 -0.0125
v 0.1109375 0.85279721 -0.025
v 0.1109375 0.84720279 -0.025
v 0.11703423 0.83807839 -0.025
v 0.12220279 0.8359375 -0.025
v 0.11307839 0.85796577 -0.025
v 0.11307839 0.84203424 -0.025
v 0.10910451 0.83937898 -0.0125
vn -0 -1 0
vn 0.38268 0 0.92388
vn 0 1 0
vn 0.70711 0 0.70711
vn 0.92388 0 0.38268
vn 1 0 0
vn 0.92388 0 -0.38268
vn 0.70711 0 -0.70711
vn 0.38268 0 -0.92388
vn 0 0 -1
vn -0.38268 0 -0.92388
vn -0.70711 0 -0.70711
vn -0.92388 0 -0.38268
vn -1 0 0
vn -0.92388 0 0.38268
vn -0.70711 0 0.70711
vn -0.38268 0 0.92388
vn 0 0 1
vn -0.66208 0.35112 -0.66208
vn 0.35832 0.35112 -0.86506
vn 0 0.35112 0.93633
vn 0.35832 0.35112 0.86506
vn 0.86506 0.35112 0.35832
vn 0.86506 0.35112 -0.35832
vn 0.66208 0.35112 0.66208
vn 0.66208 0.35112 -0.66208
vn -0.35832 0.35112 0.86506
vn -0.66208 0.35112 0.66208
vn -0.93633 0.35112 0
vn -0.35832 0.35112 -0.86506
vn 0 0.35112 -0.93633
vn 0.93633 0.35112 0
vn -0.86506 0.35112 0.35832
vn -0.86506 0.35112 -0.35832
vt 0.29187 0.97214
vt 0.28498 0.975
vt 0.28125 0.95625
vt 0.22515 0.88624
vt 0.23254 0.88727
vt 0.22733 0.92441
vt 0.21994 0.92337
vt 0.28405 0.90938
vt 0.28922 0.91152
vt 0.28125 0.92344
vt 0.29714 0.96687
vt 0.23993 0.88831
vt 0.23472 0.92545
vt 0.29317 0.91547
vt 0.3 0.95998
vt 0.20129 0.82337
vt 0.20875 0.82337
vt 0.20875 0.86087
vt 0.20129 0.86087
vt 0.29531 0.92064
vt 0.3 0.95252
vt 0.21621 0.82337
vt 0.21621 0.86087
vt 0.29531 0.92624
vt 0.29714 0.94563
vt 0.22143 0.82374
vt 0.22882 0.82478
vt 0.2236 0.86191
vt 0.21621 0.86087
vt 0.29317 0.93141
vt 0.29187 0.94036
vt 0.23621 0.82581
vt 0.23098 0.86295
vt 0.28922 0.93536
vt 0.28498 0.9375
vt 0.20498 0.76087
vt 0.21244 0.76087
vt 0.21244 0.79837
vt 0.20498 0.79837
vt 0.28405 0.9375
vt 0.27752 0.9375
vt 0.2199 0.76087
vt 0.2199 0.79837
vt 0.27845 0.9375
vt 0.27063 0.94036
vt 0.22513 0.76124
vt 0.23252 0.76228
vt 0.22729 0.79941
vt 0.2199 0.79837
vt 0.27328 0.93536
vt 0.26536 0.94563
vt 0.13876 0.76087
vt 0.14622 0.76087
vt 0.14622 0.79837
vt 0.13876 0.79837
vt 0.26933 0.93141
vt 0.2625 0.95252
vt 0.15368 0.76087
vt 0.15368 0.79837
vt 0.26719 0.92624
vt 0.2625 0.95998
vt 0.16114 0.76087
vt 0.16114 0.79837
vt 0.26719 0.92064
vt 0.26536 0.96687
vt 0.16635 0.76124
vt 0.17374 0.76227
vt 0.16853 0.79941
vt 0.26933 0.91547
vt 0.27063 0.97214
vt 0.19757 0.88587
vt 0.20503 0.88587
vt 0.20503 0.92337
vt 0.19757 0.92337
vt 0.27328 0.91152
vt 0.27752 0.975
vt 0.21248 0.88587
vt 0.21248 0.92337
vt 0.27845 0.90938
vt 0.21994 0.88587
vt 0.06157 0.6875
vt 0.05598 0.6875
vt 0.05504 0.625
vt 0.0625 0.625
vt 0.21337 0.81172
vt 0.20783 0.8125
vt 0.20506 0.79941
vt 0.21901 0.93672
vt 0.21341 0.93672
vt 0.22455 0.9375
vt 0.20968 0.87422
vt 0.20414 0.875
vt 0.20136 0.86191
vt 0.22082 0.875
vt 0.21528 0.87422
vt 0.31156 0.75
vt 0.30597 0.75
vt 0.30504 0.6875
vt 0.3125 0.6875
vt 0.31903 1
vt 0.31343 1
vt 0.3125 0.9375
vt 0.31996 0.9375
vt 0.20787 0.9375
vt 0.2051 0.92441
vt 0.06903 0.6875
vt 0.06343 0.6875
vt 0.06996 0.625
vt 0.16021 0.81172
vt 0.15461 0.81172
vt 0.22451 0.8125
vt 0.21897 0.81172
vt 0.16575 0.8125
vt 0.14907 0.8125
vt 0.1463 0.79941
usemtl mat13
f 5212/5094/1276 5213/5095/1276 5214/5096/1276
f 5215/5097/1277 5216/5098/1277 5217/5099/1277
f 5215/5097/1277 5217/5099/1277 5218/5100/1277
f 5219/5101/1278 5220/5102/1278 5221/5103/1278
f 5222/5104/1276 5212/5094/1276 5214/5096/1276
f 5216/5098/1279 5223/5105/1279 5224/5106/1279
f 5216/5098/1279 5224/5106/1279 5217/5099/1279
f 5220/5102/1278 5225/5107/1278 5221/5103/1278
f 5226/5108/1276 5222/5104/1276 5214/5096/1276
f 5227/5109/1280 5228/5110/1280 5229/5111/1280
f 5227/5109/1280 5229/5111/1280 5230/5112/1280
f 5225/5107/1278 5231/5113/1278 5221/5103/1278
f 5232/5114/1276 5226/5108/1276 5214/5096/1276
f 5228/5110/1281 5233/5115/1281 5234/5116/1281
f 5228/5110/1281 5234/5116/1281 5229/5111/1281
f 5231/5113/1278 5235/5117/1278 5221/5103/1278
f 5236/5118/1276 5232/5114/1276 5214/5096/1276
f 5237/5119/1282 5238/5120/1282 5239/5121/1282
f 5237/5119/1282 5239/5121/1282 5240/5122/1282
f 5235/5117/1278 5241/5123/1278 5221/5103/1278
f 5242/5124/1276 5236/5118/1276 5214/5096/1276
f 5238/5120/1283 5243/5125/1283 5244/5126/1283
f 5238/5120/1283 5244/5126/1283 5239/5121/1283
f 5241/5123/1278 5245/5127/1278 5221/5103/1278
f 5246/5128/1276 5242/5124/1276 5214/5096/1276
f 5247/5129/1284 5248/5130/1284 5249/5131/1284
f 5247/5129/1284 5249/5131/1284 5250/5132/1284
f 5245/5127/1278 5251/5133/1278 5221/5103/1278
f 5252/5134/1276 5246/5128/1276 5214/5096/1276
f 5248/5130/1285 5253/5135/1285 5254/5136/1285
f 5248/5130/1285 5254/5136/1285 5249/5131/1285
f 5251/5133/1278 5255/5137/1278 5221/5103/1278
f 5256/5138/1276 5252/5134/1276 5214/5096/1276
f 5257/5139/1286 5258/5140/1286 5259/5141/1286
f 5257/5139/1286 5259/5141/1286 5260/5142/1286
f 5255/5137/1278 5261/5143/1278 5221/5103/1278
f 5262/5144/1276 5256/5138/1276 5214/5096/1276
f 5263/5145/1287 5264/5146/1287 5265/5147/1287
f 5263/5145/1287 5265/5147/1287 5266/5148/1287
f 5261/5143/1278 5267/5149/1278 5221/5103/1278
f 5268/5150/1276 5262/5144/1276 5214/5096/1276
f 5264/5146/1288 5269/5151/1288 5270/5152/1288
f 5264/5146/1288 5270/5152/1288 5265/5147/1288
f 5267/5149/1278 5271/5153/1278 5221/5103/1278
f 5272/5154/1276 5268/5150/1276 5214/5096/1276
f 5269/5151/1289 5273/5155/1289 5274/5156/1289
f 5269/5151/1289 5274/5156/1289 5270/5152/1289
f 5271/5153/1278 5275/5157/1278 5221/5103/1278
f 5276/5158/1276 5272/5154/1276 5214/5096/1276
f 5277/5159/1290 5278/5160/1290 5279/5161/1290
f 5277/5159/1290 5279/5161/1290 5274/5156/1290
f 5275/5157/1278 5280/5162/1278 5221/5103/1278
f 5281/5163/1276 5276/5158/1276 5214/5096/1276
f 5282/5164/1291 5283/5165/1291 5284/5166/1291
f 5282/5164/1291 5284/5166/1291 5285/5167/1291
f 5280/5162/1278 5286/5168/1278 5221/5103/1278
f 5287/5169/1276 5281/5163/1276 5214/5096/1276
f 5283/5165/1292 5288/5170/1292 5289/5171/1292
f 5283/5165/1292 5289/5171/1292 5284/5166/1292
f 5286/5168/1278 5290/5172/1278 5221/5103/1278
f 5213/5095/1276 5287/5169/1276 5214/5096/1276
f 5288/5170/1293 5291/5173/1293 5218/5100/1293
f 5288/5170/1293 5218/5100/1293 5289/5171/1293
f 5290/5172/1278 5219/5101/1278 5221/5103/1278
f 5292/5174/1294 5293/5175/1294 5294/5176/1294
f 5292/5174/1294 5294/5176/1294 5295/5177/1294
f 5296/5178/1295 5297/5179/1295 5298/5180/1295
f 5296/5178/1295 5298/5180/1295 5249/5131/1295
f 5299/5181/1296 5300/5182/1296 5289/5171/1296
f 5299/5181/1296 5289/5171/1296 5218/5100/1296
f 5301/5183/1297 5299/5181/1297 5218/5100/1297
f 5301/5183/1297 5218/5100/1297 5217/5099/1297
f 5302/5184/1298 5303/5185/1298 5304/5186/1298
f 5302/5184/1298 5304/5186/1298 5229/5111/1298
f 5305/5187/1299 5306/5188/1299 5240/5122/1299
f 5305/5187/1299 5240/5122/1299 5239/5121/1299
f 5307/5189/1300 5308/5190/1300 5309/5191/1300
f 5307/5189/1300 5309/5191/1300 5310/5192/1300
f 5311/5193/1301 5312/5194/1301 5313/5195/1301
f 5311/5193/1301 5313/5195/1301 5314/5196/1301
f 5300/5182/1302 5315/5197/1302 5316/5198/1302
f 5300/5182/1302 5316/5198/1302 5289/5171/1302
f 5317/5199/1303 5318/5200/1303 5319/5177/1303
f 5317/5199/1303 5319/5177/1303 5320/5201/1303
f 5321/5202/1304 5322/5203/1304 5270/5152/1304
f 5321/5202/1304 5270/5152/1304 5274/5156/1304
f 5323/5204/1305 5324/5205/1305 5260/5142/1305
f 5323/5204/1305 5260/5142/1305 5259/5141/1305
f 5324/5205/1306 5296/5178/1306 5249/5131/1306
f 5324/5205/1306 5249/5131/1306 5254/5136/1306
f 5306/5188/1307 5302/5184/1307 5229/5111/1307
f 5306/5188/1307 5229/5111/1307 5234/5116/1307
f 5325/5206/1308 5321/5202/1308 5274/5156/1308
f 5325/5206/1308 5274/5156/1308 5279/5161/1308
f 5322/5203/1309 5326/5207/1309 5327/5208/1309
f 5322/5203/1309 5327/5208/1309 5270/5152/1309
# Vertices: 116, normals: 34, texture coordinates: 115, faces: 96

o obj72
v 0.12854034 0.85529849 0.0125
v 0.1262432 0.85625 0.0125
v 0.125 0.84999999 0.0125
v 0.1262432 0.85625 0.0125
v 0.12854034 0.85529849 0.0125
v 0.12854034 0.85529849 -0.025
v 0.1262432 0.85625 -0.025
v 0.1259324 0.8546875 -0.0375
v 0.12765525 0.85397387 -0.0375
v 0.125 0.84999999 -0.0375
v 0.1302985 0.85354035 0.0125
v 0.12854034 0.85529849 0.0125
v 0.1302985 0.85354035 0.0125
v 0.1302985 0.85354035 -0.025
v 0.12854034 0.85529849 -0.025
v 0.12897387 0.85265526 -0.0375
v 0.13124999 0.8512432 0.0125
v 0.13124999 0.8512432 0.0125
v 0.13124999 0.8512432 -0.025
v 0.1296875 0.8509324 -0.0375
v 0.13124999 0.84875681 0.0125
v 0.13124999 0.84875681 0.0125
v 0.13124999 0.84875681 -0.025
v 0.1296875 0.8490676 -0.0375
v 0.1302985 0.84645966 0.0125
v 0.13124999 0.84875681 0.0125
v 0.1302985 0.84645966 0.0125
v 0.1302985 0.84645966 -0.025
v 0.12897387 0.84734474 -0.0375
v 0.12854034 0.8447015 0.0125
v 0.12854034 0.8447015 0.0125
v 0.12854034 0.8447015 -0.025
v 0.12765525 0.84602612 -0.0375
v 0.1262432 0.84375 0.0125
v 0.12854034 0.8447015 0.0125
v 0.1262432 0.84375 0.0125
v 0.1262432 0.84375 -0.025
v 0.12854034 0.8447015 -0.025
v 0.1259324 0.84531251 -0.0375
v 0.1237568 0.84375 0.0125
v 0.1237568 0.84375 0.0125
v 0.1237568 0.84375 -0.025
v 0.1240676 0.84531251 -0.0375
v 0.12145966 0.8447015 0.0125
v 0.1237568 0.84375 0.0125
v 0.12145966 0.8447015 0.0125
v 0.12145966 0.8447015 -0.025
v 0.1237568 0.84375 -0.025
v 0.12234475 0.84602612 -0.0375
v 0.1197015 0.84645966 0.0125
v 0.12145966 0.8447015 0.0125
v 0.1197015 0.84645966 0.0125
v 0.1197015 0.84645966 -0.025
v 0.12145966 0.8447015 -0.025
v 0.12102613 0.84734474 -0.0375
v 0.11875 0.84875681 0.0125
v 0.11875 0.84875681 0.0125
v 0.11875 0.84875681 -0.025
v 0.1203125 0.8490676 -0.0375
v 0.11875 0.8512432 0.0125
v 0.11875 0.8512432 0.0125
v 0.11875 0.8512432 -0.025
v 0.1203125 0.8509324 -0.0375
v 0.1197015 0.85354035 0.0125
v 0.11875 0.8512432 0.0125
v 0.1197015 0.85354035 0.0125
v 0.1197015 0.85354035 -0.025
v 0.12102613 0.85265526 -0.0375
v 0.12145966 0.85529849 0.0125
v 0.12145966 0.85529849 0.0125
v 0.12145966 0.85529849 -0.025
v 0.12234475 0.85397387 -0.0375
v 0.1237568 0.85625 0.0125
v 0.12145966 0.85529849 0.0125
v 0.1237568 0.85625 0.0125
v 0.1237568 0.85625 -0.025
v 0.12145966 0.85529849 -0.025
v 0.1240676 0.8546875 -0.0375
v 0.1262432 0.85625 0.0125
v 0.1262432 0.85625 -0.025
v 0.12102613 0.84734474 -0.0375
v 0.12234475 0.84602612 -0.0375
v 0.12145966 0.8447015 -0.025
v 0.1197015 0.84645966 -0.025
v 0.1259324 0.84531251 -0.0375
v 0.12765525 0.84602612 -0.0375
v 0.12854034 0.8447015 -0.025
v 0.1259324 0.8546875 -0.0375
v 0.1240676 0.8546875 -0.0375
v 0.12765525 0.85397387 -0.0375
v 0.1296875 0.8509324 -0.0375
v 0.12897387 0.85265526 -0.0375
v 0.1302985 0.85354035 -0.025
v 0.13124999 0.8512432 -0.025
v 0.12897387 0.84734474 -0.0375
v 0.1296875 0.8490676 -0.0375
v 0.12897387 0.85265526 -0.0375
v 0.12765525 0.85397387 -0.0375
v 0.12854034 0.85529849 -0.025
v 0.1302985 0.85354035 -0.025
v 0.12765525 0.84602612 -0.0375
v 0.12897387 0.84734474 -0.0375
v 0.1302985 0.84645966 -0.025
v 0.12854034 0.8447015 -0.025
v 0.12234475 0.85397387 -0.0375
v 0.12145966 0.85529849 -0.025
v 0.1237568 0.85625 -0.025
v 0.12234475 0.85397387 -0.0375
v 0.12102613 0.85265526 -0.0375
v 0.1197015 0.85354035 -0.025
v 0.12145966 0.85529849 -0.025
v 0.1203125 0.8509324 -0.0375
v 0.1203125 0.8490676 -0.0375
v 0.12234475 0.84602612 -0.0375
v 0.1240676 0.84531251 -0.0375
v 0.12102613 0.85265526 -0.0375
v 0.12102613 0.84734474 -0.0375
v 0.1197015 0.84645966 -0.025
v 0.11875 0.84875681 -0.025
vn -0 -1 0
vn 0.38268 0 0.92388
vn 0 1 0
vn 0.70711 0 0.70711
vn 0.92388 0 0.38268
vn 1 0 0
vn 0.92388 0 -0.38268
vn 0.70711 0 -0.70711
vn 0.38268 0 -0.92388
vn 0 0 -1
vn -0.38268 0 -0.92388
vn -0.70711 0 -0.70711
vn -0.92388 0 -0.38268
vn -1 0 0
vn -0.92388 0 0.38268
vn -0.70711 0 0.70711
vn -0.38268 0 0.92388
vn 0 0 1
vn -0.70165 0.12403 -0.70165
vn 0.37973 0.12403 -0.91675
vn 0 0.12403 0.99228
vn 0.37973 0.12403 0.91675
vn 0.91675 0.12403 0.37973
vn 0.91675 0.12403 -0.37973
vn 0.70165 0.12403 0.70165
vn 0.70165 0.12403 -0.70165
vn -0.37973 0.12403 0.91675
vn -0.70165 0.12403 0.70165
vn -0.99228 0.12403 0
vn -0.37973 0.12403 -0.91675
vn 0 0.12403 -0.99228
vn 0.99228 0.12403 0
vn -0.91675 0.12403 0.37973
vn -0.91675 0.12403 -0.37973
vt 0.34729 0.88655
vt 0.34499 0.8875
vt 0.34375 0.88125
vt 0.22092 0.69986
vt 0.22341 0.69998
vt 0.22155 0.73744
vt 0.21907 0.73731
vt 0.28218 0.67813
vt 0.28391 0.67884
vt 0.28125 0.68281
vt 0.34905 0.88479
vt 0.14911 0.69981
vt 0.1516 0.69981
vt 0.1516 0.73731
vt 0.14911 0.73731
vt 0.28523 0.68016
vt 0.35 0.88249
vt 0.15408 0.69981
vt 0.15408 0.73731
vt 0.28594 0.68188
vt 0.35 0.88001
vt 0.15657 0.69981
vt 0.15657 0.73731
vt 0.28594 0.68374
vt 0.34905 0.87771
vt 0.15843 0.69985
vt 0.16091 0.69998
vt 0.15905 0.73743
vt 0.28523 0.68547
vt 0.34729 0.87595
vt 0.16339 0.7001
vt 0.16153 0.73755
vt 0.28391 0.68679
vt 0.34499 0.875
vt 0.27659 0.76231
vt 0.27908 0.76231
vt 0.27908 0.79981
vt 0.27659 0.79981
vt 0.28218 0.6875
vt 0.34251 0.875
vt 0.28157 0.76231
vt 0.28157 0.79981
vt 0.28032 0.6875
vt 0.34021 0.87595
vt 0.28343 0.76235
vt 0.28591 0.76248
vt 0.28405 0.79993
vt 0.28157 0.79981
vt 0.27859 0.68679
vt 0.33845 0.87771
vt 0.27411 0.82481
vt 0.2766 0.82481
vt 0.2766 0.86231
vt 0.27411 0.86231
vt 0.27727 0.68547
vt 0.3375 0.88001
vt 0.27908 0.82481
vt 0.27908 0.86231
vt 0.27656 0.68374
vt 0.3375 0.88249
vt 0.28157 0.82481
vt 0.28157 0.86231
vt 0.27656 0.68188
vt 0.33845 0.88479
vt 0.28343 0.82486
vt 0.28591 0.82498
vt 0.28405 0.86244
vt 0.27727 0.68016
vt 0.34021 0.88655
vt 0.28839 0.82511
vt 0.28653 0.86256
vt 0.27859 0.67884
vt 0.34251 0.8875
vt 0.21409 0.69981
vt 0.21658 0.69981
vt 0.21658 0.73731
vt 0.21409 0.73731
vt 0.28032 0.67813
vt 0.21907 0.69981
vt 0.21907 0.73731
vt 0.37469 0.875
vt 0.37282 0.875
vt 0.37251 0.8125
vt 0.375 0.8125
vt 0.27939 0.81241
vt 0.27752 0.8125
vt 0.27659 0.79994
vt 0.21875 0.74991
vt 0.21689 0.74991
vt 0.22061 0.75
vt 0.15439 0.74991
vt 0.15253 0.75
vt 0.1516 0.73743
vt 0.15408 0.73731
vt 0.15812 0.75
vt 0.15625 0.74991
vt 0.18719 0.6875
vt 0.18532 0.6875
vt 0.18501 0.625
vt 0.1875 0.625
vt 0.18968 0.6875
vt 0.18781 0.6875
vt 0.18998 0.625
vt 0.21502 0.75
vt 0.21409 0.73744
vt 0.21658 0.73731
vt 0.31468 0.8125
vt 0.31281 0.8125
vt 0.3125 0.75
vt 0.31498 0.75
vt 0.28125 0.87491
vt 0.27939 0.87491
vt 0.28311 0.8125
vt 0.28125 0.81241
vt 0.28311 0.875
vt 0.27753 0.875
vt 0.2766 0.86243
vt 0.27908 0.86231
usemtl mat13
f 5328/5209/1310 5329/5210/1310 5330/5211/1310
f 5331/5212/1311 5332/5213/1311 5333/5214/1311
f 5331/5212/1311 5333/5214/1311 5334/5215/1311
f 5335/5216/1312 5336/5217/1312 5337/5218/1312
f 5338/5219/1310 5328/5209/1310 5330/5211/1310
f 5339/5220/1313 5340/5221/1313 5341/5222/1313
f 5339/5220/1313 5341/5222/1313 5342/5223/1313
f 5336/5217/1312 5343/5224/1312 5337/5218/1312
f 5344/5225/1310 5338/5219/1310 5330/5211/1310
f 5340/5221/1314 5345/5226/1314 5346/5227/1314
f 5340/5221/1314 5346/5227/1314 5341/5222/1314
f 5343/5224/1312 5347/5228/1312 5337/5218/1312
f 5348/5229/1310 5344/5225/1310 5330/5211/1310
f 5345/5226/1315 5349/5230/1315 5350/5231/1315
f 5345/5226/1315 5350/5231/1315 5346/5227/1315
f 5347/5228/1312 5351/5232/1312 5337/5218/1312
f 5352/5233/1310 5348/5229/1310 5330/5211/1310
f 5353/5234/1316 5354/5235/1316 5355/5236/1316
f 5353/5234/1316 5355/5236/1316 5350/5231/1316
f 5351/5232/1312 5356/5237/1312 5337/5218/1312
f 5357/5238/1310 5352/5233/1310 5330/5211/1310
f 5354/5235/1317 5358/5239/1317 5359/5240/1317
f 5354/5235/1317 5359/5240/1317 5355/5236/1317
f 5356/5237/1312 5360/5241/1312 5337/5218/1312
f 5361/5242/1310 5357/5238/1310 5330/5211/1310
f 5362/5243/1318 5363/5244/1318 5364/5245/1318
f 5362/5243/1318 5364/5245/1318 5365/5246/1318
f 5360/5241/1312 5366/5247/1312 5337/5218/1312
f 5367/5248/1310 5361/5242/1310 5330/5211/1310
f 5363/5244/1319 5368/5249/1319 5369/5250/1319
f 5363/5244/1319 5369/5250/1319 5364/5245/1319
f 5366/5247/1312 5370/5251/1312 5337/5218/1312
f 5371/5252/1310 5367/5248/1310 5330/5211/1310
f 5372/5253/1320 5373/5254/1320 5374/5255/1320
f 5372/5253/1320 5374/5255/1320 5375/5256/1320
f 5370/5251/1312 5376/5257/1312 5337/5218/1312
f 5377/5258/1310 5371/5252/1310 5330/5211/1310
f 5378/5259/1321 5379/5260/1321 5380/5261/1321
f 5378/5259/1321 5380/5261/1321 5381/5262/1321
f 5376/5257/1312 5382/5263/1312 5337/5218/1312
f 5383/5264/1310 5377/5258/1310 5330/5211/1310
f 5379/5260/1322 5384/5265/1322 5385/5266/1322
f 5379/5260/1322 5385/5266/1322 5380/5261/1322
f 5382/5263/1312 5386/5267/1312 5337/5218/1312
f 5387/5268/1310 5383/5264/1310 5330/5211/1310
f 5384/5265/1323 5388/5269/1323 5389/5270/1323
f 5384/5265/1323 5389/5270/1323 5385/5266/1323
f 5386/5267/1312 5390/5271/1312 5337/5218/1312
f 5391/5272/1310 5387/5268/1310 5330/5211/1310
f 5392/5273/1324 5393/5274/1324 5394/5275/1324
f 5392/5273/1324 5394/5275/1324 5389/5270/1324
f 5390/5271/1312 5395/5276/1312 5337/5218/1312
f 5396/5277/1310 5391/5272/1310 5330/5211/1310
f 5393/5274/1325 5397/5278/1325 5398/5279/1325
f 5393/5274/1325 5398/5279/1325 5394/5275/1325
f 5395/5276/1312 5399/5280/1312 5337/5218/1312
f 5400/5281/1310 5396/5277/1310 5330/5211/1310
f 5401/5282/1326 5402/5283/1326 5403/5284/1326
f 5401/5282/1326 5403/5284/1326 5404/5285/1326
f 5399/5280/1312 5405/5286/1312 5337/5218/1312
f 5329/5210/1310 5400/5281/1310 5330/5211/1310
f 5402/5283/1327 5406/5287/1327 5407/5288/1327
f 5402/5283/1327 5407/5288/1327 5403/5284/1327
f 5405/5286/1312 5335/5216/1312 5337/5218/1312
f 5408/5289/1328 5409/5290/1328 5410/5291/1328
f 5408/5289/1328 5410/5291/1328 5411/5292/1328
f 5412/5293/1329 5413/5294/1329 5414/5295/1329
f 5412/5293/1329 5414/5295/1329 5364/5245/1329
f 5415/5296/1330 5416/5297/1330 5403/5284/1330
f 5415/5296/1330 5403/5284/1330 5407/5288/1330
f 5417/5298/1331 5415/5296/1331 5334/5215/1331
f 5417/5298/1331 5334/5215/1331 5333/5214/1331
f 5418/5299/1332 5419/5300/1332 5420/5301/1332
f 5418/5299/1332 5420/5301/1332 5421/5302/1332
f 5422/5303/1333 5423/5304/1333 5350/5231/1333
f 5422/5303/1333 5350/5231/1333 5355/5236/1333
f 5424/5305/1334 5425/5306/1334 5426/5307/1334
f 5424/5305/1334 5426/5307/1334 5427/5308/1334
f 5428/5309/1335 5429/5310/1335 5430/5308/1335
f 5428/5309/1335 5430/5308/1335 5431/5311/1335
f 5416/5297/1336 5432/5312/1336 5433/5313/1336
f 5416/5297/1336 5433/5313/1336 5434/5314/1336
f 5435/5315/1337 5436/5316/1337 5437/5317/1337
f 5435/5315/1337 5437/5317/1337 5438/5318/1337
f 5439/5319/1338 5440/5320/1338 5385/5266/1338
f 5439/5319/1338 5385/5266/1338 5389/5270/1338
f 5441/5321/1339 5442/5322/1339 5375/5256/1339
f 5441/5321/1339 5375/5256/1339 5374/5255/1339
f 5442/5322/1340 5412/5293/1340 5364/5245/1340
f 5442/5322/1340 5364/5245/1340 5369/5250/1340
f 5423/5304/1341 5418/5299/1341 5346/5227/1341
f 5423/5304/1341 5346/5227/1341 5350/5231/1341
f 5443/5323/1342 5439/5319/1342 5389/5270/1342
f 5443/5323/1342 5389/5270/1342 5394/5275/1342
f 5440/5320/1343 5444/5324/1343 5445/5325/1343
f 5440/5320/1343 5445/5325/1343 5446/5326/1343
# Vertices: 119, normals: 34, texture coordinates: 118, faces: 96

