# Blender 5.1.2
# www.blender.org
o canister
v 0.755466 0.329762 20.767332
v 0.735963 0.259972 20.350842
v 0.750714 0.331052 19.946531
v 0.768930 0.364022 20.767332
v 0.764574 0.364612 19.945932
v 0.934165 0.562222 19.944551
v 0.933965 0.556182 18.906733
v 0.765960 0.365212 18.902872
v 0.750714 0.331052 18.902672
v 0.936535 0.563802 20.767332
v 0.772098 0.351252 17.103840
v 0.964355 0.560432 17.103840
v 0.964355 0.560432 15.663881
v 0.772098 0.351252 15.663881
v 1.011775 1.217200 6.463120
v 0.983665 0.859710 6.463121
v 1.085735 1.223040 6.446980
v 1.011775 1.217200 6.565189
v 0.983665 0.859710 6.565191
v 0.977525 1.214530 6.567959
v 0.928125 1.565880 6.565189
v 0.928125 1.565880 6.463120
v 0.996635 1.594190 6.446980
v 0.996635 1.594190 6.317989
v 1.085735 1.223040 6.317989
v 0.797145 1.919700 6.317989
v 0.797145 1.919700 6.446980
v 0.506877 2.167600 6.317989
v 0.506877 2.167600 6.446980
v 0.740814 1.871589 6.301750
v 0.468168 2.104439 6.301750
v 0.928125 1.565880 6.301750
v 1.011775 1.217200 6.301750
v 1.055835 0.842490 6.317991
v 1.055835 0.842490 6.446981
v 0.846447 0.528460 6.463121
v 0.909705 0.489750 6.446981
v 0.846447 0.528460 6.565191
v 0.950295 0.867730 6.567961
v 0.817143 0.546480 6.567961
v 0.613599 0.255810 6.565191
v 0.591324 0.281950 6.567961
v 0.294720 0.100280 6.567961
v 0.307887 0.068500 6.565191
v 0.307887 0.068500 6.463121
v 0.613599 0.255810 6.463121
v -0.711516 0.179480 6.567961
v -0.729435 0.150180 6.565191
v -0.390162 0.046330 6.567961
v -0.975945 0.405300 6.567961
v -1.002081 0.383030 6.565191
v -1.189485 0.688740 6.565191
v -1.157705 0.701910 6.567961
v -1.238885 1.040090 6.567959
v -1.273145 1.037320 6.565189
v -1.211565 1.386790 6.567959
v -1.245025 1.394810 6.565189
v -1.245025 1.394810 6.463120
v -1.273145 1.037320 6.463120
v -1.107813 1.726060 6.565189
v -1.107813 1.726060 6.463120
v -1.078509 1.708140 6.567959
v -0.852591 1.972570 6.567959
v -0.874965 1.998709 6.565189
v -0.874965 1.998709 6.463120
v -0.569253 2.186020 6.565189
v -0.569253 2.186020 6.463120
v -0.556086 2.154340 6.567959
v -0.217902 2.235510 6.567959
v -0.220575 2.269770 6.565189
v -0.220575 2.269770 6.463120
v 0.136914 2.241649 6.565189
v 0.136914 2.241649 6.463120
v 0.128796 2.208190 6.567959
v 0.450150 2.075140 6.567959
v 0.468168 2.104439 6.565189
v 0.468168 2.104439 6.463120
v 0.740814 1.871589 6.565189
v 0.740814 1.871589 6.463120
v 0.714678 1.849220 6.567959
v 0.896345 1.552710 6.567959
v 0.154140 2.313720 6.446980
v 0.154140 2.313720 6.317989
v 0.136914 2.241649 6.301750
v 0.468168 2.104439 6.199679
v 0.136914 2.241649 6.199679
v 0.450150 2.075140 6.197010
v 0.714678 1.849220 6.197010
v 0.740814 1.871589 6.199679
v 0.928125 1.565880 6.199679
v 0.896345 1.552710 6.197010
v 0.977525 1.214530 6.197010
v 1.011775 1.217200 6.199679
v 0.983665 0.859710 6.199680
v 0.983665 0.859710 6.301751
v 0.909705 0.489750 6.317991
v 0.846447 0.528460 6.301751
v 0.661812 0.199480 6.317991
v 0.613599 0.255810 6.301751
v 0.661812 0.199480 6.446981
v 0.336300 0.000000 6.446981
v -1.317095 1.412130 6.446980
v -1.317095 1.412130 6.317989
v -1.347095 1.031580 6.317989
v -1.347095 1.031580 6.446980
v -1.170975 1.764770 6.446980
v -1.170975 1.764770 6.317989
v -1.189485 0.688740 6.463121
v -1.257995 0.660330 6.446981
v -1.002081 0.383030 6.463121
v -1.058511 0.334810 6.446981
v -0.729435 0.150180 6.463121
v -0.923079 2.055140 6.446980
v -0.923079 2.055140 6.317989
v -0.597567 2.254520 6.446980
v -0.597567 2.254520 6.317989
v -0.226416 2.343720 6.446980
v -0.226416 2.343720 6.317989
v -0.220575 2.269770 6.301750
v -0.569253 2.186020 6.301750
v -0.220575 2.269770 6.199679
v -0.569253 2.186020 6.199679
v -0.217902 2.235510 6.197010
v 0.128796 2.208190 6.197010
v -0.556086 2.154340 6.197010
v -0.852591 1.972570 6.197010
v -0.874965 1.998709 6.199679
v -0.874965 1.998709 6.301750
v -1.107813 1.726060 6.199679
v -1.107813 1.726060 6.301750
v -1.078509 1.708140 6.197010
v -1.211565 1.386790 6.197010
v -1.245025 1.394810 6.199679
v -1.245025 1.394810 6.301750
v -1.273145 1.037320 6.199679
v -1.273145 1.037320 6.301750
v -1.238885 1.040090 6.197010
v -1.157705 0.701910 6.197011
v -1.189485 0.688740 6.199680
v -0.975945 0.405300 6.197011
v -1.002081 0.383030 6.199680
v -1.002081 0.383030 6.301751
v -1.189485 0.688740 6.301751
v -0.729435 0.150180 6.199680
v -0.729435 0.150180 6.301751
v -0.711516 0.179480 6.197011
v -0.390162 0.046330 6.197011
v 0.307887 0.068500 6.199680
v 0.294720 0.100280 6.197011
v 0.613599 0.255810 6.199680
v 0.591324 0.281950 6.197011
v 0.817143 0.546480 6.197011
v 0.846447 0.528460 6.199680
v 0.950295 0.867730 6.197011
v 0.307887 0.068500 6.301751
v 0.336300 0.000000 6.317991
v -1.058511 0.334810 6.317991
v -1.257995 0.660330 6.317991
v 0.956135 0.763682 16.361542
v 0.790611 0.445602 16.361542
v 0.790611 0.445602 16.259472
v 0.956135 0.763682 16.259472
v 0.923565 0.774572 16.364311
v 1.015345 1.117312 16.361540
v 1.015345 1.117312 16.259470
v 1.026425 0.740122 16.243332
v 0.850209 0.401541 16.243332
v 0.534795 0.194332 16.259472
v 0.534795 0.194332 16.361542
v 0.514896 0.222251 16.364311
v 0.762891 0.466092 16.364311
v 0.213936 0.034352 16.361542
v -0.494310 0.040492 16.361542
v -0.483420 0.073061 16.364311
v -0.791904 0.233642 16.364311
v -0.812298 0.206022 16.361542
v -1.035642 0.481731 16.364311
v -1.063659 0.461832 16.361542
v -1.190875 0.792992 16.364311
v -1.223645 0.782692 16.361542
v -1.223645 0.782692 16.259472
v -1.063659 0.461832 16.259472
v -1.276605 1.137312 16.361540
v -1.276605 1.137312 16.259470
v -1.242255 1.137012 16.364311
v -1.184835 1.480052 16.364311
v -1.217405 1.490942 16.361540
v -1.024257 1.788532 16.364311
v -1.051878 1.808922 16.361540
v -0.776163 2.032272 16.364311
v -0.796161 2.060282 16.361540
v -0.796161 2.060282 16.259470
v -1.051878 1.808922 16.259470
v -0.475302 2.220272 16.361540
v -0.475302 2.220272 16.259470
v -0.464907 2.187502 16.364311
v -0.120981 2.238881 16.364311
v -0.120684 2.273232 16.361540
v 0.222054 2.181462 16.364311
v 0.232944 2.214032 16.361540
v 0.551031 2.048502 16.361540
v 0.530538 2.020881 16.364311
v 0.802293 1.792792 16.361540
v 0.774375 1.772792 16.364311
v 0.929505 1.461532 16.364311
v 0.962275 1.471932 16.361540
v 0.962275 1.471932 16.259470
v 0.802293 1.792792 16.259470
v 0.980885 1.117612 16.364311
v 1.033065 1.494202 16.243330
v 1.089495 1.116622 16.243330
v 1.033065 1.494202 16.114330
v 1.089495 1.116622 16.114330
v 0.862685 1.835852 16.114330
v 0.862685 1.835852 16.243330
v 0.595086 2.108102 16.114330
v 0.595086 2.108102 16.243330
v 0.256506 2.284422 16.114330
v 0.256506 2.284422 16.243330
v 0.232944 2.214032 16.098101
v 0.551031 2.048502 16.098101
v 0.551031 2.048502 15.996031
v 0.232944 2.214032 15.996031
v 0.802293 1.792792 16.098101
v 0.802293 1.792792 15.996031
v 0.962275 1.471932 16.098101
v 1.015345 1.117312 16.098101
v 1.026425 0.740122 16.114330
v 0.850209 0.401541 16.114330
v 0.577860 0.133942 16.243332
v -1.287795 1.514402 16.243330
v -1.287795 1.514402 16.114330
v -1.350755 1.137902 16.114330
v -1.350755 1.137902 16.243330
v -1.111476 1.853081 16.243330
v -1.111476 1.853081 16.114330
v -1.217405 1.490942 16.259470
v -1.294325 0.760412 16.243332
v -0.839226 2.120682 16.243330
v -0.839226 2.120682 16.114330
v -0.497577 2.290962 16.243330
v -0.497577 2.290962 16.114330
v -0.119991 2.347381 16.243330
v -0.119991 2.347381 16.114330
v -0.120684 2.273232 16.098101
v -0.475302 2.220272 16.098101
v -0.120684 2.273232 15.996031
v -0.475302 2.220272 15.996031
v 0.222054 2.181462 15.993361
v -0.120981 2.238881 15.993361
v -0.464907 2.187502 15.993361
v -0.796161 2.060282 15.996031
v -0.776163 2.032272 15.993361
v -1.051878 1.808922 15.996031
v -1.024257 1.788532 15.993361
v -1.184835 1.480052 15.993361
v -1.217405 1.490942 15.996031
v -1.242255 1.137012 15.993361
v -1.276605 1.137312 15.996031
v -1.190875 0.792992 15.993361
v -1.223645 0.782692 15.996031
v -1.063659 0.461832 15.996031
v -1.035642 0.481731 15.993361
v -0.791904 0.233642 15.993361
v -0.812298 0.206022 15.996031
v -0.483420 0.073061 15.993361
v -0.494310 0.040492 15.996031
v -0.812298 0.206022 16.098103
v -1.063659 0.461832 16.098103
v -1.223645 0.782692 16.098103
v -1.294325 0.760412 16.114330
v -1.276605 1.137312 16.098101
v -1.217405 1.490942 16.098101
v -1.051878 1.808922 16.098101
v -0.796161 2.060282 16.098101
v 0.514896 0.222251 15.993361
v 0.534795 0.194332 15.996031
v 0.203640 0.067122 15.993361
v 0.790611 0.445602 15.996031
v 0.762891 0.466092 15.993361
v 0.923565 0.774572 15.993361
v 0.956135 0.763682 15.996031
v 0.956135 0.763682 16.098103
v 0.790611 0.445602 16.098103
v 1.015345 1.117312 15.996031
v 0.980885 1.117612 15.993361
v 0.929505 1.461532 15.993361
v 0.962275 1.471932 15.996031
v 0.774375 1.772792 15.993361
v 0.530538 2.020881 15.993361
v 0.534795 0.194332 16.098103
v 0.577860 0.133942 16.114330
v 0.232944 2.214032 16.259470
v -0.120684 2.273232 16.259470
v 0.551031 2.048502 16.259470
v -0.812298 0.206022 16.259472
v -0.787647 0.222942 18.631901
v -0.476094 0.064251 18.631901
v -0.481836 0.046432 18.631210
v -0.798636 0.207902 18.631210
v 0.220569 0.046432 18.631210
v 0.214728 0.064251 18.631901
v 0.526380 0.222942 18.631901
v 0.537369 0.207902 18.631210
v 0.773682 0.470252 18.631901
v 0.788730 0.459262 18.631210
v 0.932375 0.781902 18.631901
v 0.950195 0.776062 18.631210
v 0.987125 1.127312 18.631901
v 1.005835 1.127312 18.631210
v 0.932375 1.472722 18.631901
v 0.950195 1.478462 18.631210
v 0.773682 1.784271 18.631901
v 0.788730 1.795262 18.631210
v 0.526380 2.031582 18.631901
v 0.537369 2.046722 18.631210
v 0.214728 2.190372 18.631901
v 0.220569 2.208091 18.631210
v -0.130683 2.245022 18.631901
v -0.130683 2.263732 18.631210
v -0.476094 2.190372 18.631901
v -0.481836 2.208091 18.631210
v -0.787647 2.031582 18.631901
v -0.798636 2.046722 18.631210
v -1.034949 1.784271 18.631901
v -1.050096 1.795262 18.631210
v -1.193745 1.472722 18.631901
v -1.211465 1.478462 18.631210
v -1.248495 1.127312 18.631901
v -1.267105 1.127312 18.631210
v -1.193745 0.781902 18.631901
v -1.211465 0.776062 18.631210
v -1.034949 0.470252 18.631901
v -1.050096 0.459262 18.631210
v -0.798636 0.207902 18.762981
v -1.050096 0.459262 18.762981
v -0.481836 0.046432 18.762981
v 0.537369 0.207902 18.762981
v 0.220569 0.046432 18.762981
v 0.788730 0.459262 18.762981
v 0.950195 0.776062 18.762981
v 1.005835 1.127312 18.762981
v 0.950195 1.478462 18.762981
v 0.788730 1.795262 18.762981
v 0.537369 2.046722 18.762981
v 0.220569 2.208091 18.762981
v -0.130683 2.263732 18.762981
v -0.481836 2.208091 18.762981
v -0.798636 2.046722 18.762981
v -1.050096 1.795262 18.762981
v -1.211465 1.478462 18.762981
v -1.267105 1.127312 18.762981
v -1.211465 0.776062 18.762981
v -1.034949 0.470252 18.762392
v -1.193745 0.781902 18.762392
v -1.248495 1.127312 18.762390
v -1.193745 1.472722 18.762390
v -1.034949 1.784271 18.762390
v -0.787647 2.031582 18.762390
v -0.476094 2.190372 18.762390
v -0.130683 2.245022 18.762390
v 0.214728 2.190372 18.762390
v 0.526380 2.031582 18.762390
v 0.773682 1.784271 18.762390
v 0.932375 1.472722 18.762390
v 0.987125 1.127312 18.762390
v 0.932375 0.781902 18.762392
v 0.773682 0.470252 18.762392
v 0.526380 0.222942 18.762392
v 0.214728 0.064251 18.762392
v -0.476094 0.064251 18.762392
v -0.787647 0.222942 18.762392
v 0.225717 2.022368 1.190882
v 0.080979 2.077308 1.167910
v 0.212748 2.019098 1.167511
v 0.217104 2.036228 1.162170
v 0.247299 2.009498 1.195921
v 0.229479 2.004048 1.190882
v 0.224925 1.988608 1.230080
v 0.242844 1.994548 1.233740
v 0.201561 1.982769 1.259682
v 0.205917 1.998108 1.271070
v 0.219777 2.002268 1.241661
v 0.075435 2.059788 1.167511
v 0.058308 2.065828 1.195131
v 0.046329 2.080078 1.200180
v 0.042963 2.061079 1.236910
v 0.038607 2.065828 1.193750
v 0.077613 2.064438 1.155140
v 0.060090 2.038509 1.242451
v 0.069693 2.038408 1.271070
v 0.035934 2.044838 1.229490
v 0.064644 2.020679 1.265820
v 0.110184 2.020878 1.264040
v 0.162357 2.005438 1.264040
v 0.533112 0.400048 1.377100
v 0.604293 0.467569 1.377100
v 0.545289 0.529739 1.377100
v 0.474108 0.462229 1.377100
v 0.533112 0.400048 1.209091
v 0.604293 0.467569 1.209091
v 0.474108 0.462229 1.112169
v 0.545289 0.529739 1.112169
v 0.580236 0.492918 1.133360
v 0.586968 0.467669 1.209091
v 0.534003 0.417380 1.209091
v 0.509154 0.425399 1.133360
v 0.488067 0.461930 1.112169
v 0.544893 0.515789 1.112169
v 0.570138 0.483209 1.133360
v 0.544893 0.515789 1.209091
v 0.544992 0.518358 1.295120
v 0.592809 0.467869 1.295120
v 0.533409 0.411539 1.295120
v 0.485592 0.461930 1.295120
v 0.488067 0.461930 1.209091
v 0.519252 0.434999 1.133360
v -0.393033 0.286200 1.112169
v -0.393033 0.286200 1.377100
v -0.298983 0.258289 1.377100
v -0.298983 0.258289 1.112169
v -0.417387 0.204029 1.377100
v -0.417387 0.204029 1.209091
v -0.323337 0.176120 1.377100
v -0.323337 0.176120 1.209091
v -0.401943 0.211959 1.209091
v -0.331950 0.191169 1.209091
v -0.407487 0.237400 1.133360
v -0.386400 0.273930 1.112169
v -0.311259 0.251650 1.112169
v -0.313437 0.209579 1.133360
v -0.326802 0.213539 1.133360
v -0.311259 0.251650 1.209091
v -0.308982 0.252840 1.295120
v -0.328782 0.186219 1.295120
v -0.407289 0.209479 1.295120
v -0.387588 0.276109 1.295120
v -0.386400 0.273930 1.209091
v -0.394023 0.233438 1.133360
v -1.037325 0.973859 1.241661
v -1.011387 0.967920 1.259682
v -1.011387 0.922680 1.264040
v -1.028019 0.985239 1.230080
v -1.042176 0.997818 1.233740
v -1.026831 0.963959 1.271070
v -1.057719 0.969009 1.190882
v -1.057422 0.994148 1.195921
v -1.069500 0.953758 1.164440
v -1.050789 0.958508 1.161369
v -1.032969 0.816249 1.167910
v -1.020099 0.819719 1.155140
v -1.001784 0.785259 1.193750
v -1.011684 0.802289 1.195131
v -1.014951 0.820110 1.167511
v -1.018020 0.784769 1.200180
v -0.999903 0.791499 1.236910
v -0.982281 0.793379 1.229490
v -0.993666 0.825950 1.271070
v -0.975747 0.830309 1.265820
v -0.998715 0.869709 1.264040
v -0.988914 0.817538 1.242451
v -1.043760 0.981479 1.190882
v 0.099492 2.074238 1.209091
v 0.108105 2.059199 1.209091
v 0.089592 2.040778 1.133360
v 0.193542 2.046418 1.209091
v 0.178098 2.038509 1.209091
v 0.183642 2.012959 1.133360
v 0.169188 1.964248 1.112169
v 0.193542 2.046418 1.377100
v 0.169188 1.964248 1.377100
v 0.099492 2.074238 1.377100
v 0.075138 1.992068 1.377100
v 0.075138 1.992068 1.112169
v 0.087414 1.998708 1.112169
v 0.162456 1.976528 1.112169
v 0.102957 2.036819 1.133360
v 0.087414 1.998708 1.209091
v 0.085137 1.997519 1.295120
v 0.104937 2.064249 1.295120
v 0.183444 2.040978 1.295120
v 0.163743 1.974248 1.295120
v 0.162456 1.976528 1.209091
v 0.170178 2.016918 1.133360
v 0.838527 1.321249 1.209091
v 0.824073 1.330650 1.209091
v 0.806946 1.401739 1.209091
v 0.815658 1.416690 1.209091
v 0.804669 1.313130 1.133360
v 0.755268 1.301249 1.112169
v 0.838527 1.321249 1.377100
v 0.755268 1.301249 1.377100
v 0.815658 1.416690 1.377100
v 0.732300 1.396690 1.377100
v 0.732300 1.396690 1.112169
v 0.744279 1.389359 1.112169
v 0.762495 1.313229 1.112169
v 0.781800 1.408468 1.133360
v 0.785067 1.394910 1.133360
v 0.744279 1.389359 1.209091
v 0.742101 1.390650 1.295120
v 0.809718 1.406890 1.295120
v 0.828825 1.327290 1.295120
v 0.761208 1.311049 1.295120
v 0.762495 1.313229 1.209091
v 0.801402 1.326689 1.133360
v 0.690126 0.419360 9.016231
v 0.690126 0.419360 10.693789
v 0.914165 0.663100 10.693789
v 0.914165 0.663100 9.016231
v -1.062372 0.929110 1.209091
v -1.028514 0.937229 1.133360
v -1.047918 0.919708 1.209091
v -0.979113 0.949110 1.112169
v -1.062372 0.929110 1.377100
v -0.979113 0.949110 1.377100
v -1.039503 0.833769 1.377100
v -0.956145 0.853769 1.377100
v -1.039503 0.833769 1.209091
v -1.030791 0.848719 1.209091
v -1.033563 0.843479 1.295120
v -1.052670 0.923170 1.295120
v -0.985053 0.939409 1.295120
v -0.965946 0.859709 1.295120
v -0.986439 0.937229 1.209091
v -0.968124 0.861099 1.209091
v -1.008912 0.855450 1.133360
v -0.968124 0.861099 1.112169
v -1.005645 0.841890 1.133360
v -0.956145 0.853769 1.112169
v -0.986439 0.937229 1.112169
v -1.025247 0.923670 1.133360
v -0.947334 0.393619 2.167021
v -0.963174 0.380160 2.127420
v -1.047522 0.393619 2.167021
v -1.045938 0.382329 2.121580
v 0.533013 0.213842 21.924101
v 0.782790 0.463612 21.924101
v 0.775167 0.469162 21.933500
v 0.527469 0.221462 21.933500
v 0.533013 0.213842 21.273701
v 0.782790 0.463612 21.273701
v 0.943175 0.778332 21.273701
v 0.943175 0.778332 21.924101
v 0.998415 1.127312 21.273701
v 0.998415 1.127312 21.924101
v 0.943175 1.476182 21.273701
v 0.943175 1.476182 21.924101
v 0.782790 1.790912 21.273701
v 0.782790 1.790912 21.924101
v 0.533013 2.040682 21.273701
v 0.533013 2.040682 21.924101
v 0.218292 2.201062 21.273701
v 0.218292 2.201062 21.924101
v -0.130683 2.256402 21.273701
v -0.130683 2.256402 21.924101
v -0.479559 2.201062 21.273701
v -0.479559 2.201062 21.924101
v -0.794280 2.040682 21.273701
v -0.794280 2.040682 21.924101
v -1.044057 1.790912 21.273701
v -1.044057 1.790912 21.924101
v -1.204435 1.476182 21.273701
v -1.204435 1.476182 21.924101
v -1.259775 1.127312 21.273701
v -1.259775 1.127312 21.924101
v -1.204435 0.778332 21.273701
v -1.204435 0.778332 21.924101
v -1.044057 0.463612 21.273701
v -1.044057 0.463612 21.924101
v -0.794280 0.213842 21.273701
v -0.794280 0.213842 21.924101
v -0.479559 0.053462 21.273701
v -0.479559 0.053462 21.924101
v 0.215322 0.062372 21.933500
v 0.218292 0.053462 21.924101
v 0.180870 0.168402 21.933500
v -0.130683 0.119092 21.933500
v -0.130683 0.007522 21.933500
v 0.461931 0.311652 21.933500
v -0.442236 0.168402 21.933500
v -0.723297 0.311652 21.933500
v -0.788835 0.221462 21.933500
v -0.476688 0.062372 21.933500
v -0.946344 0.534702 21.933500
v -1.089498 0.815762 21.933500
v -1.195525 0.781302 21.933500
v -1.036533 0.469162 21.933500
v -1.138800 1.127312 21.933500
v -1.089498 1.438862 21.933500
v -1.195525 1.473312 21.933500
v -1.250375 1.127312 21.933500
v -0.946344 1.719922 21.933500
v -0.723297 1.942872 21.933500
v -0.788835 2.033162 21.933500
v -1.036533 1.785462 21.933500
v -0.442236 2.086122 21.933500
v -0.130683 2.135432 21.933500
v -0.130683 2.247002 21.933500
v -0.476688 2.192152 21.933500
v 0.180870 2.086122 21.933500
v 0.461931 1.942872 21.933500
v 0.527469 2.033162 21.933500
v 0.215322 2.192152 21.933500
v 0.684978 1.719922 21.933500
v 0.828132 1.438862 21.933500
v 0.934265 1.473312 21.933500
v 0.775167 1.785462 21.933500
v 0.877535 1.127312 21.933500
v 0.828132 0.815762 21.933500
v 0.934265 0.781302 21.933500
v 0.989005 1.127312 21.933500
v 0.684978 0.534702 21.933500
v 0.218292 0.053462 21.273701
v -0.825663 0.216110 3.868832
v -1.073262 0.475490 3.868832
v -1.073262 0.475490 3.766760
v -0.825663 0.216110 3.766760
v -1.228495 0.798630 3.868832
v -1.228495 0.798630 3.766760
v -1.299575 0.777340 3.884961
v -1.350465 1.155719 3.884960
v -1.281955 1.531230 4.013959
v -1.281955 1.531230 3.884960
v -1.350465 1.155719 4.013959
v -1.100784 1.867230 4.013959
v -1.100784 1.867230 3.884960
v -0.824673 2.130870 4.013959
v -0.824673 2.130870 3.884960
v -0.782499 2.069890 4.030200
v -1.041879 1.822290 4.030200
v -1.041879 1.822290 4.132269
v -0.782499 2.069890 4.132269
v -0.762897 2.041570 4.134940
v -1.014555 1.801500 4.134940
v -1.179585 1.495290 4.134940
v -1.212055 1.506680 4.132269
v -1.241955 1.153150 4.134940
v -1.276315 1.153940 4.132269
v -1.228495 0.798630 4.132271
v -1.276315 1.153940 4.030200
v -1.228495 0.798630 4.030200
v -1.212055 1.506680 4.030200
v -1.299575 0.777340 4.013961
v -1.073262 0.475490 4.030200
v -0.825663 0.216110 4.132271
v -1.073262 0.475490 4.132271
v -0.825663 0.216110 4.030200
v -1.044948 0.495000 4.134941
v -0.804873 0.243440 4.134941
v -0.498666 0.078300 4.134941
v -0.510051 0.045930 4.132271
v -0.510051 0.045930 4.030200
v -0.510051 0.045930 3.868832
v -0.510051 0.045930 3.766760
v -0.804873 0.243440 3.763990
v -0.498666 0.078300 3.763990
v -1.044948 0.495000 3.763990
v -1.195625 0.808530 3.763990
v -1.241955 1.153150 3.763989
v -1.276315 1.153940 3.766760
v -1.212055 1.506680 3.766760
v -1.276315 1.153940 3.868830
v -1.212055 1.506680 3.868830
v -1.041879 1.822290 3.868830
v -1.041879 1.822290 3.766760
v -0.782499 2.069890 3.868830
v -0.782499 2.069890 3.766760
v -0.459264 2.225120 3.868830
v -0.480549 2.296200 3.884960
v -0.102270 2.347089 3.884960
v -0.102270 2.347089 4.013959
v -0.480549 2.296200 4.013959
v 0.273336 2.278680 4.013959
v 0.273336 2.278680 3.884960
v 0.609342 2.097410 4.013959
v 0.609342 2.097410 3.884960
v 0.872885 1.821300 4.013959
v 0.872885 1.821300 3.884960
v 0.811896 1.779120 4.030200
v 0.564396 2.038510 4.030200
v 0.564396 2.038510 4.132269
v 0.811896 1.779120 4.132269
v 0.783681 1.759520 4.134940
v 0.543507 2.011180 4.134940
v 0.237399 2.176210 4.134940
v 0.248784 2.208689 4.132269
v -0.104745 2.238580 4.134940
v -0.103953 2.273040 4.132269
v -0.459264 2.225120 4.132269
v -0.103953 2.273040 4.030200
v -0.459264 2.225120 4.030200
v 0.248784 2.208689 4.030200
v -0.449463 2.192249 4.134940
v 0.967225 1.455890 4.132269
v 0.934265 1.446090 4.134940
v 0.980695 1.101370 4.134940
v 1.015045 1.100580 4.132269
v 1.015045 1.100580 4.030200
v 0.967225 1.455890 4.030200
v 0.950695 0.747840 4.132271
v 0.950695 0.747840 4.030200
v 0.918325 0.759230 4.134941
v 0.753189 0.453120 4.134941
v 0.780513 0.432229 4.132271
v 0.780513 0.432229 4.030200
v 0.521133 0.184730 4.132271
v 0.521133 0.184730 4.030200
v 0.501630 0.212940 4.134941
v 0.188097 0.062370 4.134941
v 0.563307 0.123749 4.013961
v 0.839517 0.387280 4.013961
v 0.839517 0.387280 3.884961
v 1.020685 0.723290 3.884961
v 1.020685 0.723290 4.013961
v 0.780513 0.432229 3.868832
v 0.950695 0.747840 3.868832
v 0.780513 0.432229 3.766760
v 0.950695 0.747840 3.766760
v 0.521133 0.184730 3.868832
v 0.521133 0.184730 3.766760
v 0.563307 0.123749 3.884961
v 0.501630 0.212940 3.763990
v 0.188097 0.062370 3.763990
v 0.753189 0.453120 3.763990
v 0.918325 0.759230 3.763990
v 1.015045 1.100580 3.766760
v 0.980695 1.101370 3.763989
v 0.967225 1.455890 3.766760
v 0.934265 1.446090 3.763989
v 0.783681 1.759520 3.763989
v 0.811896 1.779120 3.766760
v 0.811896 1.779120 3.868830
v 0.967225 1.455890 3.868830
v 1.038305 1.477170 3.884960
v 1.038305 1.477170 4.013959
v 1.089195 1.098900 4.013959
v 1.089195 1.098900 3.884960
v 1.015045 1.100580 3.868830
v 0.564396 2.038510 3.868830
v 0.248784 2.208689 3.868830
v 0.564396 2.038510 3.766760
v 0.248784 2.208689 3.766760
v 0.543507 2.011180 3.763989
v 0.237399 2.176210 3.763989
v -0.103953 2.273040 3.766760
v -0.104745 2.238580 3.763989
v -0.459264 2.225120 3.766760
v -0.449463 2.192249 3.763989
v -0.762897 2.041570 3.763989
v -0.103953 2.273040 3.868830
v -1.014555 1.801500 3.763989
v -1.179585 1.495290 3.763989
v -1.195625 0.808530 4.134941
v -0.794280 0.213840 8.797441
v -0.479559 0.053460 8.797441
v -0.485400 0.035540 8.796751
v -0.805368 0.198590 8.796751
v 0.224034 0.035540 8.796751
v 0.218292 0.053460 8.797441
v 0.533013 0.213840 8.797441
v 0.544101 0.198590 8.796751
v 0.782790 0.463610 8.797441
v 0.798036 0.452530 8.796751
v 0.943175 0.778330 8.797441
v 0.961085 0.772590 8.796751
v 0.998415 1.127310 8.797441
v 1.017325 1.127310 8.796751
v 0.943175 1.476180 8.797441
v 0.961085 1.482030 8.796751
v 0.782790 1.790910 8.797441
v 0.798036 1.801991 8.796751
v 0.533013 2.040680 8.797441
v 0.544101 2.056030 8.796751
v 0.218292 2.201060 8.797441
v 0.224034 2.219080 8.796751
v -0.130683 2.256400 8.797441
v -0.130683 2.275210 8.796751
v -0.479559 2.201060 8.797441
v -0.485400 2.219080 8.796751
v -0.794280 2.040680 8.797441
v -0.805368 2.056030 8.796751
v -1.044057 1.790910 8.797441
v -1.059402 1.801991 8.796751
v -1.204435 1.476180 8.797441
v -1.222455 1.482030 8.796751
v -1.259775 1.127310 8.797441
v -1.278585 1.127310 8.796751
v -1.204435 0.778330 8.797441
v -1.222455 0.772590 8.796751
v -1.044057 0.463610 8.797441
v -1.059402 0.452530 8.796751
v -0.805368 0.198590 8.929901
v -1.059402 0.452530 8.929901
v -0.794280 0.213840 8.929211
v -1.044057 0.463610 8.929211
v -1.204435 0.778330 8.929211
v -1.222455 0.772590 8.929901
v -1.259775 1.127310 8.929211
v -1.278585 1.127310 8.929901
v -1.204435 1.476180 8.929211
v -1.222455 1.482030 8.929901
v -1.044057 1.790910 8.929211
v -1.059402 1.801991 8.929901
v -0.794280 2.040680 8.929211
v -0.805368 2.056030 8.929901
v -0.479559 2.201060 8.929211
v -0.485400 2.219080 8.929901
v -0.130683 2.256400 8.929211
v -0.130683 2.275210 8.929901
v 0.218292 2.201060 8.929211
v 0.224034 2.219080 8.929901
v 0.533013 2.040680 8.929211
v 0.544101 2.056030 8.929901
v 0.782790 1.790910 8.929211
v 0.798036 1.801991 8.929901
v 0.943175 1.476180 8.929211
v 0.961085 1.482030 8.929901
v 0.998415 1.127310 8.929211
v 1.017325 1.127310 8.929901
v 0.943175 0.778330 8.929211
v 0.961085 0.772590 8.929901
v 0.782790 0.463610 8.929211
v 0.798036 0.452530 8.929901
v 0.533013 0.213840 8.929211
v 0.544101 0.198590 8.929901
v 0.218292 0.053460 8.929211
v 0.224034 0.035540 8.929901
v -0.485400 0.035540 8.929901
v -0.479559 0.053460 8.929211
v 0.810312 2.184930 5.370561
v 1.009105 1.967320 5.370561
v 0.650427 2.039000 5.183249
v 0.849219 1.821300 5.183249
v 0.583800 1.978110 5.176720
v 0.782592 1.760410 5.176720
v 0.583800 1.978110 5.718441
v 0.809619 2.184330 5.718441
v 0.782592 1.760410 5.718441
v 1.008415 1.966630 5.718441
v 0.898425 0.471730 11.229675
v 0.898425 0.471730 11.358673
v 0.645477 0.185820 11.358673
v 0.645477 0.185820 11.229676
v 1.050685 0.821790 11.229675
v 1.050685 0.821790 11.358673
v 1.087215 1.201760 11.229675
v 1.087215 1.201760 11.358673
v 1.013265 1.197200 11.213440
v 0.978815 0.840310 11.213440
v 1.004645 1.574490 11.229675
v 0.935645 1.547270 11.213440
v 1.004645 1.574490 11.358673
v 0.810807 1.903370 11.229675
v 0.810807 1.903370 11.358673
v 0.524895 2.156310 11.229675
v 0.524895 2.156310 11.358673
v 0.753585 1.856250 11.213440
v 0.485097 2.093850 11.213440
v 0.753585 1.856250 11.111469
v 0.485097 2.093850 11.111469
v 0.935645 1.547270 11.111469
v 1.013265 1.197200 11.111469
v 0.978815 0.840310 11.111469
v 0.835854 0.511530 11.213440
v 0.835854 0.511530 11.111470
v 0.598254 0.242940 11.213440
v 0.289374 0.060980 11.213440
v 0.289374 0.060980 11.111470
v 0.598254 0.242940 11.111470
v 0.276801 0.092960 11.108698
v 0.576474 0.269470 11.108698
v 0.806847 0.530040 11.108698
v 0.945545 0.848920 11.108698
v 0.978905 1.195120 11.108698
v 0.903665 1.534690 11.108698
v 0.727152 1.834370 11.108698
v 0.466584 2.064840 11.108698
v 0.147705 2.203540 11.108698
v 0.156318 2.236800 11.111469
v -0.198498 2.236800 11.108698
v -0.200577 2.271160 11.111469
v -0.538068 2.161560 11.108698
v -0.550641 2.193540 11.111469
v -0.837741 1.985040 11.108698
v -0.859620 2.011580 11.111469
v -1.068213 1.724580 11.108698
v -1.097220 1.742990 11.111469
v -1.206915 1.405600 11.108698
v -1.240175 1.414210 11.111469
v -1.240175 1.059390 11.108698
v -1.274525 1.057320 11.111469
v -1.164935 0.719830 11.108698
v -1.196915 0.707250 11.111469
v -0.988419 0.420150 11.108698
v -1.014951 0.398370 11.111470
v -0.727950 0.189780 11.108698
v -0.746463 0.160770 11.111470
v -0.746463 0.160770 11.213440
v -1.014951 0.398370 11.213440
v -1.196915 0.707250 11.213440
v -1.072173 0.351150 11.229675
v -1.265915 0.680130 11.229675
v -1.348585 1.052760 11.229675
v -1.348585 1.052760 11.358673
v -1.311955 1.432820 11.358673
v -1.311955 1.432820 11.229675
v -1.274525 1.057320 11.374809
v -1.240175 1.414210 11.374809
v -1.196915 0.707250 11.374809
v -1.265915 0.680130 11.358673
v -1.196915 0.707250 11.476878
v -1.274525 1.057320 11.476878
v -1.164935 0.719830 11.479650
v -1.240175 1.059390 11.479650
v -0.988419 0.420150 11.479650
v -1.014951 0.398370 11.476878
v -1.014951 0.398370 11.374810
v -1.072173 0.351150 11.358673
v -0.746463 0.160770 11.476878
v -0.727950 0.189780 11.479650
v -0.746463 0.160770 11.374810
v 0.598254 0.242940 11.476878
v 0.289374 0.060980 11.476878
v 0.289374 0.060980 11.374810
v 0.598254 0.242940 11.374810
v 0.576474 0.269470 11.479650
v 0.276801 0.092960 11.479650
v 0.806847 0.530040 11.479650
v 0.835854 0.511530 11.476878
v 0.835854 0.511530 11.374810
v 0.978815 0.840310 11.374809
v 1.013265 1.197200 11.374809
v 1.013265 1.197200 11.476878
v 0.978815 0.840310 11.476878
v 0.978905 1.195120 11.479650
v 0.945545 0.848920 11.479650
v 0.903665 1.534690 11.479650
v 0.935645 1.547270 11.476877
v 0.935645 1.547270 11.374809
v 0.753585 1.856250 11.374809
v 0.753585 1.856250 11.476877
v 0.727152 1.834370 11.479650
v 0.466584 2.064840 11.479650
v 0.485097 2.093850 11.476877
v 0.485097 2.093850 11.374809
v 0.156318 2.236800 11.374809
v 0.174831 2.308580 11.358673
v 0.156318 2.236800 11.476877
v 0.147705 2.203540 11.479650
v -0.200577 2.271160 11.476877
v -0.198498 2.236800 11.479650
v -0.538068 2.161560 11.479650
v -0.550641 2.193540 11.476877
v -0.200577 2.271160 11.374809
v -0.550641 2.193540 11.374809
v -0.205131 2.345210 11.358673
v -0.577866 2.262540 11.358673
v -0.577866 2.262540 11.229675
v -0.205131 2.345210 11.229675
v -0.906744 2.068801 11.229675
v -0.906744 2.068801 11.358673
v -0.859620 2.011580 11.213440
v -0.550641 2.193540 11.213440
v -1.159685 1.782890 11.229675
v -1.097220 1.742990 11.213440
v -1.159685 1.782890 11.358673
v -1.097220 1.742990 11.374809
v -1.240175 1.414210 11.476877
v -1.097220 1.742990 11.476877
v -1.206915 1.405600 11.479650
v -1.068213 1.724580 11.479650
v -0.837741 1.985040 11.479650
v -0.859620 2.011580 11.476877
v -0.859620 2.011580 11.374809
v -1.240175 1.414210 11.213440
v -1.274525 1.057320 11.213440
v -0.200577 2.271160 11.213440
v 0.174831 2.308580 11.229675
v 0.156318 2.236800 11.213440
v -1.024356 0.477968 1.438971
v -0.976737 0.512519 1.414619
v -0.780024 0.233539 1.438971
v -1.125336 0.804069 1.414619
v -1.181275 0.785959 1.438971
v -1.176515 1.127310 1.414619
v -1.235325 1.127310 1.438971
v -0.887736 0.881289 1.414619
v -0.774678 0.659430 1.414619
v -0.598557 0.483309 1.414619
v -0.376599 0.370259 1.414619
v -0.745374 0.281160 1.414619
v -0.130683 0.331249 1.414619
v 0.484107 0.281160 1.414619
v 0.192552 0.132658 1.414619
v -0.453819 0.132658 1.414619
v 0.533013 0.213839 1.497881
v 0.529053 0.219180 1.693100
v 0.218292 0.053459 1.497881
v 0.777345 0.467569 1.693100
v 0.782790 0.463609 1.497881
v 0.936835 0.780410 1.693100
v 0.943175 0.778329 1.497881
v 0.998415 1.127310 1.497881
v 0.991775 1.127310 1.693100
v 0.920005 0.785959 1.438971
v 0.763089 0.477968 1.438971
v 0.715470 0.512519 1.414619
v 0.518658 0.233539 1.438971
v 0.115332 0.370259 1.414619
v 0.337191 0.483309 1.414619
v 0.513312 0.659430 1.414619
v 0.863975 0.804069 1.414619
v 0.626370 0.881289 1.414619
v 0.915155 1.127310 1.414619
v 0.665376 1.127310 1.414619
v 0.626370 1.373219 1.414619
v 0.863975 1.450440 1.414619
v 0.513312 1.595180 1.414619
v 0.715470 1.741998 1.414619
v 0.337191 1.771298 1.414619
v 0.484107 1.973358 1.414619
v 0.115332 1.884358 1.414619
v -0.130683 1.923268 1.414619
v -0.745374 1.973358 1.414619
v -0.376599 1.884358 1.414619
v -0.598557 1.771298 1.414619
v -0.976737 1.741998 1.414619
v -0.774678 1.595180 1.414619
v -1.125336 1.450440 1.414619
v -0.887736 1.373219 1.414619
v -0.926643 1.127310 1.414619
v -1.181275 1.468660 1.438971
v -1.259775 1.127310 1.497881
v -1.204435 0.778329 1.497881
v -1.198105 0.780410 1.693100
v -1.038711 0.467569 1.693100
v -1.044057 0.463609 1.497881
v -0.790419 0.219180 1.693100
v -0.794280 0.213839 1.497881
v -0.477480 0.059788 1.693100
v 0.199086 0.112559 1.699739
v 0.216213 0.059788 1.693100
v 0.496482 0.264029 1.699739
v 0.732498 0.500139 1.699739
v 0.884065 0.797539 1.699739
v 0.936335 1.127310 1.699739
v 0.936835 1.474110 1.693100
v 0.943175 1.476180 1.497881
v 0.777444 1.787039 1.693100
v 0.782790 1.790910 1.497881
v 0.529053 2.035340 1.693100
v 0.533013 2.040680 1.497881
v 0.216213 2.194730 1.693100
v 0.218292 2.201060 1.497881
v -0.130683 2.249670 1.693100
v -0.130683 2.256399 1.497881
v -0.477480 2.194730 1.693100
v -0.479559 2.201060 1.497881
v -0.790419 2.035340 1.693100
v -0.794280 2.040680 1.497881
v -1.044057 1.790910 1.497881
v -1.038711 1.787039 1.693100
v -0.780024 2.020980 1.438971
v -1.024356 1.776650 1.438971
v -1.204435 1.476180 1.497881
v -1.253045 1.127310 1.693100
v -1.197605 1.127310 1.699739
v -1.145433 0.797539 1.699739
v -0.993864 0.500139 1.699739
v -0.757848 0.264029 1.699739
v -0.460353 0.112559 1.699739
v -1.198105 1.474110 1.693100
v -1.145433 1.456979 1.699739
v -0.993864 1.754470 1.699739
v -0.757848 1.990490 1.699739
v -0.460353 2.142060 1.699739
v -0.130683 2.194230 1.699739
v 0.199086 2.142060 1.699739
v 0.496482 1.990490 1.699739
v 0.732498 1.754470 1.699739
v 0.884065 1.456979 1.699739
v -0.472035 2.177900 1.438971
v -0.130683 2.231950 1.438971
v -0.130683 2.173148 1.414619
v 0.192552 2.121958 1.414619
v 0.210669 2.177900 1.438971
v -0.453819 2.121958 1.414619
v 0.518658 2.020980 1.438971
v 0.763089 1.776650 1.438971
v 0.920005 1.468660 1.438971
v 0.974055 1.127310 1.438971
v -0.479559 0.053459 1.497881
v -0.472035 0.076619 1.438971
v 0.210669 0.076619 1.438971
v 0.860905 1.834270 8.433021
v 0.725667 1.710820 8.433021
v 0.529152 1.925941 8.433021
v 0.664485 2.049400 8.433021
v 0.860905 1.834270 12.562711
v 0.725667 1.710820 12.562711
v 0.664485 2.049400 12.562711
v 0.529152 1.925941 12.562711
v 0.860905 1.834270 12.458171
v 0.860905 1.834272 16.587851
v 0.725667 1.710822 16.587851
v 0.725667 1.710820 12.458171
v 0.664485 2.049400 12.458171
v 0.664485 2.049402 16.587851
v 0.529152 1.925941 12.458171
v 0.529152 1.925942 16.587851
v 0.860905 1.834272 16.474892
v 0.725667 1.710822 16.474892
v 0.529152 1.925942 16.474892
v 0.664485 2.049402 16.474892
v 0.860905 1.834272 20.604582
v 0.725667 1.710822 20.604582
v 0.664485 2.049402 20.604582
v 0.529152 1.925942 20.604582
v 0.748437 0.339862 20.544191
v 0.748437 0.339862 19.948212
v 0.733290 0.267792 20.358662
v 0.756258 0.364512 20.543991
v 0.758634 0.363522 20.779022
v 0.750813 0.339272 20.779022
v 0.790908 0.340562 20.781492
v 0.750813 0.339272 18.889502
v 0.731112 0.261262 19.418661
v 0.937325 0.566182 18.890001
v 0.771207 0.385202 18.888813
v 0.936335 0.571422 19.919991
v 0.764475 0.369362 18.885252
v 0.768534 0.382332 19.947420
v 0.769029 0.386992 20.543201
v 0.771108 0.385602 20.779022
v 0.798531 0.378872 20.781492
v 0.820311 0.411342 20.781492
v 0.852785 0.433022 20.781492
v 0.820311 0.411342 20.762781
v 0.852785 0.433022 20.762781
v 0.798531 0.378872 20.762781
v 0.790908 0.340562 20.762781
v 0.851298 0.380252 20.762781
v 0.891095 0.440642 20.762781
v 0.891095 0.440642 20.781492
v 0.936735 0.615182 19.972372
v 0.936735 0.618152 20.531912
v 0.937825 0.615882 20.779022
v 0.690126 0.419360 7.091471
v 0.914165 0.663100 7.091471
v 0.914165 0.663100 5.654791
v 0.690126 0.419360 5.654791
v 0.726162 0.410850 10.727053
v 0.726162 0.410851 13.191261
v 0.953665 0.664680 13.191261
v 0.953665 0.664680 10.727053
v 0.616866 0.423319 2.631130
v 0.616866 0.423320 5.657160
v 0.879815 0.664680 5.657160
v 0.879815 0.664679 2.631130
v -1.021980 0.386992 20.543201
v -1.024158 0.385602 20.779022
v -1.009308 0.364512 20.543991
v -1.190875 0.615882 20.779022
v -1.189685 0.618152 20.531912
v -1.189685 0.615182 19.972372
v -1.021485 0.382332 19.947420
v 0.942575 0.568452 18.883362
v 0.943665 0.566182 17.125122
v 0.769425 0.374222 18.883362
v 0.775464 0.376392 17.120472
v 0.763089 0.364022 17.123642
v 0.754674 0.339862 18.883362
v 0.757050 0.339272 17.121071
v 0.809619 2.184332 20.360151
v 0.583800 1.978112 20.360151
v 0.810312 2.184932 20.708031
v 1.008415 1.966632 20.360151
v 0.782592 1.760412 20.360151
v 1.009105 1.967323 20.708031
v 0.650427 2.039002 20.895441
v 0.583800 1.978112 20.901972
v 0.782592 1.760412 20.901972
v 0.849219 1.821302 20.895441
v 0.779721 0.715770 6.998411
v 1.350855 0.718340 6.993271
v 1.350855 1.706850 6.993271
v 0.779721 1.709430 6.998411
v 0.779721 1.709430 4.653110
v 1.350855 1.706850 4.658249
v 1.350855 0.718340 4.658251
v 0.779721 0.715770 4.653111
v -0.697953 1.788129 1.377100
v -0.697953 1.788129 1.112169
v -0.732999 1.825058 1.133360
v -0.756957 1.850308 1.209091
v -0.756957 1.850308 1.377100
v -0.769134 1.720620 1.377100
v -0.769134 1.720620 1.112169
v -0.828138 1.782788 1.377100
v -0.828138 1.782788 1.209091
v -0.757848 1.833078 1.209091
v -0.810813 1.782788 1.209091
v -0.743097 1.815358 1.133360
v -0.712011 1.788528 1.209091
v -0.712011 1.788528 1.112169
v -0.768738 1.734578 1.112169
v -0.768738 1.734578 1.209091
v -0.804180 1.757538 1.133360
v -0.793983 1.767148 1.133360
v -0.768837 1.731998 1.295120
v -0.816753 1.782488 1.295120
v -0.757254 1.838918 1.295120
v -0.709437 1.788428 1.295120
v 0.529152 1.925940 5.458970
v 0.529152 1.925941 8.535491
v 0.664485 2.049400 8.535491
v 0.664485 2.049400 5.458970
v 0.725667 1.710820 5.458970
v 0.725667 1.710820 8.535491
v 0.860905 1.834270 5.458970
v 0.860905 1.834270 8.535491
v 0.726162 0.410851 13.187100
v 0.726162 0.410851 15.613791
v 0.953665 0.664680 15.613791
v 0.953665 0.664680 13.187100
v -0.967332 0.369070 3.893381
v -0.946344 0.387979 1.537380
v -0.677955 0.172158 1.537380
v -0.692013 0.147600 3.893381
v -1.160675 0.664680 3.893381
v -1.134840 0.676269 1.537380
v -1.225125 1.008708 1.537380
v -1.253145 1.005640 3.893380
v -1.235815 1.358470 3.893380
v -1.208195 1.352630 1.537380
v -1.110288 1.688640 3.893380
v -1.085835 1.674580 1.537380
v -0.869916 1.942970 1.537380
v -0.888825 1.963860 3.893380
v -0.581628 2.131470 1.537380
v -0.593211 2.157210 3.893380
v -0.252354 2.249770 3.893380
v -0.249285 2.221749 1.537380
v 0.094740 2.204820 1.537380
v 0.100482 2.232450 3.893380
v 0.430746 2.106910 3.893380
v 0.416688 2.082460 1.537380
v 0.685077 1.866540 1.537380
v 0.705966 1.885450 3.893380
v 0.873575 1.578249 1.537380
v 0.899315 1.589840 3.893380
v 0.963765 1.245910 1.537380
v 0.991875 1.248880 3.893380
v 0.974455 0.896140 3.893380
v 0.946835 0.901890 1.537380
v 0.848922 0.565880 3.893381
v 0.824469 0.579940 1.537380
v 0.627558 0.290660 3.893381
v 0.608550 0.311548 1.537380
v 0.331944 0.097310 3.893381
v 0.320361 0.123049 1.537380
v -0.794280 0.213842 21.061501
v -0.794280 0.213842 18.705462
v -0.479559 0.053462 18.705462
v -0.479559 0.053462 21.061501
v -1.044057 0.463612 21.061501
v -1.044057 0.463612 18.705462
v -1.204435 0.778332 21.061501
v -1.204435 0.778332 18.705462
v -1.259775 1.127312 21.061501
v -1.259775 1.127312 18.705460
v -1.204435 1.476182 21.061501
v -1.204435 1.476182 18.705460
v -1.044057 1.790912 21.061501
v -1.044057 1.790912 18.705460
v -0.794280 2.040682 21.061501
v -0.794280 2.040682 18.705460
v -0.479559 2.201062 21.061501
v -0.479559 2.201061 18.705460
v -0.130683 2.256402 21.061501
v -0.130683 2.256401 18.705460
v 0.218292 2.201062 21.061501
v 0.218292 2.201061 18.705460
v 0.533013 2.040682 21.061501
v 0.533013 2.040682 18.705460
v 0.782790 1.790912 21.061501
v 0.782790 1.790912 18.705460
v 0.943175 1.476182 21.061501
v 0.943175 1.476182 18.705460
v 0.998415 1.127312 21.061501
v 0.998415 1.127312 18.705460
v 0.943175 0.778332 21.061501
v 0.943175 0.778332 18.705462
v 0.782790 0.463612 21.061501
v 0.782790 0.463612 18.705462
v 0.533013 0.213842 21.061501
v 0.533013 0.213842 18.705462
v 0.218292 0.053462 21.061501
v 0.218292 0.053462 18.705462
v 0.542913 0.200172 21.300303
v 0.522717 0.227992 21.303001
v 0.223440 0.037322 21.300303
v 0.768633 0.473912 21.303001
v 0.796452 0.453712 21.300303
v 0.542913 0.200172 21.198301
v 0.796452 0.453712 21.198301
v -0.804279 0.200172 21.300303
v -0.484806 0.037322 21.300303
v -0.784083 0.227992 21.303001
v -1.057818 0.453712 21.300303
v -1.057818 0.453712 21.198301
v -0.804279 0.200172 21.198301
v -1.029999 0.473912 21.303001
v -1.220575 0.773192 21.300303
v -1.187905 0.783782 21.303001
v -1.242255 1.127312 21.303001
v -1.276705 1.127312 21.300303
v -1.276705 1.127312 21.198301
v -1.220575 0.773192 21.198301
v -1.220575 1.481432 21.300303
v -1.220575 1.481432 21.198301
v -1.187905 1.470842 21.303001
v -1.029999 1.780712 21.303001
v -1.057818 1.800902 21.300303
v -1.057818 1.800902 21.198301
v -0.804279 2.054442 21.300303
v -0.804279 2.054442 21.198301
v -0.784083 2.026622 21.303001
v -0.484806 2.217202 21.300303
v -0.474213 2.184532 21.303001
v -0.130683 2.273332 21.300303
v -0.130683 2.238882 21.303001
v 0.212847 2.184532 21.303001
v 0.223440 2.217202 21.300303
v 0.223440 2.217202 21.198301
v -0.130683 2.273332 21.198301
v 0.542913 2.054442 21.300303
v 0.542913 2.054442 21.198301
v 0.522717 2.026622 21.303001
v 0.768633 1.780712 21.303001
v 0.796452 1.800902 21.300303
v 0.959305 1.481432 21.300303
v 0.926535 1.470842 21.303001
v 1.015345 1.127312 21.300303
v 0.980985 1.127312 21.303001
v 0.926535 0.783782 21.303001
v 0.959305 0.773192 21.300303
v 0.959305 0.773192 21.198301
v 1.015345 1.127312 21.198301
v 1.029795 0.750222 21.182001
v 0.856445 0.410052 21.182001
v 1.029795 0.750222 21.053001
v 0.856445 0.410052 21.053001
v 1.089495 1.127312 21.053001
v 1.089495 1.127312 21.182001
v 1.029795 1.504302 21.053001
v 1.029795 1.504302 21.182001
v 0.856445 1.844462 21.053001
v 0.856445 1.844462 21.182001
v 0.959305 1.481432 21.036901
v 1.015345 1.127312 21.036901
v 1.015345 1.127312 20.934801
v 0.959305 1.481432 20.934801
v 0.959305 0.773192 21.036901
v 0.959305 0.773192 20.934801
v 0.796452 0.453712 21.036901
v 0.586572 0.140182 21.053001
v 0.542913 0.200172 21.036901
v 0.586572 0.140182 21.182001
v 0.223440 0.037322 21.198301
v -1.291065 1.504302 21.182001
v -1.291065 1.504302 21.053001
v -1.350855 1.127312 21.053001
v -1.350855 1.127312 21.182001
v -1.117812 1.844462 21.182001
v -1.117812 1.844462 21.053001
v -0.847839 2.114442 21.182001
v -0.847839 2.114442 21.053001
v -1.291065 0.750222 21.182001
v -0.484806 2.217202 21.198301
v -0.507675 2.287692 21.182001
v -0.130683 2.347482 21.182001
v -0.507675 2.287692 21.053001
v -0.130683 2.347482 21.053001
v -0.484806 2.217202 21.036901
v -0.130683 2.273332 21.036901
v 0.246408 2.287692 21.053001
v 0.246408 2.287692 21.182001
v 0.586572 2.114442 21.182001
v 0.586572 2.114442 21.053001
v 0.542913 2.054442 21.036901
v 0.796452 1.800902 21.036901
v 0.796452 1.800902 20.934801
v 0.542913 2.054442 20.934801
v 0.768633 1.780712 20.932102
v 0.926535 1.470842 20.932102
v 0.980985 1.127312 20.932102
v 0.926535 0.783782 20.932102
v 0.796452 0.453712 20.934801
v 0.542913 0.200172 20.934801
v 0.223440 0.037322 21.036901
v -0.804279 0.200172 21.036901
v -1.057818 0.453712 21.036901
v -1.057818 0.453712 20.934801
v -0.804279 0.200172 20.934801
v -1.220575 0.773192 21.036901
v -1.291065 0.750222 21.053001
v -1.220575 0.773192 20.934801
v -1.276705 1.127312 21.036901
v -1.276705 1.127312 20.934801
v -1.220575 1.481432 21.036901
v -1.220575 1.481432 20.934801
v -1.057818 1.800902 21.036901
v -1.057818 1.800902 20.934801
v -0.804279 2.054442 21.036901
v -0.484806 2.217202 20.934801
v -0.804279 2.054442 20.934801
v -0.130683 2.273332 20.934801
v 0.223440 2.217202 21.036901
v 0.223440 2.217202 20.934801
v 0.522717 2.026622 20.932102
v 0.212847 2.184532 20.932102
v -0.130683 2.238882 20.932102
v -0.474213 2.184532 20.932102
v -0.784083 2.026622 20.932102
v -1.029999 1.780712 20.932102
v -1.187905 1.470842 20.932102
v -1.242255 1.127312 20.932102
v -1.187905 0.783782 20.932102
v -1.029999 0.473912 20.932102
v -0.784083 0.227992 20.932102
v -0.484806 0.037322 20.934801
v 0.223440 0.037322 20.934801
v 0.522717 0.227992 20.932102
v 0.768633 0.473912 20.932102
v 0.796452 1.800902 21.198301
v 0.959305 1.481432 21.198301
v -0.800319 0.218190 8.855061
v -0.800319 0.218190 6.499061
v -0.486588 0.055730 6.499061
v -0.486588 0.055730 8.855061
v -1.048413 0.469650 8.855061
v -1.048413 0.469650 6.499061
v -1.206715 0.785460 8.855061
v -1.206715 0.785460 6.499061
v -1.259675 1.134730 8.855061
v -1.259675 1.134730 6.499061
v -1.202155 1.483210 8.855061
v -1.202155 1.483210 6.499061
v -1.039701 1.796951 8.855061
v -1.039701 1.796950 6.499061
v -0.788340 2.045040 8.855061
v -0.788340 2.045040 6.499061
v -0.472530 2.203340 8.855061
v -0.472530 2.203339 6.499061
v -0.123258 2.256301 8.855061
v -0.123258 2.256300 6.499061
v 0.225321 2.198790 8.855061
v 0.225321 2.198790 6.499061
v 0.538953 2.036330 8.855061
v 0.538953 2.036330 6.499061
v 0.787146 1.784970 8.855061
v 0.787146 1.784970 6.499061
v 0.945445 1.469160 8.855061
v 0.945445 1.469160 6.499061
v 0.998415 1.119880 8.855061
v 0.998415 1.119880 6.499061
v 0.940795 0.771300 8.855061
v 0.940795 0.771300 6.499061
v 0.778434 0.457670 8.855061
v 0.778434 0.457670 6.499061
v 0.526974 0.209480 8.855061
v 0.526974 0.209480 6.499061
v 0.211164 0.051180 8.855061
v 0.211164 0.051180 6.499061
v -1.231165 1.481432 18.514990
v -1.231165 1.481432 18.540430
v -1.295715 1.514402 18.514990
v -1.314225 1.523902 18.535870
v -1.126920 1.842782 18.510330
v -1.143750 1.855062 18.531120
v -0.855858 2.114142 18.505581
v -0.868233 2.130872 18.526470
v -0.665778 2.224032 18.519840
v -0.662808 2.246502 18.538551
v -0.533316 2.295312 18.458851
v -0.526980 2.317392 18.477171
v -0.452730 2.337392 18.345600
v -0.214338 2.375302 18.659620
v -0.272451 2.364812 18.799410
v -0.198795 2.356792 18.676260
v -0.255621 2.346792 18.815350
v -0.241365 2.275812 18.814362
v -0.377490 2.244422 18.859110
v -0.400656 2.313032 18.859510
v -0.851502 2.117312 18.870399
v -0.419961 2.328481 18.843670
v -0.863481 2.134341 18.849609
v -1.143750 1.855062 18.848122
v -1.314225 1.523902 18.857231
v -1.126920 1.842881 18.869011
v -1.295715 1.514402 18.878021
v -1.068312 1.800212 18.869011
v -1.231165 1.481432 18.867920
v -0.810912 2.057412 18.870399
v -0.188301 2.285112 18.676950
v -0.187905 2.342632 17.984150
v -0.176619 2.271062 17.984940
v -0.151176 2.275022 17.487560
v -0.162561 2.346591 17.487560
v -0.196518 2.362231 17.513699
v -0.180282 2.364812 17.466770
v -0.425604 2.326001 17.513699
v -0.439464 2.323822 17.255711
v -0.442929 2.302242 17.513699
v -0.451641 2.300852 17.242041
v -0.431544 2.230662 17.513699
v -0.440355 2.229282 17.242041
v -0.412536 2.307091 17.140471
v -0.401250 2.235512 17.140471
v -0.403725 2.329572 17.157301
v -0.311061 2.344222 17.113541
v -0.145830 2.370062 17.117500
v -0.147513 2.369961 17.453211
v 0.218391 2.313432 17.454102
v 0.217104 2.292642 17.474892
v 0.212847 2.220372 17.446381
v 0.212649 2.220372 17.474991
v 0.214530 2.220072 17.107901
v 0.220074 2.313132 17.118290
v 0.218886 2.292341 17.097500
v -0.130980 2.277992 17.096710
v -0.142365 2.349462 17.096710
v -0.315615 2.322441 17.094330
v -0.304428 2.250861 17.094330
v -0.430158 2.230962 17.984940
v -0.441543 2.302441 17.983360
v -0.451146 2.243242 18.329561
v -0.462135 2.314811 18.329260
v -0.424218 2.326302 17.982960
v -0.211764 2.359962 17.983749
v -0.510843 2.226901 18.451330
v -0.631920 2.160671 18.510330
v -0.811803 2.056722 18.505581
v -1.068312 1.800212 18.510330
v -0.854076 1.730518 1.195921
v -0.848928 1.728338 1.238201
v -0.841008 1.756358 1.187210
v -0.835266 1.717050 1.231070
v -0.802299 1.728929 1.265230
v -0.826257 1.736558 1.241661
v -0.835761 1.733778 1.190882
v -0.827643 1.754668 1.167511
v -0.838335 1.767338 1.157410
v -0.730326 1.860498 1.173950
v -0.732405 1.861098 1.154249
v -0.742305 1.871789 1.163851
v -0.698151 1.878418 1.195921
v -0.716862 1.875648 1.199591
v -0.708447 1.861888 1.192951
v -0.692112 1.852678 1.231470
v -0.684291 1.870299 1.233551
v -0.701022 1.868618 1.238501
v -0.699240 1.826149 1.271070
v -0.710922 1.839708 1.262751
v -0.737058 1.802879 1.264040
v -0.699339 1.827628 1.253441
v -0.815763 1.742788 1.268391
v -0.776559 1.765358 1.264040
v 0.506481 0.389959 1.173950
v 0.508560 0.389259 1.154249
v 0.484602 0.388469 1.192951
v 0.603798 0.495690 1.167511
v 0.617163 0.494099 1.187210
v 0.611916 0.516679 1.190882
v 0.614490 0.483119 1.157410
v 0.630231 0.519839 1.195921
v 0.625083 0.522019 1.238201
v 0.611322 0.533309 1.231070
v 0.578454 0.521429 1.265230
v 0.602412 0.513808 1.241661
v 0.591918 0.507668 1.268391
v 0.552714 0.484998 1.264040
v 0.518460 0.378569 1.163851
v 0.474306 0.371940 1.195921
v 0.493017 0.374709 1.199591
v 0.468168 0.397680 1.231470
v 0.460446 0.380160 1.233551
v 0.477177 0.381839 1.238501
v 0.475395 0.424209 1.271070
v 0.487077 0.410649 1.262751
v 0.513213 0.447569 1.264040
v 0.475494 0.422729 1.253441
v 0.961085 0.772591 13.681411
v 0.943175 0.778331 13.682100
v 0.998415 1.127311 13.682100
v 1.017325 1.127311 13.681411
v 0.782790 0.463610 13.682100
v 0.798036 0.452531 13.681411
v 0.961085 0.772591 13.814470
v 0.798036 0.452531 13.814470
v 1.017325 1.127311 13.814470
v 0.961085 1.482031 13.681411
v 0.961085 1.482031 13.814470
v 0.943175 1.476182 13.682100
v 0.782790 1.790910 13.682100
v 0.798036 1.801991 13.681411
v 0.533013 2.040680 13.682100
v 0.544101 2.056030 13.681411
v 0.218292 2.201060 13.682100
v 0.224034 2.219080 13.681411
v -0.130683 2.256400 13.682100
v -0.130683 2.275210 13.681411
v -0.479559 2.201060 13.682100
v -0.485400 2.219080 13.681411
v -0.794280 2.040680 13.682100
v -0.805368 2.056030 13.681411
v -1.044057 1.790910 13.682100
v -1.059402 1.801991 13.681411
v -1.204435 1.476182 13.682100
v -1.222455 1.482031 13.681411
v -1.259775 1.127311 13.682100
v -1.278585 1.127311 13.681411
v -1.204435 0.778331 13.682100
v -1.222455 0.772591 13.681411
v -1.044057 0.463610 13.682100
v -1.059402 0.452531 13.681411
v -0.794280 0.213840 13.682100
v -0.805368 0.198591 13.681411
v -0.479559 0.053461 13.682100
v -0.485400 0.035541 13.681411
v 0.224034 0.035541 13.681411
v 0.218292 0.053461 13.682100
v 0.533013 0.213840 13.682100
v 0.544101 0.198591 13.681411
v 0.544101 0.198591 13.814470
v 0.782790 0.463610 13.813870
v 0.533013 0.213840 13.813870
v 0.943175 0.778331 13.813870
v 0.998415 1.127311 13.813870
v 0.943175 1.476182 13.813870
v 0.782790 1.790910 13.813870
v 0.798036 1.801991 13.814470
v 0.544101 2.056030 13.814470
v 0.224034 2.219080 13.814470
v -0.130683 2.275210 13.814470
v -0.485400 2.219080 13.814470
v -0.805368 2.056030 13.814470
v -1.059402 1.801991 13.814470
v -1.222455 1.482031 13.814470
v -1.278585 1.127311 13.814470
v -1.222455 0.772591 13.814470
v -1.059402 0.452531 13.814470
v -0.805368 0.198591 13.814470
v 0.218292 0.053461 13.813870
v 0.224034 0.035541 13.814470
v -0.485400 0.035541 13.814470
v -0.479559 0.053461 13.813870
v -0.794280 0.213840 13.813870
v -1.044057 0.463610 13.813870
v -1.204435 0.778331 13.813870
v -1.259775 1.127311 13.813870
v -1.204435 1.476182 13.813870
v -1.044057 1.790910 13.813870
v -0.794280 2.040680 13.813870
v -0.479559 2.201060 13.813870
v -0.130683 2.256400 13.813870
v 0.218292 2.201060 13.813870
v 0.533013 2.040680 13.813870
v 0.220569 2.215912 17.042561
v -0.130683 2.271352 17.042561
v 0.220569 2.215912 17.513699
v -0.131871 2.271251 17.513699
v -0.323238 2.241061 17.042561
v -0.435405 2.223242 17.089581
v -0.481935 2.215912 17.203239
v -0.481935 2.215912 17.513699
v -0.132960 2.271162 17.984940
v -0.481935 2.215912 17.984940
v -0.492528 2.229972 18.268770
v -0.141375 2.285712 18.735851
v -0.536781 2.215622 18.408070
v -0.196815 2.276901 18.871090
v -0.332940 2.253341 18.920492
v -0.661521 2.143842 18.458361
v -0.803091 2.052861 18.456081
v -0.802497 2.053262 18.927320
v -1.056234 1.799721 18.927320
v -1.056234 1.799721 18.456081
v -1.217805 1.483021 18.456081
v -1.217805 1.483022 18.927320
v -1.109595 1.491332 22.090401
v -1.071480 1.476092 22.090401
v -1.093062 1.532122 22.096102
v -1.108704 1.493012 22.043201
v -1.102665 1.571422 22.020201
v -1.102368 1.572312 22.104401
v -1.080687 1.563602 22.127901
v -1.067916 1.594892 22.096102
v -1.042572 1.548362 22.127901
v -1.054848 1.516872 22.096102
v -1.029702 1.579642 22.096102
v -1.013664 1.620632 22.090401
v -1.051779 1.635872 22.090401
v -1.052274 1.633992 22.043201
v -1.014159 1.618752 22.043201
v -1.006536 1.638452 22.006201
v -1.044651 1.653692 22.006102
v -1.057917 1.619932 21.977402
v -1.019703 1.604692 21.977501
v -1.026534 1.588452 21.938602
v -1.064649 1.603702 21.938602
v -1.080489 1.563502 21.948301
v -1.042275 1.548262 21.948301
v -1.058610 1.508262 21.938602
v -1.096725 1.523512 21.938602
v -1.103061 1.507172 21.977402
v -1.064847 1.491832 21.977501
v -1.078608 1.458272 22.006201
v -1.116723 1.473512 22.006102
v -1.070490 1.477772 22.043201
v -1.095834 1.588152 22.078302
v -1.102269 1.572212 22.028101
v -0.513813 2.151962 22.076401
v -0.811704 1.983462 22.076401
v -0.483717 2.071573 22.085402
v -0.516882 2.160372 21.943901
v -0.178797 2.229182 21.943901
v -0.178401 2.220172 22.076401
v 0.164040 2.190072 21.943901
v 0.161664 2.181462 22.076401
v 0.478068 2.047022 21.943901
v 0.473118 2.039492 22.076401
v 0.732498 1.813872 21.943901
v 0.725469 1.808332 22.076401
v 0.902385 1.513512 21.943901
v 0.894065 1.510442 22.076401
v 0.971185 1.175422 21.943901
v 0.962275 1.175032 22.076401
v 0.923565 0.834962 22.076401
v 0.932185 0.832592 21.943901
v 0.840903 0.857832 22.085402
v 0.876545 1.171272 22.085402
v 0.813678 1.480342 22.085402
v 0.658347 1.754872 22.085402
v 0.425796 1.968022 22.085402
v 0.138795 2.098802 22.085402
v -0.174639 2.134542 22.085402
v 0.781602 0.523512 22.076401
v 0.710025 0.570832 22.085402
v 0.496977 0.338282 22.085402
v 0.550338 0.271162 22.076401
v 0.555882 0.264132 21.943901
v 0.255615 0.094242 21.943901
v 0.252447 0.102562 22.076401
v -0.734484 0.215022 22.076401
v -0.739434 0.207602 21.943901
v -0.423030 0.073062 22.076401
v -0.993765 0.440742 21.943901
v -0.986835 0.446292 22.076401
v -1.163745 0.741012 21.943901
v -1.155335 0.744182 22.076401
v -1.232555 1.079192 21.943901
v -1.223545 1.079592 22.076401
v -1.193445 1.422032 21.943901
v -1.184835 1.419662 22.076401
v -1.102170 1.396692 21.943901
v -1.137909 1.083352 21.943901
v -1.075044 0.774182 21.943901
v -0.919713 0.499652 21.943901
v -0.687162 0.286602 21.943901
v -0.400062 0.155722 21.943901
v -0.086727 0.120082 21.943901
v -0.082569 0.025442 21.943901
v -0.425406 0.064442 21.943901
v 0.222450 0.182952 21.943901
v 0.496977 0.338282 21.943901
v 0.710025 0.570832 21.943901
v 0.840903 0.857832 21.943901
v 0.876545 1.171272 21.943901
v 0.789027 0.518562 21.943901
v 0.813678 1.480342 21.943901
v 0.658347 1.754872 21.943901
v 0.425796 1.968022 21.943901
v 0.138795 2.098802 21.943901
v -0.174639 2.134542 21.943901
v -0.483717 2.071573 21.943901
v -0.758244 1.916342 21.943901
v -0.971391 1.683692 21.943901
v -1.050393 1.736062 21.943901
v -0.817248 1.990392 21.943901
v -1.042869 1.731112 22.076401
v -0.971391 1.683692 22.085402
v -0.758244 1.916342 22.085402
v -1.102170 1.396692 22.085402
v -1.137909 1.083352 22.085402
v -1.075044 0.774182 22.085402
v -0.919713 0.499652 22.085402
v -0.687162 0.286602 22.085402
v -0.400062 0.155722 22.085402
v 0.222450 0.182952 22.085402
v 0.305709 0.114038 0.110802
v -0.114051 0.030589 0.110802
v -0.114051 0.178298 0.104101
v 0.249180 0.250569 0.104101
v -0.533712 0.114038 0.110802
v -0.477183 0.250569 0.104101
v -0.465897 0.277689 0.187302
v -0.533712 0.114038 0.180502
v -0.114051 0.030589 0.180502
v -0.114051 0.207699 0.187302
v -0.764283 0.477079 0.187302
v -0.764283 0.477079 1.460951
v -0.465897 0.277689 1.460951
v -0.963570 0.775359 1.460951
v -0.963570 0.775359 0.187302
v -1.033563 1.127310 1.460951
v -1.033563 1.127310 0.187302
v -0.963570 1.479150 1.460951
v -0.963570 1.479150 0.187302
v -0.764283 1.777539 1.460951
v -0.764283 1.777538 0.187302
v -0.465897 1.976830 1.460951
v -0.465897 1.976828 0.187302
v -0.114051 2.046820 1.460951
v -0.114051 2.046818 0.187302
v 0.237894 1.976830 1.460951
v 0.237894 1.976828 0.187302
v 0.536181 1.777539 1.460951
v 0.536181 1.777538 0.187302
v 0.735567 1.479150 1.460951
v 0.735567 1.479150 0.187302
v 0.805560 1.127310 1.460951
v 0.805560 1.127310 0.187302
v 0.735567 0.775359 1.460951
v 0.735567 0.775359 0.187302
v 0.536181 0.477079 1.460951
v 0.536181 0.477079 0.187302
v 0.237894 0.277689 1.460951
v 0.237894 0.277689 0.187302
v -0.114051 0.207699 1.460951
v 0.305709 0.114038 0.180502
v 0.661515 0.351739 0.180502
v 0.661515 0.351739 0.110802
v 0.557070 0.456289 0.104101
v 0.249180 0.250569 0.032200
v 0.557070 0.456289 0.032200
v 0.236805 0.280359 0.000000
v -0.114051 0.178298 0.032200
v -0.477183 0.250569 0.032200
v -0.114051 0.210569 0.000000
v -0.464808 0.280359 0.000000
v -1.030692 1.127310 0.000000
v -0.960996 1.478069 0.000000
v -0.762204 1.775458 0.000000
v -0.464808 1.974248 0.000000
v -0.114051 2.044048 0.000000
v 0.236805 1.974248 0.000000
v 0.534201 1.775458 0.000000
v 0.732894 1.478069 0.000000
v 0.802689 1.127310 0.000000
v 0.732894 0.776450 0.000000
v 0.534201 0.479059 0.000000
v -0.762204 0.479059 0.000000
v -0.960996 0.776450 0.000000
v -1.062966 1.127310 0.032200
v -0.990795 0.764080 0.032200
v -0.990795 0.764080 0.104101
v -1.062966 1.127310 0.104101
v -0.785073 0.456289 0.032200
v -0.785073 0.456289 0.104101
v -0.889518 0.351739 0.110802
v -0.889518 0.351739 0.180502
v -1.127217 0.707549 0.180502
v -1.210675 1.127310 0.180502
v -1.127217 1.546968 0.180502
v -1.127217 1.546968 0.110802
v -1.210675 1.127310 0.110802
v -0.990795 1.490440 0.104101
v -1.127217 0.707549 0.110802
v -0.889518 1.902778 0.110802
v -0.785073 1.798328 0.104101
v -0.889518 1.902778 0.180502
v -0.533712 2.140478 0.180502
v -0.114051 2.224028 0.180502
v -0.114051 2.224028 0.110802
v -0.533712 2.140478 0.110802
v -0.477183 2.004048 0.104101
v -0.114051 2.076218 0.104101
v -0.114051 2.076218 0.032200
v -0.477183 2.004048 0.032200
v 0.249180 2.004048 0.032200
v 0.557070 1.798328 0.032200
v 0.249180 2.004048 0.104101
v 0.557070 1.798328 0.104101
v 0.305709 2.140478 0.110802
v 0.661515 1.902778 0.110802
v 0.305709 2.140478 0.180502
v 0.661515 1.902778 0.180502
v 0.899215 1.546968 0.180502
v 0.899215 1.546968 0.110802
v 0.762693 1.490440 0.104101
v 0.982675 1.127310 0.110802
v 0.834963 1.127310 0.104101
v 0.982675 1.127310 0.180502
v 0.899215 0.707549 0.180502
v 0.899215 0.707549 0.110802
v 0.762693 0.764080 0.104101
v 0.762693 0.764080 0.032200
v 0.834963 1.127310 0.032200
v 0.762693 1.490440 0.032200
v -0.785073 1.798328 0.032200
v -0.990795 1.490440 0.032200
v -0.438078 0.251359 1.243151
v -0.425703 0.265809 1.265230
v -0.386202 0.245018 1.264040
v -0.460452 0.261358 1.231070
v -0.461145 0.243339 1.238501
v -0.475401 0.242249 1.196121
v -0.456492 0.243629 1.192461
v -0.465699 0.228090 1.199881
v -0.440652 0.213539 1.153351
v -0.436989 0.228789 1.161369
v -0.302052 0.183339 1.158701
v -0.441741 0.213639 1.172760
v -0.306309 0.167999 1.170092
v -0.265026 0.179779 1.195921
v -0.288192 0.187598 1.188000
v -0.283044 0.173840 1.199591
v -0.287994 0.216900 1.251369
v -0.266907 0.189378 1.236910
v -0.294825 0.206908 1.268391
v -0.291162 0.222150 1.276310
v -0.266115 0.207599 1.229780
v -0.334029 0.229479 1.264040
v -0.431445 0.247400 1.268391
v 0.579939 0.249772 18.653492
v 0.579939 0.249772 16.297482
v 0.816252 0.512322 16.297482
v 0.816252 0.512322 18.653492
v 0.273930 0.073162 18.653492
v 0.273930 0.073162 16.297482
v -1.008120 0.416692 18.653492
v -1.008120 0.416692 16.297482
v -0.745572 0.180372 16.297482
v -0.745572 0.180372 18.653492
v -1.184735 0.722702 18.653492
v -1.184735 0.722702 16.297482
v -1.258195 1.068212 18.653490
v -1.258195 1.068212 16.297482
v -1.221265 1.419562 18.653490
v -1.221265 1.419562 16.297482
v -1.077618 1.742202 18.653490
v -1.077618 1.742202 16.297482
v -0.841206 2.004751 18.653490
v -0.841206 2.004751 16.297482
v -0.535296 2.181361 18.653490
v -0.535296 2.181361 16.297482
v -0.189786 2.254822 18.653490
v -0.189786 2.254822 16.297482
v 0.161565 2.217892 18.653490
v 0.161565 2.217892 16.297482
v 0.484305 2.074242 18.653490
v 0.484305 2.074242 16.297482
v 0.746754 1.837832 18.653490
v 0.746754 1.837832 16.297482
v 0.923465 1.531922 18.653490
v 0.923465 1.531922 16.297482
v 0.996825 1.186412 18.653490
v 0.996825 1.186412 16.297482
v 0.959905 0.835062 18.653492
v 0.959905 0.835062 16.297482
v -0.051978 1.034452 23.753101
v 0.005442 0.839022 23.640001
v 0.106620 0.906642 23.640001
v -0.135831 1.017722 23.753101
v -0.004458 1.105532 23.753101
v -0.021090 1.189382 23.753101
v -0.092172 1.236802 23.753101
v -0.176025 1.220172 23.753101
v -0.223545 1.149092 23.753101
v -0.206913 1.065242 23.753101
v 0.174237 1.007912 23.640001
v 0.420252 0.905942 23.326801
v 0.294918 0.718342 23.326801
v 0.625182 0.821102 23.013601
v 0.451734 0.561522 23.013601
v 0.562218 0.451042 22.696102
v 0.769524 0.761312 22.696102
v 0.192156 0.388082 23.013601
v 0.251952 0.243732 22.696102
v 0.107313 0.593012 23.326801
v -0.114051 0.815262 23.640001
v -0.233445 0.839022 23.640001
v -0.334623 0.906642 23.640001
v -0.335316 0.593012 23.326801
v -0.522921 0.718342 23.326801
v -0.420159 0.388082 23.013601
v -0.679737 0.561522 23.013601
v -0.479955 0.243732 22.696102
v -0.790221 0.451042 22.696102
v -0.511635 0.167312 22.378601
v -0.848730 0.392532 22.378601
v -0.848730 0.392532 21.814201
v -0.511635 0.167312 21.814201
v -1.073955 0.729632 22.378601
v -1.073955 0.729632 21.814201
v -0.997527 0.761312 22.696102
v -0.853185 0.821102 23.013601
v -0.648255 0.905942 23.326801
v -0.402240 1.007912 23.640001
v -0.426000 1.127312 23.640001
v -0.692310 1.127312 23.326801
v -0.402240 1.246702 23.640001
v -0.334623 1.347882 23.640001
v -0.648255 1.348572 23.326801
v -0.522921 1.536182 23.326801
v -0.853185 1.433422 23.013601
v -0.679737 1.693002 23.013601
v -0.790221 1.803482 22.696102
v -0.997527 1.493212 22.696102
v -0.420159 1.866442 23.013601
v -0.479955 2.010792 22.696102
v -0.335316 1.661512 23.326801
v -0.233445 1.415602 23.640001
v -0.114051 1.439362 23.640001
v 0.005442 1.415602 23.640001
v 0.106620 1.347882 23.640001
v 0.107313 1.661512 23.326801
v 0.294918 1.536182 23.326801
v 0.192156 1.866442 23.013601
v 0.451734 1.693002 23.013601
v 0.251952 2.010792 22.696102
v 0.562218 1.803482 22.696102
v 0.283632 2.087212 22.378601
v 0.620727 1.861992 22.378601
v 0.620727 1.861992 21.814201
v 0.283632 2.087212 21.814201
v 0.845952 1.524892 22.378601
v 0.845952 1.524892 21.814201
v 0.925055 1.127312 22.378601
v 0.925055 1.127312 21.814201
v 0.842289 1.127312 22.696102
v 0.769524 1.493212 22.696102
v 0.625182 1.433422 23.013601
v 0.686067 1.127312 23.013601
v 0.464307 1.127312 23.326801
v 0.420252 1.348572 23.326801
v 0.197997 1.127312 23.640001
v 0.174237 1.246702 23.640001
v 0.845952 0.729632 22.378601
v 0.845952 0.729632 21.814201
v 0.620727 0.392532 22.378601
v 0.620727 0.392532 21.814201
v 0.283632 0.167312 22.378601
v -0.114051 0.088202 22.378601
v -0.114051 0.170972 22.696102
v 0.283632 0.167312 21.814201
v -0.114051 0.088202 21.814201
v -0.114051 0.327192 23.013601
v -0.114051 0.548952 23.326801
v -0.114051 2.166312 21.814201
v -0.114051 2.166312 22.378601
v -0.511635 2.087212 21.814201
v -0.511635 2.087212 22.378601
v -0.848730 1.861992 21.814201
v -0.848730 1.861992 22.378601
v -1.073955 1.524892 21.814201
v -1.073955 1.524892 22.378601
v -1.153055 1.127312 21.814201
v -1.153055 1.127312 22.378601
v -1.070391 1.127312 22.696102
v -0.914070 1.127312 23.013601
v -0.114051 2.083652 22.696102
v -0.114051 1.927332 23.013601
v -0.114051 1.705572 23.326801
v -1.317985 1.624292 17.571609
v -1.317985 1.608852 17.534191
v -1.323235 1.150182 18.444302
v -1.123455 1.626762 17.567060
v -1.317985 1.624292 19.316891
v -1.123455 1.626762 19.321541
v -1.317985 1.608852 19.354412
v -1.123455 1.611222 19.359062
v -1.123455 1.573702 19.374601
v -1.317985 1.571522 19.369852
v -1.317985 0.728832 19.369852
v -1.123455 0.726662 19.374601
v -1.123455 0.689132 19.359062
v -1.317985 0.691412 19.354412
v -1.123455 0.673592 19.321541
v -1.317985 0.676072 19.316891
v -1.317985 0.676072 17.571611
v -1.123455 0.673592 17.567060
v -1.123455 0.689132 17.529541
v -1.317985 0.691412 17.534191
v -1.123455 0.726662 17.514000
v -1.317985 0.728832 17.518650
v -1.317985 1.571522 17.518650
v -1.123455 1.573702 17.514000
v -1.123455 1.611222 17.529541
v 0.218292 0.053460 11.237991
v 0.218292 0.053460 8.882091
v 0.533013 0.213840 8.882091
v 0.533013 0.213840 11.237991
v -0.794280 0.213840 11.237991
v -0.794280 0.213840 8.882091
v -0.479559 0.053460 8.882091
v -0.479559 0.053460 11.237991
v -1.044057 0.463610 11.237991
v -1.044057 0.463610 8.882091
v -1.204435 0.778330 11.237991
v -1.204435 0.778330 8.882091
v -1.259775 1.127310 11.237991
v -1.259775 1.127310 8.882091
v -1.204435 1.476180 11.237991
v -1.204435 1.476180 8.882091
v -1.044057 1.790910 11.237991
v -1.044057 1.790910 8.882091
v -0.794280 2.040680 11.237991
v -0.794280 2.040680 8.882091
v -0.479559 2.201060 11.237991
v -0.479559 2.201060 8.882091
v -0.130683 2.256400 11.237991
v -0.130683 2.256400 8.882091
v 0.218292 2.201060 11.237991
v 0.218292 2.201060 8.882091
v 0.533013 2.040680 11.237991
v 0.533013 2.040680 8.882091
v 0.782790 1.790910 11.237991
v 0.782790 1.790910 8.882091
v 0.943175 1.476180 11.237991
v 0.943175 1.476180 8.882091
v 0.998415 1.127310 11.237991
v 0.998415 1.127310 8.882091
v 0.943175 0.778330 11.237991
v 0.943175 0.778330 8.882091
v 0.782790 0.463610 11.237991
v 0.782790 0.463610 8.882091
v 0.886045 1.897030 5.489059
v 0.886045 1.897031 8.487471
v 0.809619 1.865551 8.487471
v 0.809619 1.865550 5.489059
v 0.917825 1.973359 5.489059
v 0.917825 1.973360 8.487471
v 0.733488 2.050190 5.489059
v 0.733488 2.050190 8.487471
v 0.810015 2.081670 8.487471
v 0.810015 2.081670 5.489059
v 0.701709 1.973760 5.489059
v 0.701709 1.973760 8.487471
v 0.733290 1.897330 5.489059
v 0.733290 1.897330 8.487471
v 0.508857 2.057810 13.739620
v 0.508857 2.057810 11.383719
v 0.189978 2.209870 11.383719
v 0.189978 2.209870 13.739620
v 0.765069 1.814670 13.739620
v 0.765069 1.814670 11.383719
v 0.933665 1.504201 13.739620
v 0.933665 1.504200 11.383719
v 0.998015 1.156811 13.739620
v 0.998015 1.156810 11.383719
v 0.951885 0.806651 13.739620
v 0.951885 0.806650 11.383719
v 0.799818 0.487771 13.739620
v 0.799818 0.487770 11.383719
v 0.556674 0.231560 13.739620
v 0.556674 0.231560 11.383719
v 0.246210 0.062961 13.739620
v 0.246210 0.062960 11.383719
v -1.026435 0.439950 13.739620
v -1.026435 0.439950 11.383719
v -0.770223 0.196810 11.383719
v -0.770223 0.196810 13.739620
v -1.194935 0.750422 13.739620
v -1.194935 0.750420 11.383719
v -1.259385 1.097711 13.739620
v -1.259385 1.097710 11.383719
v -1.213245 1.447971 13.739620
v -1.213245 1.447970 11.383719
v -1.061184 1.766750 13.739620
v -1.061184 1.766750 11.383719
v -0.818040 2.023060 13.739620
v -0.818040 2.023060 11.383719
v -0.507576 2.191560 13.739620
v -0.507576 2.191560 11.383719
v -0.160185 2.256010 13.739620
v -0.160185 2.256010 11.383719
v 0.973765 0.892582 16.122650
v 0.973765 0.892581 13.766651
v 0.992275 1.245322 13.766651
v 0.992275 1.245322 16.122650
v 0.847140 0.562711 16.122650
v 0.847140 0.562711 13.766651
v 0.624885 0.288182 16.122650
v 0.624885 0.288182 13.766651
v 0.328578 0.095832 16.122650
v 0.328578 0.095830 13.766651
v -0.969708 0.371742 16.122650
v -0.969708 0.371741 13.766651
v -0.695181 0.149491 13.766651
v -0.695181 0.149492 16.122650
v -1.162165 0.668051 16.122650
v -1.162165 0.668051 13.766651
v -1.253545 1.009302 16.122650
v -1.253545 1.009300 13.766651
v -1.235025 1.362042 16.122650
v -1.235025 1.362041 13.766651
v -1.108506 1.691812 16.122650
v -1.108506 1.691811 13.766651
v -0.886152 1.966332 16.122650
v -0.886152 1.966330 13.766651
v -0.589944 2.158792 16.122650
v -0.589944 2.158790 13.766651
v -0.248691 2.250171 16.122650
v -0.248691 2.250170 13.766651
v 0.104046 2.231652 16.122650
v 0.104046 2.231650 13.766651
v 0.433914 2.105131 16.122650
v 0.433914 2.105130 13.766651
v 0.708441 1.882782 16.122650
v 0.708441 1.882780 13.766651
v 0.900795 1.586472 16.122650
v 0.900795 1.586471 13.766651
v -0.868233 0.272340 6.326301
v -0.868233 0.272340 3.970301
v -0.567966 0.086320 3.970301
v -0.567966 0.086320 6.326301
v -1.096329 0.542120 6.326301
v -1.096329 0.542120 3.970301
v -1.229875 0.869220 6.326301
v -1.229875 0.869219 3.970301
v -1.255815 1.221460 6.326300
v -1.255815 1.221460 3.970300
v -1.171665 1.564590 6.326300
v -1.171665 1.564590 3.970300
v -0.985548 1.864859 6.326300
v -0.985548 1.864859 3.970300
v -0.715773 2.092859 6.326300
v -0.715773 2.092859 3.970300
v -0.388776 2.226510 6.326300
v -0.388776 2.226510 3.970300
v -0.036435 2.252440 6.326300
v -0.036435 2.252440 3.970300
v 0.306600 2.168290 6.326300
v 0.306600 2.168290 3.970300
v 0.606867 1.982169 6.326300
v 0.606867 1.982169 3.970300
v 0.834963 1.712400 6.326300
v 0.834963 1.712400 3.970300
v 0.968515 1.385400 6.326300
v 0.968515 1.385400 3.970300
v 0.994455 1.033060 6.326300
v 0.994455 1.033060 3.970300
v 0.910305 0.690030 6.326301
v 0.910305 0.690030 3.970301
v 0.724281 0.389760 6.326301
v 0.724281 0.389759 3.970301
v 0.454506 0.161660 6.326301
v 0.454506 0.161660 3.970301
v 0.736953 2.053362 16.504990
v 0.736953 2.053362 20.556562
v 0.814668 2.081572 20.556562
v 0.814668 2.081572 16.504990
v 0.701808 1.978512 16.504990
v 0.701808 1.978513 20.556562
v 0.730023 1.900702 16.504990
v 0.730023 1.900702 20.556562
v 0.804867 1.865651 16.504990
v 0.804867 1.865652 20.556562
v 0.882685 1.893771 16.504990
v 0.882685 1.893772 20.556562
v 0.917725 1.968712 16.504990
v 0.917725 1.968712 20.556562
v 0.872485 1.906242 16.499352
v 0.900505 1.875552 16.504990
v 0.805560 1.881992 16.499352
v 0.902585 1.970591 16.499352
v 0.944165 1.968712 16.504990
v 0.944165 1.968712 16.586071
v 0.900505 1.875552 16.586071
v 0.719133 2.074151 16.504990
v 0.719133 2.074151 16.586071
v 0.815856 2.109192 16.586071
v 0.815856 2.109192 16.504990
v 0.675474 1.980992 16.504990
v 0.675474 1.980992 16.586071
v 0.710520 1.884162 16.504990
v 0.710520 1.884162 16.586071
v 0.803679 1.840502 16.504990
v 0.803679 1.840502 16.586071
v 0.805560 1.881992 16.591711
v 0.872485 1.906242 16.591711
v 0.902585 1.970591 16.591711
v 0.813975 2.067712 16.591711
v 0.747150 2.043462 16.591711
v 0.716955 1.979102 16.591711
v 0.741210 1.912182 16.591711
v 0.741210 1.912182 16.499352
v 0.716955 1.979102 16.499352
v 0.747150 2.043462 16.499352
v 0.813975 2.067712 16.499352
v 0.724776 2.040290 12.488260
v 0.724776 2.040292 16.539742
v 0.796848 2.080881 16.539742
v 0.796848 2.080880 12.488260
v 0.702501 1.960590 12.488260
v 0.702501 1.960592 16.539742
v 0.743091 1.888520 12.488260
v 0.743091 1.888521 16.539742
v 0.822786 1.866340 12.488260
v 0.822786 1.866341 16.539742
v 0.894855 1.906930 12.488260
v 0.894855 1.906932 16.539742
v 0.917035 1.986530 12.488260
v 0.917035 1.986532 16.539742
v 0.741210 1.912180 12.574890
v 0.716955 1.979100 12.574890
v 0.675474 1.980990 12.569241
v 0.710520 1.884161 12.569241
v 0.747150 2.043460 12.574890
v 0.719133 2.074150 12.569241
v 0.813975 2.067710 12.574890
v 0.815856 2.109190 12.569241
v 0.719133 2.074150 12.488260
v 0.815856 2.109190 12.488260
v 0.675474 1.980990 12.488260
v 0.710520 1.884161 12.488260
v 0.803679 1.840500 12.488260
v 0.803679 1.840500 12.569241
v 0.900505 1.875550 12.488260
v 0.900505 1.875550 12.569241
v 0.944165 1.968710 12.488260
v 0.944165 1.968710 12.569241
v 0.902585 1.970590 12.574890
v 0.872485 1.906240 12.574890
v 0.805560 1.881990 12.574890
v 0.902585 1.970590 12.482620
v 0.872485 1.906240 12.482620
v 0.805560 1.881990 12.482620
v 0.741210 1.912180 12.482620
v 0.716955 1.979100 12.482620
v 0.747150 2.043460 12.482620
v 0.813975 2.067710 12.482620
v 0.944165 1.968710 8.463120
v 0.900505 1.875550 8.463120
v 0.902585 1.970590 8.457480
v 0.944165 1.968710 8.544201
v 0.900505 1.875550 8.544201
v 0.719133 2.074150 8.463120
v 0.719133 2.074150 8.544201
v 0.815856 2.109190 8.544201
v 0.815856 2.109190 8.463120
v 0.675474 1.980990 8.463120
v 0.675474 1.980990 8.544201
v 0.710520 1.884161 8.463120
v 0.710520 1.884161 8.544201
v 0.803679 1.840500 8.463120
v 0.803679 1.840500 8.544201
v 0.805560 1.881990 8.549841
v 0.872485 1.906240 8.549841
v 0.902585 1.970590 8.549841
v 0.813975 2.067710 8.549841
v 0.747150 2.043460 8.549841
v 0.716955 1.979100 8.549841
v 0.741210 1.912180 8.549841
v 0.805560 1.881990 8.457480
v 0.741210 1.912180 8.457480
v 0.716955 1.979100 8.457480
v 0.747150 2.043460 8.457480
v 0.813975 2.067710 8.457480
v 0.872485 1.906240 8.457480
v 0.702402 1.961580 8.463120
v 0.702402 1.961580 12.514690
v 0.725370 2.040980 12.514690
v 0.725370 2.040980 8.463120
v 0.742398 1.889110 8.463120
v 0.742398 1.889110 12.514690
v 0.821796 1.866241 8.463120
v 0.821796 1.866241 12.514690
v 0.894265 1.906140 8.463120
v 0.894265 1.906140 12.514690
v 0.917135 1.985641 8.463120
v 0.917135 1.985641 12.514690
v 0.797739 2.080980 12.514690
v 0.797739 2.080980 8.463120
v 0.845655 1.296699 1.164440
v 0.829320 1.292940 1.155140
v 0.809025 1.433419 1.153351
v 0.822786 1.256009 1.191471
v 0.839418 1.262249 1.198601
v 0.818331 1.252639 1.233740
v 0.818826 1.272150 1.236710
v 0.799125 1.285809 1.275419
v 0.801204 1.285208 1.255720
v 0.787542 1.327779 1.264040
v 0.784968 1.282238 1.265820
v 0.804174 1.265218 1.230080
v 0.826449 1.282539 1.182861
v 0.795363 1.431139 1.166920
v 0.814173 1.435399 1.170092
v 0.779820 1.450739 1.192461
v 0.795858 1.459160 1.199881
v 0.764178 1.446979 1.231470
v 0.780414 1.455399 1.238501
v 0.767742 1.424798 1.255720
v 0.772395 1.424999 1.274530
v 0.755862 1.420839 1.271070
v 0.767247 1.465989 1.233551
v 0.782295 1.469548 1.196121
v 0.774771 1.380650 1.264040
v -0.384618 2.219970 3.555389
v -0.384618 2.219970 2.895161
v -0.574995 2.165520 2.895161
v -0.574995 2.165520 3.555389
v -0.758046 2.065730 2.895161
v -0.758046 2.065730 3.555389
v -0.915753 1.940790 2.895161
v -0.915753 1.940790 3.555389
v 0.865155 1.691811 13.714670
v 0.865155 1.691812 16.070681
v 0.991775 1.362042 16.070681
v 0.991775 1.362041 13.714670
v 1.010195 1.009302 16.070681
v 1.010195 1.009300 13.714670
v 0.918815 0.668051 16.070681
v 0.918815 0.668051 13.714670
v 1.001775 0.959500 10.639042
v 0.895555 0.622610 10.639042
v 0.895555 0.622610 9.676661
v 1.001775 0.959500 9.676661
v 0.998705 1.312740 10.639042
v 0.998705 1.312740 9.676661
v 0.886645 1.647750 10.639042
v 0.886645 1.647750 9.676661
v -1.071579 1.766752 20.639332
v -1.071579 1.766752 19.676950
v -1.223645 1.447972 19.676950
v -1.223645 1.447972 20.639332
v -1.269775 1.097712 19.676950
v -1.269775 1.097712 20.639332
v -1.205425 0.750422 19.676950
v -1.205425 0.750422 20.639332
v -1.269775 1.097710 10.639042
v -1.269775 1.097710 9.676661
v -1.205425 0.750420 9.676661
v -1.205425 0.750420 10.639042
v -1.223645 1.447970 10.639042
v -1.223645 1.447970 9.676661
v -1.071579 1.766750 10.639042
v -1.071579 1.766750 9.676661
v -1.264235 1.362042 16.081070
v -1.264235 1.362041 13.725071
v -1.282645 1.009300 13.725071
v -1.282645 1.009302 16.081070
v -1.137612 1.691812 16.081070
v -1.137612 1.691811 13.725071
v -1.191265 0.668051 13.725071
v -1.191265 0.668051 16.081070
vn 0.9624 -0.2359 -0.1345
vn 0.7400 -0.6709 -0.0483
vn 0.9545 -0.2982 -0.0022
vn 0.8289 -0.5007 -0.2493
vn 0.8337 -0.5522 -0.0009
vn 0.5012 -0.8653 0.0013
vn 0.5109 -0.7889 0.3415
vn 0.5168 -0.2970 0.8029
vn 0.8987 -0.2298 0.3736
vn 0.2620 -0.9029 -0.3407
vn -0.3527 0.8035 0.4795
vn -0.4910 0.1918 -0.8498
vn -0.4911 0.1917 0.8497
vn 0.6629 0.0607 0.7463
vn 0.6449 -0.1455 0.7503
vn 0.6649 0.0438 0.7457
vn 0.7312 0.0472 0.6806
vn 0.0801 0.0063 0.9968
vn 0.6819 -0.3976 0.6139
vn 0.5550 0.2262 0.8005
vn 0.6100 0.2621 0.7478
vn 0.6189 0.2471 0.7456
vn 0.7739 0.0609 -0.6304
vn 0.6195 0.2473 -0.7450
vn 0.5510 0.3898 0.7379
vn 0.5128 0.4267 -0.7449
vn 0.4057 0.6621 0.6301
vn 0.3884 0.7083 -0.5895
vn 0.5913 0.5050 -0.6287
vn 0.4059 0.6624 -0.6296
vn 0.6106 0.2624 -0.7472
vn 0.5812 0.0457 -0.8125
vn 0.6505 -0.1473 -0.7451
vn 0.7710 -0.2271 0.5949
vn 0.6618 -0.4056 0.6305
vn 0.4999 -0.5699 0.6521
vn 0.0773 -0.0229 0.9967
vn 0.0663 -0.0456 0.9968
vn 0.3250 -0.3806 0.8657
vn 0.0522 -0.0611 0.9968
vn 0.0347 -0.0726 0.9968
vn 0.2319 -0.5561 0.7981
vn 0.4242 -0.5102 0.7482
vn -0.0420 -0.0686 0.9968
vn -0.3098 -0.5065 0.8047
vn -0.0188 -0.0782 0.9968
vn -0.0639 -0.0490 0.9968
vn -0.6080 -0.4571 0.6491
vn -0.5502 -0.2316 0.8023
vn -0.0742 -0.0307 0.9968
vn -0.5978 -0.0436 0.8004
vn -0.0801 -0.0063 0.9968
vn -0.0780 0.0187 0.9968
vn -0.7113 0.1708 0.6818
vn -0.6606 -0.0430 0.7495
vn -0.4158 0.6479 0.6382
vn -0.7418 0.1385 0.6562
vn -0.0685 0.0420 0.9968
vn -0.0521 0.0610 0.9968
vn -0.4751 0.5563 0.6818
vn -0.5597 0.4866 0.6708
vn 0.0444 0.7686 0.6382
vn -0.3820 0.6356 0.6709
vn -0.0308 0.0744 0.9968
vn -0.0063 0.0801 0.9968
vn -0.0575 0.7293 0.6818
vn -0.0678 0.7479 0.6603
vn 0.4877 0.5956 0.6383
vn -0.0975 0.7482 0.6563
vn 0.0187 0.0780 0.9968
vn 0.0384 0.0707 0.9968
vn 0.3825 0.6242 0.6812
vn 0.2921 0.6815 0.6709
vn 0.6077 0.4568 0.6497
vn 0.3610 0.6627 0.6562
vn 0.0610 0.0521 0.9968
vn 0.0742 0.0307 0.9968
vn 0.5474 0.5196 0.6560
vn 0.2260 0.7666 0.6011
vn 0.1460 0.6464 -0.7489
vn 0.1479 0.7904 -0.5944
vn -0.1651 0.7513 -0.6390
vn 0.3820 0.6234 -0.6822
vn 0.0370 0.0681 -0.9970
vn 0.0588 0.0503 -0.9970
vn 0.5556 0.4744 -0.6829
vn 0.5536 0.2257 -0.8016
vn 0.0715 0.0296 -0.9970
vn 0.0772 0.0061 -0.9970
vn 0.7279 0.0573 -0.6833
vn 0.5807 -0.1360 -0.8027
vn 0.7555 -0.1814 -0.6295
vn 0.6981 -0.3819 -0.6056
vn 0.5028 -0.5851 -0.6363
vn 0.6177 -0.4249 -0.6618
vn 0.5027 -0.5854 0.6360
vn 0.2243 -0.5415 0.8103
vn 0.6207 -0.4270 0.6575
vn -0.5963 0.0612 -0.8004
vn -0.7717 -0.0599 0.6331
vn -0.5706 0.1371 0.8097
vn -0.5643 0.3558 -0.7450
vn -0.5806 0.5865 0.5648
vn -0.7167 -0.2968 0.6311
vn -0.6052 -0.2606 0.7522
vn -0.5847 -0.5003 0.6386
vn -0.5116 -0.4257 0.7463
vn -0.4053 -0.6613 0.6312
vn -0.4263 0.5122 0.7456
vn -0.4693 0.4803 -0.7410
vn -0.3076 0.7139 -0.6291
vn -0.2970 0.7169 0.6308
vn -0.0461 0.5858 -0.8092
vn 0.2339 0.8026 0.5488
vn -0.0610 0.7744 -0.6297
vn -0.2237 0.5402 -0.8113
vn -0.5752 0.5108 -0.6390
vn -0.0574 0.7283 -0.6828
vn -0.0061 0.0772 -0.9970
vn 0.0180 0.0752 -0.9970
vn -0.0297 0.0717 -0.9970
vn -0.0505 0.0591 -0.9970
vn -0.4744 0.5555 -0.6829
vn -0.7656 0.0751 -0.6390
vn -0.5771 0.4847 -0.6572
vn -0.0661 0.0405 -0.9970
vn -0.0752 0.0181 -0.9970
vn -0.7104 0.1705 -0.6829
vn -0.6988 0.2827 -0.6571
vn -0.7043 -0.2784 -0.6530
vn -0.7243 0.2134 -0.6557
vn -0.0772 -0.0061 -0.9970
vn -0.0715 -0.0296 -0.9970
vn -0.5488 -0.2309 -0.8034
vn -0.0616 -0.0473 -0.9970
vn -0.5555 -0.4746 -0.6827
vn -0.6050 -0.2606 -0.7524
vn -0.3095 -0.5043 -0.8062
vn -0.5845 -0.5002 -0.6389
vn -0.0405 -0.0660 -0.9970
vn -0.0181 -0.0754 -0.9970
vn 0.2242 -0.5500 -0.8045
vn 0.0334 -0.0700 -0.9970
vn 0.3237 -0.3791 -0.8669
vn 0.0503 -0.0589 -0.9970
vn 0.0640 -0.0440 -0.9970
vn 0.5094 -0.3083 -0.8034
vn 0.4245 -0.5107 -0.7476
vn 0.0745 -0.0221 -0.9970
vn 0.2471 -0.6187 -0.7457
vn 0.2629 -0.6122 -0.7457
vn -0.5121 -0.4261 -0.7458
vn -0.7171 -0.2970 -0.6306
vn -0.8209 -0.0996 -0.5623
vn -0.7736 -0.0608 -0.6307
vn 0.3578 -0.6817 0.6382
vn 0.6256 -0.2186 0.7489
vn 0.6934 -0.2320 0.6822
vn 0.0762 -0.0255 0.9968
vn 0.5013 -0.0043 0.8652
vn 0.5861 -0.0051 0.8102
vn 0.6346 -0.2034 0.7456
vn 0.4712 -0.3486 0.8102
vn 0.5786 -0.4761 0.6623
vn 0.3935 -0.5369 0.7462
vn 0.4238 -0.5921 0.6855
vn 0.0470 -0.0653 0.9968
vn 0.0644 -0.0476 0.9968
vn 0.1502 -0.4759 0.8666
vn -0.0255 -0.0763 0.9968
vn -0.4328 -0.5787 0.6912
vn -0.1857 -0.5658 0.8034
vn -0.0654 -0.0467 0.9968
vn -0.4879 -0.3439 0.8023
vn -0.0754 -0.0282 0.9968
vn -0.6983 -0.2201 0.6811
vn -0.5422 -0.3762 0.7513
vn -0.7583 0.0540 0.6496
vn -0.7072 -0.2633 0.6562
vn -0.0804 0.0007 0.9968
vn -0.6944 0.2324 0.6811
vn -0.0763 0.0255 0.9968
vn -0.4799 0.3592 0.8004
vn -0.0647 0.0479 0.9968
vn -0.0501 0.0630 0.9968
vn -0.3439 0.4878 0.8023
vn -0.6242 0.4618 0.6302
vn -0.1830 0.7379 0.6496
vn -0.3281 0.6781 0.6577
vn -0.0282 0.0754 0.9968
vn 0.0065 0.7322 0.6811
vn 0.0007 0.0804 0.9968
vn 0.2323 0.6944 0.6811
vn 0.0295 0.0749 0.9968
vn 0.3523 0.4819 0.8022
vn 0.0512 0.0622 0.9968
vn 0.4075 0.2906 0.8657
vn 0.0655 0.0467 0.9968
vn 0.0766 0.0242 0.9968
vn 0.6977 0.2201 0.6818
vn 0.6321 0.4509 0.6302
vn 0.7343 0.1032 0.6709
vn 0.0802 -0.0007 0.9968
vn 0.6380 0.1923 0.7456
vn 0.7758 -0.0068 0.6309
vn 0.7763 -0.0068 -0.6304
vn 0.6387 0.1924 -0.7451
vn 0.5294 0.2796 0.8010
vn 0.4783 0.3413 -0.8092
vn 0.4344 0.5113 0.7416
vn 0.3898 0.5412 -0.7450
vn 0.2462 0.7357 0.6310
vn 0.2162 0.7745 -0.5945
vn 0.1854 0.5545 -0.8113
vn 0.4023 0.5289 -0.7473
vn 0.2320 0.6934 -0.6821
vn 0.6394 0.4108 -0.6499
vn 0.1695 0.7948 -0.5827
vn 0.6310 0.2082 -0.7473
vn 0.5830 -0.0051 -0.8125
vn 0.6353 -0.2035 -0.7450
vn 0.4719 -0.3490 -0.8096
vn 0.3795 -0.5468 0.7463
vn -0.6574 0.1551 -0.7374
vn -0.7740 0.0075 0.6331
vn -0.6346 0.2033 0.7456
vn -0.6245 0.4620 -0.6297
vn -0.6251 0.5110 0.5900
vn -0.7370 0.2466 0.6294
vn -0.8769 0.0542 0.4775
vn -0.5589 -0.1762 0.8103
vn -0.4505 0.6317 0.6309
vn -0.4508 0.6320 -0.6304
vn -0.2609 0.6232 -0.7373
vn -0.2085 0.6330 0.7456
vn -0.0747 0.5947 -0.8005
vn 0.0050 0.5867 0.8098
vn 0.0069 0.7768 -0.6297
vn -0.1914 0.6364 -0.7472
vn -0.2197 0.6968 -0.6828
vn -0.0399 0.7650 -0.6428
vn 0.0007 0.0775 -0.9970
vn 0.0285 0.0723 -0.9970
vn -0.0272 0.0727 -0.9970
vn -0.3431 0.4865 -0.8035
vn -0.0483 0.0608 -0.9970
vn -0.4787 0.3582 -0.8016
vn -0.0623 0.0462 -0.9970
vn -0.0735 0.0246 -0.9970
vn -0.7539 0.2389 -0.6120
vn -0.0775 0.0007 -0.9970
vn -0.7306 0.0064 -0.6828
vn -0.6974 -0.2199 -0.6822
vn -0.0728 -0.0272 -0.9970
vn -0.4866 -0.3431 -0.8034
vn -0.0631 -0.0450 -0.9970
vn -0.4319 -0.5769 -0.6933
vn -0.0246 -0.0736 -0.9970
vn -0.0461 -0.0623 -0.9970
vn -0.5426 -0.3762 -0.7510
vn -0.4616 -0.6238 -0.6307
vn -0.7409 -0.2336 -0.6297
vn -0.5597 -0.1764 -0.8097
vn -0.6893 -0.2078 -0.6941
vn -0.7760 0.0067 -0.6307
vn -0.7373 0.2467 -0.6288
vn -0.5884 0.4811 -0.6499
vn -0.3942 0.5328 -0.7488
vn 0.0484 -0.0608 -0.9970
vn 0.3422 -0.4856 -0.8044
vn 0.0273 -0.0728 -0.9970
vn 0.4008 -0.2965 -0.8669
vn 0.0621 -0.0459 -0.9970
vn 0.0735 -0.0246 -0.9970
vn 0.6931 -0.2319 -0.6825
vn 0.5883 -0.4812 -0.6499
vn 0.6291 -0.2196 -0.7457
vn 0.4972 -0.0043 -0.8676
vn 0.0773 -0.0007 -0.9970
vn 0.0739 0.0233 -0.9970
vn 0.6967 0.2198 -0.6828
vn 0.4834 0.6229 -0.6151
vn 0.0608 0.0484 -0.9970
vn 0.0460 0.0622 -0.9970
vn 0.3346 -0.4754 -0.8136
vn 0.4508 -0.6318 -0.6306
vn 0.1852 0.5537 0.8119
vn 0.0068 0.7764 0.6302
vn 0.5417 0.5233 0.6578
vn -0.1049 0.7459 0.6578
vn -0.4614 -0.6234 0.6312
vn 0.0218 0.0301 -0.9993
vn -0.2222 -0.6557 -0.7216
vn -0.4057 -0.5588 -0.7233
vn 0.2202 -0.6556 -0.7223
vn -0.0218 0.0299 -0.9993
vn 0.4059 -0.5586 -0.7233
vn -0.0300 0.0218 -0.9993
vn 0.6569 -0.2135 -0.7231
vn 0.6163 -0.3815 -0.6890
vn -0.0350 0.0113 -0.9993
vn 0.6905 -0.0000 -0.7233
vn -0.0369 -0.0000 -0.9993
vn 0.6568 0.2135 -0.7232
vn -0.0350 -0.0114 -0.9993
vn 0.5592 0.4063 -0.7226
vn -0.0217 -0.0298 -0.9993
vn -0.0300 -0.0217 -0.9993
vn 0.2134 0.6568 -0.7233
vn 0.3814 0.6162 -0.6891
vn -0.0114 -0.0352 -0.9993
vn -0.0000 0.6906 -0.7232
vn -0.0000 -0.0369 -0.9993
vn -0.2134 0.6568 -0.7233
vn 0.0114 -0.0353 -0.9993
vn -0.4063 0.5593 -0.7226
vn 0.0298 -0.0217 -0.9993
vn 0.0217 -0.0299 -0.9993
vn 0.0352 -0.0115 -0.9993
vn -0.6157 0.3824 -0.6890
vn -0.7285 0.2229 -0.6478
vn 0.0371 -0.0000 -0.9993
vn -0.6905 -0.0000 -0.7233
vn 0.0352 0.0114 -0.9993
vn -0.7204 -0.2478 -0.6478
vn 0.0298 0.0217 -0.9993
vn -0.5580 -0.4054 -0.7241
vn -0.5595 -0.4065 0.7223
vn -0.4725 -0.5618 0.6791
vn 0.2228 -0.6574 0.7199
vn 0.3882 -0.6231 0.6790
vn 0.5610 -0.4737 0.6789
vn 0.6926 -0.0000 0.7213
vn 0.6803 -0.2762 0.6789
vn 0.7125 0.1767 0.6790
vn 0.6225 0.3889 0.6792
vn 0.4737 0.5611 0.6788
vn 0.2759 0.6803 0.6790
vn 0.0522 0.7323 0.6790
vn -0.1767 0.7124 0.6791
vn -0.3889 0.6225 0.6791
vn -0.5618 0.4726 0.6790
vn -0.6803 0.2759 0.6790
vn -0.7323 0.0522 0.6790
vn -0.7126 -0.1766 0.6790
vn 0.0255 0.0184 0.9995
vn 0.0300 0.0098 0.9995
vn 0.0318 0.0001 0.9995
vn 0.0302 -0.0098 0.9995
vn 0.0255 -0.0186 0.9995
vn 0.0098 -0.0302 0.9995
vn -0.0000 -0.0316 0.9995
vn -0.0098 -0.0301 0.9995
vn -0.0186 -0.0255 0.9995
vn -0.0300 -0.0098 0.9995
vn -0.0260 -0.0189 0.9995
vn -0.0316 -0.0000 0.9995
vn -0.0299 0.0097 0.9995
vn -0.0256 0.0185 0.9995
vn -0.0186 0.0256 0.9995
vn -0.2209 -0.6574 0.7204
vn 0.0186 0.0255 0.9995
vn -0.4464 0.5670 0.6923
vn 0.2104 0.8673 0.4511
vn -0.3750 -0.9217 0.0993
vn 0.4965 0.0966 -0.8627
vn 0.8987 -0.2856 -0.3327
vn -0.4421 -0.7371 -0.5111
vn -0.2352 -0.8726 -0.4281
vn 0.8470 -0.3089 0.4326
vn -0.2137 -0.9767 0.0200
vn 0.3839 0.3181 0.8669
vn -0.6862 0.6656 -0.2933
vn -0.1042 -0.9927 -0.0605
vn 0.8033 -0.4438 0.3971
vn 0.0028 0.9593 0.2824
vn -0.1106 0.8799 0.4621
vn -0.8133 -0.2099 -0.5427
vn -0.4883 -0.4398 -0.7537
vn 0.6248 -0.3684 -0.6884
vn -0.1485 0.5549 0.8186
vn -0.8789 -0.4651 0.1060
vn -0.3181 -0.9296 0.1861
vn 0.8097 -0.3538 0.4683
vn -0.9220 -0.0197 0.3866
vn -0.0215 -0.8162 0.5774
vn 0.0215 0.8162 0.5774
vn -0.8162 0.0215 0.5774
vn 0.2737 -0.8713 -0.4074
vn 0.8162 -0.0214 0.5773
vn 0.4141 0.6792 -0.6059
vn -0.8912 -0.2611 -0.3710
vn 0.9495 -0.2478 -0.1924
vn 0.6348 -0.3726 -0.6769
vn -0.5697 -0.7353 -0.3671
vn 0.6313 0.6787 -0.3754
vn 0.3413 -0.6520 -0.6770
vn 0.4992 -0.2439 -0.8314
vn 0.2204 -0.2711 -0.9370
vn -0.2140 -0.8738 -0.4366
vn -0.2605 -0.9653 0.0210
vn -0.0345 -0.9525 -0.3026
vn -0.8778 0.3011 -0.3725
vn 0.8805 0.2667 -0.3920
vn 0.0381 0.8292 -0.5576
vn 0.9997 0.0038 0.0224
vn 0.8837 0.1702 -0.4359
vn -0.3894 0.7177 0.5773
vn 0.7954 -0.0213 -0.6057
vn -0.6757 0.4196 -0.6060
vn -0.6973 -0.4859 -0.5269
vn -0.7177 -0.3894 0.5774
vn 0.7176 0.3894 0.5774
vn 0.3894 -0.7177 0.5773
vn -0.9129 0.1402 -0.3833
vn 0.5020 -0.8163 -0.2858
vn -0.3946 -0.6213 -0.6769
vn 0.6907 -0.3555 -0.6297
vn 0.0408 -0.5557 -0.8304
vn -0.3318 -0.4317 -0.8388
vn -0.0075 -0.7359 -0.6771
vn -0.8646 -0.2499 -0.4359
vn -0.9662 -0.2570 0.0208
vn -0.8423 -0.4462 -0.3024
vn -0.1780 0.9109 -0.3722
vn 0.6714 -0.6288 -0.3922
vn 0.7367 0.3822 -0.5578
vn 0.5038 -0.8635 0.0227
vn 0.5904 -0.6796 -0.4354
vn -0.5143 -0.8117 -0.2767
vn 0.9526 0.3033 0.0218
vn 0.4805 -0.7881 0.3847
vn 0.9110 -0.0005 -0.4124
vn -0.4637 0.7293 0.5031
vn -0.4679 0.1728 0.8667
vn -0.1714 -0.6463 0.7436
vn -0.1795 0.9063 -0.3826
vn -0.9357 0.1246 -0.3301
vn 0.5005 0.2611 -0.8254
vn -0.9615 -0.2699 -0.0507
vn 0.6228 -0.2150 -0.7522
vn 0.5885 -0.5995 -0.5424
vn -0.0184 0.9178 0.3967
vn 0.9055 0.2684 0.3288
vn -0.8313 -0.4787 0.2826
vn -0.7081 -0.5344 0.4617
vn 0.8395 -0.5322 0.1094
vn -0.4094 -0.4055 0.8173
vn 0.9638 0.1890 0.1881
vn -0.0957 0.8790 0.4671
vn 0.0073 0.7256 -0.6880
vn 0.9510 0.0037 -0.3091
vn -0.3200 0.7877 -0.5264
vn 0.9218 -0.1259 -0.3666
vn 0.0074 0.7359 -0.6771
vn -0.9036 0.2074 -0.3747
vn 0.6981 0.4866 -0.5252
vn 0.3936 0.6215 -0.6774
vn 0.6771 -0.4190 -0.6050
vn 0.3897 -0.7175 0.5774
vn 0.7175 0.3897 0.5773
vn -0.3897 0.7175 0.5774
vn -0.7175 -0.3897 0.5773
vn -0.7951 0.0192 -0.6061
vn -0.0388 0.5545 -0.8313
vn 0.1232 0.3261 -0.9373
vn 0.8646 0.2499 -0.4360
vn 0.9661 0.2571 0.0208
vn 0.8388 0.4448 -0.3139
vn 0.1631 -0.9193 -0.3582
vn -0.7427 -0.3869 -0.5465
vn -0.1500 0.9075 -0.3922
vn -0.5033 0.8638 0.0230
vn -0.5893 0.6805 -0.4354
vn -0.2713 0.8861 -0.3759
vn 0.5230 0.6703 -0.5264
vn 0.7708 -0.3615 -0.5246
vn 0.7353 -0.0306 -0.6771
vn -0.0238 -0.7956 -0.6053
vn -0.4264 -0.6963 0.5774
vn 0.6961 -0.4267 0.5774
vn 0.4268 0.6961 0.5774
vn -0.6963 0.4265 0.5773
vn -0.3801 0.6986 -0.6062
vn 0.4612 0.3107 -0.8312
vn 0.6412 0.3621 -0.6766
vn 0.3441 0.0567 -0.9372
vn 0.3609 -0.6433 -0.6752
vn 0.6490 -0.6238 -0.4356
vn 0.7055 -0.7084 0.0209
vn 0.8044 -0.5040 -0.3145
vn -0.7141 -0.6009 -0.3591
vn -0.7063 0.4495 -0.5469
vn 0.7109 0.5834 -0.3928
vn 0.4973 0.8673 0.0226
vn 0.2954 0.8502 -0.4358
vn -0.4912 0.1918 0.8497
vn -0.3528 0.8034 -0.4796
vn -0.7708 0.3614 -0.5247
vn -0.7357 0.0323 -0.6765
vn 0.3213 -0.8702 -0.3735
vn 0.0253 0.7960 -0.6047
vn 0.4263 0.6963 0.5774
vn -0.6962 0.4266 0.5774
vn -0.4267 -0.6961 0.5774
vn -0.4540 -0.8443 -0.2846
vn 0.1792 0.8773 -0.4452
vn 0.7142 0.6010 -0.3587
vn 0.7175 -0.4399 -0.5401
vn -0.8048 0.5040 -0.3136
vn -0.7116 -0.5833 -0.3917
vn -0.4960 -0.8680 0.0229
vn -0.7062 0.7077 0.0208
vn -0.6494 0.6232 -0.4357
vn -0.5489 0.0625 -0.8336
vn -0.6408 -0.3622 -0.6769
vn 0.3804 -0.6999 -0.6045
vn 0.6963 -0.4264 0.5773
vn -0.5025 -0.0456 -0.8634
vn -0.2942 -0.8505 -0.4359
vn 0.6205 0.6326 -0.4634
vn 0.3575 0.6580 -0.6627
vn 0.0725 0.9757 -0.2066
vn 0.5458 0.5531 -0.6295
vn 0.7421 -0.5578 0.3718
vn 0.2246 -0.3091 0.9241
vn 0.5426 -0.7468 0.3845
vn 0.8090 -0.5878 -0.0000
vn 0.5878 -0.8090 -0.0000
vn 0.9511 -0.3090 -0.0000
vn 1.0000 -0.0000 -0.0000
vn 0.8791 -0.3016 0.3690
vn 0.9511 0.3090 -0.0000
vn 0.9174 -0.0987 0.3855
vn 0.8090 0.5878 -0.0000
vn 0.8888 0.2728 0.3681
vn 0.5878 0.8090 -0.0000
vn 0.7609 0.5341 0.3685
vn 0.3091 0.9510 -0.0000
vn 0.6200 0.6841 0.3841
vn -0.0000 1.0000 -0.0000
vn 0.3019 0.8790 0.3691
vn -0.3092 0.9510 -0.0000
vn 0.0151 0.9293 0.3689
vn -0.5878 0.8090 -0.0000
vn -0.1967 0.9200 0.3390
vn -0.8090 0.5878 -0.0000
vn -0.4719 0.8146 0.3372
vn -0.9510 0.3091 -0.0000
vn -0.6850 0.6199 0.3828
vn -1.0000 -0.0000 -0.0000
vn -0.8795 0.3018 0.3680
vn -0.9510 -0.3091 -0.0000
vn -0.9355 0.0961 0.3400
vn -0.8090 -0.5878 -0.0000
vn -0.8886 -0.2730 0.3686
vn -0.5878 -0.8090 -0.0000
vn -0.8138 -0.4723 0.3387
vn -0.3091 -0.9510 -0.0000
vn -0.5584 -0.7435 0.3680
vn 0.2881 -0.8776 0.3832
vn -0.0000 -0.0000 1.0000
vn -0.0000 -0.3838 0.9234
vn -0.2296 -0.3074 0.9235
vn -0.4215 -0.1688 0.8910
vn -0.4844 0.1422 0.8632
vn -0.2226 0.3149 0.9227
vn -0.0304 0.4528 0.8911
vn 0.2297 0.3078 0.9233
vn 0.4421 0.1259 0.8881
vn 0.3629 -0.1231 0.9237
vn 0.3808 -0.1542 0.9117
vn 0.3987 -0.1006 0.9115
vn 0.2462 0.2145 0.9452
vn 0.0111 0.2800 0.9599
vn -0.0968 0.2352 0.9671
vn -0.2804 0.1681 0.9450
vn -0.3238 -0.0286 0.9457
vn -0.2458 -0.2137 0.9455
vn -0.1456 -0.5380 0.8302
vn -0.2855 -0.8787 0.3827
vn 0.3091 -0.9510 -0.0000
vn -0.4761 -0.3292 -0.8155
vn -0.3036 -0.3980 -0.8657
vn -0.4686 -0.6143 -0.6348
vn -0.6520 -0.3155 -0.6895
vn -0.6027 -0.4744 -0.6417
vn -0.6352 -0.1990 -0.7463
vn -0.6655 0.0070 -0.7464
vn -0.6555 0.1653 -0.7369
vn -0.5868 0.0139 0.8096
vn -0.7329 0.2571 0.6299
vn -0.5596 0.3701 -0.7415
vn -0.5252 0.4113 0.7450
vn -0.3720 0.5529 -0.7456
vn -0.2944 0.7713 0.5643
vn -0.3851 0.5416 0.7472
vn -0.6183 0.4716 0.6287
vn -0.3920 0.6504 0.6507
vn -0.3964 0.3023 0.8669
vn -0.0440 0.0636 0.9970
vn -0.0616 0.0470 0.9970
vn -0.0718 0.0295 0.9970
vn -0.5629 0.1940 0.8034
vn -0.0774 0.0018 0.9970
vn -0.7304 0.0170 0.6828
vn -0.4776 -0.1430 0.8669
vn -0.6391 -0.1821 0.7473
vn -0.7547 -0.0209 0.6557
vn -0.6502 0.3577 0.6703
vn -0.6357 -0.1993 0.7457
vn -0.4770 -0.3298 0.8147
vn -0.6504 -0.3920 0.6506
vn -0.4688 -0.6147 0.6343
vn -0.3024 -0.3965 0.8668
vn -0.0637 -0.0441 0.9970
vn -0.0470 -0.0616 0.9970
vn -0.0296 -0.0719 0.9970
vn -0.2569 -0.7322 0.6307
vn -0.1936 -0.5615 0.8045
vn -0.1939 -0.5631 -0.8033
vn -0.2568 -0.7318 -0.6312
vn -0.0488 -0.0639 -0.9968
vn -0.0307 -0.0745 -0.9968
vn -0.0660 -0.0457 -0.9968
vn -0.4867 -0.1212 -0.8651
vn -0.0770 -0.0230 -0.9968
vn -0.0803 0.0019 -0.9968
vn -0.7314 0.0170 -0.6818
vn -0.4722 0.1657 -0.8658
vn -0.7038 0.2860 -0.6503
vn -0.6635 0.0241 -0.7478
vn -0.6138 0.4762 -0.6296
vn -0.5122 0.5287 -0.6769
vn -0.7382 0.2789 -0.6142
vn -0.1674 0.5593 -0.8119
vn -0.2224 0.7433 -0.6309
vn 0.0136 0.5866 -0.8097
vn -0.2226 0.7437 0.6304
vn 0.0137 0.5874 0.8092
vn 0.2468 0.7366 -0.6297
vn 0.2289 0.6266 0.7450
vn 0.2964 0.5202 -0.8010
vn 0.4114 0.5251 0.7450
vn 0.6381 0.4414 -0.6309
vn 0.6837 0.4233 0.5945
vn 0.4809 0.3326 0.8112
vn 0.3960 0.5337 0.7472
vn 0.6504 0.3920 0.6506
vn 0.3023 0.3963 0.8669
vn 0.0637 0.0441 0.9970
vn 0.0469 0.0615 0.9970
vn 0.0295 0.0718 0.9970
vn 0.1940 0.5628 0.8035
vn 0.0018 0.0772 0.9970
vn 0.0170 0.7303 0.6829
vn -0.1430 0.4775 0.8669
vn -0.1677 0.5601 0.8113
vn -0.0209 0.7548 0.6557
vn 0.3577 0.6501 0.6704
vn -0.0223 0.0743 0.9970
vn 0.4776 0.1429 0.8669
vn 0.0742 0.0222 0.9970
vn 0.0775 -0.0018 0.9970
vn 0.7307 -0.0171 0.6825
vn 0.7441 0.2228 0.6298
vn 0.6273 -0.2105 0.7498
vn 0.7293 -0.1371 0.6703
vn 0.5860 -0.5637 0.5822
vn 0.0732 -0.0257 0.9970
vn 0.0616 -0.0469 0.9970
vn 0.5808 -0.4431 0.6829
vn 0.2837 -0.4090 0.8673
vn 0.5158 -0.5495 0.6573
vn 0.0442 -0.0638 0.9970
vn 0.0222 -0.0742 0.9970
vn 0.4415 -0.6383 0.6306
vn 0.3338 -0.4826 0.8097
vn 0.6144 -0.4658 -0.6369
vn 0.7325 -0.2570 0.6304
vn 0.6150 -0.4667 0.6356
vn 0.7459 -0.1290 -0.6534
vn 0.5225 -0.4096 -0.7478
vn 0.5631 -0.2012 -0.8015
vn 0.4362 -0.6431 -0.6294
vn 0.6373 -0.4266 -0.6417
vn 0.3333 -0.4820 -0.8103
vn 0.0458 -0.0662 -0.9968
vn 0.2840 -0.4106 -0.8664
vn 0.0231 -0.0770 -0.9968
vn 0.0638 -0.0487 -0.9968
vn 0.0773 -0.0226 -0.9968
vn 0.5953 -0.0173 -0.8033
vn 0.0805 0.0024 -0.9968
vn 0.4794 0.1435 -0.8658
vn 0.0769 0.0230 -0.9968
vn 0.0661 0.0457 -0.9968
vn 0.6017 0.4161 -0.6817
vn 0.6520 0.3155 -0.6894
vn 0.4803 0.3321 -0.8118
vn 0.6359 0.1993 -0.7456
vn 0.8340 -0.0592 0.5487
vn 0.6666 -0.0241 0.7450
vn 0.5866 -0.0137 -0.8098
vn 0.7439 -0.3042 -0.5950
vn 0.7767 -0.0181 -0.6296
vn 0.4710 0.6174 -0.6301
vn 0.1934 0.5510 -0.8118
vn 0.2422 0.6903 -0.6818
vn 0.1823 0.7925 -0.5820
vn 0.0487 0.0638 -0.9968
vn 0.0266 0.0757 -0.9968
vn 0.0172 0.5966 -0.8023
vn -0.0024 0.0804 -0.9968
vn -0.1435 0.4794 -0.8658
vn -0.0231 0.0771 -0.9968
vn -0.0456 0.0660 -0.9968
vn -0.4428 0.6574 -0.6097
vn 0.0545 0.7577 -0.6503
vn -0.0665 0.0454 -0.9968
vn -0.0757 0.0266 -0.9968
vn -0.0743 -0.0222 0.9970
vn 0.0215 0.0296 -0.9993
vn -0.2131 -0.6557 -0.7244
vn -0.4025 -0.5480 -0.7333
vn -0.0114 0.0350 -0.9993
vn 0.4018 -0.5456 -0.7355
vn 0.2131 -0.6556 -0.7244
vn -0.0296 0.0215 -0.9993
vn -0.0215 0.0295 -0.9993
vn -0.0348 0.0113 -0.9993
vn 0.6157 -0.3825 -0.6889
vn 0.7286 -0.2230 -0.6477
vn -0.0364 -0.0000 -0.9993
vn 0.6908 -0.0000 -0.7231
vn -0.0348 -0.0113 -0.9993
vn 0.7205 0.2480 -0.6476
vn -0.0296 -0.0215 -0.9993
vn 0.5588 0.4059 -0.7231
vn -0.0214 -0.0294 -0.9993
vn 0.4373 0.6241 -0.6475
vn -0.0113 -0.0346 -0.9993
vn 0.2134 0.6570 -0.7231
vn -0.0000 -0.0367 -0.9993
vn -0.2134 0.6570 -0.7230
vn -0.0536 0.7228 -0.6890
vn 0.0112 -0.0346 -0.9993
vn -0.4064 0.5594 -0.7224
vn 0.0294 -0.0214 -0.9993
vn 0.0214 -0.0294 -0.9993
vn 0.0346 -0.0113 -0.9993
vn -0.6156 0.3826 -0.6890
vn -0.7287 0.2229 -0.6475
vn 0.0366 -0.0000 -0.9993
vn -0.6898 -0.0000 -0.7240
vn -0.6570 -0.2134 -0.7231
vn 0.0346 0.0113 -0.9993
vn -0.5588 -0.4061 -0.7230
vn 0.0294 0.0214 -0.9993
vn -0.5588 -0.4060 0.7231
vn 0.0295 0.0214 0.9993
vn -0.4027 -0.5488 0.7326
vn 0.0215 0.0296 0.9993
vn 0.0347 0.0113 0.9993
vn -0.7287 -0.2229 0.6476
vn 0.0367 -0.0000 0.9993
vn -0.6898 -0.0000 0.7240
vn -0.6570 0.2134 0.7231
vn 0.0346 -0.0113 0.9993
vn -0.5588 0.4060 0.7231
vn 0.0295 -0.0214 0.9993
vn -0.4064 0.5594 0.7224
vn 0.0113 -0.0346 0.9993
vn -0.2134 0.6570 0.7231
vn -0.0000 -0.0367 0.9993
vn 0.2134 0.6570 0.7231
vn 0.0536 0.7228 0.6890
vn -0.0113 -0.0347 0.9993
vn 0.4060 0.5588 0.7231
vn -0.0214 -0.0295 0.9993
vn 0.5588 0.4059 0.7232
vn -0.0296 -0.0215 0.9993
vn 0.6569 0.2135 0.7231
vn -0.0348 -0.0113 0.9993
vn 0.6907 -0.0000 0.7231
vn -0.0365 -0.0000 0.9993
vn 0.6569 -0.2135 0.7231
vn -0.0349 0.0113 0.9993
vn 0.5588 -0.4060 0.7231
vn -0.0296 0.0215 0.9993
vn 0.4017 -0.5453 0.7358
vn -0.0114 0.0350 0.9993
vn -0.0215 0.0296 0.9993
vn -0.2131 -0.6556 0.7244
vn 0.1794 0.9588 -0.2203
vn 0.8962 0.0235 -0.4431
vn -0.0944 0.6892 -0.7184
vn 0.6844 -0.3597 -0.6342
vn -0.7852 0.0531 -0.6170
vn -0.0056 -0.8074 -0.5900
vn -0.8298 0.4752 0.2924
vn 0.0370 0.8150 0.5783
vn 0.8774 0.2480 0.4107
vn -0.0194 -0.4259 0.9046
vn 0.6495 -0.4267 0.6293
vn 0.5002 -0.5954 -0.6288
vn 0.6550 -0.4173 -0.6300
vn 0.7495 -0.2051 0.6294
vn 0.7518 -0.1944 -0.6301
vn 0.7748 0.0474 0.6304
vn 0.7538 0.0070 -0.6570
vn 0.7527 -0.1948 -0.6289
vn 0.8077 0.0102 -0.5895
vn 0.7241 0.2853 -0.6279
vn 0.7223 0.2845 -0.6304
vn 0.7219 0.2844 0.6309
vn 0.6065 0.4860 0.6293
vn 0.5992 0.4941 -0.6299
vn 0.4172 0.6548 0.6302
vn 0.6038 0.4895 -0.6292
vn 0.3979 0.6988 -0.5945
vn 0.3931 0.6170 -0.6818
vn 0.4348 0.6109 -0.6617
vn 0.5611 0.5227 -0.6418
vn 0.7309 0.0446 -0.6810
vn 0.6953 0.3235 -0.6418
vn 0.6201 -0.4399 -0.6496
vn 0.7527 -0.1467 -0.6418
vn 0.4894 -0.5946 -0.6379
vn 0.2845 -0.7219 -0.6307
vn 0.4658 -0.5650 -0.6810
vn 0.0294 -0.0748 -0.9968
vn 0.2681 -0.6802 -0.6822
vn 0.0512 -0.0621 -0.9968
vn 0.6629 -0.4335 -0.6104
vn 0.0677 -0.0432 -0.9968
vn 0.0778 -0.0201 -0.9968
vn 0.0801 0.0049 -0.9968
vn 0.0621 0.0512 -0.9968
vn 0.0748 0.0295 -0.9968
vn 0.0431 0.0677 -0.9968
vn 0.1833 0.7090 -0.6809
vn 0.0201 0.0778 -0.9968
vn -0.0447 0.7305 -0.6814
vn -0.0049 0.0801 -0.9968
vn -0.2683 0.6812 -0.6811
vn -0.0295 0.0748 -0.9968
vn -0.4660 0.5653 -0.6807
vn -0.0678 0.0432 -0.9968
vn -0.0511 0.0620 -0.9968
vn -0.0778 0.0201 -0.9968
vn -0.6654 0.3687 -0.6491
vn -0.7308 -0.0447 -0.6812
vn -0.7469 0.1442 -0.6491
vn -0.0801 -0.0049 -0.9968
vn -0.6812 -0.2684 -0.6811
vn -0.0748 -0.0294 -0.9968
vn -0.5650 -0.4657 -0.6811
vn -0.0621 -0.0512 -0.9968
vn -0.4014 -0.6139 -0.6797
vn -0.5932 -0.4899 -0.6388
vn -0.4170 -0.6545 -0.6307
vn -0.7204 -0.2431 -0.6496
vn -0.5988 -0.4936 -0.6307
vn -0.7700 -0.0448 -0.6364
vn -0.7515 0.1944 0.6304
vn -0.7517 0.1945 -0.6301
vn -0.7703 -0.0451 0.6361
vn -0.7524 0.1946 0.6293
vn -0.7233 -0.0424 0.6892
vn -0.7223 -0.2847 0.6303
vn -0.7231 -0.2849 0.6293
vn -0.7603 0.0001 0.6496
vn -0.6812 -0.2684 0.6811
vn -0.0802 -0.0049 0.9968
vn -0.0748 -0.0295 0.9968
vn -0.5649 -0.4658 0.6811
vn -0.0621 -0.0512 0.9968
vn -0.5934 -0.4900 0.6386
vn -0.5985 -0.4934 0.6311
vn -0.3990 -0.6146 0.6805
vn -0.4168 -0.6541 0.6312
vn 0.2728 -0.6797 0.6809
vn 0.4886 -0.5938 0.6393
vn 0.4658 -0.5650 0.6811
vn 0.0295 -0.0748 0.9968
vn 0.0512 -0.0621 0.9968
vn 0.6175 -0.3933 0.6811
vn 0.0677 -0.0431 0.9968
vn 0.6554 -0.4175 0.6294
vn 0.4980 -0.5961 0.6298
vn 0.7536 -0.1884 0.6298
vn 0.7750 0.0538 0.6297
vn 0.7230 -0.2351 0.6496
vn 0.7308 0.0446 0.6812
vn 0.0778 -0.0201 0.9968
vn 0.0801 0.0049 0.9968
vn 0.6816 0.2686 0.6806
vn 0.0748 0.0295 0.9968
vn 0.7235 0.2851 0.6287
vn 0.5997 0.4944 0.6293
vn 0.5650 0.4658 0.6810
vn 0.0622 0.0512 0.9968
vn 0.0432 0.0678 0.9968
vn 0.3931 0.6170 0.6818
vn 0.4172 0.6549 0.6301
vn 0.1883 0.7537 0.6297
vn 0.1945 0.7515 0.6305
vn 0.1833 0.7089 0.6811
vn -0.0002 0.7586 0.6515
vn 0.0201 0.0779 0.9968
vn -0.0049 0.0801 0.9968
vn -0.2683 0.6812 0.6811
vn -0.0295 0.0749 0.9968
vn -0.2848 0.7231 0.6293
vn -0.0856 0.7497 0.6562
vn -0.0474 0.7747 0.6305
vn -0.2845 0.7222 0.6305
vn -0.0474 0.7751 -0.6301
vn -0.2847 0.7225 -0.6300
vn -0.4936 0.5987 0.6308
vn -0.4476 0.6067 -0.6569
vn -0.2849 0.7234 -0.6289
vn -0.6586 0.4121 -0.6296
vn -0.6558 0.4178 -0.6288
vn -0.4756 0.6402 -0.6033
vn -0.6546 0.4171 0.6305
vn -0.6554 0.4176 0.6293
vn -0.6151 0.4469 0.6495
vn -0.7083 0.1832 0.6817
vn -0.0779 0.0201 0.9968
vn -0.0678 0.0433 0.9968
vn -0.4660 0.5653 0.6806
vn -0.0511 0.0620 0.9968
vn -0.4947 0.6001 0.6286
vn -0.7528 0.1947 -0.6288
vn -0.7496 -0.0062 -0.6619
vn -0.0080 0.7603 -0.6495
vn 0.1611 0.7793 -0.6056
vn 0.2251 0.7152 -0.6617
vn -0.7227 -0.2847 -0.6298
vn -0.5295 -0.3684 -0.7641
vn -0.2262 -0.1833 -0.9567
vn -0.4150 -0.5711 -0.7083
vn -0.2720 -0.1045 -0.9566
vn -0.7570 -0.2460 -0.6053
vn -0.2866 0.0295 -0.9576
vn -0.7055 -0.0000 -0.7087
vn -0.0000 -0.0000 -1.0000
vn -0.1522 -0.2095 -0.9659
vn 0.1585 -0.2443 -0.9567
vn 0.0800 -0.2463 -0.9659
vn -0.1043 -0.2715 -0.9568
vn 0.6083 -0.7821 -0.1355
vn 0.4589 -0.7010 0.5459
vn 0.3530 -0.9185 -0.1781
vn 0.6525 -0.5238 0.5476
vn 0.8254 -0.5357 -0.1781
vn 0.6035 -0.2271 0.7643
vn 0.9358 -0.3040 -0.1784
vn 0.9840 0.0020 -0.1783
vn 0.7330 -0.0000 0.6802
vn 0.7070 -0.2395 -0.6655
vn 0.5711 -0.4149 -0.7084
vn 0.2440 -0.1584 -0.9568
vn 0.4223 -0.6340 -0.6478
vn 0.2464 -0.0800 -0.9659
vn 0.2902 0.0153 -0.9568
vn 0.2462 0.0800 -0.9659
vn 0.2441 0.1584 -0.9567
vn 0.1833 0.2262 -0.9567
vn -0.1583 0.2439 -0.9568
vn -0.2095 0.1523 -0.9659
vn -0.2718 0.1044 -0.9567
vn -0.6823 0.1826 -0.7079
vn -0.9777 -0.0231 -0.2088
vn -0.9318 -0.3368 -0.1356
vn -0.6222 -0.1714 0.7638
vn -0.6999 -0.4587 0.5475
vn -0.7774 -0.5933 -0.2086
vn -0.5251 -0.6531 0.5457
vn -0.5559 -0.8201 -0.1353
vn -0.2271 -0.6041 0.7639
vn 0.0367 -0.1129 0.9929
vn 0.1713 -0.6222 0.7639
vn 0.0648 -0.0998 0.9929
vn 0.0998 -0.0648 0.9929
vn 0.1130 -0.0367 0.9929
vn 0.1189 -0.0000 0.9929
vn 0.6222 0.1713 0.7639
vn 0.9318 0.3367 -0.1355
vn 0.7011 0.4589 0.5458
vn 0.7774 0.5934 -0.2085
vn 0.4027 0.5044 0.7638
vn 0.5356 0.8255 -0.1782
vn 0.2553 0.6874 0.6799
vn 0.2754 0.9517 -0.1355
vn 0.0409 0.8368 0.5460
vn -0.0231 0.9777 -0.2088
vn -0.1896 0.7085 0.6798
vn -0.3368 0.9318 -0.1355
vn -0.3991 0.6153 0.6797
vn -0.5489 0.8063 -0.2204
vn -0.8202 0.5558 -0.1352
vn -0.5936 0.4312 0.6795
vn -0.4190 0.5688 -0.7077
vn -0.6223 0.4232 -0.6585
vn -0.9364 0.3023 -0.1781
vn -0.8368 0.0410 0.5460
vn -0.1189 -0.0000 0.9929
vn -0.1132 -0.0368 0.9929
vn -0.0999 -0.0648 0.9929
vn -0.0647 -0.0998 0.9929
vn -0.0367 -0.1129 0.9929
vn -0.6042 0.2271 0.7638
vn -0.1132 0.0368 0.9929
vn -0.0998 0.0648 0.9929
vn -0.0699 0.0962 0.9929
vn -0.0427 0.1112 0.9929
vn -0.0000 0.1189 0.9929
vn 0.0427 0.1112 0.9929
vn 0.0699 0.0962 0.9929
vn 0.0961 0.0698 0.9929
vn 0.1130 0.0367 0.9929
vn -0.2182 0.6713 -0.7083
vn -0.0000 0.7055 -0.7087
vn -0.0153 0.2908 -0.9567
vn 0.2460 0.7570 -0.6053
vn 0.1045 0.2720 -0.9566
vn -0.0801 0.2465 -0.9658
vn 0.4273 0.5621 -0.7081
vn 0.5141 0.3898 -0.7640
vn 0.6232 0.2261 -0.7487
vn 0.7063 0.0047 -0.7079
vn -0.3022 -0.9364 -0.1783
vn -0.1825 -0.6822 -0.7080
vn 0.2035 -0.6758 -0.7084
vn -0.0370 -0.8156 -0.5774
vn 0.0372 0.8156 -0.5774
vn 0.8157 -0.0371 -0.5773
vn 0.8157 -0.0371 0.5773
vn 0.0373 0.8156 0.5774
vn -0.8157 0.0372 0.5773
vn -0.8157 0.0371 -0.5773
vn -0.0370 -0.8156 0.5774
vn 0.0373 0.8156 -0.5774
vn -0.9721 0.2347 0.0037
vn -0.9582 0.2860 -0.0013
vn -0.8392 -0.5363 -0.0903
vn -0.9072 0.4206 0.0039
vn -0.6768 0.2675 0.6859
vn -0.5539 0.1489 0.8192
vn 0.5072 -0.0960 0.8565
vn -0.9063 0.2305 -0.3542
vn -0.8409 -0.4700 0.2684
vn -0.3009 0.5604 -0.7716
vn -0.7769 0.5820 -0.2401
vn -0.4170 0.8453 -0.3339
vn -0.5929 0.2796 -0.7552
vn -0.8616 0.5040 -0.0604
vn -0.8308 0.5566 0.0033
vn -0.5568 0.3798 0.7387
vn 0.4624 -0.1871 0.8667
vn 0.4501 -0.4193 0.7884
vn 0.1461 -0.4372 0.8874
vn 0.6289 -0.6302 0.4553
vn 0.8211 -0.3410 0.4577
vn 0.8781 -0.1700 0.4472
vn 0.6235 -0.6363 0.4543
vn 0.3415 -0.8247 0.4508
vn 0.0706 -0.6949 0.7156
vn -0.4479 0.8678 -0.2153
vn -0.4545 0.8907 0.0027
vn -0.3074 0.5973 0.7408
vn -0.3529 0.8034 -0.4795
vn -0.4912 0.1918 -0.8497
vn -0.6373 0.2439 0.7310
vn -0.3576 0.8008 -0.4805
vn -0.4931 0.1890 -0.8492
vn -0.6182 0.2700 0.7382
vn -0.2469 0.6354 -0.7317
vn -0.6182 0.2700 -0.7382
vn 0.8314 0.5557 0.0035
vn 0.5569 0.3803 0.7384
vn 0.9069 0.4213 0.0039
vn 0.3074 0.5974 0.7407
vn 0.4545 0.8907 0.0028
vn 0.4479 0.8677 -0.2154
vn 0.8550 0.5151 -0.0605
vn -0.2190 0.7810 0.5849
vn -0.4334 0.6893 -0.5806
vn -0.7044 0.5485 0.4505
vn -0.4971 0.4161 -0.7614
vn -0.8624 0.4381 -0.2536
vn -0.7984 0.2314 0.5559
vn -0.6466 0.1533 -0.7473
vn 0.0370 0.8150 -0.5783
vn -0.8299 0.4752 -0.2924
vn 0.1794 0.9588 0.2202
vn 0.8774 0.2480 -0.4107
vn 0.2498 -0.8783 -0.4077
vn 0.8962 0.0236 0.4431
vn -0.0942 0.6893 0.7183
vn -0.8047 0.0670 0.5899
vn -0.0120 -0.7886 0.6148
vn 0.4886 -0.4323 0.7579
vn 0.0095 -0.7072 0.7070
vn 0.8160 0.4098 0.4076
vn 0.0095 0.7072 0.7070
vn 0.8162 0.4101 -0.4071
vn 0.0095 -0.7072 -0.7070
vn 0.0095 0.7072 -0.7070
vn 0.6826 0.3178 -0.6581
vn -0.4197 0.6750 -0.6068
vn 0.0214 0.8162 0.5774
vn 0.8162 -0.0215 0.5773
vn -0.2304 -0.5797 -0.7816
vn -0.0214 -0.8162 0.5774
vn -0.8162 0.0214 0.5773
vn 0.5773 0.7211 -0.3830
vn -0.7933 -0.2693 -0.5460
vn -0.3324 0.6442 -0.6888
vn -0.6526 -0.4175 -0.6323
vn -0.8841 -0.1714 -0.4347
vn -0.9997 -0.0041 0.0229
vn -0.5029 0.2424 -0.8297
vn 0.2605 0.9653 0.0209
vn -0.1439 0.3565 -0.9232
vn -0.6330 0.3751 -0.6772
vn 0.2174 0.8736 -0.4354
vn 0.0341 0.9528 -0.3017
vn 0.8780 -0.3009 -0.3722
vn -0.8809 -0.2660 -0.3915
vn -0.0382 -0.8293 -0.5574
vn -0.6372 0.2439 0.7311
vn -0.7409 -0.6715 -0.0120
vn -0.4973 -0.8675 -0.0120
vn -0.9122 -0.4097 -0.0120
vn -0.9325 -0.3610 -0.0121
vn -0.9871 -0.1599 -0.0121
vn -0.9941 -0.1077 -0.0120
vn -0.9787 0.2047 -0.0120
vn -0.8676 0.4971 -0.0120
vn -0.8401 0.5423 -0.0120
vn -0.7095 0.7046 -0.0120
vn -0.6314 0.7753 -0.0121
vn -0.4569 0.8895 -0.0120
vn -0.4097 0.9121 -0.0120
vn -0.0556 0.9984 -0.0121
vn -0.1078 0.9941 -0.0120
vn 0.1528 0.9882 -0.0121
vn 0.2047 0.9788 -0.0120
vn 0.4971 0.8676 -0.0120
vn 0.5422 0.8402 -0.0120
vn 0.7046 0.7095 -0.0120
vn 0.7753 0.6315 -0.0121
vn 0.8893 0.4571 -0.0121
vn 0.9325 0.3610 -0.0121
vn 0.9870 0.1600 -0.0121
vn 0.9941 0.1077 -0.0120
vn 0.9787 -0.2047 -0.0120
vn 0.9787 -0.2048 -0.0120
vn 0.8676 -0.4971 -0.0120
vn 0.6715 -0.7409 -0.0120
vn 0.3610 -0.9325 -0.0120
vn 0.4290 -0.5881 0.6856
vn 0.0438 -0.0673 0.9968
vn 0.1543 -0.4747 0.8665
vn 0.4868 -0.3496 0.8005
vn 0.0650 -0.0472 0.9968
vn 0.5412 -0.3822 0.7490
vn -0.4298 -0.5913 0.6824
vn -0.1542 -0.4746 0.8666
vn -0.0438 -0.0673 0.9968
vn -0.6403 -0.4089 0.6502
vn -0.4562 -0.6277 0.6307
vn -0.0675 -0.0438 0.9968
vn -0.4760 -0.1546 0.8657
vn -0.0765 -0.0249 0.9968
vn -0.0803 -0.0000 0.9968
vn -0.7315 -0.0000 0.6819
vn -0.7388 -0.2401 0.6297
vn -0.5556 0.5320 0.6390
vn -0.7321 0.1227 0.6701
vn -0.0765 0.0248 0.9968
vn -0.0675 0.0438 0.9968
vn -0.5919 0.4300 0.6818
vn -0.6584 0.3430 0.6700
vn -0.4089 0.6403 0.6502
vn -0.5202 0.5296 0.6700
vn -0.0438 0.0675 0.9968
vn -0.1877 0.5667 0.8023
vn -0.0208 0.0778 0.9968
vn -0.0000 0.5005 0.8658
vn -0.0000 0.0803 0.9968
vn 0.0208 0.0777 0.9968
vn 0.1877 0.5667 0.8023
vn -0.0000 0.5847 0.8112
vn 0.4826 0.5868 0.6502
vn 0.3483 0.6688 0.6568
vn 0.0438 0.0675 0.9968
vn 0.0674 0.0438 0.9968
vn 0.5918 0.4300 0.6818
vn 0.5666 0.1877 0.8023
vn 0.0777 0.0208 0.9968
vn 0.5004 -0.0000 0.8658
vn 0.0804 -0.0000 0.9968
vn 0.0764 -0.0248 0.9968
vn 0.6957 -0.2261 0.6818
vn 0.7768 -0.0000 0.6297
vn 0.6584 -0.3429 0.6701
vn 0.6317 -0.2142 0.7450
vn 0.6278 -0.4561 0.6307
vn 0.6267 -0.4543 -0.6332
vn 0.6311 -0.2140 -0.7456
vn 0.5941 -0.0798 0.8004
vn 0.5868 -0.0000 -0.8097
vn 0.7427 0.2297 0.6290
vn 0.7380 0.2398 -0.6307
vn 0.5447 0.3851 0.7450
vn 0.5554 0.1804 -0.8118
vn 0.4584 0.6988 -0.5492
vn 0.7765 -0.0000 -0.6302
vn 0.5666 0.1877 -0.8023
vn 0.7277 -0.1098 -0.6771
vn 0.7402 0.3349 -0.5830
vn 0.5407 -0.3819 -0.7495
vn 0.3846 -0.5438 -0.7459
vn 0.3849 -0.5444 0.7453
vn 0.4562 -0.6278 0.6307
vn 0.2141 -0.6309 0.7457
vn -0.5890 0.1075 -0.8010
vn -0.6660 0.0089 0.7459
vn -0.6317 0.2143 0.7450
vn -0.6351 0.4479 -0.6293
vn -0.6283 0.4564 0.6300
vn -0.3847 0.5441 -0.7456
vn -0.4086 0.6289 0.6615
vn -0.3121 0.7646 0.5639
vn -0.5581 -0.1814 0.8097
vn -0.4692 -0.3409 0.8147
vn -0.2137 0.6293 0.7472
vn -0.1980 0.6370 0.7450
vn -0.0000 0.7763 0.6304
vn -0.0000 0.7759 -0.6309
vn -0.1978 0.6364 -0.7456
vn -0.2135 0.6287 -0.7478
vn -0.0000 0.5839 -0.8118
vn 0.1978 0.6364 -0.7455
vn 0.1980 0.6370 0.7450
vn 0.3453 0.5798 -0.7379
vn 0.3454 0.4753 0.8092
vn 0.3972 0.5319 -0.7479
vn 0.6281 0.4565 -0.6302
vn 0.4303 0.5923 -0.6812
vn 0.5915 0.4872 -0.6425
vn 0.0675 0.0438 -0.9968
vn 0.0776 0.0208 -0.9968
vn 0.0804 -0.0000 -0.9968
vn 0.0764 -0.0248 -0.9968
vn 0.7072 -0.2788 -0.6497
vn 0.4868 -0.3496 -0.8005
vn 0.4568 -0.6301 -0.6279
vn 0.1811 -0.5574 -0.8103
vn -0.4682 -0.3402 -0.8155
vn -0.4291 -0.5881 -0.6856
vn -0.4559 -0.6275 -0.6312
vn -0.7384 -0.2400 -0.6302
vn -0.5574 -0.1811 -0.8103
vn -0.5920 -0.4864 -0.6426
vn -0.6868 -0.2137 -0.6947
vn -0.6006 -0.5473 -0.5829
vn -0.7756 -0.0000 -0.6312
vn -0.7385 0.2400 -0.6301
vn -0.7648 -0.0465 -0.6425
vn -0.6582 0.3293 -0.6770
vn -0.8075 -0.0897 -0.5829
vn -0.4568 0.6287 -0.6293
vn -0.4303 0.5923 -0.6812
vn -0.4481 0.6535 -0.6100
vn 0.1114 0.7156 -0.6895
vn -0.3348 0.7403 -0.5829
vn 0.0196 0.7881 -0.6152
vn 0.0438 0.0675 -0.9968
vn 0.0208 0.0777 -0.9968
vn -0.0000 0.0802 -0.9968
vn -0.0208 0.0776 -0.9968
vn -0.0438 0.0675 -0.9968
vn -0.0675 0.0437 -0.9968
vn -0.6347 0.4728 -0.6112
vn -0.0765 0.0249 -0.9968
vn -0.0803 -0.0000 -0.9968
vn -0.0764 -0.0249 -0.9968
vn -0.0675 -0.0438 -0.9968
vn -0.0438 -0.0674 -0.9968
vn -0.1543 -0.4747 -0.8665
vn 0.4298 -0.5913 -0.6823
vn 0.1543 -0.4747 -0.8665
vn 0.0438 -0.0674 -0.9968
vn 0.0650 -0.0472 -0.9968
vn 0.5324 0.3977 0.7473
vn 0.4209 0.5928 0.6866
vn 0.7516 0.0089 0.6596
vn -0.5932 -0.8051 -0.0000
vn -0.3152 -0.9490 -0.0000
vn -0.8129 -0.5824 -0.0000
vn -0.9531 -0.3027 -0.0000
vn -1.0000 0.0066 -0.0000
vn -0.9490 0.3152 -0.0000
vn -0.8052 0.5931 -0.0000
vn -0.5825 0.8129 -0.0000
vn -0.3027 0.9531 -0.0000
vn 0.0065 1.0000 -0.0000
vn 0.3153 0.9490 -0.0000
vn 0.5930 0.8052 -0.0000
vn 0.8128 0.5825 -0.0000
vn 0.9531 0.3027 -0.0000
vn 0.9531 0.3028 -0.0000
vn 1.0000 -0.0067 -0.0000
vn 0.9490 -0.3153 -0.0000
vn 0.8052 -0.5930 -0.0000
vn 0.5825 -0.8129 -0.0000
vn 0.3028 -0.9530 0.0001
vn 0.3028 -0.9530 -0.0000
vn -0.3237 -0.6338 -0.7025
vn -0.4551 -0.8904 0.0001
vn -0.4506 -0.4301 -0.7823
vn -0.8901 -0.1995 -0.4097
vn -0.3262 0.1990 -0.9241
vn -0.7072 0.5383 -0.4584
vn -0.2805 0.3609 -0.8894
vn -0.5544 0.7384 -0.3840
vn -0.3119 0.2940 -0.9035
vn -0.5002 0.8114 -0.3024
vn -0.7176 0.3670 -0.5919
vn -0.4281 0.8940 -0.1325
vn -0.5404 0.8280 -0.1493
vn 0.2658 0.9625 0.0544
vn 0.1519 0.9140 0.3762
vn 0.8476 0.4727 0.2409
vn 0.4889 0.4140 0.7678
vn 0.7746 0.1319 0.6185
vn 0.1558 0.0377 0.9871
vn 0.0340 0.4432 0.8958
vn -0.1482 0.2646 0.9529
vn -0.2769 0.8573 0.4341
vn -0.5236 0.7549 0.3949
vn -0.7465 0.5912 0.3053
vn -0.8915 -0.1886 0.4118
vn -0.4021 0.3055 0.8631
vn -0.3222 -0.2049 0.9242
vn 0.0327 -0.0127 0.9994
vn -0.3524 -0.8250 0.4418
vn 0.0085 0.0058 0.9999
vn 0.9800 0.1485 0.1323
vn 0.8587 0.5120 0.0223
vn 0.9872 0.1560 0.0326
vn 0.6925 0.1078 0.7133
vn 0.4120 0.7210 0.5571
vn 0.2701 0.9609 0.0614
vn -0.0349 0.9934 0.1094
vn -0.4004 0.9163 0.0072
vn -0.6142 0.7881 -0.0410
vn -0.9405 0.3392 0.0185
vn -0.9698 0.1964 -0.1445
vn -0.9874 -0.1566 0.0227
vn -0.9737 -0.1535 -0.1686
vn -0.7220 -0.1138 -0.6825
vn -0.7666 0.1728 -0.6185
vn -0.4988 0.8001 -0.3333
vn -0.1965 0.8691 -0.4539
vn 0.0030 0.9677 -0.2521
vn 0.0636 0.9468 0.3155
vn 0.5780 0.7602 0.2968
vn 0.6191 0.1646 0.7679
vn 0.9982 -0.0604 0.0048
vn 0.7155 -0.0432 0.6973
vn 0.6645 0.6387 -0.3880
vn 0.8918 -0.1169 -0.4371
vn 0.3788 0.1680 -0.9101
vn 0.0079 -0.0469 -0.9989
vn 0.0096 0.4990 -0.8665
vn -0.2888 0.4169 -0.8619
vn -0.2827 -0.0444 -0.9582
vn -0.9878 0.1534 -0.0259
vn -0.9871 -0.1578 -0.0257
vn -0.9700 -0.1520 -0.1898
vn -0.9428 0.1945 -0.2706
vn -0.6565 0.7535 -0.0345
vn 0.1033 0.9946 -0.0086
vn -0.6686 -0.1240 -0.7332
vn -0.2293 0.0235 -0.9731
vn -0.0029 0.0365 -0.9993
vn -0.0072 -0.0107 -0.9999
vn -0.8182 -0.4997 -0.2842
vn -0.8537 0.0488 0.5185
vn 0.2002 0.7907 0.5785
vn 0.5607 -0.7927 -0.2393
vn 0.3340 -0.8459 0.4158
vn 0.3695 0.7590 -0.5361
vn 0.5915 -0.6787 -0.4353
vn 0.7253 -0.6590 -0.1990
vn -0.7575 0.0386 -0.6517
vn -0.2501 -0.6131 0.7494
vn 0.5092 -0.3543 -0.7843
vn -0.5402 0.8415 0.0106
vn 0.6417 0.6696 -0.3740
vn -0.8609 -0.0189 0.5084
vn 0.1274 -0.9908 -0.0453
vn 0.1031 -0.8728 -0.4770
vn 0.8873 0.3949 0.2383
vn -0.4373 0.7399 0.5112
vn 0.7253 -0.0186 0.6882
vn -0.9478 0.2858 -0.1416
vn -0.5765 -0.8111 -0.0995
vn 0.1542 -0.5935 -0.7899
vn -0.4784 0.5164 0.7102
vn 0.4309 0.7285 0.5326
vn 0.2475 0.6146 0.7490
vn -0.5103 0.3531 -0.7841
vn -0.1311 0.9903 -0.0467
vn -0.7259 0.6581 -0.2000
vn -0.2014 -0.7919 0.5765
vn -0.5908 0.6791 -0.4356
vn 0.7569 -0.0382 -0.6525
vn 0.8189 0.4993 -0.2832
vn 0.8535 -0.0476 0.5189
vn -0.5612 0.7922 -0.2397
vn -0.3351 0.8461 0.4145
vn -0.3693 -0.7612 -0.5331
vn 0.4782 -0.5143 0.7119
vn -0.4282 -0.7253 0.5391
vn 0.5400 -0.8416 0.0110
vn -0.6418 -0.6699 -0.3733
vn 0.8603 0.0201 0.5094
vn -0.1047 0.8726 -0.4771
vn -0.8863 -0.3962 0.2399
vn 0.4363 -0.7399 0.5120
vn -0.7254 0.0185 0.6881
vn 0.9476 -0.2853 -0.1440
vn 0.5755 0.8118 -0.0992
vn -0.1542 0.5936 -0.7899
vn 0.7024 -0.1735 -0.6903
vn -0.0352 0.0114 -0.9993
vn 0.5588 -0.4059 -0.7232
vn 0.5603 -0.4072 0.7213
vn 0.6803 -0.2756 0.6792
vn 0.6696 0.2723 -0.6910
vn 0.7323 -0.0520 0.6790
vn 0.5588 0.4059 -0.7232
vn -0.0113 -0.0347 -0.9993
vn 0.2134 0.6569 -0.7231
vn -0.0000 -0.0366 -0.9993
vn -0.2134 0.6569 -0.7231
vn 0.0112 -0.0345 -0.9993
vn 0.0214 -0.0295 -0.9993
vn 0.0346 -0.0112 -0.9993
vn -0.6156 0.3825 -0.6890
vn -0.5588 -0.4060 -0.7231
vn 0.0215 0.0295 -0.9993
vn -0.2131 -0.6555 -0.7245
vn -0.0114 0.0349 -0.9993
vn 0.4018 -0.5455 -0.7355
vn 0.2131 -0.6557 -0.7243
vn -0.0215 0.0296 -0.9993
vn 0.4029 -0.5470 0.7338
vn -0.0257 0.0187 0.9995
vn -0.0303 0.0099 0.9995
vn -0.0317 -0.0000 0.9995
vn -0.0297 -0.0097 0.9995
vn 0.6729 0.2733 0.6874
vn -0.0257 -0.0187 0.9995
vn 0.5604 0.4071 0.7213
vn 0.4725 0.5619 0.6790
vn 0.2756 0.6803 0.6791
vn 0.0531 0.7323 0.6790
vn -0.1768 0.7125 0.6790
vn -0.3891 0.6224 0.6791
vn -0.5618 0.4724 0.6791
vn -0.6804 0.2757 0.6790
vn -0.7322 0.0531 0.6790
vn -0.7125 -0.1768 0.6791
vn -0.6229 -0.3884 0.6790
vn -0.0098 0.0301 0.9995
vn -0.0187 0.0257 0.9995
vn -0.2137 -0.6575 0.7225
vn 0.0187 0.0257 0.9995
vn -0.4039 -0.5504 0.7307
vn 0.0254 0.0184 0.9995
vn 0.0301 0.0098 0.9995
vn 0.0319 -0.0000 0.9995
vn 0.0301 -0.0098 0.9995
vn 0.0256 -0.0186 0.9995
vn 0.0098 -0.0301 0.9995
vn -0.0000 -0.0317 0.9995
vn -0.0098 -0.0303 0.9995
vn -0.0186 -0.0256 0.9995
vn 0.1559 0.9878 -0.0000
vn 0.0524 0.9986 0.0001
vn 0.1554 0.9878 0.0004
vn -0.1049 0.9945 0.0001
vn -0.1562 0.9877 0.0001
vn -0.1564 0.9877 0.0001
vn -0.1560 0.9877 -0.0001
vn -0.1562 0.9877 -0.0001
vn -0.1496 0.9886 -0.0188
vn -0.1563 0.9873 -0.0276
vn -0.1633 0.9865 -0.0131
vn -0.1679 0.9858 0.0033
vn -0.2536 0.9666 0.0365
vn -0.1711 0.9852 -0.0047
vn -0.3947 0.9157 0.0753
vn -0.4971 0.8544 0.1510
vn -0.5944 0.8028 0.0467
vn -0.5596 0.8287 -0.0000
vn -0.7767 0.6298 0.0001
vn -0.8089 0.5880 -0.0000
vn -0.8908 0.4544 -0.0000
vn -0.8592 -0.2410 0.4513
vn -0.2835 -0.7099 0.6447
vn -0.5717 -0.3020 0.7628
vn -0.6995 -0.6811 0.2164
vn -0.9183 0.3923 -0.0536
vn -0.8716 0.3762 0.3144
vn -0.3795 0.1520 0.9126
vn -0.1756 0.6948 0.6974
vn 0.0001 0.0003 1.0000
vn -0.1585 -0.3973 0.9039
vn 0.1584 0.3970 0.9041
vn 0.2015 0.5040 0.8399
vn -0.4581 0.7658 0.4513
vn -0.1401 0.9516 0.2736
vn 0.3607 0.9022 0.2366
vn 0.3652 0.9113 -0.1903
vn -0.3844 0.9121 -0.1422
vn -0.0925 0.8185 -0.5671
vn 0.2932 0.7313 -0.6159
vn 0.1658 0.4141 -0.8950
vn -0.5146 0.5533 -0.6549
vn -0.3589 0.1435 -0.9223
vn -0.0001 -0.0002 -1.0000
vn -0.1660 -0.4145 -0.8948
vn -0.7544 -0.0478 -0.6547
vn -0.6307 -0.5297 -0.5672
vn -0.2923 -0.7322 -0.6152
vn -0.3638 -0.9117 -0.1910
vn -0.9063 -0.3977 -0.1430
vn -0.3599 -0.9025 0.2366
vn -0.6882 0.7246 0.0361
vn -0.9193 0.3936 0.0033
vn -0.2498 0.7839 0.5684
vn -0.4163 0.5840 0.6969
vn -0.0365 0.0977 0.9945
vn -0.3384 0.7811 -0.5247
vn -0.0929 0.9609 -0.2608
vn 0.0016 0.6287 0.7776
vn 0.1854 0.8309 -0.5247
vn 0.2586 0.7811 0.5683
vn 0.4896 0.8320 -0.2608
vn 0.3709 0.5077 0.7776
vn 0.6384 0.5633 -0.5245
vn 0.5840 0.4163 0.6969
vn 0.8850 0.3852 -0.2614
vn 0.7842 0.2500 0.5680
vn 0.8474 0.0804 -0.5248
vn 0.5927 0.0217 0.8051
vn 0.8825 -0.2447 -0.4017
vn 0.7662 -0.0844 0.6371
vn 0.1006 -0.0279 0.9945
vn 0.1042 0.0046 0.9945
vn 0.0959 0.0417 0.9945
vn 0.0783 0.0693 0.9945
vn 0.0576 0.0871 0.9945
vn 0.0279 0.1006 0.9945
vn -0.0046 0.1043 0.9945
vn 0.5079 -0.3710 0.7775
vn 0.0870 -0.0576 0.9945
vn 0.0693 -0.0783 0.9945
vn 0.4162 -0.5840 0.6969
vn 0.5643 -0.6389 -0.5228
vn 0.3853 -0.8851 -0.2612
vn 0.2500 -0.7841 0.5681
vn -0.4268 -0.5766 0.6967
vn -0.4328 -0.7309 -0.5277
vn -0.2587 -0.7813 0.5681
vn -0.7227 -0.6399 -0.2614
vn -0.5840 -0.4163 0.6969
vn -0.7812 -0.3384 -0.5247
vn -0.7839 -0.2498 0.5684
vn -0.9610 -0.0928 -0.2606
vn -0.7172 0.0063 0.6968
vn -0.7617 0.5240 -0.3811
vn -0.2361 0.8632 0.4462
vn 0.2393 0.8618 -0.4473
vn -0.0000 -0.0001 -1.0000
vn 0.0822 -0.8503 -0.5198
vn -0.0000 0.0001 -1.0000
vn 0.2444 -0.4200 -0.8740
vn -0.8064 -0.1064 -0.5817
vn -0.4943 -0.7455 -0.4472
vn -0.7888 -0.0507 0.6125
vn -0.4497 -0.5432 0.7090
vn -0.0693 0.0783 0.9945
vn -0.2397 0.3318 -0.9124
vn 0.0259 0.4446 0.8954
vn -0.1043 -0.0045 0.9945
vn -0.0960 -0.0418 0.9945
vn -0.0783 -0.0694 0.9945
vn -0.0576 -0.0870 0.9945
vn -0.0226 -0.1021 0.9945
vn 0.0417 -0.0959 0.9945
vn 0.2744 -0.6603 -0.6991
vn -0.0000 -0.7199 -0.6940
vn 0.2753 -0.6646 -0.6947
vn -0.2748 -0.6558 -0.7031
vn -0.0000 -0.7167 -0.6974
vn -0.2103 -0.6483 0.7318
vn -0.0000 -0.7144 0.6998
vn -0.0000 -0.7114 0.7028
vn -0.4040 -0.4068 0.8193
vn -0.2199 -0.5253 0.8220
vn -0.3827 -0.9239 -0.0000
vn -0.7071 -0.7071 -0.0000
vn -0.6214 -0.3089 0.7200
vn -0.9239 -0.3827 -0.0000
vn -0.6917 -0.0458 0.7208
vn -0.6578 0.2210 0.7200
vn -0.9239 0.3826 -0.0000
vn -0.5244 0.4553 0.7195
vn -0.7071 0.7071 -0.0000
vn -0.3046 0.6216 0.7217
vn -0.3826 0.9239 -0.0000
vn 0.2226 0.6562 0.7210
vn 0.3826 0.9239 -0.0000
vn 0.7071 0.7071 -0.0000
vn 0.6150 0.1354 0.7768
vn 0.9239 0.3827 -0.0000
vn 0.6917 0.0458 0.7208
vn 0.6578 -0.2210 0.7200
vn 0.9239 -0.3827 -0.0000
vn 0.5244 -0.4554 0.7195
vn 0.7071 -0.7071 -0.0000
vn 0.3089 -0.6214 0.7200
vn 0.3828 -0.9239 -0.0000
vn -0.0000 -1.0000 -0.0000
vn 0.2741 -0.6511 0.7078
vn 0.5799 -0.4922 -0.6492
vn 0.5086 -0.5086 -0.6947
vn 0.7546 -0.5358 -0.3788
vn 0.3532 -0.8526 -0.3851
vn 0.2279 -0.5502 -0.8033
vn 0.0303 -0.8876 -0.4597
vn -0.2060 -0.6524 -0.7294
vn -0.3117 -0.8316 -0.4597
vn -0.0371 -0.5595 -0.8280
vn -0.2485 -0.5028 -0.8279
vn 0.5675 0.1181 -0.8149
vn -0.4885 0.0151 -0.8724
vn -0.4048 -0.0905 -0.9099
vn -0.8616 -0.0000 -0.5076
vn -0.2004 0.1577 -0.9669
vn -0.8526 -0.3531 -0.3851
vn -0.7185 -0.0000 -0.6955
vn -0.5358 -0.7546 -0.3788
vn -0.5547 -0.3777 -0.7414
vn -0.2223 -0.3505 -0.9098
vn -0.4663 -0.4326 -0.7716
vn -0.4082 -0.4079 -0.8167
vn -0.5056 -0.5056 0.6991
vn -0.6698 -0.2564 0.6969
vn -0.7169 0.0194 0.6969
vn -0.6605 0.2735 0.6992
vn -0.7581 -0.0619 -0.6492
vn -0.6630 0.2746 -0.6964
vn -0.6646 0.2752 -0.6947
vn -0.6629 -0.2745 -0.6966
vn -0.5091 0.5091 -0.6940
vn -0.5056 0.5056 0.6991
vn -0.5759 0.4887 -0.6554
vn -0.2565 0.6697 0.6969
vn 0.0575 0.6660 0.7437
vn -0.0000 0.7149 0.6992
vn -0.3474 0.6766 -0.6492
vn -0.0000 0.4770 -0.8789
vn -0.2157 0.5276 -0.8216
vn -0.0000 0.7185 -0.6955
vn -0.3732 0.8511 -0.3692
vn -0.0000 0.8619 -0.5071
vn -0.3287 0.2755 -0.9034
vn 0.0322 0.3422 -0.9391
vn 0.1576 0.2000 -0.9670
vn 0.3531 0.8527 -0.3851
vn 0.6092 0.6090 -0.5080
vn 0.5091 0.5090 -0.6941
vn 0.1270 0.6590 -0.7414
vn 0.2746 0.6630 -0.6965
vn 0.4067 0.4038 0.8195
vn 0.4887 0.5759 -0.6554
vn 0.3488 0.6794 0.6455
vn 0.5171 0.4913 0.7009
vn 0.6606 0.2736 0.6991
vn 0.6631 0.2746 -0.6963
vn 0.6638 0.2749 -0.6956
vn 0.7199 -0.0000 -0.6940
vn 0.7149 -0.0000 0.6992
vn 0.7528 0.0616 -0.6554
vn 0.6605 -0.2735 0.6992
vn 0.6630 -0.2746 -0.6964
vn 0.6638 -0.2749 -0.6956
vn 0.5635 -0.5635 0.6042
vn 0.8657 -0.3379 -0.3692
vn 0.4269 0.0338 -0.9037
vn 0.2187 -0.2644 -0.9393
vn 0.8616 -0.0000 -0.5076
vn 0.4048 0.0905 -0.9099
vn 0.8527 0.3531 -0.3851
vn 0.2221 0.3497 -0.9101
vn -0.6091 0.6091 -0.5080
vn -0.3498 0.2220 -0.9101
vn -0.8527 0.3531 -0.3851
vn 0.7690 -0.3840 -0.5110
vn -0.1632 0.8780 0.4500
vn 0.8214 -0.3552 0.4463
vn -0.2445 0.9581 -0.1492
vn -0.7105 -0.4243 0.5615
vn -0.9434 0.2381 -0.2310
vn 0.6073 0.7281 -0.3178
vn -0.1018 -0.9669 0.2342
vn -0.5666 -0.3075 -0.7644
vn 0.3399 0.9326 -0.1214
vn 0.4632 0.5565 -0.6897
vn 0.3303 -0.3017 0.8944
vn -0.1530 -0.9879 -0.0248
vn 0.8905 -0.2687 -0.3671
vn -0.3178 0.9482 -0.0058
vn -0.4836 -0.7713 0.4139
vn -0.8327 0.3092 -0.4594
vn 0.4618 -0.7535 0.4680
vn -0.4342 -0.8726 0.2238
vn 0.5967 0.4620 0.6561
vn 0.6758 0.7153 -0.1780
vn -0.9214 -0.3033 0.2429
vn -0.1532 -0.7418 0.6528
vn 0.6293 -0.7771 -0.0000
vn 0.8387 -0.5445 -0.0000
vn 0.3583 -0.9336 -0.0000
vn -0.7771 -0.6293 -0.0000
vn -0.5447 -0.8386 -0.0000
vn -0.9336 -0.3583 -0.0000
vn -0.9986 -0.0524 -0.0000
vn -0.9659 0.2588 -0.0000
vn -0.8387 0.5446 -0.0000
vn -0.6293 0.7772 -0.0000
vn -0.3584 0.9336 -0.0000
vn -0.0524 0.9986 -0.0000
vn 0.2588 0.9659 -0.0000
vn 0.5447 0.8386 -0.0000
vn 0.7771 0.6293 -0.0000
vn 0.9336 0.3584 -0.0000
vn 0.9986 0.0522 -0.0000
vn 0.9659 -0.2588 -0.0000
vn 0.2442 -0.2959 0.9235
vn 0.2141 -0.5657 0.7963
vn 0.4803 -0.4809 0.7336
vn -0.0368 -0.3815 0.9236
vn 0.2613 0.2603 0.9295
vn -0.2597 0.2610 0.9298
vn -0.2186 -0.2670 0.9386
vn 0.2052 -0.0043 0.9787
vn 0.5511 -0.2487 0.7965
vn 0.7303 -0.3006 0.6134
vn 0.5849 -0.5390 0.6061
vn 0.7733 -0.3557 0.5248
vn 0.5782 -0.6247 0.5249
vn 0.8864 -0.3252 0.3293
vn 0.3222 -0.8724 0.3676
vn 0.6606 -0.6669 0.3449
vn 0.3200 -0.8186 0.4769
vn 0.3221 -0.7170 0.6183
vn -0.0006 -0.6797 0.7335
vn -0.2488 -0.5514 0.7963
vn -0.4811 -0.4802 0.7335
vn -0.2793 -0.7347 0.6183
vn -0.5390 -0.5849 0.6061
vn -0.3264 -0.7949 0.5114
vn -0.6058 -0.6095 0.5114
vn -0.3566 -0.8668 0.3487
vn -0.6396 -0.6946 0.3293
vn -0.4140 -0.8974 0.1526
vn -0.7014 -0.7014 0.1272
vn -0.9188 -0.3869 0.0778
vn -0.8723 -0.3224 0.3675
vn -0.8186 -0.3200 0.4769
vn -0.7086 -0.3500 0.6126
vn -0.5858 -0.2434 0.7731
vn -0.7897 -0.0017 0.6135
vn -0.6404 0.0546 0.7661
vn -0.2662 0.1263 0.9556
vn -0.5888 0.2332 0.7739
vn -0.4804 0.4809 0.7335
vn -0.7303 0.3006 0.6135
vn -0.5849 0.5390 0.6061
vn -0.7949 0.3264 0.5115
vn -0.5782 0.6247 0.5249
vn -0.8864 0.3253 0.3293
vn -0.3224 0.8723 0.3675
vn -0.6606 0.6668 0.3449
vn -0.3200 0.8186 0.4769
vn -0.3222 0.7169 0.6182
vn -0.2142 0.5657 0.7963
vn 0.0005 0.6797 0.7335
vn 0.1572 0.2942 0.9427
vn 0.2488 0.5514 0.7963
vn 0.4811 0.4802 0.7334
vn 0.2793 0.7347 0.6182
vn 0.5390 0.5849 0.6061
vn 0.3264 0.7949 0.5115
vn 0.6058 0.6095 0.5114
vn 0.3566 0.8668 0.3486
vn 0.6611 0.6643 0.3487
vn 0.4139 0.8975 0.1525
vn 0.7014 0.7014 0.1272
vn 0.9339 0.3349 0.1247
vn 0.9875 -0.0389 0.1526
vn 0.9434 0.0389 0.3293
vn 0.8659 0.3586 0.3487
vn 0.7945 0.3270 0.5117
vn 0.8788 -0.0176 0.4769
vn 0.7947 0.0324 0.6062
vn 0.7169 0.3221 0.6183
vn 0.6616 0.0301 0.7493
vn 0.5658 0.2140 0.7963
vn 0.9164 -0.3796 0.1271
vn 0.7014 -0.7014 0.1271
vn 0.3796 -0.9164 0.1272
vn -0.0476 -0.9916 0.1205
vn -0.0359 -0.9294 0.3674
vn 0.3827 -0.9239 -0.0000
vn 0.0026 -0.8593 0.5114
vn 0.0324 -0.7947 0.6062
vn 0.3827 0.9239 -0.0000
vn 0.0390 0.9875 0.1525
vn -0.3418 0.9273 0.1526
vn -0.3827 0.9239 -0.0000
vn -0.7014 0.7014 0.1272
vn -0.9164 0.3796 0.1272
vn -0.9239 0.3827 -0.0000
vn -0.9875 0.0390 0.1524
vn -0.9372 -0.0023 0.3487
vn -0.8593 -0.0026 0.5114
vn -0.0023 0.9372 0.3487
vn -0.0027 0.8593 0.5114
vn -0.0325 0.7947 0.6061
vn -0.7166 0.6842 -0.1353
vn -0.5929 0.6423 -0.4858
vn -0.0183 0.9655 -0.2597
vn -0.5713 0.7932 0.2110
vn -0.0172 0.9806 0.1951
vn -0.5943 0.4865 0.6404
vn -0.0243 0.7974 0.6030
vn -0.0264 0.2592 0.9655
vn -0.7202 0.1352 0.6804
vn -0.0261 -0.1952 0.9804
vn -0.5747 -0.2118 0.7905
vn -0.0263 -0.6033 0.7971
vn -0.5932 -0.6422 0.4855
vn -0.0181 -0.9660 0.2581
vn -0.7166 -0.6845 0.1342
vn -0.0170 -0.9807 -0.1950
vn -0.0182 -0.9660 0.2580
vn -0.0240 -0.7977 -0.6026
vn -0.5942 -0.4871 -0.6400
vn -0.0261 -0.2599 -0.9653
vn -0.0261 -0.2597 -0.9653
vn -0.5765 0.2115 -0.7893
vn -0.0256 0.1953 -0.9804
vn -0.7208 -0.1355 -0.6798
vn -0.0265 0.6042 -0.7964
vn -0.5692 -0.7944 -0.2119
vn -0.0240 -0.7978 -0.6025
vn -0.0262 -0.6032 0.7972
vn 0.7058 -0.7084 -0.0000
vn -0.0019 -1.0000 -0.0000
vn 1.0000 -0.0022 -0.0001
vn 1.0000 -0.0022 -0.0000
vn -0.7058 0.7084 -0.0000
vn 0.0021 1.0000 -0.0000
vn -1.0000 0.0011 -0.0000
vn -0.7081 -0.7062 -0.0000
vn 0.5664 0.8242 -0.0000
vn 0.2840 0.9588 -0.0000
vn 0.7933 0.6088 -0.0000
vn 0.9426 0.3338 -0.0000
vn 0.9997 0.0261 -0.0000
vn 0.9588 -0.2840 -0.0000
vn 0.8241 -0.5664 -0.0000
vn 0.6088 -0.7933 -0.0000
vn 0.3340 -0.9426 0.0001
vn 0.3340 -0.9426 -0.0000
vn -0.7934 -0.6087 -0.0000
vn -0.5664 -0.8241 -0.0000
vn -0.9426 -0.3338 -0.0000
vn -0.9997 -0.0263 -0.0000
vn -0.9588 0.2841 -0.0000
vn -0.8242 0.5663 -0.0000
vn -0.6088 0.7934 -0.0000
vn -0.3338 0.9426 -0.0000
vn -0.0262 0.9997 -0.0000
vn 0.9781 -0.2079 -0.0000
vn 0.9945 0.1046 -0.0000
vn 0.8661 -0.4999 -0.0000
vn 0.6691 -0.7432 -0.0000
vn 0.4067 -0.9135 0.0001
vn 0.4067 -0.9135 -0.0000
vn -0.7431 -0.6692 -0.0000
vn -0.5000 -0.8660 -0.0000
vn -0.9136 -0.4067 -0.0000
vn -0.9945 -0.1044 -0.0000
vn -0.9782 0.2079 -0.0000
vn -0.8660 0.5000 -0.0000
vn -0.6692 0.7431 -0.0000
vn -0.4068 0.9135 -0.0000
vn -0.1044 0.9945 -0.0000
vn 0.2078 0.9782 -0.0000
vn 0.4999 0.8661 -0.0000
vn 0.7432 0.6690 -0.0000
vn 0.9135 0.4067 -0.0000
vn -0.6532 -0.7572 -0.0000
vn -0.3873 -0.9220 -0.0001
vn -0.8553 -0.5182 -0.0000
vn -0.9735 -0.2285 -0.0000
vn -0.9965 0.0834 -0.0000
vn -0.9220 0.3873 -0.0000
vn -0.7571 0.6534 -0.0000
vn -0.7571 0.6533 -0.0000
vn -0.5183 0.8552 -0.0000
vn -0.2287 0.9735 -0.0000
vn 0.0835 0.9965 -0.0000
vn 0.3873 0.9219 -0.0000
vn 0.6533 0.7571 -0.0000
vn 0.8552 0.5183 -0.0000
vn 0.9735 0.2286 -0.0000
vn 0.9965 -0.0834 -0.0000
vn 0.9220 -0.3872 -0.0000
vn 0.7572 -0.6532 -0.0000
vn 0.5182 -0.8552 -0.0000
vn -0.6743 0.7385 -0.0000
vn 0.0451 0.9990 -0.0000
vn -0.9990 0.0455 -0.0000
vn -0.7382 -0.6745 -0.0000
vn -0.0456 -0.9990 -0.0000
vn 0.6744 -0.7384 -0.0000
vn 0.9990 -0.0452 -0.0000
vn 0.0907 -0.0992 -0.9909
vn 0.3463 -0.3793 -0.8580
vn -0.0061 -0.1344 -0.9909
vn 0.1334 -0.0247 -0.9908
vn 0.6041 -0.0126 -0.7968
vn 0.6067 -0.0168 0.7948
vn -0.2015 0.5769 0.7915
vn 0.0382 0.6058 -0.7947
vn -0.3464 0.3793 -0.8580
vn -0.7405 0.1103 0.6629
vn -0.7287 0.0332 -0.6840
vn -0.5768 -0.2015 0.7916
vn -0.3792 -0.3465 -0.8580
vn -0.1102 -0.7406 0.6629
vn -0.0331 -0.7287 -0.6840
vn 0.7032 -0.2386 0.6698
vn -0.0061 -0.1344 0.9909
vn 0.0907 -0.0993 0.9909
vn 0.1334 -0.0247 0.9908
vn 0.0422 0.6029 0.7967
vn -0.0125 0.1353 0.9907
vn -0.0907 0.0993 0.9909
vn -0.1344 0.0061 0.9909
vn -0.0993 -0.0907 0.9909
vn -0.0993 -0.0907 -0.9909
vn -0.1344 0.0061 -0.9909
vn -0.0907 0.0993 -0.9909
vn -0.0125 0.1352 -0.9907
vn -0.7868 0.6172 -0.0000
vn -0.1198 0.9928 -0.0000
vn -0.9928 -0.1199 -0.0000
vn -0.6168 -0.7871 -0.0000
vn 0.1205 -0.9927 -0.0000
vn 0.7870 -0.6169 -0.0000
vn 0.9927 0.1203 -0.0000
vn -0.1346 0.0061 0.9909
vn -0.5384 -0.4915 0.6845
vn -0.0995 -0.0908 0.9909
vn -0.3944 0.4543 0.7988
vn -0.7791 0.1570 0.6069
vn -0.0909 0.0994 0.9909
vn 0.0329 0.7298 0.6829
vn 0.0291 0.7309 -0.6818
vn -0.4916 0.5383 -0.6845
vn -0.4340 -0.4167 -0.7987
vn -0.1103 -0.7405 0.6629
vn 0.3026 -0.5794 0.7568
vn 0.4167 -0.4340 -0.7988
vn 0.6067 -0.0168 0.7947
vn 0.7297 -0.0333 -0.6830
vn 0.0909 -0.0994 0.9909
vn -0.0061 -0.1346 0.9909
vn 0.1335 -0.0247 -0.9907
vn -0.0247 -0.1336 -0.9907
vn 0.0060 0.1345 -0.9909
vn -0.5768 -0.2015 0.7917
vn -0.3793 -0.3463 -0.8580
vn 0.7031 -0.2386 0.6698
vn -0.0125 0.1353 -0.9907
vn 0.0907 -0.0993 -0.9909
vn -0.9938 -0.1111 -0.0000
vn -0.7815 0.6239 -0.0000
vn -0.6237 -0.7817 -0.0000
vn 0.1112 -0.9938 -0.0000
vn 0.7814 -0.6240 -0.0000
vn 0.7815 -0.6240 -0.0000
vn 0.9938 0.1116 -0.0000
vn -0.1116 0.9938 -0.0000
vn 0.9962 -0.0740 0.0467
vn -0.5504 -0.2657 -0.7915
vn 0.1134 0.5096 -0.8529
vn -0.3304 -0.8011 -0.4991
vn 0.9461 -0.1313 0.2962
vn 0.1657 -0.9162 0.3648
vn 0.6486 0.7382 0.1853
vn 0.6471 0.0871 0.7574
vn 0.1512 0.7870 -0.5982
vn -0.3806 0.9110 0.1589
vn -0.9457 -0.3247 -0.0170
vn -0.8701 0.2161 -0.4430
vn -0.5757 0.7301 0.3680
vn -0.8617 -0.3143 0.3983
vn 0.6419 -0.2550 0.7231
vn -0.8512 -0.4857 -0.1987
vn 0.9711 -0.0849 0.2231
vn -0.3021 -0.8421 -0.4467
vn 0.8710 0.3159 0.3763
vn 0.3704 -0.5927 -0.7152
vn 0.7800 0.0918 0.6190
vn -0.9133 0.1391 0.3828
vn -0.7305 0.6762 0.0949
vn 0.0157 0.9732 -0.2295
vn 0.2212 -0.9469 0.2334
vn -0.2750 0.9614 -0.0000
vn -0.3791 0.9253 -0.0000
vn -0.5518 0.8340 -0.0000
vn -0.6210 0.7838 -0.0000
vn 0.9335 0.3584 -0.0000
vn 0.9782 0.2079 -0.0000
vn 0.9945 -0.1045 -0.0000
vn 0.9660 -0.2587 -0.0000
vn 0.9537 -0.3007 -0.0000
vn 0.9890 -0.1478 -0.0000
vn 0.9863 0.1650 -0.0000
vn 0.9484 0.3172 -0.0000
vn -0.9026 0.4305 -0.0000
vn -0.9997 -0.0261 -0.0000
vn -0.9833 -0.1822 -0.0000
vn -0.9945 -0.1046 -0.0000
vn -0.9335 0.3585 -0.0000
vn -0.9660 -0.2587 -0.0000
vn -0.3529 0.8034 -0.4797
vn 0.2968 -0.7166 0.6312
vn -0.4055 -0.6617 -0.6307
vn -0.0478 -0.0646 0.9968
vn -0.1854 -0.5643 -0.8045
vn 0.0115 0.0352 -0.9993
vn -0.0115 0.0352 -0.9993
vn 0.0186 -0.0256 0.9995
vn 0.0098 0.0303 0.9995
vn -0.3528 0.8035 0.4795
vn 0.1455 -0.5441 0.8263
vn 0.0113 0.0349 -0.9993
vn 0.0214 -0.0295 0.9993
vn 0.2131 -0.6557 0.7244
vn 0.0113 0.0349 0.9993
vn -0.0431 -0.0677 -0.9968
vn -0.0431 -0.0677 0.9968
vn 0.2843 -0.7217 0.6311
vn 0.0891 -0.8891 0.4489
vn -0.2745 0.6158 0.7385
vn -0.2469 0.6354 0.7317
vn 0.8159 -0.4101 0.4076
vn 0.8162 -0.4099 -0.4072
vn -0.4971 -0.8676 -0.0120
vn 0.4097 -0.9121 -0.0120
vn 0.0113 0.0350 -0.9993
vn 0.2136 -0.6573 0.7227
vn 0.0097 0.0299 0.9995
vn -0.2085 -0.9425 -0.2612
vn -0.3873 -0.9220 -0.0000
vt 0.202519 0.858006
vt 0.205544 0.876735
vt 0.202473 0.894872
vt 0.200906 0.857997
vt 0.200876 0.894891
vt 0.189252 0.894930
vt 0.189332 0.941549
vt 0.200668 0.941743
vt 0.202322 0.941760
vt 0.189252 0.857972
vt 0.950664 0.927282
vt 0.963426 0.862601
vt 0.963426 0.927283
vt 0.034259 0.547492
vt 0.049573 0.552470
vt 0.032726 0.550461
vt 0.988840 0.548506
vt 0.984176 0.562503
vt 0.984255 0.548509
vt 0.370046 0.440521
vt 0.370289 0.438996
vt 0.386148 0.440522
vt 0.354730 0.435547
vt 0.694832 0.972338
vt 0.690140 0.958960
vt 0.694724 0.958958
vt 0.021231 0.538027
vt 0.018859 0.540383
vt 0.708155 0.849761
vt 0.702476 0.864007
vt 0.702361 0.849763
vt 0.708095 0.833261
vt 0.702301 0.833263
vt 0.708095 0.816126
vt 0.527233 0.401548
vt 0.518957 0.416346
vt 0.523933 0.401028
vt 0.521935 0.417856
vt 0.509491 0.429374
vt 0.511857 0.431730
vt 0.496460 0.438839
vt 0.497988 0.441807
vt 0.481684 0.447107
vt 0.642651 0.936287
vt 0.636799 0.951196
vt 0.636857 0.936300
vt 0.049027 0.555761
vt 0.066172 0.555760
vt 0.988734 0.578273
vt 0.988761 0.562500
vt 0.385910 0.438998
vt 0.401460 0.435544
vt 0.400759 0.434167
vt 0.414483 0.426077
vt 0.413394 0.424986
vt 0.422569 0.412344
vt 0.423942 0.413047
vt 0.988840 0.608958
vt 0.984176 0.594284
vt 0.988761 0.594281
vt 0.422557 0.367005
vt 0.423928 0.366307
vt 0.427389 0.381865
vt 0.413376 0.354368
vt 0.414461 0.353277
vt 0.401433 0.343808
vt 0.400735 0.345184
vt 0.386122 0.338834
vt 0.385881 0.340358
vt 0.370264 0.340360
vt 0.370019 0.338834
vt 0.513121 0.967569
vt 0.517630 0.980175
vt 0.513045 0.980177
vt 0.513161 0.952482
vt 0.517706 0.967567
vt 0.354708 0.343812
vt 0.355410 0.345186
vt 0.342779 0.354371
vt 0.341684 0.353279
vt 0.513161 0.936391
vt 0.517746 0.952480
vt 0.513121 0.920872
vt 0.517746 0.936389
vt 0.332225 0.366309
vt 0.333601 0.367009
vt 0.328779 0.381867
vt 0.327252 0.381628
vt 0.513045 0.907440
vt 0.517706 0.920870
vt 0.694724 0.912251
vt 0.690247 0.899590
vt 0.694832 0.899588
vt 0.327255 0.397736
vt 0.328785 0.397489
vt 0.333613 0.412348
vt 0.332235 0.413053
vt 0.694668 0.927369
vt 0.690140 0.912253
vt 0.694668 0.943463
vt 0.690083 0.927371
vt 0.342798 0.424990
vt 0.341701 0.426082
vt 0.355434 0.434169
vt 0.690083 0.943465
vt 0.011767 0.524998
vt 0.008783 0.526509
vt 0.003486 0.510201
vt 0.006791 0.509680
vt 0.006791 0.493574
vt 0.702301 0.816129
vt 0.708155 0.800027
vt 0.523933 0.384922
vt 0.527234 0.384397
vt 0.422404 0.867080
vt 0.426932 0.882196
vt 0.422348 0.882198
vt 0.422424 0.304396
vt 0.421046 0.303692
vt 0.427402 0.289078
vt 0.411861 0.316333
vt 0.412957 0.317425
vt 0.426932 0.898290
vt 0.422348 0.898292
vt 0.426989 0.913785
vt 0.422404 0.913787
vt 0.399927 0.326890
vt 0.399224 0.325513
vt 0.384367 0.330339
vt 0.384609 0.331864
vt 0.368504 0.331864
vt 0.984176 0.495079
vt 0.988840 0.481083
vt 0.988761 0.495076
vt 0.427096 0.927165
vt 0.422512 0.927167
vt 0.481144 0.443817
vt 0.464536 0.447105
vt 0.448231 0.441807
vt 0.465040 0.443816
vt 0.636857 0.985035
vt 0.642593 0.967979
vt 0.642651 0.985022
vt 0.082474 0.550462
vt 0.080985 0.547492
vt 0.096343 0.540381
vt 0.065673 0.552469
vt 0.984149 0.578275
vt 0.976272 0.926618
vt 0.970397 0.940044
vt 0.970478 0.926620
vt 0.976314 0.910556
vt 0.049028 0.447491
vt 0.066169 0.447489
vt 0.049569 0.450778
vt 0.065669 0.450777
vt 0.080983 0.455755
vt 0.082472 0.452785
vt 0.096343 0.462864
vt 0.094007 0.465219
vt 0.434359 0.944449
vt 0.439026 0.957956
vt 0.434442 0.957936
vt 0.439026 0.973507
vt 0.434442 0.973487
vt 0.886887 0.549595
vt 0.890003 0.533794
vt 0.890003 0.550729
vt 0.438944 0.989593
vt 0.434359 0.989573
vt 0.034257 0.455755
vt 0.032722 0.452788
vt 0.976314 0.893421
vt 0.970520 0.910558
vt 0.970520 0.893423
vt 0.976272 0.876900
vt 0.970478 0.876902
vt 0.976191 0.862600
vt 0.018858 0.462870
vt 0.021233 0.465223
vt 0.008780 0.476740
vt 0.011767 0.478254
vt 0.003485 0.493050
vt 0.708270 0.786546
vt 0.702361 0.800030
vt 0.702476 0.786548
vt 0.521939 0.368087
vt 0.518956 0.369602
vt 0.509489 0.356571
vt 0.981861 0.771380
vt 0.977201 0.757949
vt 0.981786 0.757948
vt 0.427404 0.272970
vt 0.425877 0.273210
vt 0.422428 0.257651
vt 0.422512 0.854417
vt 0.426989 0.867078
vt 0.425873 0.288832
vt 0.421054 0.258351
vt 0.411872 0.245713
vt 0.412966 0.244620
vt 0.981901 0.786898
vt 0.977277 0.771381
vt 0.981901 0.802989
vt 0.977316 0.786900
vt 0.399940 0.235153
vt 0.399238 0.236527
vt 0.384382 0.231700
vt 0.384625 0.230174
vt 0.981861 0.818076
vt 0.977316 0.802991
vt 0.981786 0.830684
vt 0.977277 0.818078
vt 0.368520 0.230174
vt 0.368762 0.231698
vt 0.353906 0.236524
vt 0.353207 0.235148
vt 0.341264 0.245708
vt 0.340178 0.244617
vt 0.352119 0.972642
vt 0.347535 0.957071
vt 0.352119 0.957091
vt 0.352037 0.988727
vt 0.347535 0.972622
vt 0.330711 0.257646
vt 0.332083 0.258345
vt 0.327251 0.273205
vt 0.330701 0.304387
vt 0.332076 0.303685
vt 0.340163 0.317418
vt 0.341253 0.316328
vt 0.353891 0.325509
vt 0.353190 0.326885
vt 0.984149 0.510851
vt 0.988761 0.526857
vt 0.984176 0.526860
vt 0.988734 0.510849
vt 0.368744 0.330341
vt 0.988840 0.541534
vt 0.984255 0.541536
vt 0.434359 0.431726
vt 0.449725 0.438838
vt 0.884002 0.324628
vt 0.880882 0.325767
vt 0.880882 0.308827
vt 0.434359 0.354209
vt 0.449728 0.347102
vt 0.436701 0.356565
vt 0.448233 0.344130
vt 0.464539 0.338834
vt 0.465044 0.342124
vt 0.481147 0.342125
vt 0.481682 0.338837
vt 0.496463 0.347102
vt 0.497991 0.344135
vt 0.511859 0.354217
vt 0.347452 0.943584
vt 0.352037 0.943603
vt 0.636799 0.967992
vt 0.642593 0.951183
vt 0.988734 0.646563
vt 0.984149 0.630571
vt 0.988734 0.630566
vt 0.376748 0.105174
vt 0.376510 0.103650
vt 0.392062 0.100200
vt 0.360647 0.105175
vt 0.988788 0.615930
vt 0.984203 0.615936
vt 0.495202 0.559523
vt 0.495602 0.562830
vt 0.479109 0.559021
vt 0.512060 0.558045
vt 0.510663 0.555028
vt 0.523975 0.545969
vt 0.988788 0.662357
vt 0.984149 0.646569
vt 0.405085 0.090730
vt 0.403999 0.089641
vt 0.391363 0.098819
vt 0.414547 0.077701
vt 0.418001 0.046518
vt 0.414545 0.030963
vt 0.419521 0.046278
vt 0.403992 0.019022
vt 0.405077 0.017929
vt 0.391356 0.009836
vt 0.392051 0.008462
vt 0.936936 0.959690
vt 0.941520 0.974841
vt 0.936936 0.974814
vt 0.936851 0.947019
vt 0.941520 0.959717
vt 0.376500 0.005008
vt 0.360637 0.003485
vt 0.376738 0.003485
vt 0.360881 0.005008
vt 0.345328 0.008460
vt 0.346030 0.009834
vt 0.333397 0.019018
vt 0.332301 0.017925
vt 0.981630 0.061615
vt 0.986215 0.077708
vt 0.981630 0.077706
vt 0.981590 0.046530
vt 0.986215 0.061616
vt 0.322839 0.030954
vt 0.324216 0.031656
vt 0.317866 0.046272
vt 0.319393 0.046512
vt 0.317869 0.062378
vt 0.319396 0.062136
vt 0.322844 0.077698
vt 0.324223 0.076994
vt 0.332309 0.090726
vt 0.333404 0.089637
vt 0.346041 0.098818
vt 0.345334 0.100193
vt 0.976487 0.319538
vt 0.971846 0.304482
vt 0.976431 0.304484
vt 0.976595 0.332089
vt 0.971902 0.319536
vt 0.360892 0.103645
vt 0.463959 0.553565
vt 0.462337 0.556491
vt 0.478468 0.562297
vt 0.708156 0.935040
vt 0.702476 0.948398
vt 0.702361 0.935037
vt 0.708095 0.919010
vt 0.702301 0.919007
vt 0.708095 0.901883
vt 0.702301 0.901879
vt 0.708156 0.885332
vt 0.310497 0.508748
vt 0.305707 0.525214
vt 0.307176 0.508328
vt 0.302681 0.523795
vt 0.975835 0.430076
vt 0.971307 0.414528
vt 0.975891 0.414530
vt 0.975835 0.446160
vt 0.971250 0.430073
vt 0.293627 0.537112
vt 0.296068 0.539396
vt 0.280901 0.546981
vt 0.282518 0.549905
vt 0.265749 0.552437
vt 0.266384 0.555711
vt 0.249247 0.556243
vt 0.189252 0.964331
vt 0.195076 0.948731
vt 0.195046 0.964313
vt 0.189282 0.981360
vt 0.526237 0.548401
vt 0.974501 0.181508
vt 0.968626 0.195806
vt 0.968707 0.181506
vt 0.974544 0.164979
vt 0.465371 0.458866
vt 0.482269 0.457381
vt 0.466812 0.461876
vt 0.481834 0.454077
vt 0.498361 0.457883
vt 0.498967 0.454615
vt 0.515095 0.460420
vt 0.513513 0.463334
vt 0.526237 0.473203
vt 0.981590 0.093225
vt 0.986099 0.106659
vt 0.981514 0.106658
vt 0.986175 0.093226
vt 0.453496 0.470930
vt 0.451195 0.468506
vt 0.968749 0.164977
vt 0.974544 0.147847
vt 0.974501 0.131788
vt 0.968749 0.147845
vt 0.968707 0.131785
vt 0.974421 0.118368
vt 0.968626 0.118366
vt 0.702361 0.885329
vt 0.708270 0.870981
vt 0.309961 0.491609
vt 0.306675 0.492229
vt 0.301226 0.477073
vt 0.977252 0.673617
vt 0.981913 0.686221
vt 0.977328 0.686220
vt 0.971414 0.401046
vt 0.975999 0.401049
vt 0.327678 0.163127
vt 0.331128 0.147566
vt 0.332504 0.148267
vt 0.326152 0.162885
vt 0.327679 0.178747
vt 0.326152 0.178990
vt 0.331130 0.194306
vt 0.332509 0.193604
vt 0.340600 0.207333
vt 0.341691 0.206242
vt 0.354328 0.215420
vt 0.353626 0.216794
vt 0.369186 0.220245
vt 0.368942 0.221768
vt 0.385046 0.221765
vt 0.384808 0.220242
vt 0.400361 0.216784
vt 0.399665 0.215409
vt 0.413392 0.207313
vt 0.421482 0.193584
vt 0.412302 0.206225
vt 0.970482 0.974809
vt 0.974981 0.990935
vt 0.970397 0.990908
vt 0.231332 0.456748
vt 0.218606 0.466617
vt 0.229744 0.453832
vt 0.970482 0.959686
vt 0.975066 0.974836
vt 0.970397 0.947014
vt 0.975066 0.959712
vt 0.246486 0.451297
vt 0.245874 0.448027
vt 0.263010 0.447490
vt 0.262581 0.450795
vt 0.977328 0.732915
vt 0.981837 0.746349
vt 0.977252 0.746348
vt 0.977368 0.717396
vt 0.981913 0.732916
vt 0.279476 0.452279
vt 0.291359 0.464346
vt 0.293655 0.461919
vt 0.304158 0.475472
vt 0.981953 0.701306
vt 0.977368 0.701304
vt 0.981953 0.717398
vt 0.421478 0.148242
vt 0.422848 0.147542
vt 0.426304 0.163099
vt 0.413383 0.134512
vt 0.412291 0.135608
vt 0.399654 0.126425
vt 0.400352 0.125050
vt 0.460829 0.972960
vt 0.456244 0.956968
vt 0.460829 0.956962
vt 0.234189 0.548443
vt 0.249653 0.552938
vt 0.232786 0.551458
vt 0.460883 0.942327
vt 0.456298 0.942333
vt 0.385036 0.120075
vt 0.384796 0.121605
vt 0.369178 0.121608
vt 0.368931 0.120083
vt 0.975999 0.473764
vt 0.971307 0.461211
vt 0.975891 0.461214
vt 0.971250 0.446157
vt 0.353617 0.125064
vt 0.354322 0.126437
vt 0.340591 0.134532
vt 0.341684 0.135626
vt 0.220873 0.539383
vt 0.218606 0.541813
vt 0.460883 0.988753
vt 0.456244 0.972965
vt 0.434359 0.515334
vt 0.434894 0.498195
vt 0.437686 0.514911
vt 0.438185 0.498813
vt 0.976487 0.272855
vt 0.972010 0.259371
vt 0.976595 0.259373
vt 0.976431 0.288400
vt 0.971902 0.272852
vt 0.971846 0.288398
vt 0.451234 0.543696
vt 0.448788 0.545981
vt 0.442181 0.530379
vt 0.439150 0.531799
vt 0.981514 0.033927
vt 0.986175 0.046531
vt 0.443632 0.483658
vt 0.440696 0.482058
vt 0.941435 0.990940
vt 0.936851 0.990913
vt 0.116280 0.366465
vt 0.110597 0.381274
vt 0.115535 0.366083
vt 0.115531 0.412438
vt 0.125510 0.424765
vt 0.124919 0.425358
vt 0.138217 0.433999
vt 0.153022 0.439681
vt 0.137835 0.434744
vt 0.153157 0.438850
vt 0.168994 0.439681
vt 0.168864 0.438851
vt 0.184181 0.434745
vt 0.183801 0.433995
vt 0.197100 0.425355
vt 0.205741 0.412054
vt 0.196507 0.424764
vt 0.211422 0.397245
vt 0.206489 0.412435
vt 0.210595 0.397111
vt 0.211423 0.381270
vt 0.210593 0.381402
vt 0.206488 0.366082
vt 0.205743 0.366461
vt 0.197105 0.353160
vt 0.183803 0.344520
vt 0.196511 0.353754
vt 0.168867 0.339664
vt 0.184184 0.343771
vt 0.168997 0.338838
vt 0.153161 0.339663
vt 0.153029 0.338837
vt 0.138223 0.344519
vt 0.137839 0.343774
vt 0.125514 0.353755
vt 0.124919 0.353160
vt 0.404740 0.964671
vt 0.398862 0.948688
vt 0.404781 0.948705
vt 0.404622 0.979995
vt 0.398821 0.964653
vt 0.385736 0.966978
vt 0.391733 0.980976
vt 0.385814 0.980974
vt 0.385709 0.951293
vt 0.391655 0.966980
vt 0.385736 0.935446
vt 0.391628 0.951295
vt 0.391733 0.920991
vt 0.391655 0.935448
vt 0.081056 0.961224
vt 0.087082 0.973756
vt 0.081163 0.973754
vt 0.081000 0.946245
vt 0.086975 0.961226
vt 0.081000 0.930286
vt 0.086919 0.946247
vt 0.081056 0.914910
vt 0.086919 0.930289
vt 0.081163 0.901616
vt 0.086975 0.914913
vt 0.100046 0.914201
vt 0.094052 0.901616
vt 0.099971 0.901617
vt 0.100086 0.929207
vt 0.094127 0.914200
vt 0.100086 0.945172
vt 0.094167 0.929206
vt 0.100046 0.960524
vt 0.094167 0.945171
vt 0.099971 0.973767
vt 0.094127 0.960523
vt 0.404740 0.933662
vt 0.398703 0.920989
vt 0.404622 0.921007
vt 0.398821 0.933644
vt 0.512384 0.018404
vt 0.500061 0.008423
vt 0.512979 0.017809
vt 0.499676 0.009168
vt 0.484872 0.003485
vt 0.484741 0.004311
vt 0.468907 0.003485
vt 0.469037 0.004312
vt 0.453724 0.008417
vt 0.454104 0.009167
vt 0.440805 0.017806
vt 0.432169 0.031106
vt 0.431424 0.030727
vt 0.427320 0.046047
vt 0.426491 0.045915
vt 0.427320 0.061756
vt 0.426493 0.061890
vt 0.432175 0.076699
vt 0.440815 0.089999
vt 0.431427 0.077080
vt 0.454111 0.098640
vt 0.441407 0.089409
vt 0.453732 0.099390
vt 0.469047 0.103497
vt 0.468916 0.104327
vt 0.484751 0.103496
vt 0.484886 0.104328
vt 0.499688 0.098647
vt 0.500070 0.099391
vt 0.512983 0.090006
vt 0.512393 0.089413
vt 0.522369 0.077086
vt 0.527300 0.045923
vt 0.521617 0.031115
vt 0.522362 0.030733
vt 0.319318 0.529771
vt 0.317468 0.523530
vt 0.320127 0.529017
vt 0.747109 0.548967
vt 0.746610 0.547582
vt 0.750636 0.543471
vt 0.746545 0.549943
vt 0.872412 0.977901
vt 0.871701 0.977455
vt 0.872412 0.976101
vt 0.915989 0.022462
vt 0.916673 0.022383
vt 0.916117 0.024346
vt 0.916794 0.024203
vt 0.915959 0.025900
vt 0.916794 0.026074
vt 0.747618 0.551304
vt 0.748549 0.550797
vt 0.749762 0.551429
vt 0.319627 0.530386
vt 0.317468 0.531149
vt 0.769899 0.978220
vt 0.770378 0.977600
vt 0.770378 0.979152
vt 0.210430 0.514120
vt 0.211216 0.507735
vt 0.211216 0.514186
vt 0.211254 0.494332
vt 0.211254 0.500765
vt 0.210430 0.494347
vt 0.923660 0.976708
vt 0.923660 0.978291
vt 0.923034 0.977191
vt 0.489719 0.977113
vt 0.490322 0.977688
vt 0.489719 0.978687
vt 0.102523 0.800588
vt 0.103362 0.802093
vt 0.101776 0.801014
vt 0.101933 0.848438
vt 0.102690 0.848525
vt 0.101776 0.850238
vt 0.101776 0.846709
vt 0.102512 0.846461
vt 0.970433 0.019105
vt 0.971112 0.021158
vt 0.970012 0.019597
vt 0.970615 0.020908
vt 0.967759 0.025437
vt 0.102200 0.605444
vt 0.102809 0.605444
vt 0.102573 0.611827
vt 0.967759 0.019156
vt 0.102651 0.803155
vt 0.103329 0.804290
vt 0.101776 0.868050
vt 0.102553 0.868159
vt 0.102060 0.869612
vt 0.102591 0.850308
vt 0.968800 0.018674
vt 0.490295 0.956119
vt 0.490389 0.957237
vt 0.489719 0.957690
vt 0.490389 0.959622
vt 0.101776 0.805381
vt 0.102851 0.869832
vt 0.101776 0.871573
vt 0.318198 0.531449
vt 0.544559 0.977361
vt 0.544559 0.978967
vt 0.544028 0.977622
vt 0.892917 0.026771
vt 0.892007 0.026013
vt 0.892917 0.024192
vt 0.118994 0.975064
vt 0.118292 0.975064
vt 0.118497 0.973092
vt 0.750636 0.549984
vt 0.923034 0.969736
vt 0.926884 0.965332
vt 0.926884 0.969738
vt 0.786337 0.553663
vt 0.782031 0.546126
vt 0.786337 0.546116
vt 0.734711 0.319743
vt 0.730866 0.327293
vt 0.730866 0.319746
vt 0.702155 0.331644
vt 0.697756 0.319745
vt 0.702155 0.319743
vt 0.745523 0.331643
vt 0.741681 0.324099
vt 0.745523 0.319743
vt 0.743247 0.320697
vt 0.048177 0.955870
vt 0.047664 0.955624
vt 0.048177 0.952126
vt 0.102202 0.723915
vt 0.102739 0.720073
vt 0.102739 0.724479
vt 0.524716 0.963614
vt 0.524771 0.960213
vt 0.525381 0.963563
vt 0.734711 0.331642
vt 0.732430 0.330693
vt 0.209275 0.775392
vt 0.209717 0.774947
vt 0.211550 0.775372
vt 0.209275 0.770986
vt 0.211547 0.770968
vt 0.209718 0.771430
vt 0.211551 0.771598
vt 0.449032 0.952667
vt 0.447204 0.951718
vt 0.449036 0.948314
vt 0.446178 0.948316
vt 0.449116 0.944449
vt 0.445997 0.944449
vt 0.973377 0.644698
vt 0.970255 0.648375
vt 0.970253 0.644695
vt 0.840373 0.106052
vt 0.836702 0.106052
vt 0.840164 0.102186
vt 0.836890 0.102186
vt 0.957675 0.026893
vt 0.957836 0.023026
vt 0.960788 0.026893
vt 0.960710 0.023027
vt 0.020164 0.952126
vt 0.020093 0.955991
vt 0.016568 0.952126
vt 0.016657 0.955991
vt 0.020083 0.960345
vt 0.016647 0.960345
vt 0.960713 0.018674
vt 0.958862 0.019624
vt 0.525381 0.960161
vt 0.211550 0.774746
vt 0.682502 0.960722
vt 0.683102 0.960585
vt 0.683102 0.964063
vt 0.713081 0.331665
vt 0.709125 0.319743
vt 0.713081 0.319765
vt 0.823873 0.105717
vt 0.827319 0.098184
vt 0.827319 0.105731
vt 0.736689 0.970730
vt 0.740538 0.966325
vt 0.740538 0.970731
vt 0.830698 0.553673
vt 0.826766 0.546095
vt 0.830698 0.546127
vt 0.102200 0.708696
vt 0.102738 0.712539
vt 0.102200 0.713102
vt 0.524716 0.942879
vt 0.524716 0.939170
vt 0.525341 0.942601
vt 0.823873 0.093817
vt 0.825919 0.094777
vt 0.211543 0.793752
vt 0.211099 0.794194
vt 0.209275 0.793753
vt 0.211099 0.797715
vt 0.211541 0.798159
vt 0.209278 0.798159
vt 0.816903 0.101376
vt 0.815410 0.104773
vt 0.813235 0.105717
vt 0.915004 0.945671
vt 0.914266 0.945561
vt 0.914818 0.942223
vt 0.914266 0.942133
vt 0.209278 0.797532
vt 0.320263 0.486182
vt 0.318522 0.485247
vt 0.320206 0.481828
vt 0.317585 0.481854
vt 0.320263 0.477962
vt 0.317468 0.477988
vt 0.970253 0.659024
vt 0.973375 0.655345
vt 0.973375 0.659027
vt 0.729550 0.970290
vt 0.726249 0.970290
vt 0.729428 0.966423
vt 0.726483 0.966423
vt 0.171811 0.958250
vt 0.171597 0.962117
vt 0.168838 0.958250
vt 0.168902 0.962116
vt 0.040694 0.952126
vt 0.040619 0.955992
vt 0.037409 0.952126
vt 0.037478 0.955992
vt 0.040654 0.960345
vt 0.037514 0.960345
vt 0.168917 0.966469
vt 0.170611 0.965519
vt 0.823416 0.965310
vt 0.822877 0.968677
vt 0.822877 0.965151
vt 0.209277 0.794383
vt 0.813235 0.093817
vt 0.884111 0.024192
vt 0.885036 0.024951
vt 0.884111 0.026756
vt 0.102200 0.643792
vt 0.102800 0.642597
vt 0.102981 0.643486
vt 0.103391 0.791631
vt 0.101776 0.793200
vt 0.102526 0.791662
vt 0.102272 0.793618
vt 0.929319 0.019633
vt 0.928370 0.019790
vt 0.927142 0.018980
vt 0.929978 0.021505
vt 0.930517 0.020910
vt 0.930513 0.022584
vt 0.211295 0.467044
vt 0.210430 0.467077
vt 0.211350 0.465390
vt 0.210758 0.473456
vt 0.211350 0.473433
vt 0.102758 0.654170
vt 0.103305 0.656502
vt 0.102200 0.654496
vt 0.231282 0.967911
vt 0.229363 0.969354
vt 0.230458 0.967713
vt 0.103584 0.447993
vt 0.103313 0.449329
vt 0.103313 0.447489
vt 0.102642 0.817208
vt 0.102576 0.815963
vt 0.103309 0.817081
vt 0.101776 0.815897
vt 0.102193 0.814119
vt 0.102719 0.656480
vt 0.102200 0.658105
vt 0.102490 0.689162
vt 0.103107 0.689187
vt 0.102200 0.690925
vt 0.102840 0.687096
vt 0.102200 0.686934
vt 0.599626 0.973817
vt 0.599626 0.971767
vt 0.600425 0.973585
vt 0.231091 0.965677
vt 0.229363 0.964421
vt 0.231308 0.964659
vt 0.781803 0.892426
vt 0.780848 0.891468
vt 0.781803 0.890256
vt 0.103172 0.812351
vt 0.103309 0.813633
vt 0.231937 0.966403
vt 0.211256 0.487303
vt 0.210430 0.487361
vt 0.210430 0.480426
vt 0.426113 0.506049
vt 0.427327 0.505287
vt 0.427327 0.511318
vt 0.102201 0.645628
vt 0.102981 0.645864
vt 0.102798 0.647200
vt 0.102526 0.789862
vt 0.103393 0.789894
vt 0.101776 0.788686
vt 0.426755 0.511255
vt 0.925777 0.025252
vt 0.925777 0.020166
vt 0.110597 0.973092
vt 0.111322 0.973092
vt 0.111135 0.975056
vt 0.871701 0.944752
vt 0.872435 0.944860
vt 0.871880 0.948203
vt 0.102201 0.746669
vt 0.102738 0.742828
vt 0.102738 0.747234
vt 0.592574 0.911263
vt 0.592574 0.914937
vt 0.591897 0.911545
vt 0.789291 0.100382
vt 0.792959 0.104748
vt 0.790784 0.103788
vt 0.792959 0.092848
vt 0.789291 0.092835
vt 0.715430 0.966425
vt 0.719279 0.970829
vt 0.715430 0.970831
vt 0.837668 0.546104
vt 0.841621 0.553673
vt 0.837668 0.553651
vt 0.840844 0.330081
vt 0.837398 0.322520
vt 0.840844 0.318180
vt 0.716134 0.094076
vt 0.720063 0.106007
vt 0.716134 0.105975
vt 0.209275 0.759590
vt 0.209719 0.763549
vt 0.209275 0.763996
vt 0.211576 0.759592
vt 0.209718 0.760034
vt 0.838801 0.319124
vt 0.211576 0.760219
vt 0.171744 0.951280
vt 0.169932 0.950330
vt 0.171729 0.946927
vt 0.168959 0.946928
vt 0.171818 0.943062
vt 0.168838 0.943062
vt 0.040535 0.970994
vt 0.037409 0.967315
vt 0.040535 0.967316
vt 0.769899 0.966763
vt 0.773180 0.966763
vt 0.770029 0.970630
vt 0.772952 0.970630
vt 0.317468 0.470992
vt 0.317697 0.467126
vt 0.320264 0.470992
vt 0.320213 0.467127
vt 0.027134 0.960345
vt 0.027225 0.956480
vt 0.030439 0.960345
vt 0.030378 0.956480
vt 0.027200 0.952126
vt 0.030354 0.952126
vt 0.320195 0.462773
vt 0.318636 0.463724
vt 0.914266 0.965770
vt 0.914809 0.962400
vt 0.914809 0.965928
vt 0.211575 0.763368
vt 0.211576 0.763998
vt 0.872435 0.948290
vt 0.102204 0.735295
vt 0.102737 0.731449
vt 0.102737 0.735857
vt 0.102881 0.781584
vt 0.102881 0.778087
vt 0.103621 0.781395
vt 0.918672 0.461652
vt 0.921516 0.465978
vt 0.919828 0.465042
vt 0.921516 0.454077
vt 0.918672 0.454105
vt 0.812056 0.965152
vt 0.815902 0.969560
vt 0.812056 0.969559
vt 0.805476 0.546116
vt 0.809138 0.553635
vt 0.805476 0.553663
vt 0.851024 0.330081
vt 0.847814 0.322551
vt 0.851024 0.318180
vt 0.763305 0.319782
vt 0.767000 0.331642
vt 0.763305 0.331681
vt 0.209275 0.748211
vt 0.209717 0.752172
vt 0.209275 0.752620
vt 0.211571 0.748201
vt 0.209722 0.748657
vt 0.849121 0.319142
vt 0.591897 0.921908
vt 0.592631 0.922159
vt 0.591897 0.925491
vt 0.489719 0.966748
vt 0.490216 0.966592
vt 0.490216 0.970142
vt 0.211571 0.748827
vt 0.319691 0.546637
vt 0.318464 0.545688
vt 0.319733 0.542284
vt 0.317691 0.542286
vt 0.319778 0.538419
vt 0.317468 0.538419
vt 0.366554 0.974070
vt 0.363430 0.970393
vt 0.366554 0.970393
vt 0.780150 0.966763
vt 0.783230 0.966763
vt 0.780369 0.970630
vt 0.783122 0.970630
vt 0.317468 0.501349
vt 0.317555 0.497484
vt 0.320072 0.501371
vt 0.320014 0.497505
vt 0.467853 0.965734
vt 0.467906 0.961869
vt 0.470908 0.965735
vt 0.470826 0.961869
vt 0.467939 0.957516
vt 0.320072 0.493152
vt 0.318426 0.494088
vt 0.103384 0.777953
vt 0.211567 0.751978
vt 0.211568 0.752605
vt 0.471115 0.935357
vt 0.456244 0.860001
vt 0.471115 0.860002
vt 0.592636 0.890065
vt 0.592636 0.893552
vt 0.591897 0.890250
vt 0.911702 0.458414
vt 0.908494 0.454077
vt 0.910398 0.455019
vt 0.908494 0.465978
vt 0.911702 0.465961
vt 0.537057 0.970928
vt 0.533211 0.966525
vt 0.537057 0.966525
vt 0.819796 0.553635
vt 0.816108 0.546127
vt 0.819796 0.546088
vt 0.103414 0.767141
vt 0.102881 0.770983
vt 0.102881 0.766579
vt 0.967861 0.003485
vt 0.970589 0.003485
vt 0.967764 0.007352
vt 0.970822 0.007352
vt 0.027315 0.967316
vt 0.030439 0.970996
vt 0.027315 0.970997
vt 0.211586 0.665502
vt 0.211556 0.669369
vt 0.209275 0.665502
vt 0.209354 0.669367
vt 0.705384 0.955371
vt 0.705321 0.959237
vt 0.702301 0.955371
vt 0.702374 0.959237
vt 0.317479 0.512695
vt 0.319805 0.512675
vt 0.317468 0.516560
vt 0.318905 0.509280
vt 0.317468 0.508341
vt 0.209275 0.786140
vt 0.211106 0.786336
vt 0.209276 0.786766
vt 0.211553 0.786782
vt 0.918806 0.011032
vt 0.917650 0.014445
vt 0.915959 0.015413
vt 0.592604 0.904293
vt 0.591897 0.904020
vt 0.592604 0.900656
vt 0.804948 0.969527
vt 0.804447 0.969685
vt 0.804447 0.966139
vt 0.915959 0.003513
vt 0.777632 0.331643
vt 0.773970 0.319771
vt 0.777632 0.319743
vt 0.211548 0.782377
vt 0.705276 0.963590
vt 0.702329 0.963590
vt 0.209311 0.673720
vt 0.210804 0.672771
vt 0.592129 0.893686
vt 0.209276 0.782989
vt 0.209275 0.782362
vt 0.211103 0.782819
vt 0.320072 0.516540
vt 0.893005 0.322985
vt 0.891236 0.322891
vt 0.893005 0.319677
vt 0.890972 0.320094
vt 0.414924 0.884530
vt 0.415377 0.899973
vt 0.414951 0.900116
vt 0.385709 0.884520
vt 0.385736 0.900106
vt 0.385736 0.868778
vt 0.385813 0.854415
vt 0.414951 0.868787
vt 0.860657 0.289396
vt 0.889978 0.301857
vt 0.860763 0.301844
vt 0.860602 0.274516
vt 0.889872 0.289410
vt 0.860602 0.258661
vt 0.889816 0.274529
vt 0.860657 0.243384
vt 0.889816 0.258675
vt 0.860763 0.230174
vt 0.889872 0.243398
vt 0.879877 0.466590
vt 0.850587 0.454077
vt 0.879802 0.454086
vt 0.879916 0.481500
vt 0.850662 0.466582
vt 0.879917 0.497358
vt 0.850701 0.481492
vt 0.879877 0.512612
vt 0.850701 0.497350
vt 0.879803 0.525770
vt 0.850662 0.512603
vt 0.248131 0.867036
vt 0.218737 0.854522
vt 0.247950 0.854461
vt 0.248248 0.881982
vt 0.218919 0.867096
vt 0.248288 0.897843
vt 0.219035 0.882043
vt 0.248248 0.913067
vt 0.219075 0.897904
vt 0.507282 0.325082
vt 0.520296 0.316133
vt 0.507462 0.325459
vt 0.516472 0.312292
vt 0.529261 0.303104
vt 0.529177 0.287353
vt 0.534121 0.272399
vt 0.524801 0.259706
vt 0.520016 0.244704
vt 0.505016 0.239917
vt 0.492330 0.230590
vt 0.477383 0.235534
vt 0.461639 0.235449
vt 0.452453 0.248241
vt 0.439664 0.257430
vt 0.439748 0.273180
vt 0.434800 0.288133
vt 0.444120 0.300825
vt 0.448904 0.315832
vt 0.463903 0.320618
vt 0.476590 0.329946
vt 0.491538 0.324998
vt 0.415351 0.884517
vt 0.461427 0.325456
vt 0.476515 0.330362
vt 0.461630 0.325080
vt 0.448596 0.316130
vt 0.439274 0.303291
vt 0.439659 0.303098
vt 0.890243 0.274444
vt 0.890243 0.258721
vt 0.434374 0.288200
vt 0.434804 0.272397
vt 0.434375 0.272333
vt 0.439277 0.257237
vt 0.448604 0.244402
vt 0.448914 0.244700
vt 0.461438 0.235077
vt 0.850275 0.481572
vt 0.850275 0.497298
vt 0.476600 0.230587
vt 0.476524 0.230174
vt 0.492385 0.230174
vt 0.507471 0.235074
vt 0.507291 0.235451
vt 0.520305 0.244407
vt 0.529626 0.257244
vt 0.529262 0.257433
vt 0.218646 0.897847
vt 0.218606 0.912947
vt 0.219035 0.913127
vt 0.415028 0.914019
vt 0.385813 0.914009
vt 0.902712 0.959278
vt 0.907255 0.975380
vt 0.902670 0.975365
vt 0.902670 0.944239
vt 0.907296 0.959294
vt 0.339977 0.456749
vt 0.327252 0.466614
vt 0.338386 0.453829
vt 0.354522 0.448025
vt 0.836460 0.962520
vt 0.830585 0.976954
vt 0.830666 0.962517
vt 0.836503 0.945930
vt 0.830708 0.945927
vt 0.836503 0.928810
vt 0.549959 0.127920
vt 0.564136 0.118281
vt 0.552258 0.130344
vt 0.565574 0.121288
vt 0.981630 0.141089
vt 0.986215 0.157172
vt 0.981630 0.157169
vt 0.098659 0.413050
vt 0.089196 0.426080
vt 0.097278 0.412349
vt 0.088104 0.424989
vt 0.075467 0.434170
vt 0.076171 0.435545
vt 0.060614 0.438995
vt 0.060858 0.440518
vt 0.044758 0.440518
vt 0.422347 0.934137
vt 0.427052 0.946678
vt 0.422467 0.946662
vt 0.981590 0.172752
vt 0.986099 0.186313
vt 0.981514 0.186311
vt 0.986175 0.172755
vt 0.580595 0.113494
vt 0.597727 0.114027
vt 0.581034 0.116792
vt 0.597126 0.117297
vt 0.612275 0.122749
vt 0.613860 0.119831
vt 0.625000 0.132615
vt 0.422508 0.961701
vt 0.427052 0.977803
vt 0.422467 0.977787
vt 0.029445 0.435543
vt 0.016415 0.426074
vt 0.030141 0.434167
vt 0.017504 0.424986
vt 0.008316 0.412345
vt 0.426932 0.993357
vt 0.422348 0.993342
vt 0.907135 0.990935
vt 0.902551 0.990919
vt 0.304745 0.424988
vt 0.313933 0.412346
vt 0.305835 0.426077
vt 0.292108 0.434169
vt 0.292805 0.435545
vt 0.277490 0.440520
vt 0.277249 0.438998
vt 0.261631 0.438996
vt 0.261388 0.440520
vt 0.246072 0.435546
vt 0.983045 0.460169
vt 0.987554 0.473730
vt 0.982969 0.473728
vt 0.371224 0.450792
vt 0.355129 0.451297
vt 0.371657 0.447492
vt 0.902551 0.931714
vt 0.907255 0.944255
vt 0.386687 0.455289
vt 0.388119 0.452279
vt 0.983085 0.444586
vt 0.987630 0.460171
vt 0.983085 0.428506
vt 0.987670 0.444588
vt 0.400005 0.464345
vt 0.402300 0.461919
vt 0.409870 0.477077
vt 0.412804 0.475473
vt 0.418606 0.491607
vt 0.836379 0.899578
vt 0.830666 0.912834
vt 0.830585 0.899575
vt 0.964373 0.688105
vt 0.970282 0.673621
vt 0.970168 0.688109
vt 0.964313 0.704721
vt 0.970107 0.704725
vt 0.964313 0.721832
vt 0.547552 0.205395
vt 0.537914 0.191216
vt 0.549999 0.203111
vt 0.540943 0.189794
vt 0.977015 0.526372
vt 0.972430 0.510297
vt 0.977015 0.510300
vt 0.076148 0.343816
vt 0.089178 0.353281
vt 0.075442 0.345192
vt 0.088084 0.354376
vt 0.097266 0.367014
vt 0.098646 0.366311
vt 0.102095 0.381871
vt 0.103627 0.381628
vt 0.103627 0.397732
vt 0.981514 0.113630
vt 0.986175 0.126090
vt 0.981590 0.126088
vt 0.977071 0.494695
vt 0.972594 0.481083
vt 0.977179 0.481086
vt 0.972486 0.494691
vt 0.536446 0.174327
vt 0.533122 0.174749
vt 0.533658 0.157608
vt 0.536945 0.158229
vt 0.542397 0.143076
vt 0.539457 0.141474
vt 0.836460 0.912837
vt 0.830708 0.928807
vt 0.986215 0.141091
vt 0.102103 0.397494
vt 0.060830 0.338838
vt 0.060589 0.340365
vt 0.044969 0.340363
vt 0.044730 0.338837
vt 0.977179 0.553743
vt 0.972486 0.541341
vt 0.977071 0.541344
vt 0.624442 0.940446
vt 0.619803 0.955183
vt 0.619857 0.940451
vt 0.029418 0.343814
vt 0.030116 0.345188
vt 0.017484 0.354373
vt 0.016393 0.353280
vt 0.624388 0.971201
vt 0.624388 0.955178
vt 0.624442 0.986945
vt 0.619803 0.971206
vt 0.006935 0.366309
vt 0.008304 0.367010
vt 0.003485 0.381868
vt 0.622740 0.205381
vt 0.625000 0.207812
vt 0.609429 0.214438
vt 0.957489 0.659027
vt 0.963253 0.641952
vt 0.963283 0.659011
vt 0.358295 0.552936
vt 0.341428 0.551456
vt 0.342831 0.548439
vt 0.135360 0.972530
vt 0.130775 0.956512
vt 0.135360 0.956507
vt 0.135413 0.988273
vt 0.130775 0.972535
vt 0.329517 0.539381
vt 0.327252 0.541810
vt 0.313939 0.367009
vt 0.315309 0.366308
vt 0.318761 0.381869
vt 0.304757 0.354371
vt 0.305848 0.353278
vt 0.292821 0.343811
vt 0.292122 0.345185
vt 0.277506 0.338833
vt 0.277267 0.340359
vt 0.261403 0.338833
vt 0.261644 0.340360
vt 0.246790 0.345186
vt 0.246084 0.343811
vt 0.977071 0.620975
vt 0.972430 0.605999
vt 0.977015 0.606002
vt 0.389542 0.546983
vt 0.402271 0.537112
vt 0.391161 0.549906
vt 0.404712 0.539394
vt 0.970107 0.721837
vt 0.964373 0.737774
vt 0.561102 0.215906
vt 0.562726 0.212982
vt 0.577875 0.218433
vt 0.577230 0.221709
vt 0.970168 0.737778
vt 0.964488 0.750973
vt 0.963283 0.626265
vt 0.957459 0.641969
vt 0.957489 0.626282
vt 0.594367 0.222244
vt 0.593968 0.218935
vt 0.610827 0.217457
vt 0.357891 0.556243
vt 0.375030 0.555709
vt 0.374391 0.552435
vt 0.977179 0.633373
vt 0.972486 0.620971
vt 0.135413 0.941775
vt 0.130829 0.941780
vt 0.972430 0.526369
vt 0.414352 0.525215
vt 0.411327 0.523796
vt 0.415824 0.508329
vt 0.977014 0.589930
vt 0.972486 0.574322
vt 0.977071 0.574325
vt 0.972430 0.589927
vt 0.233054 0.353275
vt 0.234147 0.354370
vt 0.224966 0.367009
vt 0.223586 0.366306
vt 0.218606 0.381624
vt 0.220138 0.381866
vt 0.218608 0.397728
vt 0.220132 0.397490
vt 0.224960 0.412346
vt 0.223579 0.413048
vt 0.983045 0.413504
vt 0.987670 0.428508
vt 0.982969 0.401046
vt 0.987630 0.413506
vt 0.415324 0.492230
vt 0.419143 0.508749
vt 0.972594 0.560713
vt 0.977179 0.560716
vt 0.233045 0.426079
vt 0.234136 0.424988
vt 0.246776 0.434169
vt 0.044999 0.438997
vt 0.427093 0.961716
vt 0.011494 0.141835
vt 0.003485 0.155711
vt 0.010808 0.141337
vt 0.004291 0.187321
vt 0.010808 0.201955
vt 0.003485 0.187578
vt 0.022712 0.212676
vt 0.011494 0.201457
vt 0.036847 0.219879
vt 0.022213 0.213360
vt 0.036588 0.220683
vt 0.052520 0.222358
vt 0.052520 0.223207
vt 0.068189 0.219875
vt 0.068451 0.220679
vt 0.082325 0.212669
vt 0.082822 0.213353
vt 0.093543 0.201448
vt 0.094231 0.201945
vt 0.100746 0.187310
vt 0.101555 0.187567
vt 0.103231 0.171633
vt 0.101555 0.155699
vt 0.104076 0.171633
vt 0.100746 0.155962
vt 0.094231 0.141327
vt 0.082325 0.130607
vt 0.093543 0.141826
vt 0.068189 0.123404
vt 0.082822 0.129917
vt 0.068451 0.122595
vt 0.052520 0.120920
vt 0.052520 0.120075
vt 0.036588 0.122598
vt 0.036847 0.123408
vt 0.022213 0.129924
vt 0.022712 0.130614
vt 0.562659 0.984550
vt 0.556763 0.968387
vt 0.562744 0.968421
vt 0.291672 0.014028
vt 0.303574 0.024752
vt 0.302889 0.025250
vt 0.277539 0.006820
vt 0.292171 0.013338
vt 0.277798 0.006011
vt 0.261868 0.004330
vt 0.261869 0.003485
vt 0.245940 0.006002
vt 0.246202 0.006812
vt 0.231571 0.013322
vt 0.232068 0.014012
vt 0.220163 0.024730
vt 0.213650 0.039364
vt 0.212841 0.039101
vt 0.211165 0.055034
vt 0.212841 0.070967
vt 0.210321 0.055033
vt 0.213650 0.070710
vt 0.220163 0.085346
vt 0.220852 0.084849
vt 0.231571 0.096755
vt 0.232068 0.096071
vt 0.245940 0.104083
vt 0.246202 0.103279
vt 0.261869 0.106614
vt 0.261868 0.105764
vt 0.277798 0.104092
vt 0.277539 0.103287
vt 0.292171 0.096772
vt 0.291672 0.096087
vt 0.303574 0.085368
vt 0.310091 0.070735
vt 0.302889 0.084870
vt 0.310896 0.039127
vt 0.649621 0.966904
vt 0.655656 0.982742
vt 0.649675 0.982750
vt 0.649621 0.950896
vt 0.655602 0.966896
vt 0.649675 0.936295
vt 0.655602 0.950888
vt 0.953511 0.239307
vt 0.959599 0.251968
vt 0.953618 0.251965
vt 0.953454 0.224179
vt 0.959491 0.239309
vt 0.953454 0.208057
vt 0.959435 0.224182
vt 0.953511 0.192522
vt 0.959435 0.208060
vt 0.953618 0.179098
vt 0.959491 0.192525
vt 0.849530 0.912286
vt 0.843473 0.899575
vt 0.849454 0.899577
vt 0.849570 0.927444
vt 0.843549 0.912284
vt 0.849570 0.943573
vt 0.843589 0.927443
vt 0.849530 0.959081
vt 0.843589 0.943571
vt 0.849454 0.972455
vt 0.843549 0.959079
vt 0.562744 0.953222
vt 0.556679 0.940410
vt 0.562659 0.940444
vt 0.556763 0.953188
vt 0.860602 0.308827
vt 0.873841 0.308837
vt 0.860669 0.318694
vt 0.873911 0.318706
vt 0.860669 0.322753
vt 0.873911 0.322765
vt 0.095911 0.779536
vt 0.091869 0.755498
vt 0.095911 0.755202
vt 0.082177 0.763918
vt 0.082218 0.779545
vt 0.908989 0.017222
vt 0.895747 0.003485
vt 0.908989 0.003489
vt 0.123805 0.941775
vt 0.110597 0.966122
vt 0.110597 0.941790
vt 0.943925 0.448349
vt 0.943925 0.472682
vt 0.939981 0.472399
vt 0.930520 0.464009
vt 0.930563 0.448383
vt 0.972364 0.234948
vt 0.966627 0.251968
vt 0.966569 0.234959
vt 0.972364 0.218096
vt 0.966569 0.218108
vt 0.972422 0.203055
vt 0.480058 0.218474
vt 0.463449 0.221768
vt 0.463954 0.218471
vt 0.480594 0.221765
vt 0.495374 0.213496
vt 0.496901 0.216467
vt 0.176348 0.855923
vt 0.182028 0.841846
vt 0.182142 0.855922
vt 0.181968 0.825430
vt 0.176234 0.841847
vt 0.176173 0.825431
vt 0.181968 0.808285
vt 0.508404 0.204024
vt 0.520848 0.192510
vt 0.510770 0.206383
vt 0.785428 0.830718
vt 0.780848 0.814617
vt 0.785428 0.814616
vt 0.785485 0.846139
vt 0.780848 0.830719
vt 0.781012 0.859363
vt 0.780904 0.846140
vt 0.988173 0.340966
vt 0.983671 0.326836
vt 0.988251 0.326835
vt 0.988145 0.356792
vt 0.983592 0.340968
vt 0.447144 0.216468
vt 0.448641 0.213495
vt 0.433274 0.206389
vt 0.435611 0.204028
vt 0.988251 0.387327
vt 0.983592 0.372771
vt 0.988173 0.372770
vt 0.535577 0.412358
vt 0.543669 0.426086
vt 0.534204 0.413059
vt 0.544759 0.424997
vt 0.556700 0.435551
vt 0.557400 0.434174
vt 0.572014 0.440526
vt 0.572253 0.439001
vt 0.588117 0.440528
vt 0.587874 0.439000
vt 0.603433 0.435548
vt 0.615368 0.424987
vt 0.602731 0.434172
vt 0.616462 0.426075
vt 0.624549 0.412343
vt 0.625928 0.413046
vt 0.630903 0.397729
vt 0.629376 0.397487
vt 0.630902 0.381623
vt 0.629372 0.381864
vt 0.625924 0.366305
vt 0.624546 0.367005
vt 0.616459 0.353274
vt 0.602727 0.345184
vt 0.615364 0.354367
vt 0.587870 0.340358
vt 0.603428 0.343809
vt 0.572011 0.338837
vt 0.588114 0.338834
vt 0.572249 0.340363
vt 0.556695 0.343816
vt 0.557393 0.345191
vt 0.543670 0.353284
vt 0.544756 0.354376
vt 0.534204 0.366313
vt 0.478168 0.974969
vt 0.482665 0.991087
vt 0.478086 0.991065
vt 0.478168 0.959498
vt 0.482748 0.974990
vt 0.433274 0.128875
vt 0.448643 0.121760
vt 0.435617 0.131227
vt 0.970107 0.835440
vt 0.964393 0.821831
vt 0.970188 0.821830
vt 0.173288 0.446653
vt 0.156684 0.449935
vt 0.156142 0.446652
vt 0.172784 0.449939
vt 0.189588 0.451957
vt 0.188098 0.454919
vt 0.860063 0.944752
vt 0.864731 0.958109
vt 0.860146 0.958088
vt 0.608464 0.008471
vt 0.592914 0.005015
vt 0.593151 0.003490
vt 0.607768 0.009845
vt 0.621487 0.017940
vt 0.620403 0.019031
vt 0.864730 0.973580
vt 0.860146 0.973559
vt 0.203460 0.462038
vt 0.630952 0.030969
vt 0.864648 0.989677
vt 0.860063 0.989655
vt 0.988255 0.319863
vt 0.983592 0.305307
vt 0.988177 0.305306
vt 0.629581 0.077013
vt 0.621490 0.090739
vt 0.620401 0.089650
vt 0.608461 0.100203
vt 0.607762 0.098826
vt 0.983565 0.289329
vt 0.988150 0.289328
vt 0.188101 0.546652
vt 0.203460 0.539550
vt 0.189592 0.549627
vt 0.172790 0.551626
vt 0.173289 0.554925
vt 0.156689 0.551627
vt 0.156148 0.554919
vt 0.988177 0.273502
vt 0.983671 0.259372
vt 0.988255 0.259371
vt 0.577049 0.105176
vt 0.592911 0.103651
vt 0.593150 0.105176
vt 0.577293 0.103648
vt 0.561736 0.100195
vt 0.562439 0.098819
vt 0.505672 0.755510
vt 0.500980 0.742289
vt 0.505565 0.742287
vt 0.141375 0.546646
vt 0.139843 0.549620
vt 0.125976 0.539535
vt 0.128348 0.537174
vt 0.500924 0.726867
vt 0.505508 0.726866
vt 0.549803 0.089633
vt 0.548708 0.090721
vt 0.540624 0.076988
vt 0.539244 0.077691
vt 0.500923 0.710766
vt 0.505508 0.710765
vt 0.115900 0.525660
vt 0.113907 0.508827
vt 0.110600 0.509351
vt 0.500980 0.695555
vt 0.505565 0.695554
vt 0.534270 0.062374
vt 0.534270 0.046269
vt 0.535797 0.062132
vt 0.535801 0.046509
vt 0.539247 0.030952
vt 0.540626 0.031651
vt 0.297297 0.904604
vt 0.301958 0.917876
vt 0.297373 0.917876
vt 0.501088 0.682722
vt 0.505672 0.682721
vt 0.113907 0.492722
vt 0.110597 0.492204
vt 0.118882 0.477404
vt 0.115896 0.475895
vt 0.964393 0.772082
vt 0.970107 0.757948
vt 0.970188 0.772081
vt 0.964436 0.788522
vt 0.508406 0.131223
vt 0.520852 0.142744
vt 0.517870 0.144255
vt 0.496905 0.118795
vt 0.495376 0.121757
vt 0.970230 0.788521
vt 0.964436 0.805664
vt 0.970230 0.805663
vt 0.141373 0.454909
vt 0.139839 0.451950
vt 0.297413 0.949423
vt 0.301958 0.964604
vt 0.297373 0.964605
vt 0.577295 0.005008
vt 0.561739 0.008458
vt 0.577051 0.003485
vt 0.301882 0.977383
vt 0.297297 0.977383
vt 0.562440 0.009833
vt 0.548711 0.017922
vt 0.549806 0.019014
vt 0.301998 0.933318
vt 0.297413 0.933320
vt 0.128345 0.464374
vt 0.301998 0.949422
vt 0.480599 0.113494
vt 0.480062 0.116781
vt 0.463451 0.113494
vt 0.320716 0.964605
vt 0.325221 0.977383
vt 0.320640 0.977383
vt 0.320756 0.949423
vt 0.325296 0.964604
vt 0.320756 0.933320
vt 0.325336 0.949422
vt 0.320716 0.917876
vt 0.325336 0.933319
vt 0.320640 0.904604
vt 0.325296 0.917876
vt 0.526151 0.159054
vt 0.526149 0.176201
vt 0.522847 0.159573
vt 0.176234 0.792089
vt 0.182142 0.778424
vt 0.182028 0.792088
vt 0.176173 0.808287
vt 0.522846 0.175679
vt 0.780904 0.799406
vt 0.785485 0.799405
vt 0.785592 0.786572
vt 0.781012 0.786573
vt 0.478086 0.946162
vt 0.482748 0.959519
vt 0.463959 0.116782
vt 0.447148 0.118795
vt 0.983592 0.273504
vt 0.983565 0.356793
vt 0.130139 0.239658
vt 0.131671 0.241790
vt 0.119161 0.250634
vt 0.144765 0.235113
vt 0.143972 0.232607
vt 0.159283 0.232813
vt 0.159303 0.230178
vt 0.148233 0.245786
vt 0.138269 0.250865
vt 0.130359 0.258778
vt 0.125281 0.268749
vt 0.121279 0.252184
vt 0.123529 0.279795
vt 0.121279 0.307412
vt 0.114610 0.294316
vt 0.114610 0.265281
vt 0.796314 0.945266
vt 0.805086 0.945156
vt 0.796415 0.959169
vt 0.805033 0.929659
vt 0.796261 0.929680
vt 0.805033 0.914008
vt 0.796261 0.913937
vt 0.796314 0.899575
vt 0.805086 0.899731
vt 0.793627 0.914242
vt 0.793627 0.929648
vt 0.130139 0.319950
vt 0.131671 0.317804
vt 0.143972 0.326997
vt 0.119161 0.308971
vt 0.125281 0.290846
vt 0.130359 0.300811
vt 0.138269 0.308722
vt 0.144765 0.324473
vt 0.148233 0.313799
vt 0.159283 0.326770
vt 0.159283 0.315550
vt 0.170327 0.313797
vt 0.173795 0.324470
vt 0.180296 0.308717
vt 0.186890 0.317797
vt 0.188206 0.300805
vt 0.197281 0.307403
vt 0.193284 0.290838
vt 0.195032 0.279787
vt 0.197281 0.252175
vt 0.193284 0.268741
vt 0.188206 0.258771
vt 0.186890 0.241783
vt 0.180296 0.250861
vt 0.173795 0.235110
vt 0.170327 0.245783
vt 0.159283 0.244037
vt 0.174634 0.232604
vt 0.871474 0.937034
vt 0.868834 0.937782
vt 0.871547 0.924162
vt 0.823460 0.900381
vt 0.823575 0.912679
vt 0.820829 0.899575
vt 0.820946 0.912150
vt 0.812173 0.912266
vt 0.812213 0.927123
vt 0.820986 0.927097
vt 0.812173 0.942893
vt 0.820946 0.942958
vt 0.812056 0.958027
vt 0.625688 0.525634
vt 0.627900 0.526767
vt 0.616882 0.537764
vt 0.618635 0.539526
vt 0.605875 0.548796
vt 0.590881 0.553673
vt 0.604753 0.546575
vt 0.590499 0.551210
vt 0.575506 0.551211
vt 0.575109 0.553672
vt 0.560113 0.548797
vt 0.848269 0.074940
vt 0.839498 0.075155
vt 0.848164 0.062565
vt 0.839392 0.062707
vt 0.848108 0.047772
vt 0.839336 0.047827
vt 0.848108 0.032008
vt 0.839336 0.031973
vt 0.848164 0.016823
vt 0.839392 0.016695
vt 0.848269 0.003694
vt 0.839498 0.003485
vt 0.860063 0.866316
vt 0.868834 0.866097
vt 0.860137 0.878744
vt 0.868909 0.878602
vt 0.860176 0.893566
vt 0.868948 0.893512
vt 0.868948 0.909369
vt 0.860176 0.909330
vt 0.871585 0.893723
vt 0.188467 0.239651
vt 0.199440 0.250625
vt 0.868909 0.924623
vt 0.871585 0.909235
vt 0.860063 0.937573
vt 0.812056 0.899768
vt 0.590864 0.454077
vt 0.605865 0.458953
vt 0.590483 0.456535
vt 0.604743 0.461168
vt 0.616870 0.469983
vt 0.618622 0.468224
vt 0.625686 0.482113
vt 0.627896 0.480985
vt 0.632769 0.495990
vt 0.630316 0.496377
vt 0.575097 0.454077
vt 0.575495 0.456533
vt 0.561237 0.461167
vt 0.560099 0.458950
vt 0.860137 0.924495
vt 0.549112 0.469979
vt 0.547344 0.468220
vt 0.540302 0.482112
vt 0.538078 0.480984
vt 0.535674 0.496372
vt 0.533207 0.495984
vt 0.533209 0.511761
vt 0.535673 0.511369
vt 0.538083 0.526761
vt 0.540309 0.525629
vt 0.549120 0.537759
vt 0.547352 0.539526
vt 0.561251 0.546575
vt 0.206488 0.264459
vt 0.871547 0.879133
vt 0.871474 0.866901
vt 0.208916 0.279792
vt 0.206255 0.279786
vt 0.206488 0.295126
vt 0.203955 0.294306
vt 0.203955 0.265271
vt 0.199440 0.308962
vt 0.836702 0.032097
vt 0.836757 0.017147
vt 0.836860 0.004228
vt 0.836702 0.047609
vt 0.188467 0.319943
vt 0.174634 0.326993
vt 0.836757 0.062170
vt 0.836860 0.074349
vt 0.159303 0.329423
vt 0.793679 0.900193
vt 0.823575 0.942824
vt 0.820829 0.958181
vt 0.823614 0.927305
vt 0.112113 0.264470
vt 0.793679 0.944900
vt 0.112113 0.295137
vt 0.774096 0.105923
vt 0.782320 0.092840
vt 0.782320 0.105925
vt 0.914864 0.481103
vt 0.922865 0.666581
vt 0.914864 0.666601
vt 0.868705 0.219424
vt 0.855667 0.033940
vt 0.868705 0.033927
vt 0.907894 0.666586
vt 0.899692 0.481088
vt 0.907894 0.481083
vt 0.082177 0.562747
vt 0.095230 0.748217
vt 0.082177 0.748232
vt 0.791808 0.318186
vt 0.800031 0.331268
vt 0.791808 0.331271
vt 0.915549 0.259391
vt 0.923549 0.444869
vt 0.915549 0.444889
vt 0.888713 0.219424
vt 0.875675 0.033940
vt 0.888713 0.033927
vt 0.908578 0.444873
vt 0.900376 0.259376
vt 0.908578 0.259371
vt 0.189252 0.665517
vt 0.202305 0.850986
vt 0.189252 0.851002
vt 0.807005 0.318186
vt 0.815228 0.331268
vt 0.807005 0.331271
vt 0.728502 0.105923
vt 0.736727 0.092840
vt 0.736727 0.105925
vt 0.758898 0.105923
vt 0.767122 0.092840
vt 0.767122 0.105925
vt 0.910855 0.033948
vt 0.918856 0.219426
vt 0.910855 0.219446
vt 0.873101 0.673617
vt 0.860063 0.859127
vt 0.860063 0.673630
vt 0.903885 0.219430
vt 0.895683 0.033933
vt 0.903885 0.033927
vt 0.513045 0.569815
vt 0.526098 0.755285
vt 0.513045 0.755301
vt 0.822201 0.318186
vt 0.830424 0.331268
vt 0.822201 0.331271
vt 0.270243 0.928972
vt 0.270065 0.902201
vt 0.273020 0.920633
vt 0.269193 0.928966
vt 0.269223 0.939524
vt 0.270260 0.939521
vt 0.901042 0.469063
vt 0.899616 0.467963
vt 0.901396 0.467975
vt 0.269694 0.854647
vt 0.273020 0.878409
vt 0.256526 0.854750
vt 0.267560 0.854624
vt 0.256692 0.901015
vt 0.210673 0.458420
vt 0.210430 0.457683
vt 0.210673 0.446651
vt 0.268286 0.854461
vt 0.268053 0.902174
vt 0.268063 0.928936
vt 0.268116 0.939529
vt 0.900348 0.466369
vt 0.901524 0.466844
vt 0.900411 0.464614
vt 0.899800 0.462971
vt 0.210444 0.524031
vt 0.211281 0.522408
vt 0.211285 0.524033
vt 0.210441 0.525788
vt 0.211281 0.525789
vt 0.210430 0.527404
vt 0.211270 0.527405
vt 0.871033 0.329735
vt 0.869661 0.331669
vt 0.869277 0.329735
vt 0.210441 0.522406
vt 0.211270 0.521158
vt 0.255258 0.903367
vt 0.255328 0.928501
vt 0.255443 0.939601
vt 0.901524 0.454077
vt 0.898607 0.461684
vt 0.762929 0.964078
vt 0.748058 0.899542
vt 0.762929 0.899543
vt 0.895380 0.927218
vt 0.880071 0.816525
vt 0.895380 0.816527
vt 0.896056 0.809544
vt 0.880071 0.673627
vt 0.896056 0.673617
vt 0.219709 0.946857
vt 0.219767 0.957450
vt 0.218606 0.946899
vt 0.232285 0.957388
vt 0.232285 0.946287
vt 0.232127 0.921155
vt 0.219479 0.920098
vt 0.478086 0.939192
vt 0.478087 0.860213
vt 0.489771 0.939188
vt 0.489475 0.860001
vt 0.490261 0.860143
vt 0.491352 0.939192
vt 0.491259 0.860031
vt 0.103313 0.457041
vt 0.103564 0.456299
vt 0.103564 0.458160
vt 0.900417 0.228071
vt 0.914110 0.228063
vt 0.900376 0.243698
vt 0.875534 0.017222
vt 0.888777 0.003485
vt 0.888777 0.017220
vt 0.921124 0.252401
vt 0.921080 0.236775
vt 0.934486 0.252366
vt 0.863601 0.532740
vt 0.863518 0.542670
vt 0.850362 0.532750
vt 0.910069 0.252110
vt 0.914110 0.252401
vt 0.599626 0.940461
vt 0.612833 0.964782
vt 0.599626 0.964797
vt 0.930542 0.228332
vt 0.850276 0.542683
vt 0.863518 0.546731
vt 0.850276 0.546743
vt 0.741087 0.944164
vt 0.715430 0.899659
vt 0.741087 0.899542
vt 0.171279 0.891578
vt 0.145622 0.936091
vt 0.145622 0.891463
vt 0.752493 0.319743
vt 0.756335 0.324094
vt 0.756335 0.331640
vt 0.704859 0.094086
vt 0.709164 0.105976
vt 0.704859 0.105986
vt 0.797477 0.966141
vt 0.793627 0.970545
vt 0.793627 0.966139
vt 0.757607 0.543473
vt 0.762005 0.551018
vt 0.757607 0.551020
vt 0.102881 0.755202
vt 0.103416 0.759044
vt 0.102881 0.759609
vt 0.048292 0.962840
vt 0.048292 0.966231
vt 0.047698 0.962853
vt 0.047664 0.966249
vt 0.960630 0.007352
vt 0.959598 0.010755
vt 0.957759 0.007350
vt 0.957755 0.011704
vt 0.736769 0.951134
vt 0.740277 0.955487
vt 0.736767 0.955487
vt 0.211128 0.740786
vt 0.211571 0.736824
vt 0.211571 0.741231
vt 0.209276 0.741216
vt 0.723896 0.327289
vt 0.720051 0.331646
vt 0.720051 0.319746
vt 0.682502 0.949873
vt 0.683019 0.950117
vt 0.682502 0.953615
vt 0.871701 0.965738
vt 0.872329 0.965738
vt 0.871701 0.969131
vt 0.209278 0.740586
vt 0.467934 0.942327
vt 0.469759 0.943277
vt 0.467931 0.946680
vt 0.470789 0.946679
vt 0.467853 0.950546
vt 0.470973 0.950546
vt 0.016568 0.970998
vt 0.019693 0.967318
vt 0.019695 0.970998
vt 0.544028 0.966525
vt 0.547626 0.966525
vt 0.544251 0.970391
vt 0.547456 0.970391
vt 0.960794 0.003485
vt 0.957675 0.003485
vt 0.736689 0.959352
vt 0.740363 0.959352
vt 0.211124 0.737270
vt 0.209275 0.736809
vt 0.209279 0.737438
vt 0.961656 0.172123
vt 0.953454 0.033933
vt 0.961656 0.033927
vt 0.513045 0.762286
vt 0.526098 0.900453
vt 0.513045 0.900468
vt 0.957459 0.481103
vt 0.965460 0.619274
vt 0.957459 0.619295
vt 0.916064 0.811808
vt 0.903026 0.673630
vt 0.916064 0.673617
vt 0.836702 0.082131
vt 0.844925 0.095213
vt 0.836702 0.095216
vt 0.743700 0.105923
vt 0.751925 0.092840
vt 0.751925 0.105925
vt 0.378739 0.963423
vt 0.363430 0.854415
vt 0.378739 0.854418
vt 0.391417 0.782105
vt 0.375996 0.676241
vt 0.391818 0.676306
vt 0.406466 0.782090
vt 0.407251 0.676291
vt 0.419672 0.781998
vt 0.420791 0.676197
vt 0.769304 0.113532
vt 0.782144 0.219428
vt 0.770020 0.219353
vt 0.754977 0.113494
vt 0.755326 0.219314
vt 0.739545 0.113494
vt 0.739500 0.219314
vt 0.724521 0.113532
vt 0.724092 0.219353
vt 0.710610 0.219428
vt 0.367830 0.676284
vt 0.368865 0.782101
vt 0.355953 0.676181
vt 0.356685 0.781994
vt 0.341594 0.676126
vt 0.341956 0.781939
vt 0.326156 0.676126
vt 0.326123 0.781939
vt 0.311152 0.676181
vt 0.310736 0.781994
vt 0.298054 0.676284
vt 0.297297 0.782101
vt 0.547325 0.883069
vt 0.533207 0.777177
vt 0.546755 0.777255
vt 0.562377 0.883095
vt 0.562195 0.777281
vt 0.578010 0.777255
vt 0.592656 0.777177
vt 0.577800 0.883069
vt 0.125821 0.884493
vt 0.110597 0.778600
vt 0.125821 0.778671
vt 0.141682 0.884486
vt 0.141682 0.778664
vt 0.156629 0.884400
vt 0.156629 0.778579
vt 0.169203 0.778424
vt 0.591733 0.664284
vt 0.604892 0.770187
vt 0.591733 0.770116
vt 0.576479 0.664249
vt 0.576479 0.770081
vt 0.560622 0.664253
vt 0.560622 0.770085
vt 0.545712 0.770128
vt 0.533207 0.664375
vt 0.533207 0.770207
vt 0.690430 0.113542
vt 0.703640 0.219471
vt 0.690430 0.219371
vt 0.675152 0.113494
vt 0.675152 0.219322
vt 0.659298 0.113501
vt 0.659298 0.219329
vt 0.644417 0.113563
vt 0.644417 0.219392
vt 0.631970 0.113675
vt 0.631970 0.219504
vt 0.448722 0.788643
vt 0.434359 0.682741
vt 0.448722 0.682814
vt 0.464465 0.682835
vt 0.480050 0.788632
vt 0.480050 0.682803
vt 0.493953 0.788550
vt 0.493953 0.682721
vt 0.062365 0.331862
vt 0.062126 0.330339
vt 0.077680 0.326884
vt 0.046263 0.331867
vt 0.046508 0.330343
vt 0.161868 0.989438
vt 0.157232 0.973623
vt 0.161814 0.973617
vt 0.105143 0.289062
vt 0.100170 0.304382
vt 0.103621 0.288821
vt 0.266983 0.974502
vt 0.271480 0.990629
vt 0.266899 0.990603
vt 0.105143 0.272956
vt 0.103621 0.273199
vt 0.100167 0.257640
vt 0.098796 0.258343
vt 0.089613 0.245708
vt 0.090704 0.244612
vt 0.266899 0.946571
vt 0.271564 0.959357
vt 0.266983 0.959331
vt 0.332383 0.964007
vt 0.336888 0.977363
vt 0.332307 0.977362
vt 0.077677 0.235151
vt 0.076979 0.236527
vt 0.062126 0.231704
vt 0.062365 0.230178
vt 0.332422 0.948524
vt 0.336964 0.964008
vt 0.332422 0.932427
vt 0.337004 0.948526
vt 0.046263 0.230182
vt 0.046509 0.231708
vt 0.030951 0.235163
vt 0.031655 0.236539
vt 0.017924 0.244632
vt 0.019021 0.245727
vt 0.009838 0.258367
vt 0.008461 0.257665
vt 0.060780 0.915187
vt 0.056306 0.901781
vt 0.060888 0.901783
vt 0.060723 0.930694
vt 0.056198 0.915185
vt 0.003485 0.272983
vt 0.005013 0.273226
vt 0.005013 0.288847
vt 0.003485 0.289089
vt 0.008458 0.304407
vt 0.009838 0.303703
vt 0.017923 0.317432
vt 0.019017 0.316341
vt 0.031655 0.325520
vt 0.030947 0.326896
vt 0.161814 0.957635
vt 0.157286 0.943068
vt 0.161868 0.943062
vt 0.157232 0.957641
vt 0.161712 0.109773
vt 0.177616 0.107252
vt 0.161695 0.113105
vt 0.178628 0.110423
vt 0.207841 0.964250
vt 0.202077 0.981284
vt 0.202047 0.964268
vt 0.207871 0.948731
vt 0.202077 0.948749
vt 0.942705 0.926598
vt 0.937026 0.940046
vt 0.936911 0.926595
vt 0.942645 0.910515
vt 0.077352 0.102635
vt 0.075382 0.099941
vt 0.089475 0.090507
vt 0.062078 0.110420
vt 0.061035 0.107252
vt 0.891637 0.526824
vt 0.886943 0.514188
vt 0.891530 0.514190
vt 0.150208 0.957635
vt 0.145676 0.943068
vt 0.150262 0.943062
vt 0.045131 0.109775
vt 0.045143 0.113105
vt 0.029225 0.107253
vt 0.028207 0.110422
vt 0.012933 0.102640
vt 0.193898 0.102641
vt 0.191962 0.099941
vt 0.203351 0.088555
vt 0.974501 0.097177
vt 0.968626 0.111394
vt 0.968707 0.097176
vt 0.974544 0.080693
vt 0.968749 0.080692
vt 0.974544 0.063553
vt 0.144771 0.006163
vt 0.131472 0.016640
vt 0.129494 0.013947
vt 0.161702 0.003485
vt 0.145818 0.009329
vt 0.161720 0.006813
vt 0.178631 0.006166
vt 0.177622 0.009332
vt 0.193905 0.013956
vt 0.191966 0.016647
vt 0.203351 0.028037
vt 0.271564 0.974529
vt 0.120087 0.028028
vt 0.332383 0.917294
vt 0.337004 0.932429
vt 0.332307 0.904603
vt 0.336964 0.917295
vt 0.112776 0.042377
vt 0.117374 0.026074
vt 0.109589 0.041349
vt 0.968707 0.047439
vt 0.974421 0.033929
vt 0.974501 0.047441
vt 0.968749 0.063551
vt 0.089471 0.026076
vt 0.086764 0.028032
vt 0.077349 0.013949
vt 0.094077 0.042381
vt 0.097258 0.041352
vt 0.099939 0.058291
vt 0.936911 0.876869
vt 0.942820 0.862598
vt 0.942705 0.876872
vt 0.936851 0.893379
vt 0.942645 0.893381
vt 0.936851 0.910512
vt 0.097260 0.075229
vt 0.094077 0.074197
vt 0.086767 0.088549
vt 0.891473 0.499084
vt 0.886887 0.482988
vt 0.891473 0.482991
vt 0.886887 0.499082
vt 0.320281 0.289079
vt 0.315307 0.304398
vt 0.318754 0.288838
vt 0.313928 0.303695
vt 0.305841 0.317425
vt 0.304747 0.316334
vt 0.292108 0.325514
vt 0.292814 0.326890
vt 0.277496 0.331863
vt 0.150208 0.973617
vt 0.145622 0.957641
vt 0.150262 0.989438
vt 0.145622 0.973623
vt 0.014876 0.099941
vt 0.003485 0.088554
vt 0.255343 0.974502
vt 0.259844 0.990629
vt 0.255258 0.990603
vt 0.014872 0.016647
vt 0.003485 0.028036
vt 0.012926 0.013955
vt 0.255343 0.959331
vt 0.259928 0.974529
vt 0.255258 0.946571
vt 0.259928 0.959357
vt 0.029218 0.009333
vt 0.028203 0.006165
vt 0.045136 0.003485
vt 0.045123 0.006814
vt 0.309044 0.964007
vt 0.313554 0.977363
vt 0.308968 0.977362
vt 0.309084 0.948524
vt 0.313630 0.964008
vt 0.061028 0.009332
vt 0.062070 0.006164
vt 0.075377 0.016643
vt 0.309044 0.917294
vt 0.313670 0.932429
vt 0.309084 0.932427
vt 0.308968 0.904603
vt 0.313630 0.917295
vt 0.891530 0.467484
vt 0.887051 0.454077
vt 0.891637 0.454080
vt 0.096595 0.058289
vt 0.886943 0.467482
vt 0.320281 0.272973
vt 0.318754 0.273216
vt 0.315304 0.257655
vt 0.313928 0.258357
vt 0.305840 0.244623
vt 0.304744 0.245718
vt 0.292108 0.236531
vt 0.292811 0.235156
vt 0.277252 0.231702
vt 0.277496 0.230176
vt 0.261632 0.231700
vt 0.261392 0.230174
vt 0.246077 0.235149
vt 0.246776 0.236524
vt 0.234139 0.245708
vt 0.233047 0.244612
vt 0.223584 0.257641
vt 0.224955 0.258344
vt 0.220129 0.273201
vt 0.218606 0.272958
vt 0.220129 0.288823
vt 0.218606 0.289064
vt 0.223581 0.304384
vt 0.261392 0.331861
vt 0.246074 0.326883
vt 0.261632 0.330337
vt 0.277252 0.330339
vt 0.313670 0.948526
vt 0.117371 0.090504
vt 0.109587 0.075226
vt 0.120084 0.088545
vt 0.112775 0.074193
vt 0.060723 0.946787
vt 0.056142 0.930692
vt 0.060780 0.961894
vt 0.056142 0.946785
vt 0.060888 0.974527
vt 0.056198 0.961891
vt 0.145812 0.107250
vt 0.144762 0.110419
vt 0.131466 0.099938
vt 0.129491 0.102633
vt 0.110258 0.058284
vt 0.106909 0.058288
vt 0.652054 0.892618
vt 0.636799 0.786728
vt 0.652054 0.786798
vt 0.667912 0.892609
vt 0.667912 0.786789
vt 0.682825 0.892522
vt 0.682825 0.786702
vt 0.695331 0.786546
vt 0.695248 0.673651
vt 0.708460 0.779552
vt 0.695248 0.779481
vt 0.679963 0.673617
vt 0.679963 0.779447
vt 0.664112 0.673622
vt 0.664112 0.779453
vt 0.649237 0.779497
vt 0.636799 0.673746
vt 0.636799 0.779576
vt 0.696257 0.338882
vt 0.709521 0.444807
vt 0.696257 0.444708
vt 0.680953 0.338834
vt 0.680953 0.444661
vt 0.665102 0.444669
vt 0.650258 0.338906
vt 0.650258 0.444733
vt 0.637873 0.339019
vt 0.637873 0.444845
vt 0.803522 0.219417
vt 0.789115 0.113518
vt 0.803522 0.113590
vt 0.819274 0.219437
vt 0.819274 0.113610
vt 0.834844 0.219404
vt 0.834844 0.113577
vt 0.848697 0.219321
vt 0.848697 0.113494
vt 0.870571 0.549031
vt 0.870571 0.547888
vt 0.873696 0.549046
vt 0.874594 0.548112
vt 0.244994 0.969070
vt 0.244092 0.969325
vt 0.240190 0.953202
vt 0.239255 0.953315
vt 0.240469 0.935982
vt 0.820062 0.295170
vt 0.820265 0.294245
vt 0.837546 0.295978
vt 0.239539 0.935812
vt 0.243169 0.926487
vt 0.242556 0.925654
vt 0.810815 0.294583
vt 0.809957 0.295389
vt 0.804513 0.291641
vt 0.803566 0.292428
vt 0.800839 0.286435
vt 0.791808 0.300290
vt 0.793715 0.306627
vt 0.437510 0.867038
vt 0.436422 0.860627
vt 0.438644 0.866378
vt 0.437580 0.860001
vt 0.440202 0.860235
vt 0.769899 0.901038
vt 0.772785 0.899542
vt 0.772603 0.906735
vt 0.775657 0.905618
vt 0.781481 0.926919
vt 0.776750 0.905842
vt 0.773899 0.899608
vt 0.799356 0.308781
vt 0.819302 0.309668
vt 0.837055 0.310209
vt 0.853631 0.296783
vt 0.853133 0.311210
vt 0.780534 0.944503
vt 0.773729 0.959793
vt 0.779622 0.944278
vt 0.772863 0.959434
vt 0.776479 0.943426
vt 0.769899 0.958090
vt 0.874594 0.533678
vt 0.870571 0.533179
vt 0.873696 0.532740
vt 0.778242 0.927182
vt 0.819462 0.310615
vt 0.836907 0.311150
vt 0.782427 0.926838
vt 0.441169 0.866527
vt 0.436935 0.897428
vt 0.439484 0.897574
vt 0.438406 0.919912
vt 0.435857 0.919729
vt 0.434359 0.918425
vt 0.434646 0.920569
vt 0.793469 0.248851
vt 0.792959 0.246728
vt 0.801673 0.249083
vt 0.802569 0.237515
vt 0.802983 0.249129
vt 0.803717 0.236943
vt 0.992450 0.800432
vt 0.993248 0.812615
vt 0.989874 0.800581
vt 0.990676 0.812764
vt 0.989800 0.817348
vt 0.802472 0.232343
vt 0.801438 0.233061
vt 0.798188 0.231003
vt 0.792274 0.231013
vt 0.791808 0.246086
vt 0.435518 0.921264
vt 0.449274 0.922438
vt 0.434359 0.936299
vt 0.501883 0.779685
vt 0.500924 0.779671
vt 0.500924 0.762482
vt 0.780848 0.867264
vt 0.781651 0.866333
vt 0.784447 0.867626
vt 0.784449 0.866340
vt 0.505134 0.779760
vt 0.504083 0.763264
vt 0.780850 0.882348
vt 0.784449 0.882830
vt 0.781654 0.883286
vt 0.669211 0.978126
vt 0.671398 0.962540
vt 0.672452 0.978234
vt 0.674593 0.961944
vt 0.673404 0.978268
vt 0.675532 0.961770
vt 0.448127 0.937479
vt 0.674175 0.954380
vt 0.673175 0.954196
vt 0.799072 0.230174
vt 0.669975 0.954782
vt 0.672412 0.949873
vt 0.669211 0.950464
vt 0.991448 0.779360
vt 0.988871 0.779438
vt 0.989228 0.763931
vt 0.991792 0.763795
vt 0.802206 0.270212
vt 0.801894 0.285740
vt 0.800893 0.270148
vt 0.793281 0.269968
vt 0.435623 0.897338
vt 0.993248 0.757948
vt 0.990423 0.758440
vt 0.245243 0.920098
vt 0.248108 0.921610
vt 0.246244 0.927482
vt 0.243685 0.936459
vt 0.243412 0.952746
vt 0.248108 0.968118
vt 0.727819 0.550140
vt 0.726344 0.551342
vt 0.727281 0.548946
vt 0.525572 0.909308
vt 0.524716 0.909332
vt 0.525156 0.907468
vt 0.525697 0.911015
vt 0.949210 0.022374
vt 0.948653 0.021575
vt 0.949479 0.020804
vt 0.908941 0.026416
vt 0.907884 0.026551
vt 0.907884 0.024192
vt 0.702301 0.971682
vt 0.703058 0.971238
vt 0.702398 0.973566
vt 0.702301 0.970560
vt 0.426842 0.469075
vt 0.427145 0.470013
vt 0.426113 0.468945
vt 0.426598 0.470642
vt 0.727986 0.547722
vt 0.723184 0.543471
vt 0.426996 0.498316
vt 0.426135 0.497962
vt 0.426996 0.491625
vt 0.426114 0.491574
vt 0.427145 0.462678
vt 0.426494 0.462579
vt 0.891747 0.329956
vt 0.891747 0.331854
vt 0.890972 0.330065
vt 0.102787 0.880219
vt 0.101776 0.882103
vt 0.102107 0.880284
vt 0.102813 0.619634
vt 0.102288 0.620676
vt 0.102339 0.618907
vt 0.103049 0.620703
vt 0.103114 0.618797
vt 0.448149 0.960693
vt 0.447299 0.960939
vt 0.445997 0.959638
vt 0.448087 0.962471
vt 0.448900 0.962199
vt 0.229885 0.978252
vt 0.229363 0.978078
vt 0.229885 0.976324
vt 0.102568 0.697895
vt 0.103190 0.698328
vt 0.102200 0.700002
vt 0.102954 0.699710
vt 0.103190 0.701725
vt 0.467853 0.972838
vt 0.468597 0.972705
vt 0.468597 0.974724
vt 0.102256 0.623783
vt 0.103044 0.622620
vt 0.103114 0.623726
vt 0.102200 0.622573
vt 0.101776 0.878543
vt 0.447491 0.963831
vt 0.447776 0.964571
vt 0.445997 0.965058
vt 0.102944 0.592110
vt 0.102944 0.598474
vt 0.102200 0.592130
vt 0.525697 0.907439
vt 0.725583 0.550729
vt 0.724336 0.551138
vt 0.524834 0.910847
vt 0.608262 0.973739
vt 0.607395 0.973739
vt 0.607755 0.971767
vt 0.948653 0.018980
vt 0.723184 0.549562
vt 0.715330 0.550310
vt 0.716214 0.550351
vt 0.714419 0.550947
vt 0.716214 0.543909
vt 0.715362 0.543471
vt 0.374282 0.972280
vt 0.374282 0.973411
vt 0.373524 0.972737
vt 0.426430 0.449105
vt 0.426113 0.448124
vt 0.427162 0.449250
vt 0.426662 0.447492
vt 0.735118 0.544677
vt 0.735660 0.545907
vt 0.734956 0.547143
vt 0.736589 0.543471
vt 0.524716 0.930311
vt 0.525559 0.930481
vt 0.524716 0.932200
vt 0.524960 0.928618
vt 0.525007 0.949849
vt 0.525562 0.950625
vt 0.524716 0.951373
vt 0.524716 0.970585
vt 0.525665 0.970988
vt 0.524716 0.973030
vt 0.374170 0.970393
vt 0.246754 0.978172
vt 0.246754 0.976295
vt 0.247327 0.977764
vt 0.737285 0.544030
vt 0.738518 0.543617
vt 0.101865 0.890720
vt 0.101776 0.889073
vt 0.102695 0.890970
vt 0.101776 0.892748
vt 0.525562 0.953191
vt 0.739574 0.545125
vt 0.739574 0.551331
vt 0.210430 0.540715
vt 0.211163 0.534375
vt 0.211163 0.540799
vt 0.426758 0.455608
vt 0.426113 0.455523
vt 0.047664 0.975099
vt 0.047664 0.973219
vt 0.048439 0.974993
vt 0.239255 0.978288
vt 0.239255 0.976295
vt 0.239784 0.978011
vt 0.102424 0.634890
vt 0.102958 0.633858
vt 0.102887 0.635626
vt 0.102200 0.633817
vt 0.102233 0.631899
vt 0.714205 0.551790
vt 0.712684 0.550988
vt 0.712514 0.551788
vt 0.977792 0.003485
vt 0.978337 0.003506
vt 0.978344 0.005335
vt 0.847966 0.105943
vt 0.847343 0.105521
vt 0.848325 0.103932
vt 0.847573 0.104203
vt 0.847343 0.102186
vt 0.915014 0.974897
vt 0.914266 0.974897
vt 0.914649 0.972898
vt 0.103058 0.630753
vt 0.102200 0.630795
vt 0.103073 0.631961
vt 0.977792 0.005378
vt 0.711802 0.549854
vt 0.711018 0.549736
vt 0.711506 0.547847
vt 0.144149 0.220683
vt 0.160081 0.222358
vt 0.160080 0.223207
vt 0.144407 0.219879
vt 0.129774 0.213360
vt 0.130272 0.212676
vt 0.498713 0.951911
vt 0.504689 0.967912
vt 0.498713 0.967920
vt 0.498767 0.937311
vt 0.504689 0.951903
vt 0.958195 0.461255
vt 0.964280 0.473916
vt 0.958303 0.473913
vt 0.175750 0.219875
vt 0.176012 0.220679
vt 0.189885 0.212669
vt 0.190382 0.213353
vt 0.201103 0.201448
vt 0.201792 0.201945
vt 0.208306 0.187309
vt 0.209115 0.187567
vt 0.210792 0.171633
vt 0.209115 0.155699
vt 0.211636 0.171633
vt 0.208306 0.155962
vt 0.201792 0.141327
vt 0.189885 0.130607
vt 0.201103 0.141826
vt 0.175750 0.123404
vt 0.190382 0.129917
vt 0.176012 0.122595
vt 0.160081 0.120920
vt 0.160080 0.120075
vt 0.144149 0.122598
vt 0.144407 0.123408
vt 0.129774 0.129924
vt 0.130272 0.130614
vt 0.118369 0.141337
vt 0.119054 0.141835
vt 0.111046 0.155711
vt 0.111851 0.187321
vt 0.118369 0.201955
vt 0.111046 0.187578
vt 0.119054 0.201457
vt 0.504743 0.983757
vt 0.498767 0.983766
vt 0.299958 0.212677
vt 0.311860 0.201958
vt 0.300456 0.213362
vt 0.285825 0.219877
vt 0.286083 0.220682
vt 0.270153 0.222355
vt 0.270154 0.223204
vt 0.254487 0.219869
vt 0.254225 0.220673
vt 0.240354 0.212661
vt 0.239857 0.213346
vt 0.958138 0.446127
vt 0.964172 0.461257
vt 0.958138 0.430005
vt 0.964115 0.446130
vt 0.958195 0.414470
vt 0.964115 0.430008
vt 0.958303 0.401046
vt 0.964172 0.414473
vt 0.073990 0.914327
vt 0.067937 0.901616
vt 0.073914 0.901617
vt 0.074030 0.929485
vt 0.068013 0.914325
vt 0.074030 0.945613
vt 0.068053 0.929483
vt 0.073990 0.961121
vt 0.068053 0.945612
vt 0.073914 0.974496
vt 0.068013 0.961119
vt 0.575775 0.953222
vt 0.569714 0.940410
vt 0.575690 0.940444
vt 0.575775 0.968421
vt 0.569799 0.953188
vt 0.575690 0.984550
vt 0.569799 0.968387
vt 0.318376 0.187326
vt 0.311174 0.201460
vt 0.319182 0.155717
vt 0.311174 0.141841
vt 0.311860 0.141342
vt 0.299958 0.130618
vt 0.285825 0.123410
vt 0.300456 0.129929
vt 0.286083 0.122601
vt 0.270153 0.120920
vt 0.270154 0.120075
vt 0.254225 0.122592
vt 0.254487 0.123402
vt 0.239857 0.129913
vt 0.240354 0.130602
vt 0.228449 0.141320
vt 0.221935 0.155954
vt 0.221127 0.155691
vt 0.219450 0.171624
vt 0.221127 0.187557
vt 0.218606 0.171623
vt 0.221935 0.187300
vt 0.228449 0.201936
vt 0.229137 0.201439
vt 0.855239 0.003485
vt 0.868528 0.003586
vt 0.855239 0.024648
vt 0.868564 0.024749
vt 0.783943 0.454134
vt 0.790836 0.454077
vt 0.784023 0.475297
vt 0.794861 0.456157
vt 0.796537 0.461249
vt 0.796564 0.475194
vt 0.784099 0.496464
vt 0.796604 0.496362
vt 0.796490 0.509106
vt 0.783943 0.530189
vt 0.798329 0.515351
vt 0.785942 0.536248
vt 0.790890 0.538427
vt 0.804513 0.517583
vt 0.811838 0.517452
vt 0.811847 0.538620
vt 0.827950 0.538585
vt 0.827910 0.517417
vt 0.843305 0.538591
vt 0.211134 0.703388
vt 0.209290 0.703388
vt 0.211125 0.701419
vt 0.210985 0.839228
vt 0.211184 0.841337
vt 0.209275 0.839360
vt 0.697096 0.100895
vt 0.694243 0.097732
vt 0.697007 0.098774
vt 0.695250 0.101151
vt 0.210818 0.821347
vt 0.209275 0.817961
vt 0.210818 0.817565
vt 0.209836 0.816508
vt 0.693841 0.102579
vt 0.692418 0.101151
vt 0.694216 0.101514
vt 0.211134 0.699939
vt 0.209291 0.699939
vt 0.211124 0.698383
vt 0.209277 0.701417
vt 0.209275 0.698381
vt 0.209291 0.696397
vt 0.211134 0.696398
vt 0.690576 0.100895
vt 0.690646 0.098775
vt 0.209487 0.832257
vt 0.210993 0.830017
vt 0.211205 0.832126
vt 0.209275 0.830148
vt 0.209488 0.828454
vt 0.211205 0.828318
vt 0.689760 0.097108
vt 0.691272 0.095819
vt 0.502578 0.786730
vt 0.502576 0.788574
vt 0.500924 0.786740
vt 0.500924 0.788588
vt 0.862307 0.330002
vt 0.862307 0.331761
vt 0.860602 0.329735
vt 0.860605 0.331491
vt 0.692006 0.094076
vt 0.693814 0.094512
vt 0.890972 0.308827
vt 0.892816 0.308827
vt 0.890982 0.310759
vt 0.892830 0.310757
vt 0.892816 0.312706
vt 0.890972 0.312706
vt 0.695624 0.094076
vt 0.696360 0.095819
vt 0.317468 0.553608
vt 0.319156 0.553909
vt 0.317468 0.555364
vt 0.319161 0.555670
vt 0.877141 0.026050
vt 0.875537 0.026036
vt 0.877141 0.024200
vt 0.875534 0.024192
vt 0.697888 0.097108
vt 0.210985 0.843040
vt 0.209275 0.843167
vt 0.209471 0.841469
vt 0.693492 0.100342
vt 0.694206 0.098087
vt 0.673689 0.456488
vt 0.688869 0.454077
vt 0.674888 0.460160
vt 0.582785 0.953194
vt 0.588740 0.953026
vt 0.582785 0.967855
vt 0.588700 0.940410
vt 0.582745 0.940678
vt 0.003643 0.901781
vt 0.009598 0.902068
vt 0.003540 0.914294
vt 0.009495 0.914478
vt 0.003485 0.929021
vt 0.009441 0.929087
vt 0.003485 0.944523
vt 0.009441 0.944459
vt 0.003540 0.959280
vt 0.009495 0.959098
vt 0.003643 0.971847
vt 0.009598 0.971564
vt 0.987571 0.193522
vt 0.981540 0.207007
vt 0.981616 0.193283
vt 0.659987 0.542978
vt 0.649120 0.532110
vt 0.662262 0.539868
vt 0.652248 0.529849
vt 0.645817 0.517229
vt 0.642141 0.518414
vt 0.639739 0.503229
vt 0.643602 0.503236
vt 0.642146 0.488047
vt 0.645817 0.489240
vt 0.652248 0.476616
vt 0.649124 0.474345
vt 0.659994 0.463473
vt 0.662265 0.466593
vt 0.673683 0.549953
vt 0.674885 0.546294
vt 0.688874 0.548507
vt 0.688865 0.552353
vt 0.987496 0.237507
vt 0.981540 0.237629
vt 0.987470 0.222292
vt 0.981616 0.251520
vt 0.987571 0.251290
vt 0.283006 0.973694
vt 0.288963 0.973775
vt 0.282893 0.988242
vt 0.289002 0.958278
vt 0.283045 0.958319
vt 0.288963 0.943464
vt 0.283006 0.943627
vt 0.288849 0.930782
vt 0.282893 0.931050
vt 0.806264 0.106431
vt 0.800309 0.106177
vt 0.806264 0.093967
vt 0.800309 0.093817
vt 0.218606 0.964421
vt 0.222392 0.964421
vt 0.222071 0.970372
vt 0.569457 0.319453
vt 0.582269 0.328033
vt 0.554989 0.314135
vt 0.597102 0.323829
vt 0.612507 0.323239
vt 0.622042 0.311119
vt 0.634158 0.301587
vt 0.634748 0.286179
vt 0.638950 0.271348
vt 0.622046 0.247077
vt 0.612513 0.234960
vt 0.634161 0.256607
vt 0.597109 0.234375
vt 0.582274 0.230174
vt 0.569464 0.238756
vt 0.554993 0.244079
vt 0.549672 0.258548
vt 0.541092 0.271357
vt 0.545292 0.286189
vt 0.545877 0.301598
vt 0.937487 0.025336
vt 0.941284 0.019395
vt 0.941682 0.025347
vt 0.937487 0.018980
vt 0.702871 0.460151
vt 0.688876 0.457937
vt 0.704048 0.456480
vt 0.588740 0.967812
vt 0.582745 0.983227
vt 0.588700 0.983310
vt 0.987496 0.207136
vt 0.981514 0.222290
vt 0.218643 0.970776
vt 0.535922 0.890065
vt 0.544955 0.902500
vt 0.533207 0.892799
vt 0.541534 0.904255
vt 0.545914 0.917729
vt 0.549707 0.917118
vt 0.549708 0.932490
vt 0.545913 0.931897
vt 0.544959 0.947113
vt 0.541535 0.945370
vt 0.533207 0.956839
vt 0.535924 0.959554
vt 0.704048 0.549946
vt 0.702865 0.546287
vt 0.540559 0.636330
vt 0.539708 0.617273
vt 0.546073 0.632643
vt 0.533208 0.599347
vt 0.533207 0.618568
vt 0.199408 0.602157
vt 0.207201 0.619826
vt 0.199409 0.618271
vt 0.193240 0.587263
vt 0.207201 0.600605
vt 0.354710 0.817925
vt 0.297461 0.833819
vt 0.297504 0.817925
vt 0.354653 0.802215
vt 0.297447 0.802215
vt 0.354503 0.789071
vt 0.297297 0.789071
vt 0.275902 0.833787
vt 0.218623 0.847491
vt 0.218691 0.833787
vt 0.275923 0.817878
vt 0.218711 0.817878
vt 0.275893 0.802190
vt 0.218682 0.802190
vt 0.218606 0.789113
vt 0.363459 0.802830
vt 0.420764 0.789075
vt 0.420668 0.802830
vt 0.420640 0.818749
vt 0.363473 0.834420
vt 0.420683 0.834420
vt 0.363581 0.847445
vt 0.420791 0.847445
vt 0.449204 0.853030
vt 0.434359 0.795752
vt 0.449204 0.795820
vt 0.465321 0.853031
vt 0.465321 0.795821
vt 0.480259 0.852966
vt 0.480259 0.795756
vt 0.491742 0.852844
vt 0.491742 0.795634
vt 0.354667 0.833819
vt 0.297324 0.847465
vt 0.193245 0.633163
vt 0.199850 0.637587
vt 0.181851 0.644557
vt 0.971846 0.375985
vt 0.975056 0.393798
vt 0.971925 0.393799
vt 0.554146 0.649924
vt 0.557831 0.644405
vt 0.984715 0.961782
vt 0.987980 0.977204
vt 0.984750 0.977197
vt 0.644289 0.068983
vt 0.645465 0.068173
vt 0.656049 0.080745
vt 0.637923 0.053614
vt 0.988081 0.989058
vt 0.984852 0.989051
vt 0.986514 0.922863
vt 0.983432 0.908777
vt 0.986662 0.908778
vt 0.637925 0.036982
vt 0.639316 0.053328
vt 0.639317 0.037262
vt 0.702570 0.079531
vt 0.656822 0.011053
vt 0.671667 0.004907
vt 0.671412 0.003489
vt 0.687728 0.004903
vt 0.656044 0.009852
vt 0.986662 0.876166
vt 0.983284 0.862600
vt 0.986514 0.862602
vt 0.986714 0.892379
vt 0.983432 0.876164
vt 0.644289 0.021614
vt 0.645464 0.022418
vt 0.988137 0.892424
vt 0.988087 0.908264
vt 0.983484 0.892377
vt 0.539711 0.600641
vt 0.540562 0.581588
vt 0.546077 0.585273
vt 0.181978 0.992858
vt 0.178969 0.973896
vt 0.182099 0.973908
vt 0.199849 0.582846
vt 0.186260 0.569254
vt 0.181848 0.575868
vt 0.168503 0.561897
vt 0.166961 0.569699
vt 0.150852 0.569698
vt 0.149290 0.561895
vt 0.414882 0.990616
vt 0.411836 0.974270
vt 0.414967 0.974271
vt 0.571913 0.560643
vt 0.589829 0.567148
vt 0.573201 0.567150
vt 0.557833 0.573513
vt 0.554154 0.567998
vt 0.182099 0.955169
vt 0.178848 0.939480
vt 0.181978 0.939492
vt 0.178969 0.955157
vt 0.591130 0.560643
vt 0.605194 0.573514
vt 0.411866 0.955298
vt 0.414997 0.955299
vt 0.135965 0.575862
vt 0.131537 0.569248
vt 0.117953 0.582839
vt 0.124574 0.587260
vt 0.118410 0.602148
vt 0.110597 0.600596
vt 0.414967 0.936590
vt 0.411751 0.920989
vt 0.414882 0.920990
vt 0.622473 0.581592
vt 0.629828 0.599349
vt 0.616952 0.585277
vt 0.623312 0.600643
vt 0.996489 0.047422
vt 0.993185 0.033927
vt 0.996415 0.033928
vt 0.715164 0.021611
vt 0.721525 0.036977
vt 0.713932 0.022414
vt 0.720080 0.037256
vt 0.720079 0.053325
vt 0.721529 0.053613
vt 0.715165 0.068981
vt 0.988960 0.687811
vt 0.992153 0.704245
vt 0.988923 0.704243
vt 0.989065 0.673617
vt 0.992190 0.687812
vt 0.623314 0.617279
vt 0.629824 0.618575
vt 0.616948 0.632646
vt 0.178890 0.879300
vt 0.181978 0.898290
vt 0.178848 0.898289
vt 0.179012 0.862894
vt 0.182021 0.879302
vt 0.118411 0.618267
vt 0.110601 0.619821
vt 0.124576 0.633155
vt 0.135971 0.644555
vt 0.117954 0.637581
vt 0.131543 0.651172
vt 0.182021 0.916975
vt 0.178890 0.916973
vt 0.608878 0.649924
vt 0.605187 0.644403
vt 0.589824 0.650769
vt 0.182142 0.932510
vt 0.179012 0.932508
vt 0.149295 0.658528
vt 0.150854 0.650724
vt 0.166968 0.650726
vt 0.168513 0.658532
vt 0.971925 0.339060
vt 0.974977 0.356764
vt 0.971846 0.356764
vt 0.571902 0.657278
vt 0.573190 0.650768
vt 0.974977 0.375985
vt 0.186265 0.651179
vt 0.984750 0.945155
vt 0.987945 0.961788
vt 0.983319 0.945444
vt 0.983284 0.961510
vt 0.656823 0.079534
vt 0.671408 0.087106
vt 0.671664 0.085681
vt 0.688042 0.087106
vt 0.687731 0.085680
vt 0.703404 0.080739
vt 0.988960 0.720409
vt 0.992295 0.733855
vt 0.989065 0.733853
vt 0.992190 0.720411
vt 0.713929 0.068170
vt 0.984852 0.929833
vt 0.987980 0.945161
vt 0.703405 0.009850
vt 0.702570 0.011054
vt 0.688040 0.003485
vt 0.996489 0.080031
vt 0.993285 0.063612
vt 0.996515 0.063613
vt 0.996415 0.094173
vt 0.993259 0.080030
vt 0.993259 0.047422
vt 0.411836 0.936589
vt 0.102790 0.837632
vt 0.103387 0.838413
vt 0.101776 0.839491
vt 0.103326 0.836587
vt 0.102900 0.678072
vt 0.102200 0.678050
vt 0.103276 0.676148
vt 0.102647 0.679964
vt 0.103276 0.679822
vt 0.101776 0.835570
vt 0.914266 0.935163
vt 0.914396 0.932774
vt 0.915142 0.935149
vt 0.915142 0.933283
vt 0.965804 0.843373
vt 0.964313 0.842411
vt 0.966244 0.842739
vt 0.967250 0.845337
vt 0.822877 0.975647
vt 0.823473 0.976254
vt 0.822877 0.977686
vt 0.804938 0.977958
vt 0.804447 0.978472
vt 0.804447 0.976655
vt 0.210430 0.547832
vt 0.211139 0.547769
vt 0.211134 0.554165
vt 0.102200 0.578744
vt 0.102927 0.578744
vt 0.102320 0.585140
vt 0.812616 0.978086
vt 0.812056 0.978306
vt 0.812056 0.976530
vt 0.794447 0.977517
vt 0.794426 0.978769
vt 0.793627 0.977517
vt 0.966459 0.844970
vt 0.964313 0.850391
vt 0.210430 0.554204
vt 0.525557 0.921539
vt 0.524716 0.921647
vt 0.524836 0.919811
vt 0.793307 0.551055
vt 0.793365 0.548928
vt 0.793895 0.550169
vt 0.798181 0.546116
vt 0.427097 0.483957
vt 0.426113 0.484604
vt 0.426113 0.477612
vt 0.726249 0.977260
vt 0.726788 0.977529
vt 0.726249 0.978868
vt 0.211168 0.809538
vt 0.210383 0.809513
vt 0.210053 0.806753
vt 0.209275 0.808232
vt 0.209509 0.806222
vt 0.872365 0.957293
vt 0.872373 0.958767
vt 0.871701 0.957091
vt 0.794700 0.552306
vt 0.794923 0.551726
vt 0.797200 0.552626
vt 0.524716 0.917985
vt 0.525478 0.918054
vt 0.525508 0.919997
vt 0.796313 0.551894
vt 0.798181 0.551207
vt 0.211168 0.805129
vt 0.872373 0.955260
vt 0.914790 0.931714
vt 0.748916 0.971048
vt 0.748916 0.973167
vt 0.748058 0.971864
vt 0.756741 0.971204
vt 0.755886 0.973053
vt 0.755886 0.971048
vt 0.102515 0.676374
vt 0.761818 0.444749
vt 0.746097 0.338945
vt 0.761818 0.338922
vt 0.776104 0.444675
vt 0.776104 0.338847
vt 0.864455 0.666591
vt 0.848592 0.560765
vt 0.864455 0.560771
vt 0.879663 0.666518
vt 0.879663 0.560698
vt 0.892722 0.560554
vt 0.493399 0.569844
vt 0.506075 0.675751
vt 0.493399 0.675674
vt 0.478398 0.569802
vt 0.478398 0.675633
vt 0.462529 0.569800
vt 0.462529 0.675631
vt 0.447356 0.569837
vt 0.447356 0.675668
vt 0.434359 0.569910
vt 0.434359 0.675741
vt 0.062478 0.562791
vt 0.075206 0.668726
vt 0.062478 0.668618
vt 0.047446 0.562734
vt 0.047446 0.668561
vt 0.031580 0.562732
vt 0.031580 0.668559
vt 0.016429 0.562785
vt 0.016429 0.668612
vt 0.003485 0.562889
vt 0.003485 0.668716
vt 0.730479 0.444742
vt 0.716491 0.338834
vt 0.730479 0.338915
vt 0.746097 0.444773
vt 0.321321 0.880768
vt 0.327049 0.887761
vt 0.322000 0.889853
vt 0.324038 0.878053
vt 0.314766 0.878056
vt 0.317482 0.871500
vt 0.324037 0.874212
vt 0.317482 0.880769
vt 0.316532 0.889852
vt 0.751886 0.003508
vt 0.757356 0.003508
vt 0.749466 0.017702
vt 0.759601 0.017703
vt 0.747446 0.031875
vt 0.761470 0.031876
vt 0.746025 0.046211
vt 0.778321 0.046144
vt 0.762787 0.046212
vt 0.774467 0.031820
vt 0.768993 0.017662
vt 0.762422 0.003486
vt 0.330917 0.883891
vt 0.333315 0.897628
vt 0.333009 0.878838
vt 0.333008 0.873371
vt 0.672985 0.230230
vt 0.678375 0.230244
vt 0.668720 0.244476
vt 0.678712 0.244503
vt 0.665167 0.258692
vt 0.678993 0.258730
vt 0.662665 0.273058
vt 0.679191 0.273103
vt 0.661341 0.287374
vt 0.679296 0.287423
vt 0.679296 0.312773
vt 0.697050 0.312708
vt 0.697050 0.287358
vt 0.695532 0.273043
vt 0.692665 0.258680
vt 0.688592 0.244467
vt 0.683707 0.230225
vt 0.696861 0.244373
vt 0.330914 0.868319
vt 0.327048 0.864452
vt 0.321321 0.871499
vt 0.321998 0.862361
vt 0.316533 0.862362
vt 0.757917 0.312456
vt 0.752522 0.312449
vt 0.762105 0.298298
vt 0.752102 0.298285
vt 0.765594 0.284154
vt 0.751752 0.284136
vt 0.768051 0.269840
vt 0.735191 0.269849
vt 0.751506 0.269818
vt 0.738102 0.284162
vt 0.742237 0.298303
vt 0.747197 0.312459
vt 0.311481 0.864452
vt 0.307615 0.868319
vt 0.304462 0.854435
vt 0.314769 0.874218
vt 0.305521 0.873375
vt 0.305526 0.878844
vt 0.750167 0.536469
vt 0.744764 0.536459
vt 0.754291 0.522273
vt 0.744279 0.522255
vt 0.757729 0.508098
vt 0.743875 0.508074
vt 0.760150 0.493762
vt 0.743590 0.493733
vt 0.761430 0.479461
vt 0.743440 0.479429
vt 0.743440 0.454077
vt 0.725737 0.479478
vt 0.725737 0.454126
vt 0.711018 0.479599
vt 0.711018 0.454248
vt 0.713752 0.493889
vt 0.727296 0.493777
vt 0.730243 0.508111
vt 0.718911 0.508205
vt 0.726235 0.522350
vt 0.734427 0.522282
vt 0.304459 0.897633
vt 0.297297 0.890466
vt 0.311481 0.887761
vt 0.307617 0.883895
vt 0.739450 0.536474
vt 0.740128 0.017660
vt 0.746850 0.003485
vt 0.734531 0.031817
vt 0.730588 0.046141
vt 0.728499 0.060435
vt 0.745273 0.060511
vt 0.728499 0.085787
vt 0.745273 0.085863
vt 0.763484 0.060513
vt 0.763484 0.085865
vt 0.780362 0.060439
vt 0.793339 0.060302
vt 0.790263 0.046018
vt 0.793339 0.085654
vt 0.780362 0.085791
vt 0.645921 0.312569
vt 0.645921 0.287219
vt 0.648474 0.272915
vt 0.653295 0.258573
vt 0.660137 0.244390
vt 0.668354 0.230183
vt 0.340482 0.890459
vt 0.776217 0.017586
vt 0.784458 0.031714
vt 0.761430 0.454110
vt 0.776973 0.479569
vt 0.718873 0.230293
vt 0.733650 0.255560
vt 0.718873 0.255645
vt 0.733650 0.230207
vt 0.751376 0.255526
vt 0.751376 0.230174
vt 0.769351 0.255550
vt 0.769351 0.230197
vt 0.784838 0.255626
vt 0.711903 0.312539
vt 0.711903 0.287189
vt 0.709204 0.272888
vt 0.704101 0.258550
vt 0.770725 0.298340
vt 0.777518 0.284213
vt 0.762568 0.312479
vt 0.782306 0.269910
vt 0.721589 0.269927
vt 0.726726 0.284227
vt 0.734012 0.298351
vt 0.297297 0.861601
vt 0.762943 0.522333
vt 0.754837 0.536501
vt 0.769696 0.508182
vt 0.774456 0.493861
vt 0.800309 0.005851
vt 0.800816 0.004174
vt 0.816048 0.045167
vt 0.354275 0.856387
vt 0.347925 0.856115
vt 0.353804 0.854712
vt 0.354275 0.934781
vt 0.347925 0.934922
vt 0.800309 0.084248
vt 0.800816 0.085937
vt 0.353804 0.936473
vt 0.347452 0.936613
vt 0.880071 0.934188
vt 0.888807 0.934287
vt 0.880078 0.935891
vt 0.888814 0.935981
vt 0.880078 0.973928
vt 0.829732 0.086847
vt 0.802043 0.086640
vt 0.209275 0.716593
vt 0.210841 0.710359
vt 0.210841 0.717398
vt 0.929461 0.862894
vt 0.923034 0.941393
vt 0.923034 0.862591
vt 0.210948 0.680691
vt 0.210818 0.689427
vt 0.209275 0.680691
vt 0.959405 0.973994
vt 0.950664 0.936045
vt 0.959401 0.935951
vt 0.802043 0.003485
vt 0.829732 0.003692
vt 0.950668 0.934356
vt 0.959405 0.934253
vt 0.347452 0.854435
vt 0.929461 0.941284
vt 0.923513 0.943070
vt 0.888814 0.973823
vt 0.880071 0.975596
vt 0.842669 0.444657
vt 0.828765 0.338916
vt 0.842669 0.338834
vt 0.808850 0.892605
vt 0.793627 0.786718
vt 0.808850 0.786790
vt 0.824711 0.892598
vt 0.824711 0.786782
vt 0.839658 0.892513
vt 0.839658 0.786697
vt 0.852233 0.892357
vt 0.852233 0.786542
vt 0.169123 0.665537
vt 0.182282 0.771433
vt 0.169123 0.771362
vt 0.153869 0.665502
vt 0.153869 0.771327
vt 0.138012 0.665506
vt 0.138012 0.771332
vt 0.123102 0.665550
vt 0.123102 0.771375
vt 0.110597 0.665628
vt 0.110597 0.771453
vt 0.695258 0.560692
vt 0.708468 0.666614
vt 0.695258 0.666514
vt 0.679981 0.560643
vt 0.679981 0.666466
vt 0.664126 0.560651
vt 0.664126 0.666473
vt 0.649246 0.560713
vt 0.649246 0.666535
vt 0.636799 0.560825
vt 0.636799 0.666647
vt 0.797437 0.444750
vt 0.783075 0.338854
vt 0.797437 0.338927
vt 0.813180 0.444771
vt 0.813180 0.338948
vt 0.828765 0.444739
vt 0.961777 0.259393
vt 0.964876 0.394054
vt 0.961777 0.394076
vt 0.958138 0.259385
vt 0.958138 0.394068
vt 0.286272 0.923800
vt 0.282893 0.789125
vt 0.286272 0.789113
vt 0.289756 0.923810
vt 0.289756 0.789123
vt 0.502185 0.795659
vt 0.505574 0.930308
vt 0.502185 0.930332
vt 0.498713 0.795637
vt 0.498713 0.930311
vt 0.262196 0.563214
vt 0.277358 0.669089
vt 0.262196 0.669036
vt 0.246331 0.563216
vt 0.246331 0.669038
vt 0.231310 0.563274
vt 0.231310 0.669096
vt 0.218606 0.563382
vt 0.218606 0.669204
vt 0.729615 0.666546
vt 0.715439 0.560647
vt 0.729615 0.560723
vt 0.745302 0.666572
vt 0.745302 0.560749
vt 0.760960 0.666544
vt 0.760960 0.560722
vt 0.775061 0.666466
vt 0.775061 0.560643
vt 0.865506 0.444878
vt 0.849639 0.339063
vt 0.865506 0.339063
vt 0.880586 0.444799
vt 0.880586 0.338984
vt 0.893406 0.338834
vt 0.356103 0.563252
vt 0.369026 0.669151
vt 0.356103 0.669077
vt 0.340971 0.669039
vt 0.325102 0.563215
vt 0.325102 0.669040
vt 0.310056 0.563255
vt 0.310056 0.669081
vt 0.297297 0.563331
vt 0.297297 0.669156
vt 0.277358 0.563267
vt 0.290327 0.669193
vt 0.807202 0.779533
vt 0.793627 0.673617
vt 0.807202 0.673706
vt 0.822656 0.779572
vt 0.822656 0.673744
vt 0.838467 0.779557
vt 0.838467 0.673730
vt 0.853093 0.779491
vt 0.853093 0.673664
vt 0.391816 0.563407
vt 0.375996 0.669207
vt 0.375996 0.563387
vt 0.407242 0.563347
vt 0.391816 0.669226
vt 0.420755 0.563213
vt 0.407242 0.669167
vt 0.278000 0.676231
vt 0.290158 0.782143
vt 0.278000 0.782061
vt 0.263289 0.676183
vt 0.263289 0.782013
vt 0.247458 0.676175
vt 0.247458 0.782004
vt 0.232062 0.676205
vt 0.232062 0.782035
vt 0.218606 0.676273
vt 0.218606 0.782103
vt 0.062853 0.675774
vt 0.075066 0.781716
vt 0.062853 0.781601
vt 0.048106 0.675708
vt 0.048106 0.781534
vt 0.032269 0.675696
vt 0.032269 0.781523
vt 0.016894 0.781567
vt 0.003485 0.675837
vt 0.003485 0.781664
vt 0.019028 0.894811
vt 0.003485 0.788940
vt 0.019028 0.788991
vt 0.034798 0.894782
vt 0.034798 0.788962
vt 0.049251 0.894677
vt 0.049251 0.788857
vt 0.060967 0.788686
vt 0.772804 0.673642
vt 0.786657 0.779534
vt 0.772804 0.779472
vt 0.757237 0.673617
vt 0.757237 0.779447
vt 0.741482 0.673632
vt 0.741482 0.779462
vt 0.727075 0.673686
vt 0.727075 0.779516
vt 0.715430 0.673772
vt 0.715430 0.779602
vt 0.827730 0.560677
vt 0.841621 0.666591
vt 0.827730 0.666504
vt 0.812146 0.560643
vt 0.812146 0.666470
vt 0.796399 0.560666
vt 0.796399 0.666492
vt 0.782031 0.560742
vt 0.782031 0.666569
vt 0.727869 0.892505
vt 0.715430 0.786572
vt 0.727869 0.786678
vt 0.742739 0.892565
vt 0.742739 0.786737
vt 0.758592 0.892572
vt 0.758592 0.786745
vt 0.773878 0.786699
vt 0.933827 0.441365
vt 0.930520 0.259384
vt 0.933827 0.259371
vt 0.937363 0.441374
vt 0.937363 0.259380
vt 0.926559 0.673644
vt 0.929881 0.855594
vt 0.926559 0.855620
vt 0.923034 0.855602
vt 0.954333 0.673641
vt 0.957342 0.855607
vt 0.954333 0.855630
vt 0.950664 0.673634
vt 0.950664 0.855624
vt 0.661238 0.104293
vt 0.661242 0.106157
vt 0.658285 0.103069
vt 0.664186 0.103071
vt 0.665512 0.104391
vt 0.719092 0.951143
vt 0.715430 0.955698
vt 0.715450 0.951134
vt 0.941471 0.232143
vt 0.945099 0.228031
vt 0.945113 0.232145
vt 0.941456 0.236541
vt 0.945099 0.236544
vt 0.925805 0.007617
vt 0.929419 0.003489
vt 0.929447 0.007621
vt 0.925777 0.012006
vt 0.929419 0.012010
vt 0.719072 0.955707
vt 0.715450 0.959444
vt 0.671741 0.330052
vt 0.667469 0.331824
vt 0.670429 0.328736
vt 0.667475 0.329960
vt 0.664528 0.328739
vt 0.663200 0.330058
vt 0.663200 0.321512
vt 0.667469 0.319743
vt 0.664525 0.322833
vt 0.667475 0.321613
vt 0.670426 0.322832
vt 0.671738 0.321509
vt 0.673508 0.325782
vt 0.671648 0.325785
vt 0.656970 0.104386
vt 0.655203 0.100115
vt 0.657065 0.100119
vt 0.658288 0.097164
vt 0.656973 0.095843
vt 0.661243 0.094076
vt 0.661238 0.095945
vt 0.664189 0.097166
vt 0.665512 0.095845
vt 0.943183 0.215917
vt 0.939641 0.033936
vt 0.943183 0.033927
vt 0.946484 0.215931
vt 0.946484 0.033941
vt 0.947619 0.259399
vt 0.951168 0.441353
vt 0.947619 0.441371
vt 0.944333 0.259371
vt 0.944333 0.441343
vt 0.929344 0.033945
vt 0.932671 0.215912
vt 0.929344 0.215930
vt 0.925826 0.033932
vt 0.925826 0.215918
vt 0.687704 0.322832
vt 0.690786 0.325782
vt 0.688926 0.325785
vt 0.684747 0.319743
vt 0.689016 0.321509
vt 0.684753 0.321613
vt 0.681803 0.322833
vt 0.680478 0.321512
vt 0.947067 0.007599
vt 0.950690 0.003487
vt 0.950705 0.007601
vt 0.947053 0.011997
vt 0.950690 0.012000
vt 0.936446 0.007617
vt 0.940054 0.003489
vt 0.940083 0.007621
vt 0.936417 0.012006
vt 0.940054 0.012010
vt 0.729700 0.955707
vt 0.726082 0.959444
vt 0.726062 0.955698
vt 0.729719 0.951143
vt 0.726082 0.951134
vt 0.680478 0.330058
vt 0.681806 0.328739
vt 0.684747 0.331824
vt 0.684753 0.329960
vt 0.687707 0.328736
vt 0.689019 0.330052
vt 0.656230 0.330058
vt 0.651960 0.331824
vt 0.654904 0.328738
vt 0.651956 0.329960
vt 0.649002 0.328736
vt 0.647687 0.330053
vt 0.645921 0.325782
vt 0.647783 0.325786
vt 0.649005 0.322831
vt 0.647691 0.321510
vt 0.651961 0.319743
vt 0.651956 0.321612
vt 0.654907 0.322833
vt 0.656230 0.321512
vt 0.648233 0.104391
vt 0.643963 0.106157
vt 0.646906 0.103071
vt 0.926695 0.950050
vt 0.923034 0.954604
vt 0.923053 0.950041
vt 0.941471 0.247628
vt 0.945099 0.243516
vt 0.945113 0.247630
vt 0.941457 0.252026
vt 0.945099 0.252029
vt 0.769004 0.547603
vt 0.772617 0.543476
vt 0.772646 0.547608
vt 0.768976 0.551992
vt 0.772617 0.551996
vt 0.926676 0.954614
vt 0.923053 0.958351
vt 0.681023 0.104385
vt 0.676751 0.106157
vt 0.679711 0.103069
vt 0.676757 0.104293
vt 0.673810 0.103072
vt 0.672482 0.104391
vt 0.672482 0.095845
vt 0.676751 0.094076
vt 0.673807 0.097166
vt 0.676757 0.095946
vt 0.679708 0.097165
vt 0.681020 0.095842
vt 0.682790 0.100115
vt 0.680930 0.100118
vt 0.639690 0.104386
vt 0.641005 0.103069
vt 0.637923 0.100115
vt 0.639785 0.100119
vt 0.641008 0.097164
vt 0.639694 0.095843
vt 0.643964 0.094076
vt 0.643959 0.095945
vt 0.646909 0.097166
vt 0.648233 0.095845
vt 0.643959 0.104293
vt 0.936679 0.663090
vt 0.933366 0.481083
vt 0.936679 0.481096
vt 0.946947 0.481110
vt 0.950489 0.663068
vt 0.946947 0.663086
vt 0.943649 0.481083
vt 0.943649 0.663059
vt 0.940382 0.673635
vt 0.943694 0.855606
vt 0.940382 0.855625
vt 0.936851 0.673623
vt 0.936851 0.855612
vt 0.933366 0.663077
vt 0.929835 0.481092
vt 0.426871 0.537314
vt 0.426113 0.537310
vt 0.426728 0.530967
vt 0.210252 0.724368
vt 0.210903 0.724595
vt 0.209275 0.726380
vt 0.209992 0.726484
vt 0.209621 0.728263
vt 0.210366 0.728173
vt 0.210903 0.729839
vt 0.490100 0.947905
vt 0.490873 0.947465
vt 0.489719 0.949148
vt 0.489719 0.946162
vt 0.974958 0.853365
vt 0.974221 0.853365
vt 0.974680 0.851370
vt 0.978083 0.019809
vt 0.978669 0.018674
vt 0.978669 0.020270
vt 0.317866 0.113028
vt 0.318150 0.112145
vt 0.318599 0.113028
vt 0.101776 0.861080
vt 0.101860 0.858594
vt 0.102507 0.860969
vt 0.900914 0.024192
vt 0.900914 0.026619
vt 0.899887 0.024930
vt 0.103214 0.571774
vt 0.102503 0.570326
vt 0.103519 0.570725
vt 0.103063 0.563906
vt 0.102200 0.563951
vt 0.103519 0.562895
vt 0.102729 0.562732
vt 0.101775 0.824394
vt 0.102535 0.824178
vt 0.102511 0.826077
vt 0.103262 0.825845
vt 0.102655 0.827377
vt 0.103297 0.827937
vt 0.682502 0.973012
vt 0.683021 0.971033
vt 0.683021 0.973423
vt 0.446687 0.972029
vt 0.446687 0.974165
vt 0.445997 0.972349
vt 0.426134 0.521756
vt 0.426844 0.521897
vt 0.427340 0.523940
vt 0.426823 0.520047
vt 0.426113 0.519981
vt 0.427063 0.518288
vt 0.318357 0.448560
vt 0.318835 0.449180
vt 0.317468 0.451171
vt 0.320242 0.448081
vt 0.319719 0.447490
vt 0.318193 0.450951
vt 0.320242 0.455803
vt 0.427340 0.519019
vt 0.426113 0.530910
vt 0.427317 0.549553
vt 0.426114 0.549922
vt 0.426114 0.544284
vt 0.102706 0.859233
vt 0.101776 0.857278
vt 0.102200 0.667541
vt 0.103011 0.667237
vt 0.103155 0.669178
vt 0.103155 0.665267
vt 0.102625 0.665075
vt 0.169460 0.975490
vt 0.168838 0.975305
vt 0.169460 0.973439
vt 0.914988 0.953882
vt 0.914266 0.954005
vt 0.915502 0.952641
vt 0.915502 0.955430
vt 0.101775 0.828600
vt 0.974221 0.842564
vt 0.974968 0.842411
vt 0.974968 0.844400
vt 0.636799 0.899659
vt 0.644419 0.929280
vt 0.636799 0.929317
vt 0.644419 0.899623
vt 0.653305 0.929256
vt 0.653305 0.899599
vt 0.662241 0.929245
vt 0.626085 0.770076
vt 0.611862 0.664329
vt 0.626085 0.664249
vt 0.599626 0.777177
vt 0.612269 0.883108
vt 0.599626 0.883005
vt 0.612269 0.777280
vt 0.627256 0.883164
vt 0.584927 0.890211
vt 0.569727 0.933391
vt 0.569727 0.890162
vt 0.556678 0.933294
vt 0.556678 0.890065
vt 0.669211 0.942903
vt 0.683113 0.899588
vt 0.683113 0.942816
vt 0.110597 0.891463
vt 0.125730 0.934731
vt 0.110597 0.934693
vt 0.125730 0.891501
vt 0.138652 0.934805
vt 0.049172 0.945006
vt 0.036355 0.901931
vt 0.049172 0.901781
vt 0.029385 0.945006
vt 0.016568 0.901931
vt 0.029385 0.901781
vt 0.614758 0.890172
vt 0.627680 0.933475
vt 0.614758 0.933402
vt 0.599626 0.933364
vt 0.082651 0.788734
vt 0.094805 0.894645
vt 0.082651 0.894564
vt 0.067937 0.788686
vt 0.067937 0.894516
vt 0.916063 0.924611
vt 0.902551 0.818924
vt 0.916063 0.818791
vt 0.950664 0.862600
vt 0.690247 0.972340
vt 0.708270 0.864005
vt 0.984255 0.608960
vt 0.517630 0.907439
vt 0.984255 0.481085
vt 0.976191 0.940042
vt 0.438944 0.944469
vt 0.970397 0.862602
vt 0.427096 0.854415
vt 0.977201 0.830686
vt 0.347452 0.988708
vt 0.984203 0.662363
vt 0.413174 0.031660
vt 0.941435 0.947046
vt 0.972010 0.332086
vt 0.708270 0.948401
vt 0.189282 0.948748
vt 0.195076 0.981342
vt 0.974421 0.195808
vt 0.702476 0.870978
vt 0.981837 0.673619
vt 0.422854 0.194282
vt 0.974981 0.947041
vt 0.278041 0.455291
vt 0.971414 0.473762
vt 0.456298 0.988759
vt 0.986099 0.033929
vt 0.111429 0.381403
vt 0.116281 0.412053
vt 0.398703 0.979977
vt 0.385814 0.920989
vt 0.087082 0.901618
vt 0.094052 0.973765
vt 0.441399 0.018400
vt 0.521619 0.076702
vt 0.526468 0.046053
vt 0.923034 0.965330
vt 0.782031 0.553673
vt 0.697756 0.331646
vt 0.741681 0.331646
vt 0.102200 0.720634
vt 0.973375 0.648375
vt 0.709125 0.331643
vt 0.736689 0.966323
vt 0.826766 0.553641
vt 0.102739 0.709259
vt 0.970254 0.655346
vt 0.816903 0.093829
vt 0.102200 0.743390
vt 0.719279 0.966424
vt 0.841621 0.546127
vt 0.837398 0.330067
vt 0.720063 0.094108
vt 0.037411 0.970998
vt 0.102200 0.732011
vt 0.815907 0.965151
vt 0.809138 0.546088
vt 0.847814 0.330098
vt 0.767000 0.319743
vt 0.363430 0.974070
vt 0.470859 0.957516
vt 0.456244 0.935356
vt 0.533207 0.970929
vt 0.816108 0.553673
vt 0.103418 0.770421
vt 0.030439 0.967315
vt 0.918806 0.003485
vt 0.773970 0.331671
vt 0.415028 0.854425
vt 0.889978 0.230187
vt 0.850587 0.525762
vt 0.520011 0.315834
vt 0.524797 0.300828
vt 0.505010 0.320620
vt 0.529177 0.273182
vt 0.534121 0.288137
vt 0.516475 0.248244
vt 0.491546 0.235536
vt 0.463915 0.239914
vt 0.444128 0.259705
vt 0.439749 0.287351
vt 0.452446 0.312287
vt 0.477375 0.324995
vt 0.492322 0.329944
vt 0.415377 0.868902
vt 0.218606 0.882118
vt 0.836379 0.976957
vt 0.426932 0.934153
vt 0.907135 0.931730
vt 0.964488 0.673617
vt 0.986099 0.113632
vt 0.972594 0.553739
vt 0.619857 0.986950
vt 0.130829 0.988279
vt 0.970282 0.750977
vt 0.972594 0.633370
vt 0.987554 0.401048
vt 0.004291 0.155973
vt 0.556679 0.984516
vt 0.220852 0.025229
vt 0.310896 0.070993
vt 0.310091 0.039389
vt 0.655656 0.936287
vt 0.959599 0.179101
vt 0.843473 0.972454
vt 0.895747 0.017218
vt 0.123805 0.966106
vt 0.972422 0.251956
vt 0.966627 0.203066
vt 0.517870 0.190996
vt 0.785592 0.859362
vt 0.983671 0.387329
vt 0.535579 0.367016
vt 0.964313 0.835441
vt 0.864648 0.944773
vt 0.201122 0.464387
vt 0.629579 0.031671
vt 0.983671 0.319865
vt 0.630953 0.077714
vt 0.201129 0.537187
vt 0.501087 0.755512
vt 0.118882 0.524144
vt 0.301882 0.904603
vt 0.964313 0.757949
vt 0.510775 0.128873
vt 0.125971 0.462026
vt 0.325221 0.904603
vt 0.176348 0.778425
vt 0.482665 0.946183
vt 0.774093 0.092835
vt 0.922865 0.481083
vt 0.855667 0.219437
vt 0.899692 0.666591
vt 0.095230 0.562732
vt 0.800035 0.318180
vt 0.923549 0.259371
vt 0.875675 0.219437
vt 0.900376 0.444879
vt 0.202305 0.665502
vt 0.815231 0.318180
vt 0.728499 0.092835
vt 0.758895 0.092835
vt 0.918856 0.033927
vt 0.873101 0.859114
vt 0.895683 0.219436
vt 0.526098 0.569800
vt 0.830428 0.318180
vt 0.210430 0.521156
vt 0.748058 0.964077
vt 0.880071 0.927215
vt 0.880071 0.809554
vt 0.875534 0.003487
vt 0.612833 0.940446
vt 0.934486 0.228029
vt 0.715430 0.944049
vt 0.171279 0.935975
vt 0.752493 0.331643
vt 0.754775 0.320693
vt 0.709164 0.094076
vt 0.797477 0.970547
vt 0.762005 0.543471
vt 0.103415 0.755764
vt 0.740279 0.951134
vt 0.723896 0.319743
vt 0.722334 0.330692
vt 0.016570 0.967315
vt 0.953454 0.172128
vt 0.526098 0.762271
vt 0.965460 0.481083
vt 0.903026 0.811821
vt 0.844929 0.082125
vt 0.743697 0.092835
vt 0.363430 0.963421
vt 0.375996 0.782042
vt 0.781123 0.113605
vt 0.711375 0.113605
vt 0.534114 0.882993
vt 0.592078 0.882993
vt 0.110597 0.884421
vt 0.169203 0.884245
vt 0.604892 0.664355
vt 0.545712 0.664297
vt 0.703640 0.113642
vt 0.434359 0.788570
vt 0.464465 0.788664
vt 0.157286 0.989444
vt 0.271480 0.946597
vt 0.207871 0.981266
vt 0.942820 0.940049
vt 0.887051 0.526822
vt 0.974421 0.111396
vt 0.336889 0.904604
vt 0.968626 0.033927
vt 0.937026 0.862595
vt 0.145676 0.989444
vt 0.259844 0.946597
vt 0.313554 0.904604
vt 0.056306 0.974525
vt 0.636799 0.892548
vt 0.695331 0.892366
vt 0.708460 0.673722
vt 0.649237 0.673667
vt 0.709521 0.338981
vt 0.665102 0.338843
vt 0.789115 0.219345
vt 0.992373 0.817199
vt 0.504743 0.937302
vt 0.111851 0.155973
vt 0.964280 0.401049
vt 0.067937 0.974494
vt 0.569714 0.984515
vt 0.319182 0.187583
vt 0.318376 0.155979
vt 0.229137 0.141819
vt 0.843265 0.517423
vt 0.582934 0.323831
vt 0.567526 0.323245
vt 0.557999 0.311127
vt 0.610575 0.319449
vt 0.597767 0.328027
vt 0.630367 0.299657
vt 0.625050 0.314128
vt 0.634749 0.272011
vt 0.638950 0.286844
vt 0.630371 0.258540
vt 0.625052 0.244066
vt 0.610582 0.238752
vt 0.582941 0.234377
vt 0.597774 0.230174
vt 0.558003 0.247084
vt 0.567532 0.234965
vt 0.545297 0.272024
vt 0.545880 0.256618
vt 0.549672 0.299667
vt 0.541092 0.286859
vt 0.275834 0.847491
vt 0.275818 0.789113
vt 0.363554 0.789075
vt 0.363430 0.818749
vt 0.434359 0.852962
vt 0.354530 0.847465
vt 0.983284 0.922862
vt 0.178848 0.992846
vt 0.411751 0.990615
vt 0.608886 0.567998
vt 0.992295 0.673619
vt 0.622470 0.636334
vt 0.182142 0.862895
vt 0.591123 0.657278
vt 0.975056 0.339059
vt 0.988081 0.929840
vt 0.993185 0.094172
vt 0.848592 0.666585
vt 0.892722 0.666374
vt 0.506075 0.569920
vt 0.075206 0.562899
vt 0.716491 0.444662
vt 0.661341 0.312724
vt 0.688167 0.230174
vt 0.776973 0.454217
vt 0.784838 0.230274
vt 0.950668 0.973893
vt 0.793627 0.892533
vt 0.182282 0.665608
vt 0.708468 0.560792
vt 0.783075 0.444677
vt 0.964876 0.259371
vt 0.282893 0.923812
vt 0.505574 0.795634
vt 0.715439 0.666470
vt 0.849639 0.444879
vt 0.893406 0.444650
vt 0.369026 0.563325
vt 0.340971 0.563214
vt 0.290327 0.563371
vt 0.793627 0.779445
vt 0.420755 0.669033
vt 0.290158 0.676313
vt 0.075066 0.675889
vt 0.016894 0.675741
vt 0.003485 0.894759
vt 0.060967 0.894506
vt 0.786657 0.673704
vt 0.841621 0.560764
vt 0.715430 0.892399
vt 0.773878 0.892526
vt 0.930520 0.441378
vt 0.929881 0.673617
vt 0.923034 0.673625
vt 0.957342 0.673617
vt 0.941456 0.228029
vt 0.925777 0.003485
vt 0.719092 0.959453
vt 0.939641 0.215926
vt 0.951168 0.259381
vt 0.932671 0.033927
vt 0.947053 0.003485
vt 0.936417 0.003485
vt 0.729719 0.959453
vt 0.941457 0.243514
vt 0.768976 0.543471
vt 0.926695 0.958360
vt 0.950489 0.481092
vt 0.943694 0.673617
vt 0.929835 0.663086
vt 0.662241 0.899588
vt 0.611862 0.770156
vt 0.627256 0.777336
vt 0.584927 0.933440
vt 0.669211 0.899675
vt 0.138652 0.891575
vt 0.036355 0.945156
vt 0.016568 0.945156
vt 0.627680 0.890246
vt 0.599626 0.890134
vt 0.094805 0.788815
vt 0.902551 0.924744
s 1
f 1/1/1 2/2/2 3/3/3
f 1/1/1 3/3/3 4/4/4
f 5/5/5 4/4/4 3/3/3
f 5/5/5 6/6/6 4/4/4
f 6/6/6 5/5/5 7/7/7
f 8/8/8 7/7/7 5/5/5
f 9/9/9 8/8/8 3/3/3
f 5/5/5 3/3/3 8/8/8
f 10/10/10 4/4/4 6/6/6
f 12/11/11 14/12/12 11/13/13
f 15/14/14 16/15/15 17/16/16
f 18/17/17 16/18/15 15/19/14
f 18/20/17 20/21/18 19/22/19
f 18/20/17 21/23/20 20/21/18
f 18/24/17 22/25/21 21/26/20
f 22/27/21 15/14/14 23/28/22
f 17/16/16 23/28/22 15/14/14
f 23/29/22 25/30/23 24/31/24
f 27/32/25 24/31/24 26/33/26
f 26/33/26 29/34/27 27/32/25
f 28/35/28 30/36/29 31/37/30
f 30/36/29 26/38/26 32/39/31
f 24/40/24 32/39/31 26/38/26
f 32/39/31 24/40/24 33/41/32
f 25/42/23 33/41/32 24/40/24
f 25/42/23 34/43/33 33/41/32
f 17/44/16 34/45/33 25/46/23
f 35/47/34 17/16/16 16/15/15
f 16/15/15 37/48/35 35/47/34
f 38/49/36 16/18/15 19/50/19
f 19/22/19 39/51/37 38/52/36
f 39/51/37 19/22/19 20/21/18
f 40/53/38 38/52/36 39/51/37
f 38/52/36 40/53/38 41/54/39
f 42/55/40 41/54/39 40/53/38
f 42/55/40 43/56/41 41/54/39
f 44/57/42 41/54/39 43/56/41
f 44/58/42 46/59/43 41/60/39
f 47/61/44 48/62/45 49/63/46
f 50/64/47 48/62/45 47/61/44
f 51/65/48 50/64/47 52/66/49
f 53/67/50 52/66/49 50/64/47
f 53/67/50 55/68/51 52/66/49
f 54/69/52 56/70/53 55/68/51
f 57/71/54 55/68/51 56/70/53
f 57/72/54 59/73/55 55/74/51
f 60/75/56 58/76/57 57/72/54
f 57/71/54 56/70/53 60/77/56
f 62/78/58 60/77/56 56/70/53
f 62/78/58 63/79/59 60/77/56
f 64/80/60 60/77/56 63/79/59
f 64/81/60 61/82/61 60/75/56
f 66/83/62 65/84/63 64/81/60
f 64/80/60 63/79/59 66/85/62
f 68/86/64 66/85/62 63/79/59
f 68/86/64 69/87/65 66/85/62
f 70/88/66 66/85/62 69/87/65
f 70/89/66 67/90/67 66/83/62
f 72/91/68 71/92/69 70/93/66
f 70/88/66 69/87/65 72/94/68
f 74/95/70 72/94/68 69/87/65
f 74/95/70 75/96/71 72/94/68
f 76/97/72 72/94/68 75/96/71
f 76/98/72 73/99/73 72/91/68
f 78/100/74 77/101/75 76/98/72
f 76/97/72 80/102/76 78/103/74
f 80/102/76 21/23/20 78/103/74
f 81/104/77 20/21/18 21/23/20
f 21/26/20 79/105/78 78/100/74
f 79/106/78 22/27/21 27/107/25
f 23/28/22 27/107/25 22/27/21
f 79/106/78 29/108/27 77/109/75
f 29/108/27 73/110/73 77/109/75
f 28/111/28 82/112/79 29/34/27
f 28/35/28 84/113/80 83/114/81
f 86/115/82 31/116/30 85/117/83
f 85/118/83 87/119/84 86/120/82
f 88/121/85 85/118/83 89/122/86
f 85/117/83 30/123/29 89/124/86
f 89/124/86 32/125/31 90/126/87
f 90/127/87 88/121/85 89/122/86
f 91/128/88 90/127/87 92/129/89
f 93/130/90 92/129/89 90/127/87
f 93/130/90 94/131/91 92/129/89
f 94/132/91 33/133/32 95/134/92
f 90/126/87 33/135/32 93/136/90
f 95/137/92 33/41/32 34/43/33
f 96/138/93 95/137/92 34/43/33
f 98/139/94 97/140/95 96/138/93
f 98/141/94 37/142/35 100/143/96
f 100/144/96 46/145/43 101/146/97
f 36/147/98 100/144/96 37/48/35
f 41/60/39 36/148/98 38/49/36
f 103/149/99 105/150/100 102/151/101
f 102/151/101 107/152/102 103/149/99
f 106/153/103 102/154/101 61/155/61
f 58/156/57 61/155/61 102/154/101
f 58/156/57 102/154/101 59/157/55
f 105/158/100 59/157/55 102/154/101
f 59/157/55 109/159/104 108/160/105
f 55/161/51 108/162/105 52/163/49
f 52/163/49 110/164/106 51/165/48
f 110/166/106 108/167/105 111/168/107
f 51/165/48 112/169/108 48/170/45
f 61/155/61 65/171/63 106/153/103
f 113/172/109 106/153/103 65/171/63
f 114/173/110 106/174/103 113/175/109
f 116/176/111 113/175/109 115/177/112
f 115/177/112 118/178/113 116/176/111
f 115/179/112 67/180/67 117/181/114
f 115/179/112 113/172/109 67/180/67
f 65/171/63 67/180/67 113/172/109
f 71/182/69 117/181/114 67/180/67
f 71/182/69 73/110/73 117/181/114
f 82/183/79 117/181/114 73/110/73
f 117/184/114 83/185/81 118/186/113
f 83/114/81 84/113/80 118/187/113
f 119/188/115 118/187/113 84/113/80
f 119/188/115 120/189/116 118/187/113
f 122/190/117 119/191/115 121/192/118
f 121/193/118 123/194/119 122/195/117
f 121/193/118 86/120/82 123/194/119
f 121/196/118 84/197/80 86/115/82
f 124/198/120 123/194/119 86/120/82
f 124/198/120 86/120/82 87/119/84
f 125/199/121 122/195/117 123/194/119
f 125/199/121 126/200/122 122/195/117
f 127/201/123 122/195/117 126/200/122
f 127/202/123 120/203/116 122/190/117
f 129/204/124 128/205/125 127/202/123
f 127/201/123 126/200/122 129/206/124
f 131/207/126 129/206/124 126/200/122
f 131/207/126 132/208/127 129/206/124
f 133/209/128 129/206/124 132/208/127
f 133/210/128 130/211/129 129/204/124
f 135/212/130 134/213/131 133/210/128
f 133/209/128 132/208/127 135/214/130
f 137/215/132 135/214/130 132/208/127
f 135/214/130 138/216/133 139/217/134
f 138/216/133 140/218/135 139/217/134
f 141/219/136 139/217/134 140/218/135
f 141/220/136 143/221/137 139/222/134
f 144/223/138 142/224/139 141/220/136
f 140/218/135 144/225/138 141/219/136
f 146/226/140 147/227/141 144/225/138
f 148/228/142 149/229/143 150/230/144
f 151/231/145 150/230/144 149/229/143
f 151/231/145 152/232/146 150/230/144
f 153/233/147 150/230/144 152/232/146
f 153/234/147 99/235/148 150/236/144
f 94/132/91 97/237/95 153/234/147
f 94/131/91 153/233/147 154/238/149
f 152/232/146 154/238/149 153/233/147
f 154/238/149 92/129/89 94/131/91
f 150/236/144 155/239/150 148/240/142
f 98/139/94 156/241/151 99/242/148
f 142/243/139 157/244/152 143/245/137
f 158/246/153 136/247/154 143/248/137
f 104/249/155 103/250/99 136/247/154
f 134/251/131 136/247/154 103/250/99
f 134/251/131 103/250/99 130/252/129
f 107/253/102 130/252/129 103/250/99
f 130/252/129 107/253/102 128/254/125
f 114/255/110 128/254/125 107/253/102
f 128/254/125 114/255/110 120/189/116
f 116/256/111 120/189/116 114/255/110
f 116/256/111 118/187/113 120/189/116
f 139/222/134 136/257/154 135/258/130
f 96/259/93 35/260/34 37/142/35
f 160/261/156 162/262/157 159/263/158
f 159/264/158 163/265/159 160/266/156
f 159/264/158 164/267/160 163/265/159
f 164/268/160 162/262/157 165/269/161
f 162/270/157 166/271/162 165/272/161
f 166/271/162 162/270/157 167/273/163
f 161/274/164 167/273/163 162/270/157
f 161/274/164 168/275/165 167/273/163
f 169/276/166 161/277/164 160/261/156
f 169/278/166 160/266/156 170/279/167
f 171/280/168 170/279/167 160/266/156
f 171/280/168 160/266/156 163/265/159
f 169/278/166 170/279/167 172/281/169
f 174/282/170 176/283/171 173/284/172
f 176/283/171 177/285/173 178/286/174
f 177/285/173 179/287/175 178/286/174
f 180/288/176 178/286/174 179/287/175
f 180/289/176 182/290/177 178/291/174
f 183/292/178 181/293/179 180/289/176
f 185/294/180 180/288/176 179/287/175
f 185/294/180 187/295/181 183/296/178
f 186/297/182 189/298/183 187/295/181
f 188/299/184 190/300/185 189/298/183
f 191/301/186 189/298/183 190/300/185
f 191/302/186 193/303/187 189/304/183
f 194/305/188 192/306/189 191/302/186
f 194/307/188 191/301/186 196/308/190
f 190/300/185 196/308/190 191/301/186
f 196/308/190 198/309/191 194/307/188
f 197/310/192 200/311/193 198/309/191
f 200/311/193 199/312/194 201/313/195
f 202/314/196 201/313/195 199/312/194
f 201/313/195 202/314/196 203/315/197
f 204/316/198 203/315/197 202/314/196
f 204/316/198 205/317/199 203/315/197
f 206/318/200 203/315/197 205/317/199
f 206/319/200 208/320/201 203/321/197
f 164/322/160 207/323/202 206/319/200
f 206/318/200 205/317/199 164/267/160
f 209/324/203 164/267/160 205/317/199
f 209/324/203 163/265/159 164/267/160
f 207/325/202 165/272/161 210/326/204
f 211/327/205 210/326/204 165/272/161
f 210/328/204 213/329/206 212/330/207
f 215/331/208 212/330/207 214/332/209
f 217/333/210 214/332/209 216/334/211
f 216/334/211 219/335/212 217/333/210
f 218/336/213 216/337/211 220/338/214
f 221/339/215 220/338/214 216/337/211
f 221/340/215 223/341/216 220/342/214
f 224/343/217 222/344/218 221/340/215
f 224/345/217 221/339/215 214/346/209
f 216/337/211 214/346/209 221/339/215
f 224/345/217 214/346/209 226/347/219
f 212/348/207 226/347/219 214/346/209
f 226/347/219 212/348/207 227/349/220
f 213/350/206 227/349/220 212/348/207
f 213/350/206 228/351/221 227/349/220
f 228/352/221 211/353/205 166/354/162
f 166/354/162 229/355/222 228/352/221
f 230/356/223 167/273/163 168/275/165
f 232/357/224 234/358/225 231/359/226
f 231/359/226 236/360/227 232/357/224
f 235/361/228 237/362/229 193/363/187
f 237/362/229 231/364/226 184/365/230
f 234/366/225 184/365/230 231/364/226
f 234/366/225 238/367/231 184/365/230
f 181/368/179 184/365/230 238/367/231
f 181/368/179 238/367/231 182/369/177
f 187/370/181 184/371/230 183/372/178
f 189/304/183 237/373/229 187/370/181
f 235/361/228 192/374/189 239/375/232
f 235/376/228 240/377/233 236/360/227
f 242/378/234 239/379/232 241/380/235
f 244/381/236 241/380/235 243/382/237
f 218/383/213 243/384/237 219/335/212
f 218/336/213 220/338/214 244/385/236
f 245/386/238 244/385/236 220/338/214
f 245/386/238 246/387/239 244/385/236
f 245/388/238 248/389/240 246/390/239
f 220/342/214 247/391/241 245/392/238
f 250/393/242 223/394/216 249/395/243
f 247/396/241 251/397/244 248/398/240
f 248/398/240 251/397/244 252/399/245
f 253/400/246 252/399/245 251/397/244
f 252/399/245 253/400/246 254/401/247
f 255/402/248 254/401/247 253/400/246
f 256/403/249 254/401/247 255/402/248
f 257/404/250 258/405/251 259/406/252
f 258/405/251 261/407/253 259/406/252
f 261/407/253 260/408/254 262/409/255
f 263/410/256 262/409/255 260/408/254
f 263/410/256 265/411/257 262/409/255
f 266/412/258 265/411/257 264/413/259
f 269/414/260 265/415/257 268/416/261
f 270/417/262 269/418/260 271/419/263
f 270/420/262 262/421/255 269/414/260
f 272/422/264 261/423/253 270/420/262
f 270/417/262 271/419/263 272/424/264
f 233/425/265 272/424/264 271/419/263
f 233/425/265 232/426/224 272/424/264
f 273/427/266 272/424/264 232/426/224
f 273/428/266 259/429/252 272/430/264
f 274/431/267 257/432/250 273/428/266
f 236/433/227 273/427/266 232/426/224
f 275/434/268 236/433/227 240/435/233
f 240/435/233 242/436/234 275/434/268
f 246/387/239 275/434/268 242/436/234
f 246/390/239 252/437/245 275/438/268
f 275/438/268 254/439/247 274/431/267
f 242/436/234 244/385/236 246/387/239
f 276/440/269 277/441/270 278/442/271
f 277/441/270 276/440/269 279/443/272
f 280/444/273 279/443/272 276/440/269
f 280/444/273 281/445/274 279/443/272
f 282/446/275 279/443/272 281/445/274
f 284/447/276 282/448/275 283/449/277
f 284/450/276 283/451/277 229/452/222
f 228/351/221 229/452/222 283/451/277
f 283/451/277 227/349/220 228/351/221
f 227/453/220 282/448/275 285/454/278
f 282/446/275 281/445/274 285/455/278
f 286/456/279 285/455/278 281/445/274
f 286/456/279 287/457/280 285/455/278
f 288/458/281 285/455/278 287/457/280
f 227/459/220 288/460/281 226/461/219
f 226/461/219 225/462/282 224/343/217
f 288/458/281 287/457/280 225/463/282
f 289/464/283 225/463/282 287/457/280
f 225/463/282 289/464/283 222/465/218
f 290/466/284 222/465/218 289/464/283
f 290/466/284 249/395/243 222/465/218
f 223/394/216 222/465/218 249/395/243
f 284/450/276 229/452/222 291/467/285
f 292/468/286 291/467/285 229/452/222
f 291/469/285 279/470/272 284/447/276
f 219/471/212 243/472/237 293/473/287
f 294/474/288 293/473/287 243/472/237
f 200/475/193 294/476/288 198/477/191
f 201/478/195 293/479/287 200/475/193
f 203/321/197 295/480/289 201/478/195
f 208/481/201 215/482/208 295/483/289
f 208/481/201 207/325/202 215/482/208
f 210/326/204 215/482/208 207/325/202
f 217/484/210 295/483/289 215/482/208
f 295/483/289 217/484/210 293/473/287
f 219/471/212 293/473/287 217/484/210
f 198/485/191 195/486/290 194/305/188
f 294/474/288 243/472/237 195/487/290
f 241/488/235 195/487/290 243/472/237
f 195/487/290 241/488/235 192/374/189
f 239/375/232 192/374/189 241/488/235
f 178/291/174 296/489/291 176/490/171
f 211/327/205 165/272/161 166/271/162
f 297/491/292 299/492/293 300/493/294
f 301/494/295 303/495/296 304/496/297
f 305/497/298 304/496/297 303/495/296
f 305/497/298 308/498/299 306/499/300
f 307/500/301 310/501/302 308/498/299
f 309/502/303 312/503/304 310/501/302
f 311/504/305 314/505/306 312/503/304
f 315/506/307 314/505/306 313/507/308
f 315/506/307 318/508/309 316/509/310
f 317/510/311 320/511/312 318/508/309
f 319/512/313 322/513/314 320/511/312
f 321/514/315 324/515/316 322/513/314
f 325/516/317 324/515/316 323/517/318
f 327/518/319 326/519/320 325/516/317
f 328/520/321 329/521/322 330/522/323
f 331/523/324 330/522/323 329/521/322
f 332/524/325 333/525/326 334/526/327
f 333/525/326 300/493/294 334/526/327
f 300/527/294 336/528/328 334/529/327
f 299/530/293 335/531/329 300/527/294
f 304/532/297 339/533/330 301/534/295
f 306/535/300 338/536/331 304/532/297
f 308/537/299 340/538/332 306/535/300
f 308/537/299 342/539/333 341/540/334
f 312/541/304 342/542/333 310/543/302
f 314/544/306 343/545/335 312/541/304
f 316/546/310 344/547/336 314/544/306
f 318/548/309 345/549/337 316/546/310
f 320/550/312 346/551/338 318/548/309
f 322/552/314 347/553/339 320/554/312
f 324/555/316 348/556/340 322/552/314
f 326/557/320 349/558/341 324/555/316
f 328/559/321 350/560/342 326/557/320
f 330/561/323 351/562/343 328/559/321
f 332/563/325 352/564/344 330/565/323
f 334/529/327 353/566/345 332/563/325
f 354/567/346 353/568/345 336/569/328
f 355/570/347 352/571/344 353/568/345
f 356/572/348 351/573/343 352/571/344
f 357/574/349 350/575/342 351/573/343
f 358/576/350 349/577/341 350/575/342
f 349/577/341 360/578/351 348/579/340
f 361/580/352 348/579/340 360/578/351
f 347/581/339 362/582/353 346/583/338
f 363/584/354 346/583/338 362/582/353
f 363/584/354 344/585/336 345/586/337
f 365/587/355 344/585/336 364/588/356
f 343/589/335 366/590/357 342/591/333
f 367/592/358 342/591/333 366/590/357
f 341/593/334 368/594/359 340/595/332
f 368/594/359 338/596/331 340/595/332
f 369/597/360 339/598/330 338/596/331
f 337/599/361 372/600/362 335/601/329
f 354/567/346 335/601/329 372/600/362
f 373/602/363 374/603/364 375/604/365
f 373/605/363 376/606/366 374/607/364
f 377/608/367 376/606/366 373/605/363
f 377/609/367 378/610/368 376/611/366
f 378/612/368 377/613/367 379/614/369
f 380/615/370 379/614/369 377/613/367
f 380/615/370 381/616/371 379/614/369
f 381/616/371 380/615/370 382/617/372
f 380/618/370 383/619/373 382/620/372
f 383/619/373 377/608/367 373/605/363
f 373/602/363 378/621/368 383/622/373
f 378/621/368 373/602/363 375/604/365
f 375/623/365 376/624/366 378/625/368
f 375/626/365 384/627/374 376/628/366
f 384/629/374 375/630/365 374/631/364
f 374/632/364 385/633/375 384/634/374
f 386/635/376 385/636/375 374/637/364
f 386/638/376 387/639/377 385/640/375
f 386/641/376 388/642/378 387/643/377
f 388/642/378 386/641/376 374/644/364
f 389/645/379 388/642/378 374/644/364
f 388/646/378 389/647/379 385/648/375
f 384/649/374 385/648/375 389/647/379
f 389/647/379 376/650/366 384/649/374
f 389/651/379 374/652/364 376/653/366
f 385/648/375 390/654/380 388/646/378
f 387/639/377 390/655/380 385/640/375
f 387/639/377 391/656/381 390/655/380
f 387/657/377 392/658/382 391/659/381
f 392/660/382 387/643/377 388/642/378
f 392/661/382 388/646/378 390/654/380
f 392/662/382 390/663/380 393/664/383
f 390/663/380 394/665/384 393/664/383
f 390/655/380 391/656/381 394/666/384
f 393/667/383 394/668/384 391/659/381
f 393/667/383 391/659/381 392/658/382
f 379/669/369 383/622/373 378/621/368
f 379/670/369 381/671/371 383/672/373
f 383/673/373 381/674/371 395/675/385
f 381/676/371 382/677/372 395/678/385
f 383/619/373 395/679/385 382/620/372
f 396/680/386 398/681/387 399/682/388
f 400/683/389 397/684/390 396/685/386
f 399/686/388 400/687/389 396/688/386
f 399/689/388 403/690/391 402/691/392
f 398/692/387 401/693/393 403/694/391
f 401/693/393 404/695/394 403/694/391
f 401/696/393 405/697/395 404/698/394
f 406/699/396 401/700/393 400/701/389
f 400/702/389 407/703/397 406/704/396
f 400/687/389 402/705/392 407/706/397
f 402/707/392 408/708/398 407/709/397
f 403/710/391 408/708/398 402/707/392
f 403/710/391 404/711/394 409/712/399
f 410/713/400 409/712/399 404/711/394
f 409/714/399 410/715/400 411/716/401
f 405/717/395 411/716/401 410/715/400
f 411/716/401 405/717/395 412/718/402
f 413/719/403 412/718/402 405/717/395
f 413/720/403 415/721/404 412/722/402
f 414/723/405 413/724/403 406/725/396
f 405/726/395 406/725/396 413/724/403
f 414/727/405 406/728/396 415/729/404
f 416/730/406 415/729/404 406/728/396
f 415/731/404 416/732/406 412/733/402
f 411/734/401 412/733/402 416/732/406
f 411/734/401 408/735/398 409/736/399
f 408/737/398 416/730/406 417/738/407
f 406/728/396 417/738/407 416/730/406
f 417/739/407 406/704/396 407/703/397
f 417/740/407 407/709/397 408/708/398
f 410/741/400 404/742/394 405/743/395
f 419/744/408 421/745/409 418/746/410
f 419/747/408 423/748/411 422/749/412
f 420/750/413 422/751/412 424/752/414
f 423/753/411 424/754/414 422/755/412
f 423/756/411 427/757/415 425/758/416
f 423/759/411 428/760/417 426/761/418
f 423/748/411 418/762/410 428/763/417
f 418/764/410 429/765/419 428/766/417
f 430/767/420 418/764/410 421/768/409
f 421/768/409 431/769/421 430/767/420
f 425/770/416 431/771/421 421/772/409
f 425/773/416 427/774/415 431/775/421
f 432/776/422 431/775/421 427/774/415
f 432/777/422 430/767/420 431/769/421
f 430/778/420 432/779/422 433/780/423
f 427/781/415 433/780/423 432/779/422
f 433/780/423 427/781/415 434/782/424
f 435/783/425 434/782/424 427/781/415
f 435/784/425 437/785/426 434/786/424
f 436/787/427 435/788/425 426/789/418
f 427/790/415 426/789/418 435/788/425
f 436/791/427 426/792/418 437/793/426
f 438/794/428 437/793/426 426/792/418
f 437/795/426 438/796/428 434/797/424
f 433/798/423 434/797/424 438/796/428
f 433/798/423 429/799/419 430/800/420
f 429/801/419 438/794/428 439/802/429
f 426/792/418 439/802/429 438/794/428
f 439/803/429 426/804/418 428/805/417
f 439/806/429 428/766/417 429/765/419
f 420/807/413 425/770/416 421/772/409
f 440/808/430 441/809/431 442/810/432
f 443/811/433 441/812/431 440/813/430
f 444/814/434 441/815/431 443/816/433
f 441/815/431 444/814/434 445/817/435
f 444/818/434 440/819/430 445/820/435
f 440/819/430 444/818/434 446/821/436
f 447/822/437 446/821/436 444/818/434
f 447/822/437 448/823/438 446/821/436
f 449/824/439 448/825/438 447/826/437
f 448/825/438 449/824/439 450/827/440
f 451/828/441 450/827/440 449/824/439
f 451/829/441 452/830/442 450/831/440
f 452/832/442 451/833/441 453/834/443
f 454/835/444 453/836/443 451/837/441
f 450/838/440 453/839/443 454/840/444
f 455/841/445 453/839/443 450/838/440
f 455/841/445 456/842/446 453/839/443
f 455/843/445 452/830/442 456/844/446
f 452/830/442 455/843/445 450/831/440
f 457/845/447 456/846/446 452/847/442
f 456/846/446 457/845/447 458/848/448
f 459/849/449 458/848/448 457/845/447
f 459/850/449 460/851/450 458/852/448
f 461/853/451 460/854/450 459/855/449
f 461/856/451 458/857/448 460/858/450
f 456/842/446 458/859/448 461/860/451
f 456/842/446 461/860/451 453/839/443
f 453/834/443 461/853/451 452/832/442
f 457/861/447 452/832/442 461/853/451
f 457/861/447 461/853/451 459/855/449
f 450/862/440 454/863/444 446/864/436
f 449/865/439 446/866/436 454/867/444
f 462/868/452 446/869/436 449/870/439
f 462/868/452 443/811/433 446/869/436
f 462/871/452 447/872/437 443/816/433
f 447/872/437 462/871/452 449/873/439
f 444/814/434 443/816/433 447/872/437
f 440/813/430 446/869/436 443/811/433
f 454/867/444 451/874/441 449/865/439
f 446/821/436 448/823/438 450/875/440
f 440/819/430 442/876/432 445/820/435
f 441/877/431 445/878/435 442/879/432
f 463/880/453 464/881/454 465/882/455
f 467/883/456 463/884/453 466/885/457
f 466/886/457 468/887/458 467/888/456
f 466/889/457 469/890/459 468/891/458
f 471/892/460 466/889/457 470/893/461
f 472/894/462 471/895/460 470/896/461
f 466/897/457 472/898/462 470/899/461
f 473/900/463 463/901/453 474/902/464
f 471/903/460 474/904/464 469/905/459
f 474/906/464 476/907/465 469/908/459
f 474/906/464 465/909/455 475/910/466
f 463/901/453 465/911/455 474/902/464
f 477/912/467 475/910/466 465/909/455
f 475/913/466 477/914/467 478/915/468
f 464/916/454 478/915/468 477/914/467
f 478/915/468 464/916/454 479/917/469
f 480/918/470 479/917/469 464/916/454
f 481/919/471 479/920/469 480/921/470
f 481/922/471 480/923/470 467/924/456
f 464/925/454 467/924/456 480/923/470
f 481/926/471 467/927/456 482/928/472
f 483/929/473 482/928/472 467/927/456
f 482/930/472 483/931/473 479/932/469
f 478/933/468 479/932/469 483/931/473
f 478/933/468 476/934/465 475/935/466
f 476/936/465 483/929/473 484/937/474
f 467/927/456 484/937/474 483/929/473
f 484/938/474 467/939/456 468/940/458
f 484/941/474 468/942/458 476/907/465
f 469/908/459 476/907/465 468/942/458
f 477/943/467 465/882/455 464/881/454
f 486/944/475 488/945/476 485/946/477
f 485/947/477 489/948/478 486/949/475
f 485/950/477 490/951/479 489/952/478
f 492/953/480 485/950/477 491/954/481
f 493/955/482 492/956/480 491/957/481
f 485/958/477 493/959/482 491/960/481
f 494/961/483 488/962/476 495/963/484
f 492/964/480 495/965/484 490/966/479
f 495/967/484 497/968/485 490/969/479
f 495/967/484 498/970/486 496/971/487
f 488/962/476 498/972/486 495/963/484
f 488/973/476 487/974/488 498/975/486
f 499/976/489 498/977/486 487/978/488
f 499/979/489 496/971/487 498/970/486
f 496/980/487 499/981/489 500/982/490
f 487/983/488 500/982/490 499/981/489
f 500/982/490 487/983/488 501/984/491
f 502/985/492 501/984/491 487/983/488
f 503/986/493 501/987/491 502/988/492
f 503/989/493 502/990/492 486/991/475
f 487/992/488 486/991/475 502/990/492
f 503/993/493 486/994/475 504/995/494
f 505/996/495 504/995/494 486/994/475
f 504/997/494 505/998/495 501/999/491
f 500/1000/490 501/999/491 505/998/495
f 497/1001/485 500/1000/490 505/998/495
f 497/1002/485 505/996/495 506/1003/496
f 486/994/475 506/1003/496 505/996/495
f 506/1004/496 486/949/475 489/948/478
f 506/1005/496 489/1006/478 497/968/485
f 490/969/479 497/968/485 489/1006/478
f 508/1007/497 510/1008/498 507/1009/12
f 511/1010/499 512/1011/500 513/1012/501
f 511/1013/499 514/1014/502 512/1015/500
f 516/1016/503 511/1013/499 515/1017/504
f 517/1018/505 516/1019/503 515/1020/504
f 511/1021/499 517/1022/505 515/1023/504
f 513/1024/501 519/1025/506 511/1026/499
f 520/1027/507 513/1028/501 521/1029/508
f 522/1030/509 521/1029/508 513/1028/501
f 522/1031/509 524/1032/510 521/1033/508
f 522/1034/509 513/1035/501 523/1036/511
f 525/1037/512 523/1036/511 513/1035/501
f 523/1038/511 525/1039/512 524/1040/510
f 526/1041/513 524/1040/510 525/1039/512
f 526/1042/513 520/1043/507 524/1044/510
f 520/1043/507 526/1042/513 527/1045/514
f 528/1046/515 527/1045/514 526/1042/513
f 527/1047/514 528/1048/515 529/1049/516
f 530/1050/517 529/1049/516 528/1048/515
f 519/1051/506 529/1052/516 530/1053/517
f 519/1054/506 520/1055/507 529/1056/516
f 527/1057/514 529/1058/516 520/1059/507
f 518/1060/518 519/1051/506 530/1053/517
f 516/1061/503 530/1062/517 514/1063/502
f 528/1048/515 514/1064/502 530/1050/517
f 526/1041/513 531/1065/519 528/1066/515
f 531/1067/519 525/1037/512 532/1068/520
f 513/1035/501 532/1068/520 525/1037/512
f 532/1069/520 513/1012/501 512/1011/500
f 532/1070/520 512/1071/500 531/1072/519
f 514/1064/502 531/1072/519 512/1071/500
f 521/1073/508 524/1044/510 520/1043/507
f 533/1074/521 534/1075/522 535/1076/523
f 536/1077/524 535/1076/523 534/1075/522
f 538/1078/525 540/1079/526 537/1080/527
f 542/1081/528 537/1080/527 541/1082/529
f 543/1083/530 538/1078/525 542/1081/528
f 545/1084/531 544/1085/532 543/1083/530
f 547/1086/533 546/1087/534 545/1088/531
f 549/1089/535 548/1090/536 547/1086/533
f 551/1091/537 550/1092/538 549/1089/535
f 553/1093/539 552/1094/540 551/1091/537
f 555/1095/541 554/1096/542 553/1093/539
f 557/1097/543 556/1098/544 555/1099/541
f 559/1100/545 558/1101/546 557/1097/543
f 561/1102/547 560/1103/548 559/1100/545
f 563/1104/549 562/1105/550 561/1102/547
f 565/1106/551 564/1107/552 563/1104/549
f 567/1108/553 566/1109/554 565/1110/551
f 569/1111/555 568/1112/556 567/1108/553
f 571/1113/557 570/1114/558 569/1111/555
f 573/1115/559 572/1116/560 571/1113/557
f 540/1117/526 576/1118/561 537/1119/527
f 577/1120/562 579/1121/563 540/1117/526
f 581/1122/562 583/1123/564 579/1121/563
f 585/1124/562 587/1125/565 583/1123/564
f 589/1126/562 591/1127/566 587/1125/565
f 593/1128/562 595/1129/567 591/1127/566
f 597/1130/562 599/1131/568 595/1129/567
f 601/1132/562 603/1133/569 599/1131/568
f 605/1134/562 607/1135/570 603/1133/569
f 609/1136/562 611/1137/571 607/1135/570
f 611/1137/571 613/1138/562 540/1117/526
f 544/1085/532 539/1139/572 538/1078/525
f 546/1140/534 611/1137/571 544/1141/532
f 612/1142/573 546/1140/534 607/1135/570
f 548/1143/536 607/1135/570 546/1140/534
f 607/1135/570 550/1144/538 608/1145/574
f 608/1146/574 552/1094/540 603/1147/569
f 603/1133/569 552/1148/540 604/1149/575
f 554/1150/542 604/1149/575 552/1148/540
f 556/1151/544 604/1149/575 554/1150/542
f 556/1151/544 558/1152/546 599/1131/568
f 600/1153/576 599/1131/568 558/1152/546
f 558/1152/546 560/1154/548 600/1153/576
f 595/1129/567 600/1153/576 560/1154/548
f 595/1155/567 562/1105/550 596/1156/577
f 596/1157/577 562/1158/550 591/1127/566
f 564/1159/552 591/1127/566 562/1158/550
f 564/1159/552 566/1160/554 591/1127/566
f 592/1161/578 591/1127/566 566/1160/554
f 587/1125/565 566/1160/554 568/1162/556
f 568/1162/556 570/1163/558 587/1125/565
f 588/1164/579 587/1125/565 570/1163/558
f 583/1165/564 570/1114/558 572/1116/560
f 584/1166/580 572/1116/560 574/1167/581
f 541/1082/529 576/1168/561 614/1169/582
f 616/1170/583 618/1171/584 615/1172/585
f 619/1173/586 617/1174/587 616/1170/583
f 619/1175/586 616/1176/583 621/1177/588
f 621/1177/588 622/1178/589 619/1175/586
f 624/1179/590 625/1180/591 623/1181/592
f 627/1182/593 623/1181/592 626/1183/594
f 626/1183/594 629/1184/595 627/1182/593
f 628/1185/596 626/1186/594 630/1187/597
f 631/1188/598 630/1187/597 626/1186/594
f 633/1189/599 631/1190/598 632/1191/600
f 633/1192/599 632/1193/600 634/1194/601
f 635/1195/602 634/1194/601 632/1193/600
f 635/1195/602 632/1193/600 636/1196/603
f 637/1197/604 636/1196/603 632/1193/600
f 636/1196/603 637/1197/604 638/1198/605
f 639/1199/606 638/1198/605 637/1197/604
f 639/1199/606 640/1200/607 638/1198/605
f 639/1201/606 642/1202/608 640/1203/607
f 637/1204/604 641/1205/609 639/1206/606
f 632/1191/600 643/1207/610 637/1204/604
f 623/1208/592 631/1188/598 626/1186/594
f 623/1208/592 625/1209/591 643/1210/610
f 641/1211/609 643/1210/610 625/1209/591
f 641/1211/609 625/1209/591 642/1212/608
f 644/1213/611 642/1212/608 625/1209/591
f 642/1212/608 644/1213/611 645/1214/612
f 647/1215/613 648/1216/614 646/1217/615
f 647/1218/613 646/1219/615 649/1220/616
f 650/1221/617 649/1220/616 646/1219/615
f 650/1221/617 646/1219/615 651/1222/618
f 646/1217/615 653/1223/619 652/1224/620
f 615/1172/585 655/1225/621 654/1226/622
f 656/1227/623 657/1228/624 618/1229/584
f 656/1227/623 618/1229/584 658/1230/625
f 617/1231/587 658/1230/625 618/1229/584
f 617/1231/587 620/1232/626 658/1230/625
f 659/1233/627 658/1230/625 620/1232/626
f 659/1233/627 620/1232/626 660/1234/628
f 661/1235/629 660/1234/628 620/1232/626
f 661/1235/629 662/1236/630 660/1234/628
f 664/1237/631 661/1238/629 663/1239/632
f 664/1240/631 663/1241/632 624/1242/590
f 622/1178/589 624/1242/590 663/1241/632
f 663/1241/632 619/1175/586 622/1178/589
f 663/1243/632 620/1244/626 619/1173/586
f 665/1245/633 624/1242/590 627/1246/593
f 665/1247/633 662/1248/630 664/1237/631
f 667/1249/634 666/1250/635 665/1247/633
f 665/1245/633 627/1246/593 667/1251/634
f 629/1252/595 667/1251/634 627/1246/593
f 667/1251/634 629/1252/595 669/1253/636
f 670/1254/637 669/1253/636 629/1252/595
f 670/1254/637 671/1255/638 669/1253/636
f 671/1256/638 673/1257/639 672/1258/640
f 675/1259/641 672/1260/640 674/1261/642
f 677/1262/643 674/1261/642 676/1263/644
f 676/1263/644 679/1264/645 677/1262/643
f 678/1265/646 676/1266/644 680/1267/647
f 681/1268/648 680/1267/647 676/1266/644
f 683/1269/649 681/1270/648 682/1271/650
f 683/1272/649 682/1273/650 684/1274/651
f 685/1275/652 684/1274/651 682/1273/650
f 685/1275/652 682/1273/650 686/1276/653
f 687/1277/654 686/1276/653 682/1273/650
f 686/1276/653 687/1277/654 688/1278/655
f 689/1279/656 688/1278/655 687/1277/654
f 689/1279/656 690/1280/657 688/1278/655
f 689/1281/656 692/1282/658 690/1283/657
f 687/1284/654 691/1285/659 689/1286/656
f 682/1271/650 693/1287/660 687/1284/654
f 693/1288/660 681/1268/648 674/1289/642
f 676/1266/644 674/1289/642 681/1268/648
f 674/1289/642 672/1290/640 693/1288/660
f 691/1291/659 693/1288/660 672/1290/640
f 691/1291/659 672/1290/640 692/1292/658
f 673/1293/639 692/1292/658 672/1290/640
f 673/1293/639 628/1185/596 692/1292/658
f 670/1294/637 628/1295/596 673/1257/639
f 630/1187/597 692/1292/658 628/1185/596
f 690/1283/657 630/1296/597 633/1189/599
f 633/1192/599 634/1194/601 690/1280/657
f 694/1297/661 690/1280/657 634/1194/601
f 694/1297/661 688/1278/655 690/1280/657
f 683/1272/649 684/1274/651 695/1298/662
f 696/1299/663 695/1298/662 684/1274/651
f 696/1299/663 697/1300/664 695/1298/662
f 698/1301/665 695/1298/662 697/1300/664
f 698/1302/665 700/1303/666 695/1304/662
f 698/1305/665 702/1306/667 699/1307/668
f 698/1301/665 697/1300/664 701/1308/669
f 703/1309/670 701/1308/669 697/1300/664
f 703/1309/670 704/1310/671 701/1308/669
f 705/1311/672 701/1308/669 704/1310/671
f 705/1312/672 702/1306/667 701/1313/669
f 707/1314/673 706/1315/674 705/1312/672
f 705/1311/672 704/1310/671 707/1316/673
f 709/1317/675 707/1316/673 704/1310/671
f 709/1317/675 710/1318/676 707/1316/673
f 708/1319/677 711/1320/678 706/1321/674
f 713/1322/679 715/1323/680 712/1324/681
f 717/1325/682 713/1326/679 716/1327/683
f 716/1328/683 719/1329/684 717/1330/682
f 720/1331/685 718/1332/686 716/1328/683
f 720/1333/685 716/1327/683 722/1334/687
f 713/1326/679 722/1334/687 716/1327/683
f 723/1335/688 721/1336/689 724/1337/690
f 723/1335/688 725/1338/691 721/1336/689
f 718/1339/686 721/1336/689 725/1338/691
f 718/1339/686 725/1338/691 719/1340/684
f 726/1341/692 719/1340/684 725/1338/691
f 719/1340/684 726/1341/692 727/1342/693
f 728/1343/694 727/1342/693 726/1341/692
f 727/1342/693 728/1343/694 729/1344/695
f 730/1345/696 729/1344/695 728/1343/694
f 730/1345/696 731/1346/697 729/1344/695
f 732/1347/698 729/1344/695 731/1346/697
f 734/1348/699 732/1349/698 733/1350/700
f 734/1351/699 733/1352/700 735/1353/701
f 679/1354/645 735/1353/701 733/1352/700
f 678/1355/646 735/1356/701 679/1264/645
f 678/1265/646 680/1267/647 736/1357/702
f 700/1358/666 736/1357/702 680/1267/647
f 700/1358/666 699/1359/668 736/1357/702
f 737/1360/703 736/1357/702 699/1359/668
f 736/1361/702 738/1362/704 735/1356/701
f 737/1363/703 714/1364/705 738/1365/704
f 715/1366/680 737/1360/703 702/1367/667
f 699/1359/668 702/1367/667 737/1360/703
f 712/1368/681 702/1367/667 706/1321/674
f 712/1368/681 706/1321/674 711/1320/678
f 714/1369/705 717/1325/682 738/1370/704
f 739/1371/706 738/1370/704 717/1325/682
f 739/1371/706 734/1351/699 738/1370/704
f 739/1372/706 729/1373/695 734/1348/699
f 739/1374/706 719/1329/684 727/1375/693
f 735/1353/701 738/1370/704 734/1351/699
f 695/1304/662 680/1376/647 683/1269/649
f 679/1354/645 733/1352/700 677/1377/643
f 740/1378/707 677/1377/643 733/1352/700
f 740/1378/707 741/1379/708 677/1377/643
f 740/1380/707 743/1381/709 741/1382/708
f 733/1350/700 742/1383/710 740/1380/707
f 732/1347/698 731/1346/697 742/1384/710
f 744/1385/711 742/1384/710 731/1346/697
f 744/1385/711 745/1386/712 742/1384/710
f 743/1387/709 742/1384/710 745/1386/712
f 743/1387/709 745/1386/712 746/1388/713
f 747/1389/714 746/1388/713 745/1386/712
f 746/1388/713 747/1389/714 748/1390/715
f 749/1391/716 748/1390/715 747/1389/714
f 749/1391/716 750/1392/717 748/1390/715
f 668/1393/718 748/1390/715 750/1392/717
f 669/1394/636 668/1395/718 667/1249/634
f 751/1396/719 748/1397/715 669/1394/636
f 751/1398/719 669/1253/636 671/1255/638
f 751/1398/719 671/1255/638 741/1379/708
f 675/1399/641 741/1379/708 671/1255/638
f 675/1399/641 677/1377/643 741/1379/708
f 741/1382/708 746/1400/713 751/1401/719
f 668/1393/718 750/1392/717 666/1402/635
f 752/1403/720 666/1402/635 750/1392/717
f 666/1402/635 752/1403/720 662/1236/630
f 753/1404/721 662/1236/630 752/1403/720
f 753/1404/721 660/1234/628 662/1236/630
f 647/1218/613 649/1220/616 640/1200/607
f 754/1405/722 640/1200/607 649/1220/616
f 754/1405/722 638/1198/605 640/1200/607
f 640/1203/607 645/1406/612 647/1215/613
f 755/1407/723 757/1408/724 758/1409/725
f 760/1410/726 762/1411/727 759/1412/728
f 763/1413/729 762/1411/727 761/1414/730
f 765/1415/731 764/1416/732 763/1413/729
f 766/1417/733 767/1418/734 768/1419/735
f 769/1420/736 768/1419/735 767/1418/734
f 770/1421/737 771/1422/738 772/1423/739
f 773/1424/740 772/1423/739 771/1422/738
f 774/1425/741 775/1426/742 776/1427/743
f 777/1428/744 776/1427/743 775/1426/742
f 777/1428/744 780/1429/745 778/1430/746
f 779/1431/747 782/1432/748 780/1429/745
f 783/1433/749 782/1432/748 781/1434/750
f 785/1435/751 784/1436/752 783/1433/749
f 786/1437/753 787/1438/754 788/1439/755
f 787/1438/754 790/1440/756 788/1439/755
f 789/1441/757 792/1442/758 790/1440/756
f 791/1443/759 758/1409/725 792/1442/758
f 758/1444/725 794/1445/760 792/1446/758
f 796/1447/761 793/1448/762 795/1449/763
f 797/1450/764 794/1451/760 796/1447/761
f 798/1452/765 799/1453/766 800/1454/767
f 799/1453/766 802/1455/768 800/1454/767
f 801/1456/769 804/1457/770 802/1455/768
f 803/1458/771 806/1459/772 804/1457/770
f 806/1459/772 807/1460/773 808/1461/774
f 809/1462/775 808/1461/774 807/1460/773
f 809/1462/775 812/1463/776 810/1464/777
f 811/1465/778 814/1466/779 812/1463/776
f 813/1467/780 816/1468/781 814/1466/779
f 815/1469/782 818/1470/783 816/1468/781
f 817/1471/784 820/1472/785 818/1470/783
f 819/1473/786 822/1474/787 820/1472/785
f 821/1475/788 824/1476/789 822/1474/787
f 823/1477/790 826/1478/791 824/1476/789
f 827/1479/792 826/1478/791 825/1480/793
f 829/1481/794 795/1449/763 793/1448/762
f 764/1482/732 826/1483/791 762/1484/727
f 766/1485/733 824/1486/789 764/1482/732
f 768/1487/735 822/1488/787 766/1485/733
f 770/1489/737 820/1490/785 768/1491/735
f 772/1492/739 818/1493/783 770/1489/737
f 774/1494/741 816/1495/781 772/1492/739
f 776/1496/743 814/1497/779 774/1494/741
f 778/1498/746 812/1499/776 776/1496/743
f 780/1500/745 810/1501/777 778/1502/746
f 782/1503/748 808/1504/774 780/1500/745
f 784/1505/752 806/1506/772 782/1503/748
f 786/1507/753 804/1508/770 784/1505/752
f 788/1509/755 802/1510/768 786/1507/753
f 790/1511/756 800/1512/767 788/1513/755
f 792/1446/758 798/1514/765 790/1511/756
f 831/1515/795 832/1516/796 833/1517/797
f 834/1518/798 833/1517/797 832/1516/796
f 835/1519/799 834/1518/798 836/1520/800
f 837/1521/801 833/1522/797 835/1523/799
f 833/1522/797 837/1521/801 831/1524/795
f 838/1525/802 831/1524/795 837/1521/801
f 837/1526/801 840/1527/803 838/1528/802
f 837/1529/801 836/1530/800 839/1531/804
f 839/1532/804 836/1533/800 834/1534/798
f 834/1534/798 832/1535/796 839/1532/804
f 840/1536/803 839/1532/804 832/1535/796
f 842/1537/805 844/1538/806 841/1539/807
f 846/1540/808 841/1539/807 845/1541/809
f 845/1541/809 848/1542/810 846/1540/808
f 849/1543/811 845/1544/809 850/1545/812
f 847/1546/813 852/1547/814 851/1548/815
f 847/1549/813 853/1550/816 848/1551/810
f 855/1552/817 851/1553/815 854/1554/818
f 854/1554/818 857/1555/819 855/1552/817
f 858/1556/820 856/1557/821 854/1558/818
f 858/1559/820 861/1560/822 859/1561/823
f 852/1562/814 860/1563/824 858/1559/820
f 852/1547/814 854/1558/818 851/1548/815
f 852/1562/814 863/1564/825 862/1565/826
f 850/1566/812 863/1567/825 849/1568/811
f 865/1569/827 864/1570/828 850/1566/812
f 841/1571/807 850/1545/812 845/1544/809
f 865/1572/827 844/1573/806 867/1574/829
f 868/1575/830 870/1576/831 867/1577/829
f 871/1578/832 870/1579/831 869/1580/833
f 872/1581/834 866/1582/835 870/1579/831
f 873/1583/836 864/1584/828 866/1582/835
f 874/1585/837 863/1586/825 864/1584/828
f 875/1587/838 862/1588/826 863/1586/825
f 877/1589/839 862/1588/826 876/1590/840
f 860/1591/824 878/1592/841 861/1593/822
f 878/1592/841 880/1594/842 861/1593/822
f 879/1595/843 882/1596/844 880/1594/842
f 881/1597/845 884/1598/846 882/1596/844
f 883/1599/847 886/1600/848 884/1598/846
f 887/1601/849 886/1600/848 885/1602/850
f 889/1603/851 888/1604/852 887/1601/849
f 889/1603/851 892/1605/853 890/1606/854
f 891/1607/855 894/1608/856 892/1605/853
f 893/1609/857 896/1610/858 894/1608/856
f 895/1611/859 898/1612/860 896/1610/858
f 900/1613/861 898/1614/860 899/1615/862
f 901/1616/863 896/1617/858 900/1613/861
f 902/1618/864 901/1619/863 900/1620/861
f 904/1621/865 906/1622/866 907/1623/867
f 905/1624/868 909/1625/869 906/1626/866
f 908/1627/870 911/1628/871 910/1629/872
f 913/1630/873 910/1631/872 912/1632/874
f 912/1633/874 915/1634/875 913/1635/873
f 914/1636/876 917/1637/877 916/1638/878
f 912/1632/874 918/1639/879 917/1640/877
f 919/1641/880 910/1629/872 911/1628/871
f 920/1642/881 916/1638/878 917/1637/877
f 917/1640/877 922/1643/882 920/1644/881
f 924/1645/883 926/1646/884 923/1647/885
f 928/1648/886 923/1649/885 927/1650/887
f 927/1650/887 930/1651/888 929/1652/889
f 923/1647/885 931/1653/890 930/1654/888
f 931/1655/890 843/1656/891 842/1657/805
f 932/1658/892 842/1657/805 846/1659/808
f 933/1660/893 846/1659/808 848/1661/810
f 935/1662/894 933/1663/893 934/1664/895
f 934/1665/895 937/1666/896 935/1667/894
f 936/1668/897 939/1669/898 938/1670/899
f 934/1671/895 940/1672/900 939/1673/898
f 940/1674/900 848/1661/810 853/1675/816
f 940/1674/900 855/1676/817 941/1677/901
f 939/1673/898 941/1678/901 942/1679/902
f 943/1680/903 939/1669/898 942/1681/902
f 944/1682/904 942/1681/902 945/1683/905
f 942/1679/902 946/1684/906 945/1685/905
f 857/1686/819 941/1677/901 855/1676/817
f 947/1687/907 857/1686/819 948/1688/908
f 945/1685/905 947/1689/907 949/1690/909
f 949/1691/909 944/1682/904 945/1683/905
f 951/1692/910 950/1693/911 949/1691/909
f 952/1694/912 954/1695/913 953/1696/914
f 951/1697/910 956/1698/915 954/1699/913
f 949/1690/909 955/1700/916 951/1701/910
f 955/1702/916 948/1688/908 957/1703/917
f 956/1704/915 957/1703/917 958/1705/918
f 958/1706/918 960/1707/919 959/1708/920
f 959/1708/920 962/1709/921 958/1706/918
f 963/1710/922 959/1711/920 964/1712/923
f 965/1713/924 963/1710/922 966/1714/925
f 961/1715/926 967/1716/927 962/1709/921
f 906/1622/866 965/1717/924 907/1623/867
f 906/1626/866 968/1718/928 967/1719/927
f 970/1720/929 909/1721/869 969/1722/930
f 971/1723/931 970/1724/929 969/1725/930
f 971/1723/931 913/1635/873 915/1634/875
f 969/1722/930 908/1726/870 913/1727/873
f 972/1728/932 974/1729/933 970/1724/929
f 953/1696/914 974/1729/933 973/1730/934
f 954/1699/913 975/1731/935 974/1732/933
f 958/1705/918 975/1733/935 956/1704/915
f 975/1733/935 967/1719/927 968/1718/928
f 974/1732/933 968/1734/928 970/1720/929
f 907/1735/867 966/1714/925 976/1736/936
f 976/1736/936 904/1737/865 907/1735/867
f 976/1738/936 892/1739/853 977/1740/937
f 966/1741/925 890/1742/854 976/1738/936
f 963/1743/922 888/1744/852 966/1741/925
f 964/1745/923 886/1746/848 963/1743/922
f 978/1747/938 884/1748/846 964/1745/923
f 960/1749/919 964/1712/923 959/1711/920
f 979/1750/939 978/1751/938 960/1749/919
f 979/1752/939 957/1753/917 948/1754/908
f 856/1755/821 948/1754/908 857/1555/819
f 856/1557/821 980/1756/940 979/1750/939
f 859/1561/823 880/1757/842 980/1758/940
f 978/1759/938 880/1757/842 882/1760/844
f 977/1761/937 894/1762/856 901/1616/863
f 977/1763/937 903/1764/941 904/1737/865
f 935/1667/894 929/1652/889 930/1651/888
f 930/1654/888 932/1765/892 935/1662/894
f 867/1577/829 866/1766/835 865/1569/827
f 981/1767/942 982/1768/943 983/1769/944
f 982/1768/943 981/1767/942 984/1770/945
f 985/1771/946 984/1770/945 981/1767/942
f 986/1772/947 985/1771/946 987/1773/948
f 988/1774/949 984/1770/945 986/1772/947
f 989/1775/949 984/1770/945 988/1774/949
f 989/1775/949 982/1768/943 984/1770/945
f 990/1776/949 982/1768/943 989/1775/949
f 991/1777/949 982/1768/943 990/1776/949
f 991/1777/949 992/1778/950 982/1768/943
f 993/1779/949 992/1778/950 991/1777/949
f 994/1780/951 992/1778/950 993/1779/949
f 995/1781/952 992/1778/950 994/1780/951
f 995/1781/952 996/1782/953 992/1778/950
f 997/1783/954 998/1784/955 999/1785/956
f 998/1784/955 997/1783/954 1000/1786/957
f 1001/1787/958 1000/1786/957 997/1783/954
f 1000/1786/957 1001/1787/958 1002/1788/959
f 1003/1789/960 1002/1788/959 1001/1787/958
f 1002/1788/959 1004/1790/961 1005/1791/962
f 1003/1789/960 1006/1792/963 1004/1790/961
f 1003/1789/960 1001/1787/958 1006/1792/963
f 1007/1793/964 1006/1792/963 1001/1787/958
f 1007/1794/964 1008/1795/965 1006/1796/963
f 1008/1795/965 1009/1797/966 994/1780/951
f 994/1780/951 1010/1798/949 1008/1795/965
f 1010/1798/949 994/1780/951 993/1779/949
f 1008/1795/965 1010/1798/949 1011/1799/949
f 1008/1795/965 1011/1799/949 1012/1800/949
f 1008/1795/965 1012/1800/949 1013/1801/967
f 1013/1801/967 1012/1800/949 1014/1802/949
f 1013/1801/967 1014/1802/949 1015/1803/968
f 1015/1803/968 1014/1802/949 1016/1804/949
f 1015/1803/968 1016/1804/949 1017/1805/949
f 1015/1803/968 1017/1805/949 1018/1806/969
f 1018/1806/969 1017/1805/949 1019/1807/949
f 1018/1806/969 1019/1807/949 1020/1808/970
f 1020/1808/970 1019/1807/949 1021/1809/949
f 1020/1808/970 1021/1809/949 1022/1810/971
f 1022/1810/971 1021/1809/949 1023/1811/949
f 1022/1810/971 1023/1811/949 1024/1812/949
f 1022/1810/971 1024/1812/949 1025/1813/972
f 1026/1814/949 1025/1813/972 1024/1812/949
f 1027/1815/949 1025/1813/972 1026/1814/949
f 1027/1815/949 1028/1816/973 1025/1813/972
f 1029/1817/949 1028/1816/973 1027/1815/949
f 1029/1817/949 1030/1818/974 1028/1816/973
f 1031/1819/949 1030/1818/974 1029/1817/949
f 1032/1820/949 1030/1818/974 1031/1819/949
f 1032/1820/949 986/1772/947 1030/1818/974
f 988/1774/949 986/1772/947 1032/1820/949
f 1030/1818/974 986/1772/947 1033/1821/975
f 987/1773/948 1033/1821/975 986/1772/947
f 987/1822/948 1034/1823/976 1033/1824/975
f 987/1825/948 985/1826/946 1034/1827/976
f 1035/1828/977 1034/1827/976 985/1826/946
f 1035/1828/977 1036/1829/978 1034/1827/976
f 1036/1829/978 1035/1828/977 1037/1830/979
f 1038/1831/980 1037/1830/979 1035/1828/977
f 1037/1830/979 1038/1831/980 1039/1832/981
f 1040/1833/982 1039/1832/981 1038/1831/980
f 1039/1832/981 1040/1833/982 1041/1834/983
f 1042/1835/984 1043/1836/985 1044/1837/986
f 998/1838/955 1044/1837/986 1043/1836/985
f 1000/1839/957 1044/1837/986 998/1838/955
f 1000/1839/957 1002/1840/959 1045/1841/987
f 1046/1842/988 1045/1841/987 1002/1840/959
f 1046/1842/988 1002/1840/959 1047/1843/989
f 1005/1844/962 1047/1843/989 1002/1840/959
f 1005/1844/962 1048/1845/990 1047/1843/989
f 1005/1846/962 1004/1847/961 1048/1848/990
f 1049/1849/991 1048/1848/990 1004/1847/961
f 1048/1848/990 1049/1849/991 1050/1850/992
f 1051/1851/993 1050/1850/992 1049/1849/991
f 1050/1850/992 1051/1851/993 1052/1852/994
f 1053/1853/995 1052/1852/994 1051/1851/993
f 1052/1852/994 1053/1853/995 1054/1854/996
f 1055/1855/997 1054/1854/996 1053/1853/995
f 1054/1854/996 1055/1855/997 1056/1856/998
f 1057/1857/999 1056/1856/998 1055/1855/997
f 1056/1858/998 1057/1859/999 1058/1860/1000
f 1059/1861/1001 1058/1860/1000 1057/1859/999
f 1058/1860/1000 1059/1861/1001 1060/1862/1002
f 1061/1863/1003 1060/1862/1002 1059/1861/1001
f 1060/1862/1002 1062/1864/1004 1063/1865/1005
f 1064/1866/1006 1062/1864/1004 1061/1863/1003
f 1025/1813/972 1065/1867/1007 1064/1868/1006
f 1028/1816/973 1030/1818/974 1065/1867/1007
f 1033/1821/975 1065/1867/1007 1030/1818/974
f 1033/1824/975 1066/1869/1008 1065/1870/1007
f 1066/1869/1008 1033/1824/975 1034/1823/976
f 1034/1823/976 1067/1871/1009 1066/1869/1008
f 1067/1872/1009 1034/1827/976 1036/1829/978
f 1067/1873/1009 1036/1874/978 1068/1875/1010
f 1069/1876/1011 1068/1875/1010 1036/1874/978
f 1069/1876/1011 1036/1874/978 1070/1877/1012
f 1037/1878/979 1070/1877/1012 1036/1874/978
f 1037/1878/979 1071/1879/1013 1070/1877/1012
f 1039/1880/981 1041/1881/983 1071/1879/1013
f 1072/1882/1014 1071/1879/1013 1041/1881/983
f 1067/1873/1009 1068/1875/1010 1073/1883/1015
f 1074/1884/1016 1073/1883/1015 1068/1875/1010
f 1074/1884/1016 1075/1885/1017 1073/1883/1015
f 1063/1886/1005 1073/1883/1015 1075/1885/1017
f 1063/1865/1005 1062/1864/1004 1073/1887/1015
f 1066/1869/1008 1073/1887/1015 1062/1864/1004
f 1073/1887/1015 1066/1869/1008 1067/1871/1009
f 1062/1864/1004 1065/1870/1007 1066/1869/1008
f 1063/1886/1005 1076/1888/1018 1060/1889/1002
f 1076/1888/1018 1077/1890/1019 1060/1889/1002
f 1058/1891/1000 1060/1889/1002 1077/1890/1019
f 1077/1890/1019 1078/1892/1020 1058/1891/1000
f 1056/1893/998 1058/1891/1000 1078/1892/1020
f 1056/1893/998 1078/1892/1020 1054/1894/996
f 1079/1895/1021 1054/1894/996 1078/1892/1020
f 1054/1894/996 1079/1895/1021 1052/1896/994
f 1080/1897/1022 1052/1896/994 1079/1895/1021
f 1080/1897/1022 1081/1898/1023 1052/1896/994
f 1050/1899/992 1052/1896/994 1081/1898/1023
f 1050/1899/992 1081/1898/1023 1048/1845/990
f 1082/1900/1024 1048/1845/990 1081/1898/1023
f 1082/1900/1024 1047/1843/989 1048/1845/990
f 1064/1868/1006 1083/1901/1025 1025/1813/972
f 1064/1866/1006 1061/1863/1003 1083/1902/1025
f 1059/1861/1001 1083/1902/1025 1061/1863/1003
f 1059/1861/1001 1057/1859/999 1083/1902/1025
f 1084/1903/1026 1083/1902/1025 1057/1859/999
f 1084/1904/1026 1085/1905/1027 1083/1901/1025
f 1085/1905/1027 1087/1906/1028 1086/1907/1029
f 1086/1907/1029 1088/1908/1030 1085/1905/1027
f 1022/1810/971 1088/1908/1030 1086/1907/1029
f 1022/1810/971 1025/1813/972 1088/1908/1030
f 1088/1908/1030 1025/1813/972 1083/1901/1025
f 1088/1908/1030 1083/1901/1025 1085/1905/1027
f 1022/1810/971 1086/1907/1029 1089/1909/1031
f 1087/1906/1028 1089/1909/1031 1086/1907/1029
f 1089/1910/1031 1087/1911/1028 1053/1853/995
f 1055/1855/997 1053/1853/995 1087/1911/1028
f 1055/1855/997 1087/1911/1028 1057/1857/999
f 1084/1912/1026 1057/1857/999 1087/1911/1028
f 1053/1853/995 1051/1851/993 1089/1910/1031
f 1090/1913/1032 1089/1910/1031 1051/1851/993
f 1089/1909/1031 1090/1914/1032 1022/1810/971
f 1020/1808/970 1022/1810/971 1090/1914/1032
f 1090/1914/1032 1091/1915/1033 1020/1808/970
f 1090/1913/1032 1051/1851/993 1091/1916/1033
f 1049/1849/991 1091/1916/1033 1051/1851/993
f 1092/1917/1034 1049/1849/991 1004/1847/961
f 1092/1918/1034 1015/1803/968 1091/1915/1033
f 1006/1796/963 1015/1803/968 1092/1918/1034
f 1092/1919/1034 1004/1790/961 1006/1792/963
f 1013/1801/967 1006/1796/963 1008/1795/965
f 1018/1806/969 1091/1915/1033 1015/1803/968
f 1018/1806/969 1020/1808/970 1091/1915/1033
f 1040/1833/982 983/1920/944 1093/1921/1035
f 1040/1833/982 1038/1831/980 983/1920/944
f 981/1922/942 983/1920/944 1038/1831/980
f 981/1922/942 1038/1831/980 985/1826/946
f 1035/1828/977 985/1826/946 1038/1831/980
f 1094/1923/1036 983/1769/944 996/1782/953
f 992/1778/950 996/1782/953 983/1769/944
f 992/1778/950 983/1769/944 982/1768/943
f 1001/1787/958 1009/1924/966 1007/1793/964
f 997/1783/954 999/1785/956 1009/1924/966
f 1009/1797/966 1095/1925/1037 994/1780/951
f 995/1781/952 994/1780/951 1095/1925/1037
f 1097/1926/1038 1099/1927/1039 1096/1928/1040
f 1100/1929/1041 1097/1930/1038 1096/1931/1040
f 1102/1932/1042 1096/1933/1040 1099/1934/1039
f 1103/1935/1043 1099/1936/1039 1098/1937/1044
f 1101/1938/1045 1098/1939/1044 1097/1940/1038
f 1102/1941/1042 1101/1942/1045 1100/1943/1041
f 1105/1944/1041 1107/1945/1038 1104/1946/1040
f 1109/1947/1042 1104/1948/1040 1108/1949/1039
f 1111/1950/1043 1108/1951/1039 1110/1952/1044
f 1106/1953/1045 1110/1954/1044 1107/1955/1038
f 1109/1956/1042 1106/1957/1045 1105/1958/1041
f 1107/1959/1038 1108/1960/1039 1104/1961/1040
f 1113/1962/1038 1115/1963/1046 1112/1964/1040
f 1116/1965/1041 1113/1966/1038 1112/1967/1040
f 1115/1968/1046 1116/1969/1041 1112/1970/1040
f 1119/1971/1043 1115/1972/1046 1114/1973/1044
f 1117/1974/1045 1114/1975/1044 1113/1976/1038
f 1118/1977/1042 1117/1978/1045 1116/1979/1041
f 1120/1980/1047 1121/1981/1048 1122/1982/1049
f 1120/1980/1047 1123/1983/1050 1121/1981/1048
f 1123/1983/1050 1120/1980/1047 1124/1984/1051
f 1125/1985/1052 1124/1984/1051 1120/1980/1047
f 1125/1986/1052 1126/1987/1053 1124/1988/1051
f 1127/1989/1054 1128/1990/1055 1121/1981/1048
f 1129/1991/1056 1130/1992/1057 1131/1993/1058
f 1132/1994/1059 1130/1995/1057 1129/1996/1056
f 1132/1997/1059 1133/1998/1060 1130/1992/1057
f 1132/1997/1059 1127/1989/1054 1133/1998/1060
f 1121/1981/1048 1133/1998/1060 1127/1989/1054
f 1133/1998/1060 1121/1981/1048 1123/1983/1050
f 1123/1983/1050 1134/1999/1061 1133/1998/1060
f 1134/1999/1061 1123/1983/1050 1135/2000/1062
f 1124/1984/1051 1135/2000/1062 1123/1983/1050
f 1136/2001/1063 1135/2002/1062 1124/1988/1051
f 1137/2003/1064 1135/2002/1062 1136/2001/1063
f 1137/2003/1064 1138/2004/1065 1135/2002/1062
f 1139/2005/1066 1138/2006/1065 1137/2007/1064
f 1141/2008/1067 1137/2007/1064 1136/2009/1063
f 1142/2010/1068 1136/2009/1063 1126/2011/1053
f 1141/2012/1067 1143/2013/1069 1139/2014/1066
f 1136/2001/1063 1124/1988/1051 1126/1987/1053
f 1140/2015/1070 1145/2016/1071 1138/2006/1065
f 1133/1998/1060 1146/2017/1072 1131/1993/1058
f 1133/1998/1060 1134/1999/1061 1146/2017/1072
f 1147/2018/1073 1146/2017/1072 1134/1999/1061
f 1147/2018/1073 1134/1999/1061 1148/2019/1074
f 1135/2000/1062 1148/2019/1074 1134/1999/1061
f 1148/2020/1074 1135/2002/1062 1138/2004/1065
f 1138/2004/1065 1145/2021/1071 1148/2020/1074
f 1133/1998/1060 1131/1993/1058 1130/1992/1057
f 1149/2022/497 1151/2023/1075 1152/2024/1076
f 1154/2025/1077 1156/2026/1078 1153/2027/1079
f 1158/2028/1080 1160/2029/1081 1157/2030/1082
f 1161/2031/1083 1162/2032/1084 1163/2033/1085
f 1162/2032/1084 1161/2031/1083 1164/2034/1086
f 1165/2035/1087 1164/2034/1086 1161/2031/1083
f 1165/2035/1087 1161/2031/1083 1166/2036/1088
f 1167/2037/1089 1166/2036/1088 1161/2031/1083
f 1163/2033/1085 1167/2037/1089 1161/2031/1083
f 1168/2038/1090 1169/2039/1091 1170/2040/1092
f 1171/2041/1093 1170/2040/1092 1169/2039/1091
f 1172/2042/1094 1170/2040/1092 1171/2041/1093
f 1170/2040/1092 1172/2042/1094 1173/2043/1095
f 1174/2044/1096 1173/2043/1095 1172/2042/1094
f 1172/2045/1094 1171/2046/1093 1174/2047/1096
f 1175/2048/1097 1176/2049/1098 1177/2050/1099
f 1176/2051/1098 1178/2052/1100 1179/2053/1101
f 1178/2054/1100 1180/2055/1102 1179/2056/1101
f 1177/2057/1099 1181/2058/1103 1180/2059/1102
f 1181/2060/1103 1177/2050/1099 1176/2049/1098
f 1176/2049/1098 1182/2061/1104 1181/2060/1103
f 1183/2062/1105 1176/2063/1098 1179/2064/1101
f 1184/2065/1106 1179/2056/1101 1180/2055/1102
f 1184/2066/1106 1180/2059/1102 1181/2058/1103
f 1184/2066/1106 1182/2067/1104 1183/2068/1105
f 1185/2069/1107 1187/2070/1108 1188/2071/1109
f 1190/2072/1110 1192/2073/1111 1189/2074/1112
f 1194/2075/1113 1196/2076/1114 1197/2077/1115
f 1193/2078/1116 1199/2079/1117 1194/2080/1113
f 1197/2081/1115 1198/2082/1118 1193/2083/1116
f 1196/2084/1114 1200/2085/1119 1197/2086/1115
f 1196/2087/1114 1203/2088/1120 1201/2089/1121
f 1196/2090/1114 1195/2091/1122 1202/2092/1123
f 1204/2093/1124 1202/2092/1123 1195/2091/1122
f 1202/2094/1123 1204/2095/1124 1205/2096/1125
f 1206/2097/1126 1205/2096/1125 1204/2095/1124
f 1206/2098/1126 1208/2099/1127 1205/2100/1125
f 1207/2101/1128 1194/2102/1113 1199/2103/1117
f 1199/2103/1117 1209/2104/1129 1207/2101/1128
f 1201/2105/1121 1199/2106/1117 1198/2107/1118
f 1201/2108/1121 1203/2109/1120 1209/2110/1129
f 1210/2111/1130 1209/2112/1129 1203/2113/1120
f 1210/2114/1130 1207/2101/1128 1209/2104/1129
f 1207/2115/1128 1210/2116/1130 1208/2117/1127
f 1203/2118/1120 1208/2117/1127 1210/2116/1130
f 1208/2117/1127 1203/2118/1120 1211/2119/1131
f 1212/2120/1132 1211/2119/1131 1203/2118/1120
f 1212/2121/1132 1214/2122/1133 1211/2123/1131
f 1213/2124/1134 1212/2125/1132 1202/2126/1123
f 1203/2127/1120 1202/2126/1123 1212/2125/1132
f 1213/2128/1134 1202/2094/1123 1214/2129/1133
f 1205/2096/1125 1214/2129/1133 1202/2094/1123
f 1214/2130/1133 1205/2100/1125 1211/2131/1131
f 1208/2099/1127 1211/2131/1131 1205/2100/1125
f 1194/2102/1113 1206/2132/1126 1195/2133/1122
f 1204/2134/1124 1195/2133/1122 1206/2132/1126
f 1216/2135/1043 1218/2136/1039 1215/2137/1044
f 1220/2138/1045 1215/2139/1044 1219/2140/1038
f 1222/2141/1041 1219/2142/1038 1221/2143/1040
f 1217/2144/1042 1221/2145/1040 1218/2146/1039
f 1217/2147/1042 1220/2148/1045 1222/2149/1041
f 1219/2150/1038 1218/2151/1039 1221/2152/1040
f 1224/2153/1135 1226/2154/1078 1223/2155/1079
f 1228/2156/1136 1230/2157/1137 1227/2158/1136
f 1232/2159/1138 1227/2158/1136 1231/2160/1139
f 1232/2159/1138 1231/2160/1139 1233/2161/1140
f 1234/2162/1141 1233/2161/1140 1231/2160/1139
f 1236/2163/1142 1234/2164/1141 1235/2165/1142
f 1238/2166/1143 1235/2165/1142 1237/2167/1144
f 1238/2166/1143 1237/2167/1144 1239/2168/1145
f 1240/2169/1146 1239/2168/1145 1237/2167/1144
f 1239/2168/1145 1240/2169/1146 1241/2170/1147
f 1242/2171/1148 1241/2170/1147 1240/2169/1146
f 1243/2172/1149 1241/2170/1147 1242/2171/1148
f 1244/2173/1150 1243/2174/1149 1245/2175/1151
f 1246/2176/1152 1245/2175/1151 1243/2174/1149
f 1248/2177/1153 1246/2176/1152 1247/2178/1154
f 1248/2177/1153 1247/2178/1154 1249/2179/1155
f 1250/2180/1156 1249/2179/1155 1247/2178/1154
f 1249/2179/1155 1250/2180/1156 1251/2181/1157
f 1252/2182/1158 1251/2181/1157 1250/2180/1156
f 1251/2181/1157 1252/2182/1158 1253/2183/1159
f 1254/2184/1160 1253/2183/1159 1252/2182/1158
f 1256/2185/1161 1254/2186/1160 1255/2187/1162
f 1258/2188/1163 1255/2187/1162 1257/2189/1163
f 1259/2190/1164 1258/2188/1163 1257/2189/1163
f 1261/2191/1165 1260/2192/1164 1259/2190/1164
f 1264/2193/557 1266/2194/559 1263/2195/557
f 1268/2196/555 1263/2195/557 1267/2197/555
f 1270/2198/553 1267/2197/555 1269/2199/553
f 1271/2200/551 1270/2198/553 1269/2199/553
f 1274/2201/549 1271/2202/551 1273/2203/549
f 1276/2204/547 1273/2203/549 1275/2205/547
f 1278/2206/545 1275/2205/547 1277/2207/545
f 1279/2208/543 1278/2206/545 1277/2207/545
f 1282/2209/541 1279/2208/543 1281/2210/541
f 1284/2211/539 1281/2212/541 1283/2213/539
f 1286/2214/537 1283/2213/539 1285/2215/537
f 1288/2216/535 1285/2215/537 1287/2217/535
f 1290/2218/533 1287/2217/535 1289/2219/533
f 1292/2220/531 1289/2219/533 1291/2221/531
f 1294/2222/530 1291/2223/531 1293/2224/530
f 1295/2225/528 1294/2222/530 1293/2224/530
f 1298/2226/529 1295/2225/528 1297/2227/529
f 1300/2228/582 1297/2227/529 1299/2229/582
f 1301/2230/1166 1302/2231/1167 1303/2232/1168
f 1302/2231/1167 1305/2233/1169 1304/2234/1170
f 1301/2235/1166 1307/2236/1171 1305/2237/1169
f 1308/2238/1172 1309/2239/1173 1310/2240/1174
f 1311/2241/1175 1313/2242/1176 1308/2243/1172
f 1310/2240/1174 1311/2244/1175 1308/2238/1172
f 1311/2244/1175 1314/2245/1177 1315/2246/1178
f 1316/2247/1179 1315/2246/1178 1314/2245/1177
f 1316/2247/1179 1317/2248/1180 1315/2246/1178
f 1318/2249/1181 1315/2246/1178 1317/2248/1180
f 1318/2250/1181 1320/2251/1182 1315/2252/1178
f 1321/2253/1183 1319/2254/1184 1318/2255/1181
f 1318/2249/1181 1317/2248/1180 1321/2256/1183
f 1323/2257/1185 1321/2256/1183 1317/2248/1180
f 1323/2257/1185 1324/2258/1186 1321/2256/1183
f 1325/2259/1187 1321/2256/1183 1324/2258/1186
f 1325/2260/1187 1322/2261/1188 1321/2253/1183
f 1327/2262/1189 1326/2263/1190 1325/2260/1187
f 1324/2258/1186 1327/2264/1189 1325/2259/1187
f 1327/2264/1189 1329/2265/1191 1330/2266/1192
f 1331/2267/1193 1330/2266/1192 1329/2265/1191
f 1330/2266/1192 1331/2267/1193 1332/2268/1194
f 1333/2269/1195 1332/2268/1194 1331/2267/1193
f 1333/2269/1195 1334/2270/1196 1332/2268/1194
f 1335/2271/1197 1332/2268/1194 1334/2270/1196
f 1335/2272/1197 1337/2273/1198 1332/2274/1194
f 1338/2275/1199 1336/2276/1200 1335/2272/1197
f 1338/2277/1199 1335/2271/1197 1340/2278/1201
f 1334/2270/1196 1340/2278/1201 1335/2271/1197
f 1338/2277/1199 1341/2279/1202 1342/2280/1203
f 1342/2280/1203 1341/2279/1202 1343/2281/1204
f 1344/2282/1205 1343/2281/1204 1341/2279/1202
f 1343/2281/1204 1344/2282/1205 1345/2283/1206
f 1346/2284/1207 1345/2283/1206 1344/2282/1205
f 1346/2284/1207 1347/2285/1208 1345/2283/1206
f 1348/2286/1209 1345/2283/1206 1347/2285/1208
f 1348/2287/1209 1350/2288/1210 1345/2289/1206
f 1305/2237/1169 1349/2290/1211 1348/2287/1209
f 1348/2286/1209 1347/2285/1208 1305/2233/1169
f 1304/2234/1170 1305/2233/1169 1347/2285/1208
f 1349/2291/1211 1307/2292/1171 1351/2293/1212
f 1352/2294/1213 1351/2293/1212 1307/2292/1171
f 1351/2295/1212 1354/2296/1214 1353/2297/1215
f 1356/2298/1216 1353/2297/1215 1355/2299/1217
f 1358/2300/1218 1355/2301/1217 1357/2302/1219
f 1357/2302/1219 1360/2303/1220 1358/2300/1218
f 1357/2304/1219 1361/2305/1221 1359/2306/1222
f 1357/2304/1219 1355/2307/1217 1361/2305/1221
f 1362/2308/1223 1361/2305/1221 1355/2307/1217
f 1362/2309/1223 1364/2310/1224 1361/2311/1221
f 1365/2312/1225 1363/2313/1226 1362/2314/1223
f 1362/2308/1223 1355/2307/1217 1365/2315/1225
f 1353/2316/1215 1365/2315/1225 1355/2307/1217
f 1365/2315/1225 1353/2316/1215 1367/2317/1227
f 1354/2318/1214 1367/2317/1227 1353/2316/1215
f 1368/2319/1228 1367/2317/1227 1354/2318/1214
f 1307/2292/1171 1370/2320/1229 1352/2294/1213
f 1306/2321/1230 1371/2322/1231 1370/2320/1229
f 1373/2323/1232 1375/2324/1233 1372/2325/1234
f 1377/2326/1235 1372/2325/1234 1376/2327/1236
f 1376/2327/1236 1379/2328/1237 1377/2326/1235
f 1376/2329/1236 1328/2330/1238 1378/2331/1239
f 1376/2329/1236 1372/2332/1234 1326/2333/1190
f 1322/2334/1188 1326/2333/1190 1372/2332/1234
f 1372/2332/1234 1375/2335/1233 1322/2334/1188
f 1319/2336/1184 1322/2334/1188 1375/2335/1233
f 1375/2335/1233 1380/2337/1240 1319/2336/1184
f 1320/2338/1182 1319/2336/1184 1380/2337/1240
f 1320/2338/1182 1380/2337/1240 1312/2339/1241
f 1315/2252/1178 1312/2340/1241 1311/2241/1175
f 1328/2330/1238 1381/2341/1242 1378/2331/1239
f 1330/2342/1192 1328/2343/1238 1327/2262/1189
f 1332/2344/1194 1381/2345/1242 1330/2342/1192
f 1381/2341/1242 1337/2346/1198 1382/2347/1243
f 1383/2348/1244 1382/2347/1243 1337/2346/1198
f 1382/2349/1243 1385/2350/1245 1384/2351/1246
f 1378/2352/1239 1384/2351/1246 1379/2328/1237
f 1382/2347/1243 1378/2331/1239 1381/2341/1242
f 1384/2353/1246 1386/2354/1247 1379/2355/1237
f 1386/2354/1247 1384/2353/1246 1387/2356/1248
f 1385/2357/1245 1387/2356/1248 1384/2353/1246
f 1385/2357/1245 1388/2358/1249 1387/2356/1248
f 1388/2359/1249 1383/2360/1244 1389/2361/1250
f 1391/2362/1251 1389/2361/1250 1390/2363/1252
f 1359/2364/1222 1390/2363/1252 1360/2303/1220
f 1391/2365/1251 1359/2306/1222 1392/2366/1253
f 1393/2367/1254 1392/2366/1253 1359/2306/1222
f 1393/2368/1254 1395/2369/1255 1392/2370/1253
f 1361/2311/1221 1394/2371/1256 1393/2368/1254
f 1393/2367/1254 1359/2306/1222 1361/2305/1221
f 1394/2372/1256 1364/2373/1224 1396/2374/1257
f 1397/2375/1258 1396/2374/1257 1364/2373/1224
f 1364/2373/1224 1363/2376/1226 1397/2375/1258
f 1398/2377/1259 1397/2375/1258 1363/2376/1226
f 1398/2377/1259 1363/2376/1226 1399/2378/1260
f 1366/2379/1261 1399/2378/1260 1363/2376/1226
f 1366/2379/1261 1400/2380/1262 1399/2378/1260
f 1367/2381/1227 1366/2382/1261 1365/2312/1225
f 1369/2383/1263 1400/2384/1262 1367/2381/1227
f 1369/2385/1263 1368/2319/1228 1402/2386/1264
f 1404/2387/1265 1406/2388/1266 1403/2389/1267
f 1407/2390/1268 1404/2391/1265 1408/2392/1269
f 1407/2393/1268 1405/2394/1270 1404/2387/1265
f 1410/2395/1271 1409/2396/1272 1407/2393/1268
f 1407/2390/1268 1408/2392/1269 1410/2397/1271
f 1374/2398/1273 1410/2397/1271 1408/2392/1269
f 1374/2398/1273 1373/2399/1232 1410/2397/1271
f 1412/2400/1274 1410/2397/1271 1373/2399/1232
f 1412/2401/1274 1411/2402/1275 1410/2403/1271
f 1414/2404/1276 1413/2405/1277 1412/2401/1274
f 1412/2400/1274 1373/2399/1232 1414/2406/1276
f 1377/2407/1235 1414/2406/1276 1373/2399/1232
f 1377/2407/1235 1416/2408/1278 1414/2406/1276
f 1416/2408/1278 1379/2355/1237 1386/2354/1247
f 1386/2409/1247 1418/2410/1279 1416/2411/1278
f 1387/2412/1248 1417/2413/1280 1386/2409/1247
f 1420/2414/1281 1419/2415/1282 1387/2416/1248
f 1420/2417/1281 1387/2356/1248 1388/2358/1249
f 1388/2358/1249 1391/2365/1251 1420/2417/1281
f 1392/2366/1253 1420/2417/1281 1391/2365/1251
f 1392/2370/1253 1421/2418/1283 1420/2414/1281
f 1395/2419/1255 1422/2420/1284 1421/2421/1283
f 1396/2374/1257 1395/2419/1255 1394/2372/1256
f 1423/2422/1285 1421/2421/1283 1422/2420/1284
f 1421/2421/1283 1423/2422/1285 1419/2423/1282
f 1424/2424/1286 1419/2423/1282 1423/2422/1285
f 1424/2424/1286 1425/2425/1287 1419/2423/1282
f 1417/2426/1280 1419/2423/1282 1425/2425/1287
f 1425/2425/1287 1426/2427/1288 1417/2426/1280
f 1418/2428/1279 1417/2426/1280 1426/2427/1288
f 1418/2428/1279 1427/2429/1289 1415/2430/1290
f 1415/2430/1290 1427/2429/1289 1413/2431/1277
f 1428/2432/1291 1413/2431/1277 1427/2429/1289
f 1428/2432/1291 1429/2433/1292 1413/2431/1277
f 1411/2434/1275 1413/2431/1277 1429/2433/1292
f 1411/2434/1275 1429/2433/1292 1409/2435/1272
f 1430/2436/1293 1409/2435/1272 1429/2433/1292
f 1430/2436/1293 1431/2437/1294 1409/2435/1272
f 1405/2438/1270 1409/2435/1272 1431/2437/1294
f 1432/2439/1295 1405/2438/1270 1431/2437/1294
f 1406/2440/1266 1432/2439/1295 1433/2441/1296
f 1401/2442/1297 1434/2443/1298 1435/2444/1299
f 1435/2444/1299 1400/2380/1262 1401/2442/1297
f 1436/2445/1300 1399/2378/1260 1400/2380/1262
f 1416/2411/1278 1415/2446/1290 1414/2404/1276
f 1360/2447/1220 1390/2448/1252 1437/2449/1301
f 1339/2450/1302 1437/2449/1301 1390/2448/1252
f 1342/2451/1203 1339/2452/1302 1338/2275/1199
f 1343/2453/1204 1437/2454/1301 1342/2451/1203
f 1345/2455/1206 1438/2456/1303 1343/2453/1204
f 1350/2457/1210 1356/2458/1216 1438/2459/1303
f 1350/2457/1210 1349/2291/1211 1356/2458/1216
f 1351/2293/1212 1356/2458/1216 1349/2291/1211
f 1358/2460/1218 1438/2459/1303 1356/2458/1216
f 1358/2460/1218 1360/2447/1220 1438/2459/1303
f 1437/2449/1301 1438/2459/1303 1360/2447/1220
f 1339/2450/1302 1390/2448/1252 1336/2461/1200
f 1389/2462/1250 1336/2461/1200 1390/2448/1252
f 1336/2461/1200 1389/2462/1250 1337/2346/1198
f 1383/2348/1244 1337/2346/1198 1389/2462/1250
f 1440/2463/1304 1442/2464/1305 1439/2465/1304
f 1444/2466/1306 1439/2465/1304 1443/2467/1306
f 1446/2468/1307 1443/2467/1306 1445/2469/1307
f 1447/2470/1308 1446/2468/1307 1445/2469/1307
f 1450/2471/1309 1447/2472/1308 1449/2473/1309
f 1452/2474/1310 1449/2473/1309 1451/2475/1310
f 1454/2476/1311 1451/2475/1310 1453/2477/1311
f 1455/2478/1312 1454/2476/1311 1453/2477/1311
f 1458/2479/1313 1455/2478/1312 1457/2480/1313
f 1460/2481/1314 1457/2482/1313 1459/2483/1314
f 1462/2484/1315 1459/2483/1314 1461/2485/1315
f 1463/2486/1316 1462/2484/1315 1461/2485/1315
f 1466/2487/1317 1463/2486/1316 1465/2488/1318
f 1468/2489/1319 1465/2488/1318 1467/2490/1319
f 1470/2491/1320 1467/2492/1319 1469/2493/1320
f 1472/2494/1321 1469/2493/1320 1471/2495/1321
f 1474/2496/1322 1471/2495/1321 1473/2497/1322
f 1476/2498/1323 1473/2497/1322 1475/2499/1324
f 1477/2500/1325 1478/2501/1326 1479/2502/1327
f 1480/2503/1328 1479/2502/1327 1478/2501/1326
f 1479/2504/1327 1480/2505/1328 1481/2506/1329
f 1482/2507/1330 1481/2506/1329 1480/2505/1328
f 1481/2506/1329 1482/2507/1330 1483/2508/1331
f 1484/2509/1332 1483/2510/1331 1482/2511/1330
f 1483/2508/1331 1484/2512/1332 1485/2513/1333
f 1486/2514/1334 1485/2513/1333 1484/2512/1332
f 1485/2515/1333 1486/2516/1334 1487/2517/1335
f 1488/2518/1336 1487/2517/1335 1486/2516/1334
f 1488/2518/1336 1489/2519/1337 1487/2517/1335
f 1489/2519/1337 1488/2518/1336 1490/2520/1338
f 1491/2521/1339 1490/2520/1338 1488/2518/1336
f 1490/2522/1338 1491/2523/1339 1492/2524/1340
f 1493/2525/1341 1492/2524/1340 1491/2523/1339
f 1493/2525/1341 1494/2526/1342 1492/2524/1340
f 1494/2527/1342 1493/2528/1341 1495/2529/1343
f 1496/2530/1344 1495/2529/1343 1493/2528/1341
f 1496/2530/1344 1497/2531/1345 1495/2529/1343
f 1496/2530/1344 1498/2532/1346 1497/2531/1345
f 1498/2532/1346 1496/2530/1344 1491/2533/1339
f 1493/2528/1341 1491/2533/1339 1496/2530/1344
f 1491/2521/1339 1488/2518/1336 1498/2534/1346
f 1486/2516/1334 1498/2534/1346 1488/2518/1336
f 1498/2534/1346 1486/2516/1334 1499/2535/1347
f 1484/2509/1332 1499/2535/1347 1486/2516/1334
f 1499/2535/1347 1484/2509/1332 1500/2536/1348
f 1482/2511/1330 1500/2536/1348 1484/2509/1332
f 1500/2536/1348 1480/2537/1328 1501/2538/1349
f 1500/2539/1348 1501/2540/1349 1502/2541/1350
f 1503/2542/1351 1502/2541/1350 1501/2540/1349
f 1502/2541/1350 1503/2542/1351 1504/2543/1352
f 1505/2544/1353 1504/2543/1352 1503/2542/1351
f 1501/2545/1349 1505/2546/1353 1503/2547/1351
f 1478/2501/1326 1501/2545/1349 1480/2503/1328
f 1502/2541/1350 1504/2543/1352 1497/2531/1345
f 1506/2548/1354 1497/2531/1345 1504/2543/1352
f 1506/2548/1354 1495/2529/1343 1497/2531/1345
f 1497/2549/1345 1499/2535/1347 1502/2550/1350
f 1499/2551/1347 1497/2531/1345 1498/2532/1346
f 1500/2536/1348 1502/2550/1350 1499/2535/1347
f 1507/2552/1355 1492/2524/1340 1494/2526/1342
f 1492/2524/1340 1507/2552/1355 1508/2553/1356
f 1509/2554/1357 1508/2553/1356 1507/2552/1355
f 1509/2554/1357 1510/2555/1358 1508/2553/1356
f 1511/2556/1359 1508/2553/1356 1510/2555/1358
f 1511/2556/1359 1512/2557/1360 1508/2553/1356
f 1513/2558/1361 1512/2557/1360 1511/2556/1359
f 1512/2559/1360 1513/2560/1361 1514/2561/1362
f 1515/2562/1363 1514/2561/1362 1513/2560/1361
f 1514/2561/1362 1515/2562/1363 1516/2563/1364
f 1517/2564/1365 1516/2563/1364 1515/2562/1363
f 1516/2565/1364 1517/2566/1365 1518/2567/1366
f 1519/2568/1367 1518/2567/1366 1517/2566/1365
f 1517/2566/1365 1521/2569/1368 1519/2568/1367
f 1520/2570/1369 1517/2564/1365 1522/2571/1370
f 1515/2562/1363 1522/2571/1370 1517/2564/1365
f 1522/2571/1370 1515/2562/1363 1513/2560/1361
f 1522/2571/1370 1513/2560/1361 1523/2572/1371
f 1523/2572/1371 1513/2560/1361 1524/2573/1372
f 1525/2574/1373 1524/2573/1372 1513/2560/1361
f 1525/2575/1373 1526/2576/1374 1524/2577/1372
f 1525/2575/1373 1511/2556/1359 1526/2576/1374
f 1525/2575/1373 1513/2558/1361 1511/2556/1359
f 1527/2578/1375 1526/2579/1374 1511/2580/1359
f 1526/2581/1374 1527/2582/1375 1528/2583/1376
f 1529/2584/1377 1528/2583/1376 1527/2582/1375
f 1529/2585/1377 1527/2578/1375 1510/2586/1358
f 1511/2580/1359 1510/2586/1358 1527/2578/1375
f 1528/2583/1376 1531/2587/1378 1526/2581/1374
f 1531/2587/1378 1530/2588/1379 1532/2589/1380
f 1530/2590/1379 1533/2591/1381 1532/2592/1380
f 1534/2593/1382 1532/2592/1380 1533/2591/1381
f 1532/2592/1380 1534/2593/1382 1531/2594/1378
f 1524/2595/1372 1531/2594/1378 1534/2593/1382
f 1531/2596/1378 1524/2577/1372 1526/2576/1374
f 1524/2595/1372 1534/2593/1382 1523/2597/1371
f 1535/2598/1383 1523/2597/1371 1534/2593/1382
f 1523/2572/1371 1535/2599/1383 1522/2571/1370
f 1520/2570/1369 1522/2571/1370 1535/2599/1383
f 1535/2598/1383 1536/2600/1384 1520/2601/1369
f 1534/2593/1382 1536/2600/1384 1535/2598/1383
f 1521/2602/1368 1520/2601/1369 1536/2600/1384
f 1538/2603/1385 1518/2567/1366 1537/2604/1386
f 1537/2604/1386 1539/2605/1387 1538/2603/1385
f 1540/2606/1388 1538/2603/1385 1539/2605/1387
f 1538/2607/1385 1540/2608/1388 1541/2609/1389
f 1489/2519/1337 1541/2609/1389 1540/2608/1388
f 1541/2609/1389 1489/2519/1337 1542/2610/1390
f 1490/2520/1338 1542/2610/1390 1489/2519/1337
f 1542/2611/1390 1490/2522/1338 1508/2553/1356
f 1492/2524/1340 1508/2553/1356 1490/2522/1338
f 1542/2611/1390 1508/2553/1356 1512/2557/1360
f 1512/2559/1360 1514/2561/1362 1542/2610/1390
f 1541/2609/1389 1542/2610/1390 1514/2561/1362
f 1514/2561/1362 1516/2563/1364 1541/2609/1389
f 1538/2607/1385 1541/2609/1389 1516/2563/1364
f 1540/2608/1388 1487/2517/1335 1489/2519/1337
f 1487/2612/1335 1540/2606/1388 1543/2613/1391
f 1539/2605/1387 1543/2613/1391 1540/2606/1388
f 1487/2614/1335 1543/2615/1391 1485/2513/1333
f 1544/2616/1392 1485/2513/1333 1543/2615/1391
f 1544/2616/1392 1545/2617/1393 1485/2513/1333
f 1483/2508/1331 1485/2513/1333 1545/2617/1393
f 1483/2508/1331 1545/2617/1393 1481/2506/1329
f 1546/2618/1394 1481/2506/1329 1545/2617/1393
f 1481/2506/1329 1546/2618/1394 1479/2504/1327
f 1477/2619/1325 1479/2504/1327 1546/2618/1394
f 1547/2620/1395 1548/2621/1396 1549/2622/1397
f 1550/2623/1398 1548/2624/1396 1547/2625/1395
f 1550/2623/1398 1551/2626/1399 1548/2624/1396
f 1550/2627/1398 1552/2628/1400 1551/2629/1399
f 1552/2630/1400 1550/2631/1398 1549/2632/1397
f 1553/2633/1401 1549/2634/1397 1550/2635/1398
f 1553/2633/1401 1554/2636/1402 1549/2634/1397
f 1554/2637/1402 1553/2638/1401 1555/2639/1403
f 1547/2640/1395 1555/2639/1403 1553/2638/1401
f 1547/2620/1395 1549/2622/1397 1555/2641/1403
f 1549/2622/1397 1556/2642/1404 1555/2641/1403
f 1549/2643/1397 1554/2644/1402 1556/2645/1404
f 1556/2645/1404 1554/2644/1402 1557/2646/1405
f 1555/2639/1403 1557/2647/1405 1554/2637/1402
f 1558/2648/1406 1557/2647/1405 1555/2639/1403
f 1558/2649/1406 1559/2650/1407 1557/2651/1405
f 1559/2652/1407 1558/2653/1406 1560/2654/1408
f 1556/2655/1404 1560/2656/1408 1558/2657/1406
f 1560/2656/1408 1556/2655/1404 1561/2658/1409
f 1556/2655/1404 1557/2659/1405 1561/2658/1409
f 1559/2660/1407 1561/2661/1409 1557/2662/1405
f 1561/2661/1409 1559/2660/1407 1562/2663/1410
f 1562/2663/1410 1559/2660/1407 1563/2664/1411
f 1564/2665/1412 1563/2666/1411 1559/2667/1407
f 1563/2668/1411 1564/2669/1412 1565/2670/1413
f 1566/2671/1414 1565/2670/1413 1564/2669/1412
f 1566/2671/1414 1567/2672/1415 1565/2670/1413
f 1566/2673/1414 1568/2674/1416 1567/2675/1415
f 1566/2676/1414 1562/2677/1410 1568/2678/1416
f 1564/2679/1412 1562/2677/1410 1566/2676/1414
f 1564/2679/1412 1560/2656/1408 1562/2677/1410
f 1559/2652/1407 1560/2654/1408 1564/2680/1412
f 1561/2658/1409 1562/2677/1410 1560/2656/1408
f 1568/2681/1416 1562/2663/1410 1565/2682/1413
f 1563/2664/1411 1565/2682/1413 1562/2663/1410
f 1568/2681/1416 1565/2682/1413 1567/2683/1415
f 1558/2684/1406 1555/2685/1403 1556/2686/1404
f 1553/2687/1401 1550/2623/1398 1547/2625/1395
f 1552/2688/1400 1549/2622/1397 1548/2621/1396
f 1548/2621/1396 1569/2689/1417 1552/2688/1400
f 1569/2690/1417 1548/2624/1396 1551/2626/1399
f 1569/2691/1417 1551/2692/1399 1570/2693/1418
f 1552/2628/1400 1570/2694/1418 1551/2629/1399
f 1552/2688/1400 1569/2689/1417 1570/2695/1418
f 1571/2696/1419 1572/2697/1420 1573/2698/1421
f 1571/2696/1419 1574/2699/1422 1572/2697/1420
f 1575/2700/1423 1574/2699/1422 1571/2696/1419
f 1576/2701/1424 1574/2702/1422 1575/2703/1423
f 1574/2704/1422 1576/2705/1424 1577/2706/1425
f 1578/2707/1426 1577/2706/1425 1576/2705/1424
f 1578/2708/1426 1575/2709/1423 1577/2710/1425
f 1578/2708/1426 1579/2711/1427 1575/2709/1423
f 1580/2712/1428 1579/2713/1427 1578/2714/1426
f 1580/2712/1428 1581/2715/1429 1579/2713/1427
f 1580/2716/1428 1582/2717/1430 1581/2718/1429
f 1582/2719/1430 1580/2720/1428 1575/2721/1423
f 1576/2701/1424 1575/2703/1423 1580/2722/1428
f 1576/2723/1424 1580/2724/1428 1578/2725/1426
f 1582/2726/1430 1575/2709/1423 1579/2711/1427
f 1579/2711/1427 1583/2727/1431 1582/2726/1430
f 1583/2728/1431 1579/2729/1427 1581/2730/1429
f 1583/2728/1431 1581/2730/1429 1584/2731/1432
f 1582/2717/1430 1584/2732/1432 1581/2718/1429
f 1582/2726/1430 1583/2727/1431 1584/2733/1432
f 1575/2709/1423 1571/2734/1419 1577/2710/1425
f 1585/2735/1433 1577/2736/1425 1571/2737/1419
f 1585/2738/1433 1572/2739/1420 1577/2706/1425
f 1585/2740/1433 1586/2741/1434 1572/2742/1420
f 1586/2743/1434 1585/2744/1433 1587/2745/1435
f 1571/2746/1419 1587/2747/1435 1585/2748/1433
f 1587/2747/1435 1571/2746/1419 1573/2749/1421
f 1573/2749/1421 1588/2750/1436 1587/2747/1435
f 1573/2698/1421 1586/2751/1434 1588/2752/1436
f 1586/2751/1434 1573/2698/1421 1572/2697/1420
f 1588/2752/1436 1586/2751/1434 1589/2753/1437
f 1590/2754/1438 1589/2755/1437 1586/2756/1434
f 1589/2757/1437 1590/2758/1438 1591/2759/1439
f 1592/2760/1440 1591/2759/1439 1590/2758/1438
f 1592/2760/1440 1593/2761/1441 1591/2759/1439
f 1592/2762/1440 1594/2763/1442 1593/2764/1441
f 1592/2765/1440 1588/2750/1436 1594/2766/1442
f 1590/2767/1438 1588/2750/1436 1592/2765/1440
f 1590/2767/1438 1587/2747/1435 1588/2750/1436
f 1586/2756/1434 1587/2768/1435 1590/2754/1438
f 1594/2769/1442 1588/2752/1436 1591/2770/1439
f 1589/2753/1437 1591/2770/1439 1588/2752/1436
f 1594/2769/1442 1591/2770/1439 1593/2771/1441
f 1577/2706/1425 1572/2739/1420 1574/2704/1422
f 1595/2772/1443 1597/2773/734 1598/2774/735
f 1596/2775/1444 1600/2776/1445 1599/2777/729
f 1595/2778/1443 1602/2779/1446 1600/2780/1445
f 1598/2781/735 1601/2782/1447 1595/2778/1443
f 1604/2783/1448 1603/2784/1449 1598/2785/735
f 1606/2786/736 1598/2774/735 1597/2773/734
f 1604/2787/1448 1607/2788/738 1608/2789/1450
f 1609/2790/740 1608/2789/1450 1607/2788/738
f 1610/2791/741 1611/2792/1451 1612/2793/1452
f 1613/2794/1453 1612/2793/1452 1611/2792/1451
f 1613/2794/1453 1616/2795/1454 1614/2796/746
f 1615/2797/1455 1618/2798/748 1616/2795/1454
f 1619/2799/749 1618/2798/748 1617/2800/1456
f 1621/2801/1457 1620/2802/1458 1619/2799/749
f 1622/2803/753 1623/2804/754 1624/2805/755
f 1623/2804/754 1626/2806/756 1624/2805/755
f 1625/2807/757 1628/2808/1459 1626/2806/756
f 1627/2809/759 1630/2810/725 1628/2808/1459
f 1629/2811/1460 1632/2812/1461 1630/2810/725
f 1634/2813/1462 1636/2814/1463 1633/2815/1464
f 1599/2777/729 1636/2814/1463 1635/2816/1465
f 1600/2780/1445 1637/2817/1466 1636/2818/1463
f 1638/2819/1467 1637/2820/1466 1602/2821/1446
f 1640/2822/1468 1602/2821/1446 1601/2823/1447
f 1641/2824/1469 1601/2823/1447 1603/2825/1449
f 1642/2826/1470 1603/2825/1449 1605/2827/1471
f 1643/2828/1472 1605/2827/1471 1644/2829/1473
f 1608/2830/1450 1605/2831/1471 1604/2783/1448
f 1610/2832/741 1644/2833/1473 1608/2830/1450
f 1612/2834/1452 1645/2835/1474 1610/2832/741
f 1614/2836/746 1646/2837/1475 1612/2834/1452
f 1616/2838/1454 1647/2839/1476 1614/2840/746
f 1618/2841/748 1648/2842/1477 1616/2838/1454
f 1620/2843/1458 1649/2844/1478 1618/2841/748
f 1622/2845/753 1650/2846/1479 1620/2843/1458
f 1624/2847/755 1651/2848/1480 1622/2845/753
f 1626/2849/756 1652/2850/1481 1624/2851/755
f 1628/2852/1459 1653/2853/1482 1626/2849/756
f 1630/2854/725 1654/2855/1483 1628/2852/1459
f 1656/2856/1484 1637/2820/1466 1639/2857/1485
f 1658/2858/1486 1660/2859/1487 1655/2860/1488
f 1661/2861/1489 1655/2860/1488 1660/2859/1487
f 1662/2862/1490 1654/2863/1483 1661/2861/1489
f 1653/2864/1482 1663/2865/1491 1652/2866/1481
f 1663/2865/1491 1651/2867/1480 1652/2866/1481
f 1664/2868/1492 1650/2869/1479 1651/2867/1480
f 1665/2870/1493 1649/2871/1478 1650/2869/1479
f 1649/2871/1478 1667/2872/1494 1648/2873/1477
f 1668/2874/1495 1648/2873/1477 1667/2872/1494
f 1668/2874/1495 1646/2875/1475 1647/2876/1476
f 1669/2877/1496 1645/2878/1474 1646/2875/1475
f 1670/2879/1497 1644/2829/1473 1645/2878/1474
f 1671/2880/1498 1672/2881/1499 1673/2882/1500
f 1674/2883/1501 1673/2882/1500 1672/2881/1499
f 1672/2884/1499 1675/2885/1502 1674/2886/1501
f 1675/2885/1502 1676/2887/1503 1674/2886/1501
f 1677/2888/1504 1674/2886/1501 1676/2887/1503
f 1677/2888/1504 1678/2889/1505 1674/2886/1501
f 1674/2886/1501 1678/2889/1505 1679/2890/1506
f 1680/2891/1507 1679/2890/1506 1678/2889/1505
f 1680/2891/1507 1681/2892/1508 1679/2890/1506
f 1682/2893/1509 1679/2890/1506 1681/2892/1508
f 1681/2892/1508 1683/2894/1510 1682/2893/1509
f 1684/2895/1511 1682/2893/1509 1683/2894/1510
f 1684/2895/1511 1683/2894/1510 1685/2896/1512
f 1686/2897/1513 1685/2896/1512 1683/2894/1510
f 1686/2897/1513 1687/2898/1514 1685/2896/1512
f 1688/2899/1515 1685/2896/1512 1687/2898/1514
f 1688/2899/1515 1687/2898/1514 1689/2900/1516
f 1690/2901/1517 1689/2900/1516 1687/2898/1514
f 1690/2901/1517 1692/2902/1518 1689/2900/1516
f 1693/2903/1519 1694/2904/1520 1695/2905/1521
f 1693/2906/1519 1696/2907/1522 1694/2908/1520
f 1693/2909/1519 1697/2910/1523 1696/2911/1522
f 1693/2909/1519 1695/2912/1521 1697/2910/1523
f 1697/2913/1523 1695/2914/1521 1698/2915/1524
f 1699/2916/1525 1698/2915/1524 1695/2914/1521
f 1699/2917/1525 1700/2918/1526 1698/2919/1524
f 1699/2920/1525 1701/2921/1527 1700/2922/1526
f 1699/2920/1525 1695/2905/1521 1701/2921/1527
f 1702/2923/1528 1701/2921/1527 1695/2905/1521
f 1702/2923/1528 1695/2905/1521 1694/2904/1520
f 1703/2924/1529 1700/2922/1526 1701/2921/1527
f 1703/2924/1529 1704/2925/1530 1700/2922/1526
f 1705/2926/1531 1700/2922/1526 1704/2925/1530
f 1705/2927/1531 1697/2910/1523 1700/2918/1526
f 1705/2927/1531 1706/2928/1532 1697/2910/1523
f 1704/2929/1530 1706/2930/1532 1705/2931/1531
f 1707/2932/1533 1708/2933/1534 1706/2930/1532
f 1709/2934/1535 1706/2930/1532 1708/2933/1534
f 1709/2935/1535 1697/2910/1523 1706/2928/1532
f 1709/2935/1535 1710/2936/1536 1697/2910/1523
f 1709/2937/1535 1708/2938/1534 1710/2939/1536
f 1711/2940/1537 1710/2939/1536 1708/2938/1534
f 1711/2941/1537 1712/2942/1538 1710/2943/1536
f 1713/2944/1539 1710/2943/1536 1712/2942/1538
f 1713/2945/1539 1697/2910/1523 1710/2936/1536
f 1713/2945/1539 1714/2946/1540 1697/2910/1523
f 1713/2947/1539 1712/2948/1538 1714/2949/1540
f 1715/2950/1541 1714/2949/1540 1712/2948/1538
f 1715/2950/1541 1716/2951/1542 1714/2949/1540
f 1717/2952/1543 1714/2949/1540 1716/2951/1542
f 1717/2953/1543 1697/2910/1523 1714/2946/1540
f 1717/2953/1543 1718/2954/1544 1697/2910/1523
f 1717/2955/1543 1716/2956/1542 1718/2957/1544
f 1719/2958/1545 1718/2957/1544 1716/2956/1542
f 1719/2959/1545 1720/2960/1546 1718/2961/1544
f 1721/2962/1547 1718/2961/1544 1720/2960/1546
f 1721/2963/1547 1697/2910/1523 1718/2954/1544
f 1721/2963/1547 1696/2911/1522 1697/2910/1523
f 1721/2964/1547 1720/2965/1546 1696/2907/1522
f 1722/2966/1548 1696/2907/1522 1720/2965/1546
f 1722/2966/1548 1694/2908/1520 1696/2907/1522
f 1723/2967/1549 1700/2918/1526 1697/2910/1523
f 1723/2967/1549 1698/2919/1524 1700/2918/1526
f 1698/2919/1524 1723/2967/1549 1724/2968/1550
f 1697/2910/1523 1724/2968/1550 1723/2967/1549
f 1697/2910/1523 1698/2919/1524 1724/2968/1550
f 1725/2969/1551 1726/2970/1552 1727/2971/1553
f 1725/2972/1551 1728/2973/1554 1726/2974/1552
f 1728/2973/1554 1725/2972/1551 1729/2975/1555
f 1730/2976/1556 1729/2975/1555 1725/2972/1551
f 1729/2977/1555 1730/2978/1556 1731/2979/1557
f 1732/2980/1558 1731/2979/1557 1730/2978/1556
f 1731/2979/1557 1732/2980/1558 1733/2981/1559
f 1734/2982/1560 1733/2981/1559 1732/2980/1558
f 1733/2981/1559 1734/2982/1560 1735/2983/1561
f 1736/2984/1562 1735/2983/1561 1734/2982/1560
f 1735/2983/1561 1736/2984/1562 1737/2985/1563
f 1738/2986/1564 1737/2985/1563 1736/2984/1562
f 1737/2985/1563 1738/2986/1564 1739/2987/1565
f 1740/2988/1566 1739/2987/1565 1738/2986/1564
f 1740/2989/1566 1742/2990/1567 1739/2991/1565
f 1741/2992/1568 1740/2993/1566 1743/2994/1569
f 1744/2995/1570 1743/2994/1569 1740/2993/1566
f 1745/2996/1571 1740/2993/1566 1738/2997/1564
f 1738/2997/1564 1736/2998/1562 1745/2996/1571
f 1746/2999/1572 1745/2996/1571 1736/2998/1562
f 1736/2998/1562 1734/3000/1560 1746/2999/1572
f 1747/3001/1573 1746/2999/1572 1734/3000/1560
f 1747/3001/1573 1734/3000/1560 1748/3002/1574
f 1732/3003/1558 1748/3002/1574 1734/3000/1560
f 1732/3003/1558 1730/3004/1556 1748/3002/1574
f 1749/3005/1575 1748/3002/1574 1730/3004/1556
f 1749/3005/1575 1730/3004/1556 1727/2971/1553
f 1725/2969/1551 1727/2971/1553 1730/3004/1556
f 1741/2992/1568 1743/2994/1569 1750/3006/1576
f 1751/3007/1577 1750/3006/1576 1743/2994/1569
f 1751/3007/1577 1752/3008/1578 1750/3006/1576
f 1753/3009/1579 1750/3006/1576 1752/3008/1578
f 1753/3010/1579 1754/3011/1580 1750/3012/1576
f 1754/3011/1580 1753/3010/1579 1755/3013/1581
f 1756/3014/1582 1755/3013/1581 1753/3010/1579
f 1757/3015/1583 1758/3016/1584 1759/3017/1585
f 1758/3016/1584 1757/3015/1583 1760/3018/1586
f 1761/3019/1587 1760/3018/1586 1757/3015/1583
f 1760/3018/1586 1761/3019/1587 1762/3020/1588
f 1763/3021/1589 1762/3020/1588 1761/3019/1587
f 1762/3020/1588 1763/3021/1589 1764/3022/1590
f 1765/3023/1591 1764/3022/1590 1763/3021/1589
f 1764/3024/1590 1765/3025/1591 1766/3026/1592
f 1767/3027/1593 1766/3026/1592 1765/3025/1591
f 1768/3028/1594 1766/3029/1592 1767/3030/1593
f 1769/3031/949 1762/3032/1588 1766/3033/1592
f 1771/3034/1595 1758/3035/1584 1762/3032/1588
f 1773/3036/949 1775/3037/1596 1758/3035/1584
f 1777/3038/1597 1754/3039/1580 1775/3037/1596
f 1780/3040/949 1739/3041/1565 1782/3042/1598
f 1783/3043/949 1735/3044/1561 1739/3041/1565
f 1785/3045/1595 1731/3046/1557 1735/3044/1561
f 1787/3047/949 1728/3048/1554 1731/3046/1557
f 1789/3049/949 1791/3050/1599 1728/3048/1554
f 1790/3051/1600 1793/3052/1601 1791/3053/1599
f 1794/3054/1602 1793/3052/1601 1790/3051/1600
f 1794/3055/1602 1795/3056/1603 1793/3057/1601
f 1726/2970/1552 1793/3057/1601 1795/3056/1603
f 1726/2974/1552 1792/3058/1604 1793/3059/1601
f 1792/3058/1604 1726/2974/1552 1728/2973/1554
f 1791/3060/1599 1793/3059/1601 1792/3058/1604
f 1795/3056/1603 1727/2971/1553 1726/2970/1552
f 1742/2990/1567 1741/3061/1568 1782/3062/1598
f 1750/3012/1576 1782/3062/1598 1741/3061/1568
f 1782/3062/1598 1750/3012/1576 1754/3011/1580
f 1796/3063/1605 1768/3028/1594 1767/3030/1593
f 1767/3064/1593 1765/3065/1591 1796/3066/1605
f 1797/3067/1606 1796/3066/1605 1765/3065/1591
f 1798/3068/1607 1765/3065/1591 1763/3069/1589
f 1763/3069/1589 1761/3070/1587 1798/3068/1607
f 1799/3071/1608 1798/3068/1607 1761/3070/1587
f 1761/3070/1587 1757/3072/1583 1799/3071/1608
f 1800/3073/1609 1799/3071/1608 1757/3072/1583
f 1801/3074/1610 1757/3072/1583 1759/3075/1585
f 1756/3076/1582 1753/3009/1579 1802/3077/1611
f 1752/3008/1578 1802/3077/1611 1753/3009/1579
f 1803/3078/1612 1805/3079/1613 1806/3080/1614
f 1807/3081/1615 1805/3079/1613 1804/3082/1616
f 1809/3083/1617 1811/3084/1618 1812/3085/1619
f 1809/3083/1617 1813/3086/1620 1810/3087/1621
f 1813/3088/1620 1815/3089/1622 1814/3090/1623
f 1817/3091/1624 1814/3090/1623 1816/3092/1625
f 1819/3093/1626 1816/3092/1625 1818/3094/551
f 1821/3095/1627 1818/3096/551 1820/3097/1628
f 1823/3098/1629 1820/3097/1628 1822/3099/1630
f 1825/3100/1631 1822/3099/1630 1824/3101/1632
f 1826/3102/541 1825/3100/1631 1824/3101/1632
f 1829/3103/1633 1826/3104/541 1828/3105/1634
f 1830/3106/1635 1829/3103/1633 1828/3105/1634
f 1833/3107/1636 1830/3106/1635 1832/3108/1637
f 1835/3109/1638 1832/3108/1637 1834/3110/531
f 1837/3111/1639 1834/3112/531 1836/3113/1640
f 1839/3114/1641 1836/3113/1640 1838/3115/1642
f 1841/3116/1643 1838/3115/1642 1840/3117/1644
f 1812/3118/1619 1840/3117/1644 1842/3119/1645
f 1809/3120/1617 1842/3121/1645 1815/3089/1622
f 1811/3084/1618 1841/3122/1643 1812/3085/1619
f 1843/3123/1646 1839/3124/1641 1841/3122/1643
f 1845/3125/1647 1843/3126/1646 1803/3127/1612
f 1845/3128/1647 1806/3080/1614 1846/3129/1648
f 1848/3130/1649 1806/3131/1614 1847/3132/1650
f 1847/3133/1650 1849/3134/1651 1848/3135/1649
f 1847/3133/1650 1850/3136/1652 1849/3134/1651
f 1847/3132/1650 1805/3137/1613 1850/3138/1652
f 1850/3139/1652 1808/3140/1653 1851/3141/1654
f 1850/3136/1652 1851/3142/1654 1852/3143/1655
f 1853/3144/1656 1852/3143/1655 1851/3142/1654
f 1861/3145/1657 1849/3134/1651 1866/3146/1658
f 1854/3147/1659 1867/3148/1660 1855/3149/1661
f 1854/3147/1659 1866/3146/1658 1867/3148/1660
f 1868/3150/1662 1867/3148/1660 1866/3146/1658
f 1868/3151/1662 1870/3152/1663 1867/3153/1660
f 1871/3154/1664 1869/3155/1665 1868/3151/1662
f 1868/3150/1662 1866/3146/1658 1871/3156/1664
f 1865/3157/1666 1871/3156/1664 1866/3146/1658
f 1865/3158/1666 1853/3159/1656 1871/3154/1664
f 1851/3141/1654 1871/3154/1664 1853/3159/1656
f 1872/3160/1667 1851/3141/1654 1808/3140/1653
f 1808/3161/1653 1873/3162/1668 1872/3163/1667
f 1807/3164/1615 1874/3165/1669 1873/3166/1668
f 1874/3167/1669 1810/3087/1621 1813/3086/1620
f 1875/3168/1670 1813/3086/1620 1817/3169/1624
f 1876/3170/1671 1817/3169/1624 1819/3171/1626
f 1876/3170/1671 1821/3172/1627 1877/3173/1672
f 1879/3174/1673 1877/3175/1672 1878/3176/1674
f 1879/3177/1673 1880/3178/1675 1870/3179/1663
f 1879/3177/1673 1869/3180/1665 1881/3181/1676
f 1881/3182/1676 1876/3183/1671 1879/3184/1673
f 1873/3166/1668 1875/3185/1670 1881/3182/1676
f 1881/3181/1676 1869/3180/1665 1873/3162/1668
f 1872/3163/1667 1873/3162/1668 1869/3180/1665
f 1878/3186/1674 1883/3187/1677 1880/3178/1675
f 1878/3176/1674 1884/3188/1678 1882/3189/1679
f 1877/3173/1672 1823/3190/1629 1884/3191/1678
f 1885/3192/1680 1823/3190/1629 1825/3193/1631
f 1885/3192/1680 1827/3194/1681 1886/3195/1682
f 1888/3196/1683 1886/3197/1682 1887/3198/1684
f 1888/3199/1683 1887/3200/1684 1889/3201/1685
f 1890/3202/1686 1889/3201/1685 1887/3200/1684
f 1892/3203/1687 1890/3204/1686 1891/3205/1688
f 1892/3206/1687 1891/3207/1688 1857/3208/1689
f 1858/3209/1690 1857/3208/1689 1891/3207/1688
f 1858/3209/1690 1891/3207/1688 1859/3210/1691
f 1893/3211/1692 1859/3210/1691 1891/3207/1688
f 1893/3211/1692 1894/3212/1693 1859/3210/1691
f 1893/3213/1692 1896/3214/1694 1894/3215/1693
f 1891/3216/1688 1895/3217/1695 1893/3213/1692
f 1890/3202/1686 1887/3200/1684 1895/3218/1695
f 1897/3219/1696 1895/3218/1695 1887/3200/1684
f 1897/3219/1696 1896/3220/1694 1895/3218/1695
f 1897/3221/1696 1900/3222/1697 1898/3223/1698
f 1887/3224/1684 1899/3225/1699 1897/3221/1696
f 1886/3195/1682 1829/3226/1633 1899/3227/1699
f 1831/3228/1700 1899/3227/1699 1829/3226/1633
f 1831/3228/1700 1833/3229/1636 1900/3230/1697
f 1901/3231/1701 1900/3230/1697 1833/3229/1636
f 1898/3223/1698 1901/3232/1701 1902/3233/1702
f 1896/3220/1694 1902/3234/1702 1903/3235/1703
f 1902/3234/1702 1905/3236/1704 1903/3235/1703
f 1902/3233/1702 1906/3237/1705 1904/3238/1706
f 1906/3239/1705 1833/3229/1636 1835/3240/1638
f 1906/3239/1705 1837/3241/1639 1907/3242/1707
f 1904/3243/1706 1907/3244/1707 1908/3245/1708
f 1905/3236/1704 1908/3246/1708 1909/3247/1709
f 1908/3246/1708 1846/3129/1648 1909/3247/1709
f 1908/3245/1708 1844/3248/1710 1845/3125/1647
f 1907/3242/1707 1839/3124/1641 1844/3249/1710
f 1910/3250/1711 1846/3251/1648 1848/3130/1649
f 1910/3250/1711 1848/3130/1649 1863/3252/1712
f 1864/3253/1713 1863/3252/1712 1848/3130/1649
f 1864/3254/1713 1848/3135/1649 1849/3134/1651
f 1910/3255/1711 1863/3256/1712 1911/3257/1714
f 1862/3258/1715 1911/3257/1714 1863/3256/1712
f 1862/3258/1715 1861/3145/1657 1911/3257/1714
f 1912/3259/1716 1911/3257/1714 1861/3145/1657
f 1912/3260/1716 1905/3261/1704 1911/3262/1714
f 1894/3215/1693 1903/3263/1703 1912/3260/1716
f 1912/3259/1716 1861/3145/1657 1894/3212/1693
f 1860/3264/1717 1894/3212/1693 1861/3145/1657
f 1860/3264/1717 1859/3210/1691 1894/3212/1693
f 1911/3265/1714 1909/3266/1709 1910/3250/1711
f 1892/3206/1687 1857/3208/1689 1913/3267/1718
f 1856/3268/1719 1913/3267/1718 1857/3208/1689
f 1856/3268/1719 1855/3149/1661 1913/3267/1718
f 1914/3269/1720 1913/3267/1718 1855/3149/1661
f 1914/3270/1720 1883/3271/1677 1913/3272/1718
f 1867/3273/1660 1880/3274/1675 1914/3270/1720
f 1914/3269/1720 1855/3149/1661 1867/3148/1660
f 1913/3272/1718 1889/3275/1685 1892/3203/1687
f 1883/3187/1677 1888/3199/1683 1889/3201/1685
f 1882/3189/1679 1885/3276/1680 1888/3196/1683
f 1852/3143/1655 1849/3134/1651 1850/3136/1652
f 1915/3277/1721 1916/3278/1722 1917/3279/1723
f 1918/3280/1724 1916/3278/1722 1915/3277/1721
f 1918/3281/1724 1919/3282/1725 1916/3283/1722
f 1918/3281/1724 1920/3284/1726 1919/3282/1725
f 1920/3284/1726 1918/3281/1724 1921/3285/1727
f 1915/3277/1721 1921/3286/1727 1918/3280/1724
f 1921/3287/1727 1915/3288/1721 1922/3289/1728
f 1919/3290/1725 1922/3289/1728 1915/3288/1721
f 1922/3291/1728 1919/3292/1725 1920/3293/1726
f 1920/3293/1726 1923/3294/1729 1922/3291/1728
f 1920/3295/1726 1921/3296/1727 1923/3297/1729
f 1924/3298/1730 1923/3299/1729 1921/3300/1727
f 1923/3301/1729 1924/3302/1730 1925/3303/1731
f 1924/3304/1730 1926/3305/1732 1925/3306/1731
f 1926/3307/1732 1924/3308/1730 1921/3309/1727
f 1922/3310/1728 1926/3311/1732 1921/3312/1727
f 1926/3313/1732 1922/3291/1728 1923/3294/1729
f 1926/3313/1732 1923/3294/1729 1927/3314/1733
f 1925/3303/1731 1927/3315/1733 1923/3301/1729
f 1927/3316/1733 1925/3317/1731 1928/3318/1734
f 1928/3319/1734 1925/3320/1731 1929/3321/1735
f 1929/3321/1735 1925/3320/1731 1926/3322/1732
f 1927/3323/1733 1929/3324/1735 1926/3325/1732
f 1930/3326/1736 1929/3327/1735 1927/3328/1733
f 1929/3329/1735 1930/3330/1736 1931/3331/1737
f 1932/3332/1738 1931/3331/1737 1930/3330/1736
f 1932/3332/1738 1933/3333/1739 1931/3331/1737
f 1933/3334/1739 1932/3335/1738 1934/3336/1740
f 1932/3337/1738 1935/3338/1741 1934/3339/1740
f 1935/3340/1741 1932/3341/1738 1928/3318/1734
f 1928/3318/1734 1932/3341/1738 1930/3342/1736
f 1928/3318/1734 1930/3342/1736 1927/3316/1733
f 1929/3321/1735 1935/3338/1741 1928/3319/1734
f 1931/3343/1737 1935/3338/1741 1929/3321/1735
f 1931/3343/1737 1934/3339/1740 1935/3338/1741
f 1931/3343/1737 1936/3344/1742 1934/3339/1740
f 1931/3331/1737 1933/3333/1739 1936/3345/1742
f 1933/3334/1739 1934/3336/1740 1936/3346/1742
f 1919/3290/1725 1915/3288/1721 1937/3347/1743
f 1915/3348/1721 1917/3349/1723 1937/3350/1743
f 1937/3351/1743 1917/3352/1723 1916/3353/1722
f 1937/3354/1743 1916/3283/1722 1919/3282/1725
f 1939/3355/1744 1941/3356/1745 1938/3357/1744
f 1943/3358/1746 1938/3357/1744 1942/3359/1746
f 1945/3360/1747 1947/3361/1748 1944/3362/1747
f 1949/3363/1749 1944/3362/1747 1948/3364/1749
f 1950/3365/1750 1949/3363/1749 1948/3364/1749
f 1953/3366/1751 1950/3367/1750 1952/3368/1751
f 1955/3369/1752 1952/3368/1751 1954/3370/1752
f 1957/3371/1753 1954/3370/1752 1956/3372/1753
f 1959/3373/1754 1956/3372/1753 1958/3374/1754
f 1961/3375/1755 1958/3374/1754 1960/3376/1755
f 1963/3377/1756 1960/3378/1755 1962/3379/1756
f 1965/3380/1757 1962/3379/1756 1964/3381/1757
f 1967/3382/1758 1964/3381/1757 1966/3383/1758
f 1969/3384/1759 1966/3383/1758 1968/3385/1759
f 1971/3386/1760 1968/3385/1759 1970/3387/1760
f 1973/3388/1761 1970/3389/1760 1972/3390/1761
f 1940/3391/1745 1972/3390/1761 1941/3356/1745
f 1974/3392/1762 1975/3393/1763 1976/3394/1764
f 1974/3392/1762 1977/3395/1765 1975/3393/1763
f 1979/3396/1766 1981/3397/1767 1983/3398/1768
f 1978/3399/1769 1974/3392/1762 1984/3400/1770
f 1976/3394/1764 1984/3400/1770 1974/3392/1762
f 1984/3401/1770 1976/3402/1764 1985/3403/1771
f 1986/3404/1772 1985/3403/1771 1976/3402/1764
f 1985/3403/1771 1986/3404/1772 1987/3405/1773
f 1988/3406/1774 1987/3405/1773 1986/3404/1772
f 1988/3406/1774 1990/3407/1775 1987/3405/1773
f 1988/3406/1774 1992/3408/1776 1989/3409/1777
f 1991/3410/1778 1988/3406/1774 1993/3411/1779
f 1986/3404/1772 1993/3411/1779 1988/3406/1774
f 1986/3404/1772 1976/3402/1764 1993/3411/1779
f 1975/3412/1763 1993/3411/1779 1976/3402/1764
f 1975/3393/1763 1994/3413/1780 1993/3414/1779
f 1994/3413/1780 1975/3393/1763 1977/3395/1765
f 1977/3395/1765 1995/3415/1781 1994/3413/1780
f 1977/3395/1765 1983/3398/1768 1995/3415/1781
f 1996/3416/1782 1995/3415/1781 1983/3398/1768
f 1995/3417/1781 1996/3418/1782 1997/3419/1783
f 1998/3420/1784 1997/3419/1783 1996/3418/1782
f 1997/3419/1783 1998/3420/1784 1999/3421/1785
f 2000/3422/1786 1999/3421/1785 1998/3420/1784
f 1999/3421/1785 2000/3422/1786 2001/3423/1787
f 2002/3424/1788 2001/3423/1787 2000/3422/1786
f 2001/3423/1787 2002/3424/1788 2003/3425/1789
f 2004/3426/1790 2003/3425/1789 2002/3424/1788
f 2005/3427/1623 2003/3425/1789 2004/3426/1790
f 2004/3426/1790 2008/3428/1625 2005/3427/1623
f 2007/3429/1791 2002/3424/1788 2009/3430/1792
f 2000/3422/1786 2009/3430/1792 2002/3424/1788
f 2010/3431/1793 2000/3422/1786 2011/3432/1794
f 1998/3420/1784 2011/3432/1794 2000/3422/1786
f 1998/3420/1784 1996/3418/1782 2011/3432/1794
f 2012/3433/1795 2011/3432/1794 1996/3418/1782
f 2012/3433/1795 2014/3434/1796 2011/3432/1794
f 2012/3435/1795 1983/3398/1768 2013/3436/1797
f 1983/3398/1768 2012/3435/1795 1996/3416/1782
f 1982/3437/1798 2013/3436/1797 1983/3398/1768
f 1982/3437/1798 2015/3438/1799 2013/3436/1797
f 1982/3437/1798 1981/3397/1767 2015/3438/1799
f 2016/3439/1800 2015/3438/1799 1981/3397/1767
f 2015/3440/1799 2016/3441/1800 2017/3442/1801
f 2018/3443/1802 2017/3442/1801 2016/3441/1800
f 2017/3442/1801 2018/3443/1802 2019/3444/1803
f 2020/3445/1804 2019/3444/1803 2018/3443/1802
f 2020/3445/1804 2022/3446/1805 2019/3444/1803
f 2020/3445/1804 2024/3447/1806 2021/3448/1807
f 2023/3449/1808 2020/3445/1804 2025/3450/1809
f 2018/3443/1802 2025/3450/1809 2020/3445/1804
f 2018/3443/1802 2016/3441/1800 2025/3450/1809
f 2026/3451/1810 2025/3450/1809 2016/3441/1800
f 2026/3452/1810 2027/3453/1811 2025/3454/1809
f 2027/3453/1811 2026/3452/1810 1980/3455/1812
f 1981/3397/1767 1980/3455/1812 2026/3452/1810
f 1981/3397/1767 2026/3452/1810 2016/3439/1800
f 1980/3455/1812 2028/3456/1813 2027/3453/1811
f 1980/3455/1812 1979/3396/1766 2028/3456/1813
f 2029/3457/1814 2028/3456/1813 1979/3396/1766
f 2028/3458/1813 2029/3459/1814 2030/3460/1815
f 2031/3461/1816 2030/3460/1815 2029/3459/1814
f 2030/3460/1815 2031/3461/1816 2032/3462/1817
f 2033/3463/1818 2032/3462/1817 2031/3461/1816
f 2032/3462/1817 2033/3463/1818 2034/3464/1819
f 2035/3465/1820 2034/3464/1819 2033/3463/1818
f 2034/3464/1819 2035/3465/1820 2036/3466/1821
f 2037/3467/1822 2036/3466/1821 2035/3465/1820
f 2038/3468/1635 2036/3466/1821 2037/3467/1822
f 2040/3469/1823 2038/3468/1635 2037/3467/1822
f 2041/3470/1637 2042/3471/1824 2043/3472/531
f 2042/3471/1824 2040/3469/1823 2044/3473/1825
f 2045/3474/1826 2044/3473/1825 2040/3469/1823
f 2046/3475/1827 2044/3473/1825 2045/3474/1826
f 2047/3476/1828 2046/3475/1827 2048/3477/1829
f 2049/3478/1830 2048/3477/1829 2046/3475/1827
f 2048/3479/1829 2049/3480/1830 2050/3481/1831
f 2051/3482/1832 2050/3481/1831 2049/3480/1830
f 2050/3481/1831 2051/3482/1832 1978/3399/1769
f 1979/3396/1766 1978/3399/1769 2051/3482/1832
f 1979/3396/1766 2051/3482/1832 2029/3457/1814
f 2051/3483/1832 2049/3478/1830 2029/3459/1814
f 2031/3461/1816 2029/3459/1814 2049/3478/1830
f 2031/3461/1816 2049/3478/1830 2033/3463/1818
f 2046/3475/1827 2033/3463/1818 2049/3478/1830
f 2033/3463/1818 2046/3475/1827 2035/3465/1820
f 2045/3474/1826 2035/3465/1820 2046/3475/1827
f 2040/3469/1823 2035/3465/1820 2045/3474/1826
f 1978/3399/1769 1984/3400/1770 2050/3481/1831
f 1984/3401/1770 2048/3484/1829 2050/3485/1831
f 2048/3484/1829 1985/3403/1771 2047/3486/1828
f 1987/3405/1773 2047/3486/1828 1985/3403/1771
f 2044/3487/1825 1987/3405/1773 1990/3407/1775
f 2044/3487/1825 1990/3407/1775 2042/3488/1824
f 2052/3489/1833 2042/3488/1824 1990/3407/1775
f 2052/3489/1833 2043/3490/531 2042/3488/1824
f 2053/3491/1640 2054/3492/1834 2055/3493/1642
f 1989/3409/1777 2052/3489/1833 1990/3407/1775
f 1989/3409/1777 2056/3494/1835 2054/3492/1834
f 2057/3495/1836 1992/3408/1776 2058/3496/1837
f 2056/3494/1835 2060/3497/1645 2059/3498/1838
f 2054/3492/1834 2059/3498/1838 2055/3493/1642
f 2003/3425/1789 2060/3499/1645 2057/3500/1836
f 2003/3425/1789 2057/3500/1836 2001/3423/1787
f 2058/3501/1837 2001/3423/1787 2057/3500/1836
f 2001/3423/1787 2058/3501/1837 1999/3421/1785
f 2061/3502/1839 1999/3421/1785 2058/3501/1837
f 1999/3421/1785 2061/3502/1839 1997/3419/1783
f 2062/3503/1840 1997/3419/1783 2061/3502/1839
f 2062/3503/1840 1994/3504/1780 1997/3419/1783
f 2062/3505/1840 1993/3414/1779 1994/3413/1780
f 1993/3411/1779 2062/3506/1840 1991/3410/1778
f 2061/3507/1839 1991/3410/1778 2062/3506/1840
f 1991/3410/1778 2061/3507/1839 1992/3408/1776
f 2058/3496/1837 1992/3408/1776 2061/3507/1839
f 1995/3417/1781 1997/3419/1783 1994/3504/1780
f 2039/3508/1841 2064/3509/1842 2036/3466/1821
f 2063/3510/541 2066/3511/1843 2064/3512/1842
f 2065/3513/1844 2068/3514/1845 2066/3511/1843
f 2067/3515/1630 2070/3516/1846 2068/3514/1845
f 2069/3517/1847 2072/3518/1848 2070/3516/1846
f 2071/3519/551 2007/3429/1791 2072/3520/1848
f 2072/3520/1848 2007/3429/1791 2073/3521/1849
f 2009/3430/1792 2073/3521/1849 2007/3429/1791
f 2073/3521/1849 2009/3430/1792 2074/3522/1850
f 2010/3431/1793 2074/3522/1850 2009/3430/1792
f 2074/3522/1850 2010/3431/1793 2014/3434/1796
f 2011/3432/1794 2014/3434/1796 2010/3431/1793
f 2014/3523/1796 2017/3442/1801 2074/3524/1850
f 2017/3442/1801 2014/3523/1796 2015/3440/1799
f 2013/3525/1797 2015/3440/1799 2014/3523/1796
f 2019/3444/1803 2074/3524/1850 2017/3442/1801
f 2074/3524/1850 2019/3444/1803 2073/3526/1849
f 2022/3446/1805 2073/3526/1849 2019/3444/1803
f 2073/3526/1849 2022/3446/1805 2072/3518/1848
f 2070/3516/1846 2072/3518/1848 2022/3446/1805
f 2021/3448/1807 2070/3516/1846 2022/3446/1805
f 2066/3511/1843 2021/3448/1807 2024/3447/1806
f 2024/3447/1806 2075/3527/1851 2066/3511/1843
f 2075/3527/1851 2024/3447/1806 2076/3528/1852
f 2023/3449/1808 2076/3528/1852 2024/3447/1806
f 2076/3528/1852 2023/3449/1808 2077/3529/1853
f 2025/3450/1809 2077/3529/1853 2023/3449/1808
f 2077/3530/1853 2025/3454/1809 2027/3453/1811
f 2077/3531/1853 2027/3532/1811 2030/3460/1815
f 2028/3458/1813 2030/3460/1815 2027/3532/1811
f 2077/3531/1853 2030/3460/1815 2076/3533/1852
f 2032/3462/1817 2076/3533/1852 2030/3460/1815
f 2076/3533/1852 2032/3462/1817 2075/3534/1851
f 2034/3464/1819 2075/3534/1851 2032/3462/1817
f 2075/3534/1851 2034/3464/1819 2064/3509/1842
f 2036/3466/1821 2064/3509/1842 2034/3464/1819
f 2064/3512/1842 2066/3511/1843 2075/3527/1851
f 2078/3535/1854 2079/3536/1855 2080/3537/551
f 2078/3538/1854 2081/3539/1856 2079/3540/1855
f 2081/3539/1856 2082/3541/1857 2083/3542/1858
f 2082/3543/1857 2078/3535/1854 2080/3537/551
f 2084/3544/1859 2082/3543/1857 2080/3537/551
f 2084/3545/1859 2085/3546/1860 2082/3541/1857
f 2085/3547/1860 2084/3548/1859 2086/3549/1861
f 2087/3550/1862 2086/3549/1861 2084/3548/1859
f 2087/3550/1862 2089/3551/1863 2086/3549/1861
f 2088/3552/1864 2087/3553/1862 2080/3537/551
f 2087/3553/1862 2084/3544/1859 2080/3537/551
f 2090/3554/1865 2091/3555/1866 2092/3556/1867
f 2093/3557/1868 2095/3558/1869 2092/3559/1870
f 2096/3560/1871 2097/3561/1872 2098/3562/1873
f 2098/3563/1874 2100/3564/1875 2101/3565/1876
f 2100/3566/1875 2099/3567/1877 2080/3537/551
f 2079/3536/1855 2100/3566/1875 2080/3537/551
f 2079/3568/1855 2102/3569/1878 2100/3564/1875
f 2102/3570/1878 2079/3540/1855 2081/3539/1856
f 2101/3565/1876 2100/3564/1875 2102/3569/1878
f 2095/3558/1869 2094/3571/1879 2096/3572/1880
f 2089/3551/1863 2088/3573/1864 2090/3574/1881
f 2083/3542/1858 2082/3541/1857 2085/3546/1860
f 2104/3575/582 2106/3576/529 2103/3577/582
f 2108/3578/557 2110/3579/559 2107/3580/557
f 2112/3581/555 2107/3580/557 2111/3582/555
f 2114/3583/553 2111/3582/555 2113/3584/553
f 2116/3585/551 2113/3584/553 2115/3586/551
f 2118/3587/549 2115/3588/551 2117/3589/549
f 2120/3590/547 2117/3589/549 2119/3591/547
f 2122/3592/545 2119/3591/547 2121/3593/545
f 2124/3594/543 2121/3593/545 2123/3595/543
f 2126/3596/541 2123/3595/543 2125/3597/541
f 2128/3598/539 2125/3599/541 2127/3600/539
f 2130/3601/537 2127/3600/539 2129/3602/537
f 2132/3603/535 2129/3602/537 2131/3604/535
f 2134/3605/533 2131/3604/535 2133/3606/533
f 2136/3607/531 2133/3606/533 2135/3608/531
f 2138/3609/530 2135/3610/531 2137/3611/530
f 2140/3612/528 2137/3611/530 2139/3613/528
f 2105/3614/529 2139/3613/528 2106/3576/529
f 2142/3615/1882 2144/3616/1883 2141/3617/1882
f 2146/3618/1884 2141/3617/1882 2145/3619/1885
f 2148/3620/1886 2150/3621/1887 2147/3622/1886
f 2152/3623/1888 2147/3622/1886 2151/3624/1888
f 2154/3625/1889 2151/3626/1888 2153/3627/1889
f 2143/3628/1883 2153/3627/1889 2144/3629/1883
f 2156/3630/1890 2158/3631/1891 2155/3632/1890
f 2160/3633/1892 2155/3632/1890 2159/3634/1892
f 2162/3635/1893 2159/3634/1892 2161/3636/1893
f 2164/3637/1894 2161/3636/1893 2163/3638/1894
f 2166/3639/1895 2163/3640/1894 2165/3641/1895
f 2168/3642/1896 2165/3641/1895 2167/3643/1896
f 2170/3644/1897 2167/3643/1896 2169/3645/1897
f 2172/3646/1898 2169/3645/1897 2171/3647/1899
f 2174/3648/1900 2176/3649/1901 2173/3650/1900
f 2178/3651/1902 2173/3650/1900 2177/3652/1902
f 2179/3653/1903 2178/3651/1902 2177/3652/1902
f 2182/3654/1904 2179/3655/1903 2181/3656/1904
f 2183/3657/1905 2182/3654/1904 2181/3656/1904
f 2186/3658/1906 2183/3657/1905 2185/3659/1906
f 2188/3660/1907 2185/3659/1906 2187/3661/1907
f 2190/3662/1908 2187/3661/1907 2189/3663/1908
f 2157/3664/1891 2189/3665/1908 2158/3631/1891
f 2192/3666/1909 2194/3667/1910 2191/3668/1909
f 2196/3669/1911 2191/3668/1909 2195/3670/1911
f 2198/3671/1912 2195/3670/1911 2197/3672/1912
f 2200/3673/1913 2197/3672/1912 2199/3674/1914
f 2201/3675/1915 2203/3676/1916 2204/3677/1916
f 2205/3678/1917 2202/3679/1915 2201/3675/1915
f 2207/3680/1918 2206/3681/1917 2205/3678/1917
f 2210/3682/1919 2207/3683/1918 2209/3684/1919
f 2212/3685/1920 2209/3684/1919 2211/3686/1920
f 2214/3687/1921 2211/3686/1920 2213/3688/1921
f 2216/3689/1922 2213/3688/1921 2215/3690/1922
f 2218/3691/1923 2215/3690/1922 2217/3692/1923
f 2220/3693/1924 2217/3694/1923 2219/3695/1924
f 2222/3696/1925 2219/3695/1924 2221/3697/1925
f 2224/3698/1926 2221/3697/1925 2223/3699/1926
f 2225/3700/1927 2224/3698/1926 2223/3699/1926
f 2193/3701/1910 2225/3700/1927 2194/3702/1910
f 2228/3703/1928 2230/3704/1929 2227/3705/1928
f 2232/3706/1930 2227/3705/1928 2231/3707/1930
f 2234/3708/1931 2231/3707/1930 2233/3709/1931
f 2235/3710/1932 2234/3708/1931 2233/3709/1931
f 2238/3711/1933 2235/3712/1932 2237/3713/1933
f 2240/3714/1934 2237/3713/1933 2239/3715/1935
f 2242/3716/1936 2239/3715/1935 2241/3717/1936
f 2244/3718/1937 2241/3717/1936 2243/3719/1937
f 2246/3720/1938 2243/3719/1937 2245/3721/1938
f 2248/3722/1939 2245/3723/1938 2247/3724/1939
f 2250/3725/1940 2247/3724/1939 2249/3726/1940
f 2252/3727/1941 2249/3726/1940 2251/3728/1941
f 2254/3729/1942 2251/3728/1941 2253/3730/1942
f 2256/3731/1943 2253/3732/1942 2255/3733/1943
f 2258/3734/1944 2255/3733/1943 2257/3735/1944
f 2260/3736/1945 2257/3735/1944 2259/3737/1945
f 2261/3738/1946 2260/3736/1945 2259/3737/1945
f 2264/3739/1947 2266/3740/1948 2263/3741/1947
f 2268/3742/1949 2263/3741/1947 2267/3743/1949
f 2270/3744/1950 2267/3745/1949 2269/3746/1950
f 2271/3747/1951 2270/3744/1950 2269/3746/1950
f 2274/3748/1952 2271/3749/1951 2273/3750/1952
f 2276/3751/1953 2273/3750/1952 2275/3752/1953
f 2277/3753/1954 2278/3754/1955 2279/3755/1956
f 2277/3753/1954 2280/3756/1957 2278/3754/1955
f 2281/3757/1958 2278/3754/1955 2280/3756/1957
f 2282/3758/1959 2278/3759/1955 2281/3760/1958
f 2285/3761/1960 2287/3762/1961 2284/3763/1962
f 2289/3764/1963 2284/3763/1962 2288/3765/1964
f 2291/3766/1965 2288/3767/1964 2290/3768/1966
f 2293/3769/1967 2290/3768/1966 2292/3770/1968
f 2283/3771/1969 2292/3772/1968 2278/3759/1955
f 2293/3773/1967 2283/3774/1969 2294/3775/1970
f 2295/3776/1971 2294/3775/1970 2283/3774/1969
f 2295/3776/1971 2283/3774/1969 2296/3777/1972
f 2282/3778/1959 2296/3777/1972 2283/3774/1969
f 2286/3779/1973 2285/3780/1960 2297/3781/1974
f 2298/3782/1975 2297/3781/1974 2285/3780/1960
f 2298/3782/1975 2285/3780/1960 2299/3783/1976
f 2289/3784/1963 2299/3783/1976 2285/3780/1960
f 2289/3784/1963 2291/3785/1965 2299/3783/1976
f 2300/3786/1977 2299/3783/1976 2291/3785/1965
f 2300/3786/1977 2291/3785/1965 2294/3775/1970
f 2293/3773/1967 2294/3775/1970 2291/3785/1965
f 2292/3787/1968 2279/3755/1956 2278/3754/1955
f 2292/3787/1968 2290/3788/1966 2279/3755/1956
f 2301/3789/1978 2279/3755/1956 2290/3788/1966
f 2301/3789/1978 2290/3788/1966 2302/3790/1979
f 2288/3791/1964 2302/3790/1979 2290/3788/1966
f 2288/3791/1964 2284/3792/1962 2302/3790/1979
f 2303/3793/1980 2302/3790/1979 2284/3792/1962
f 2303/3793/1980 2284/3792/1962 2304/3794/1981
f 2287/3795/1961 2304/3794/1981 2284/3792/1962
f 2306/3796/1982 2308/3797/1983 2305/3798/1982
f 2310/3799/1984 2305/3798/1982 2309/3800/1984
f 2312/3801/1985 2309/3802/1984 2311/3803/1985
f 2314/3804/1986 2311/3803/1985 2313/3805/1986
f 2316/3806/1987 2313/3807/1986 2315/3808/1987
f 2318/3809/1988 2315/3808/1987 2317/3810/1988
f 2320/3811/1989 2322/3812/1990 2319/3813/1991
f 2320/3811/1989 2324/3814/1992 2321/3815/1993
f 2323/3816/1994 2325/3817/1974 2324/3814/1992
f 2326/3818/1995 2324/3814/1992 2325/3817/1974
f 2324/3819/1992 2328/3820/1996 2327/3821/1997
f 2321/3822/1993 2327/3821/1997 2329/3823/1964
f 2322/3824/1990 2329/3825/1964 2330/3826/1998
f 2332/3827/1999 2330/3826/1998 2331/3828/1968
f 2334/3829/2000 2331/3830/1968 2333/3831/2001
f 2336/3832/2002 2333/3831/2001 2335/3833/2003
f 2336/3834/2002 2337/3835/1972 2334/3836/2000
f 2338/3837/2004 2334/3836/2000 2337/3835/1972
f 2339/3838/2005 2334/3836/2000 2338/3837/2004
f 2339/3838/2005 2322/3812/1990 2332/3839/1999
f 2335/3840/2003 2333/3841/2001 2340/3842/2006
f 2341/3843/1954 2340/3842/2006 2333/3841/2001
f 2342/3844/2007 2333/3841/2001 2331/3845/1968
f 2331/3845/1968 2330/3846/1998 2342/3844/2007
f 2343/3847/1978 2342/3844/2007 2330/3846/1998
f 2344/3848/1979 2330/3846/1998 2329/3849/1964
f 2344/3848/1979 2327/3850/1997 2345/3851/1980
f 2346/3852/2008 2327/3850/1997 2328/3853/1996
f 2347/3854/1958 2348/3855/1955 2349/3856/1957
f 2350/3857/1959 2348/3858/1955 2347/3859/1958
f 2353/3860/1960 2355/3861/1996 2352/3862/1962
f 2357/3863/1963 2352/3862/1962 2356/3864/1964
f 2359/3865/2009 2356/3866/1964 2358/3867/2010
f 2361/3868/1967 2358/3867/2010 2360/3869/1968
f 2351/3870/2011 2360/3871/1968 2348/3858/1955
f 2361/3872/1967 2351/3873/2011 2362/3874/1970
f 2363/3875/1971 2362/3874/1970 2351/3873/2011
f 2363/3875/1971 2351/3873/2011 2364/3876/1972
f 2350/3877/1959 2364/3876/1972 2351/3873/2011
f 2354/3878/1995 2353/3879/1960 2365/3880/1974
f 2366/3881/1975 2365/3880/1974 2353/3879/1960
f 2366/3881/1975 2353/3879/1960 2367/3882/1976
f 2357/3883/1963 2367/3882/1976 2353/3879/1960
f 2357/3883/1963 2359/3884/2009 2367/3882/1976
f 2368/3885/1977 2367/3882/1976 2359/3884/2009
f 2368/3885/1977 2359/3884/2009 2362/3874/1970
f 2361/3872/1967 2362/3874/1970 2359/3884/2009
f 2360/3886/1968 2369/3887/1956 2348/3855/1955
f 2360/3886/1968 2358/3888/2010 2369/3887/1956
f 2370/3889/1978 2369/3887/1956 2358/3888/2010
f 2370/3889/1978 2358/3888/2010 2371/3890/1979
f 2356/3891/1964 2371/3890/1979 2358/3888/2010
f 2356/3891/1964 2352/3892/1962 2371/3890/1979
f 2372/3893/1980 2371/3890/1979 2352/3892/1962
f 2372/3893/1980 2352/3892/1962 2373/3894/2012
f 2355/3895/1996 2373/3894/2012 2352/3892/1962
f 2374/3896/2013 2348/3855/1955 2369/3887/1956
f 2374/3896/2013 2349/3856/1957 2348/3855/1955
f 2376/3897/2014 2378/3898/2015 2375/3899/2014
f 2380/3900/2016 2375/3901/2014 2379/3902/2016
f 2382/3903/2017 2379/3902/2016 2381/3904/2017
f 2384/3905/2018 2381/3906/2017 2383/3907/2019
f 2386/3908/2020 2383/3907/2019 2385/3909/2020
f 2377/3910/2015 2388/3911/2021 2378/3898/2015
f 2389/3912/2022 2390/3913/2023 2391/3914/2024
f 2390/3915/2023 2389/3916/2022 2392/3917/2025
f 2393/3918/2026 2392/3917/2025 2389/3916/2022
f 2393/3918/2026 2394/3919/2027 2392/3917/2025
f 2395/3920/2028 2394/3919/2027 2393/3918/2026
f 2394/3919/2027 2395/3920/2028 2396/3921/2029
f 2397/3922/2030 2396/3923/2029 2395/3924/2028
f 2397/3922/2030 2398/3925/2031 2396/3923/2029
f 2397/3926/2030 2399/3927/2032 2398/3928/2031
f 2397/3929/2030 2400/3930/2033 2399/3931/2032
f 2400/3932/2033 2397/3933/2030 2395/3934/2028
f 2395/3935/2028 2401/3936/2034 2400/3937/2033
f 2401/3938/2034 2395/3939/2028 2393/3940/2026
f 2393/3941/2026 2389/3942/2022 2401/3943/2034
f 2401/3943/2034 2389/3942/2022 2402/3944/2035
f 2403/3945/2036 2402/3944/2035 2389/3942/2022
f 2402/3944/2035 2403/3945/2036 2404/3946/2037
f 2405/3947/2038 2404/3946/2037 2403/3945/2036
f 2404/3948/2037 2405/3949/2038 2406/3950/2039
f 2407/3951/2040 2406/3950/2039 2405/3949/2038
f 2407/3951/2040 2408/3952/2041 2406/3950/2039
f 2408/3952/2041 2407/3951/2040 2409/3953/2042
f 2409/3954/2042 2407/3955/2040 2410/3956/2043
f 2411/3957/2044 2410/3958/2043 2407/3959/2040
f 2411/3960/2044 2406/3961/2039 2410/3962/2043
f 2406/3961/2039 2411/3960/2044 2404/3963/2037
f 2412/3964/2045 2404/3963/2037 2411/3960/2044
f 2412/3964/2045 2391/3965/2024 2404/3963/2037
f 2412/3966/2045 2405/3967/2038 2391/3968/2024
f 2405/3967/2038 2412/3966/2045 2407/3969/2040
f 2411/3970/2044 2407/3969/2040 2412/3966/2045
f 2403/3971/2036 2391/3968/2024 2405/3967/2038
f 2391/3968/2024 2403/3971/2036 2389/3972/2022
f 2402/3973/2035 2404/3963/2037 2391/3965/2024
f 2402/3974/2035 2391/3914/2024 2390/3913/2023
f 2390/3975/2023 2401/3976/2034 2402/3977/2035
f 2392/3978/2025 2401/3936/2034 2390/3979/2023
f 2401/3936/2034 2392/3978/2025 2400/3937/2033
f 2394/3980/2027 2400/3981/2033 2392/3982/2025
f 2394/3980/2027 2399/3983/2032 2400/3981/2033
f 2399/3983/2032 2394/3980/2027 2396/3984/2029
f 2399/3985/2032 2396/3986/2029 2398/3987/2031
f 2408/3988/2041 2410/3989/2043 2406/3990/2039
f 2408/3988/2041 2413/3991/2046 2410/3989/2043
f 2408/3952/2041 2409/3953/2042 2413/3992/2046
f 2409/3993/2042 2410/3994/2043 2413/3995/2046
f 2415/3996/2047 2417/3997/2048 2414/3998/2047
f 2416/3999/2048 2419/4000/2049 2417/3997/2048
f 2418/4001/2049 2421/4002/2050 2419/4000/2049
f 2423/4003/2051 2425/4004/2052 2422/4005/2051
f 2424/4006/2052 2427/4007/2053 2425/4008/2052
f 2426/4009/2053 2429/4010/2054 2427/4007/2053
f 2431/4011/2055 2433/4012/2056 2430/4013/2056
f 2430/4013/2056 2435/4014/2057 2434/4015/2057
f 2434/4016/2057 2437/4017/2058 2436/4018/2058
f 2439/4019/2059 2441/4020/1904 2438/4021/2059
f 2440/4022/1904 2443/4023/2060 2441/4020/1904
f 2442/4024/2060 2445/4025/2061 2443/4026/2060
f 2447/4027/2060 2449/4028/2061 2446/4029/2060
f 2451/4030/1904 2446/4031/2060 2450/4032/1904
f 2452/4033/2059 2451/4030/1904 2450/4032/1904
f 2455/4034/1919 2457/4035/2062 2454/4036/1919
f 2459/4037/2063 2454/4036/1919 2458/4038/2063
f 2456/4039/2062 2461/4040/2064 2457/4041/2062
f 12/11/11 13/4042/2065 14/12/12
f 18/17/17 19/50/19 16/18/15
f 18/24/17 15/4043/14 22/25/21
f 23/29/22 17/4044/16 25/30/23
f 27/32/25 23/29/22 24/31/24
f 26/33/26 28/111/28 29/34/27
f 28/35/28 26/38/26 30/36/29
f 17/44/16 35/260/34 34/45/33
f 16/15/15 36/147/98 37/48/35
f 38/49/36 36/148/98 16/18/15
f 44/58/42 45/4045/2066 46/59/43
f 50/64/47 51/65/48 48/62/45
f 53/67/50 54/69/52 55/68/51
f 57/72/54 58/76/57 59/73/55
f 60/75/56 61/82/61 58/76/57
f 64/81/60 65/84/63 61/82/61
f 66/83/62 67/90/67 65/84/63
f 70/89/66 71/4046/69 67/90/67
f 72/91/68 73/99/73 71/92/69
f 76/98/72 77/101/75 73/99/73
f 78/100/74 79/105/78 77/101/75
f 76/97/72 75/96/71 80/102/76
f 80/102/76 81/104/77 21/23/20
f 21/26/20 22/25/21 79/105/78
f 79/106/78 27/107/25 29/108/27
f 29/108/27 82/183/79 73/110/73
f 28/111/28 83/185/81 82/112/79
f 28/35/28 31/37/30 84/113/80
f 86/115/82 84/197/80 31/116/30
f 88/121/85 87/119/84 85/118/83
f 85/117/83 31/116/30 30/123/29
f 89/124/86 30/123/29 32/125/31
f 90/127/87 91/128/88 88/121/85
f 94/132/91 93/4047/90 33/133/32
f 90/126/87 32/125/31 33/135/32
f 96/138/93 97/140/95 95/137/92
f 98/139/94 99/242/148 97/140/95
f 98/141/94 96/259/93 37/142/35
f 36/147/98 46/145/43 100/144/96
f 41/60/39 46/59/43 36/148/98
f 103/149/99 104/4048/155 105/150/100
f 102/151/101 106/174/103 107/152/102
f 59/157/55 105/158/100 109/159/104
f 55/161/51 59/4049/55 108/162/105
f 52/163/49 108/162/105 110/164/106
f 51/165/48 110/164/106 112/169/108
f 114/173/110 107/152/102 106/174/103
f 116/176/111 114/173/110 113/175/109
f 115/177/112 117/4050/114 118/178/113
f 117/184/114 82/112/79 83/185/81
f 122/190/117 120/203/116 119/191/115
f 121/196/118 119/4051/115 84/197/80
f 127/202/123 128/205/125 120/203/116
f 129/204/124 130/211/129 128/205/125
f 133/210/128 134/213/131 130/211/129
f 135/212/130 136/4052/154 134/213/131
f 135/214/130 137/215/132 138/216/133
f 141/220/136 142/224/139 143/221/137
f 144/223/138 145/4053/2067 142/224/139
f 140/218/135 146/226/140 144/225/138
f 153/234/147 97/237/95 99/235/148
f 94/132/91 95/134/92 97/237/95
f 150/236/144 99/235/148 155/239/150
f 158/246/153 104/249/155 136/247/154
f 139/222/134 143/221/137 136/257/154
f 96/259/93 34/45/33 35/260/34
f 160/261/156 161/277/164 162/262/157
f 164/268/160 159/263/158 162/262/157
f 169/276/166 168/4054/165 161/277/164
f 174/282/170 175/4055/2068 176/283/171
f 176/283/171 175/4055/2068 177/285/173
f 180/289/176 181/293/179 182/290/177
f 183/292/178 184/4056/230 181/293/179
f 185/294/180 183/296/178 180/288/176
f 185/294/180 186/297/182 187/295/181
f 186/297/182 188/299/184 189/298/183
f 191/302/186 192/306/189 193/303/187
f 194/305/188 195/486/290 192/306/189
f 196/308/190 197/310/192 198/309/191
f 197/310/192 199/312/194 200/311/193
f 206/319/200 207/323/202 208/320/201
f 164/322/160 165/4057/161 207/323/202
f 210/328/204 211/4058/205 213/329/206
f 215/331/208 210/328/204 212/330/207
f 217/333/210 215/331/208 214/332/209
f 216/334/211 218/383/213 219/335/212
f 221/340/215 222/344/218 223/341/216
f 224/343/217 225/462/282 222/344/218
f 228/352/221 213/4059/206 211/353/205
f 166/354/162 167/4060/163 229/355/222
f 232/357/224 233/4061/265 234/358/225
f 231/359/226 235/376/228 236/360/227
f 235/361/228 231/364/226 237/362/229
f 187/370/181 237/373/229 184/371/230
f 189/304/183 193/303/187 237/373/229
f 235/361/228 193/363/187 192/374/189
f 235/376/228 239/379/232 240/377/233
f 242/378/234 240/377/233 239/379/232
f 244/381/236 242/378/234 241/380/235
f 218/383/213 244/4062/236 243/384/237
f 245/388/238 247/4063/241 248/389/240
f 220/342/214 223/341/216 247/391/241
f 250/393/242 247/396/241 223/394/216
f 247/396/241 250/393/242 251/397/244
f 256/403/249 257/404/250 254/401/247
f 257/404/250 256/403/249 258/405/251
f 258/405/251 260/408/254 261/407/253
f 263/410/256 264/413/259 265/411/257
f 266/412/258 267/4064/2069 265/411/257
f 269/414/260 262/421/255 265/415/257
f 270/420/262 261/423/253 262/421/255
f 272/422/264 259/4065/252 261/423/253
f 273/428/266 257/432/250 259/429/252
f 274/431/267 254/439/247 257/432/250
f 236/433/227 274/4066/267 273/427/266
f 275/434/268 274/4066/267 236/433/227
f 246/390/239 248/389/240 252/437/245
f 275/438/268 252/437/245 254/439/247
f 284/447/276 279/470/272 282/448/275
f 227/453/220 283/449/277 282/448/275
f 227/459/220 285/4067/278 288/460/281
f 226/461/219 288/460/281 225/462/282
f 291/469/285 277/4068/270 279/470/272
f 200/475/193 293/479/287 294/476/288
f 201/478/195 295/480/289 293/479/287
f 203/321/197 208/320/201 295/480/289
f 198/485/191 294/4069/288 195/486/290
f 178/291/174 182/290/177 296/489/291
f 297/491/292 298/4070/2070 299/492/293
f 301/494/295 302/4071/2071 303/495/296
f 305/497/298 306/499/300 304/496/297
f 305/497/298 307/500/301 308/498/299
f 307/500/301 309/502/303 310/501/302
f 309/502/303 311/504/305 312/503/304
f 311/504/305 313/507/308 314/505/306
f 315/506/307 316/509/310 314/505/306
f 315/506/307 317/510/311 318/508/309
f 317/510/311 319/512/313 320/511/312
f 319/512/313 321/514/315 322/513/314
f 321/514/315 323/517/318 324/515/316
f 325/516/317 326/519/320 324/515/316
f 327/518/319 328/520/321 326/519/320
f 328/520/321 327/518/319 329/521/322
f 331/523/324 332/524/325 330/522/323
f 332/524/325 331/523/324 333/525/326
f 333/525/326 297/491/292 300/493/294
f 300/527/294 335/531/329 336/528/328
f 299/530/293 337/4072/361 335/531/329
f 304/532/297 338/536/331 339/533/330
f 306/535/300 340/538/332 338/536/331
f 308/537/299 341/540/334 340/538/332
f 308/537/299 310/4073/302 342/539/333
f 312/541/304 343/545/335 342/542/333
f 314/544/306 344/547/336 343/545/335
f 316/546/310 345/549/337 344/547/336
f 318/548/309 346/551/338 345/549/337
f 320/550/312 347/4074/339 346/551/338
f 322/552/314 348/556/340 347/553/339
f 324/555/316 349/558/341 348/556/340
f 326/557/320 350/560/342 349/558/341
f 328/559/321 351/562/343 350/560/342
f 330/561/323 352/4075/344 351/562/343
f 332/563/325 353/566/345 352/564/344
f 334/529/327 336/528/328 353/566/345
f 354/567/346 355/570/347 353/568/345
f 355/570/347 356/572/348 352/571/344
f 356/572/348 357/574/349 351/573/343
f 357/574/349 358/576/350 350/575/342
f 358/576/350 359/4076/2072 349/577/341
f 349/577/341 359/4076/2072 360/578/351
f 361/580/352 347/581/339 348/579/340
f 347/581/339 361/580/352 362/582/353
f 363/584/354 345/586/337 346/583/338
f 363/584/354 364/588/356 344/585/336
f 365/587/355 343/589/335 344/585/336
f 343/589/335 365/587/355 366/590/357
f 367/592/358 341/593/334 342/591/333
f 341/593/334 367/592/358 368/594/359
f 368/594/359 369/597/360 338/596/331
f 369/597/360 370/4077/1484 339/598/330
f 337/599/361 371/4078/2073 372/600/362
f 354/567/346 336/569/328 335/601/329
f 383/619/373 380/618/370 377/608/367
f 396/680/386 397/4079/390 398/681/387
f 400/683/389 401/4080/393 397/684/390
f 399/686/388 402/705/392 400/687/389
f 399/689/388 398/4081/387 403/690/391
f 398/692/387 397/4082/390 401/693/393
f 406/699/396 405/4083/395 401/700/393
f 403/710/391 409/712/399 408/708/398
f 413/720/403 414/4084/405 415/721/404
f 411/734/401 416/732/406 408/735/398
f 419/744/408 420/4085/413 421/745/409
f 419/747/408 418/762/410 423/748/411
f 420/750/413 419/4086/408 422/751/412
f 423/753/411 425/4087/416 424/754/414
f 423/756/411 426/4088/418 427/757/415
f 430/767/420 429/765/419 418/764/410
f 435/784/425 436/4089/427 437/785/426
f 433/798/423 438/796/428 429/799/419
f 420/807/413 424/4090/414 425/770/416
f 467/883/456 464/4091/454 463/884/453
f 471/892/460 469/890/459 466/889/457
f 472/894/462 473/4092/463 471/895/460
f 466/897/457 463/4093/453 472/898/462
f 473/900/463 472/4094/462 463/901/453
f 471/903/460 473/4095/463 474/904/464
f 474/906/464 475/910/466 476/907/465
f 481/919/471 482/4096/472 479/920/469
f 478/933/468 483/931/473 476/934/465
f 486/944/475 487/4097/488 488/945/476
f 492/953/480 490/951/479 485/950/477
f 493/955/482 494/4098/483 492/956/480
f 485/958/477 488/4099/476 493/959/482
f 494/961/483 493/4100/482 488/962/476
f 492/964/480 494/4101/483 495/965/484
f 495/967/484 496/971/487 497/968/485
f 503/986/493 504/4102/494 501/987/491
f 497/1001/485 496/4103/487 500/1000/490
f 508/1007/497 509/4104/2074 510/1008/498
f 516/1016/503 514/1014/502 511/1013/499
f 517/1018/505 518/4105/518 516/1019/503
f 511/1021/499 519/4106/506 517/1022/505
f 513/1024/501 520/4107/507 519/1025/506
f 522/1031/509 523/4108/511 524/1032/510
f 518/1060/518 517/4109/505 519/1051/506
f 516/1061/503 518/4110/518 530/1062/517
f 528/1048/515 531/1072/519 514/1064/502
f 526/1041/513 525/1039/512 531/1065/519
f 538/1078/525 539/1139/572 540/1079/526
f 542/1081/528 538/1078/525 537/1080/527
f 543/1083/530 544/1085/532 538/1078/525
f 545/1084/531 546/4111/534 544/1085/532
f 547/1086/533 548/1090/536 546/1087/534
f 549/1089/535 550/1092/538 548/1090/536
f 551/1091/537 552/1094/540 550/1092/538
f 553/1093/539 554/1096/542 552/1094/540
f 555/1095/541 556/4112/544 554/1096/542
f 557/1097/543 558/1101/546 556/1098/544
f 559/1100/545 560/1103/548 558/1101/546
f 561/1102/547 562/1105/550 560/1103/548
f 563/1104/549 564/1107/552 562/1105/550
f 565/1106/551 566/4113/554 564/1107/552
f 567/1108/553 568/1112/556 566/1109/554
f 569/1111/555 570/1114/558 568/1112/556
f 571/1113/557 572/1116/560 570/1114/558
f 573/1115/559 574/1167/581 572/1116/560
f 540/1117/526 575/4114/2075 576/1118/561
f 577/1120/562 578/4115/562 579/1121/563
f 579/1121/563 575/4114/2075 540/1117/526
f 540/1117/526 580/4116/562 577/1120/562
f 581/1122/562 582/4117/562 583/1123/564
f 583/1123/564 584/4118/580 579/1121/563
f 579/1121/563 578/4115/562 581/1122/562
f 585/1124/562 586/4119/562 587/1125/565
f 587/1125/565 588/1164/579 583/1123/564
f 583/1123/564 582/4117/562 585/1124/562
f 589/1126/562 590/4120/562 591/1127/566
f 591/1127/566 592/1161/578 587/1125/565
f 587/1125/565 586/4119/562 589/1126/562
f 593/1128/562 594/4121/562 595/1129/567
f 595/1129/567 596/1157/577 591/1127/566
f 591/1127/566 590/4120/562 593/1128/562
f 595/1129/567 594/4121/562 597/1130/562
f 597/1130/562 598/4122/562 599/1131/568
f 599/1131/568 600/1153/576 595/1129/567
f 599/1131/568 598/4122/562 601/1132/562
f 601/1132/562 602/4123/562 603/1133/569
f 603/1133/569 604/1149/575 599/1131/568
f 603/1133/569 602/4123/562 605/1134/562
f 605/1134/562 606/4124/562 607/1135/570
f 607/1135/570 608/1145/574 603/1133/569
f 607/1135/570 606/4124/562 609/1136/562
f 609/1136/562 610/4125/562 611/1137/571
f 611/1137/571 612/1142/573 607/1135/570
f 540/1117/526 539/4126/572 611/1137/571
f 611/1137/571 610/4125/562 613/1138/562
f 613/1138/562 580/4116/562 540/1117/526
f 544/1085/532 611/4127/571 539/1139/572
f 546/1140/534 612/1142/573 611/1137/571
f 607/1135/570 548/1143/536 550/1144/538
f 608/1146/574 550/1092/538 552/1094/540
f 556/1151/544 599/1131/568 604/1149/575
f 595/1155/567 560/1103/548 562/1105/550
f 587/1125/565 592/1161/578 566/1160/554
f 583/1165/564 588/4128/579 570/1114/558
f 584/1166/580 583/1165/564 572/1116/560
f 541/1082/529 537/1080/527 576/1168/561
f 616/1170/583 617/1174/587 618/1171/584
f 619/1173/586 620/1244/626 617/1174/587
f 624/1179/590 622/4129/589 625/1180/591
f 627/1182/593 624/1179/590 623/1181/592
f 626/1183/594 628/1295/596 629/1184/595
f 633/1189/599 630/1296/597 631/1190/598
f 639/1201/606 641/4130/609 642/1202/608
f 637/1204/604 643/1207/610 641/1205/609
f 632/1191/600 631/1190/598 643/1207/610
f 623/1208/592 643/1210/610 631/1188/598
f 647/1215/613 645/1406/612 648/1216/614
f 646/1217/615 648/1216/614 653/1223/619
f 615/1172/585 618/1171/584 655/1225/621
f 664/1237/631 662/1248/630 661/1238/629
f 663/1243/632 661/4131/629 620/1244/626
f 665/1245/633 664/1240/631 624/1242/590
f 665/1247/633 666/1250/635 662/1248/630
f 667/1249/634 668/1395/718 666/1250/635
f 671/1256/638 670/1294/637 673/1257/639
f 675/1259/641 671/4132/638 672/1260/640
f 677/1262/643 675/1259/641 674/1261/642
f 676/1263/644 678/1355/646 679/1264/645
f 683/1269/649 680/1376/647 681/1270/648
f 689/1281/656 691/4133/659 692/1282/658
f 687/1284/654 693/1287/660 691/1285/659
f 682/1271/650 681/1270/648 693/1287/660
f 670/1294/637 629/1184/595 628/1295/596
f 690/1283/657 692/1282/658 630/1296/597
f 698/1302/665 699/4134/668 700/1303/666
f 698/1305/665 701/1313/669 702/1306/667
f 705/1312/672 706/1315/674 702/1306/667
f 707/1314/673 708/4135/677 706/1315/674
f 713/1322/679 714/1364/705 715/1323/680
f 717/1325/682 714/1369/705 713/1326/679
f 716/1328/683 718/1332/686 719/1329/684
f 720/1331/685 721/4136/689 718/1332/686
f 734/1348/699 729/1373/695 732/1349/698
f 678/1355/646 736/1361/702 735/1356/701
f 736/1361/702 737/4137/703 738/1362/704
f 737/1363/703 715/1323/680 714/1364/705
f 712/1368/681 715/1366/680 702/1367/667
f 739/1372/706 727/4138/693 729/1373/695
f 739/1374/706 717/1330/682 719/1329/684
f 695/1304/662 700/1303/666 680/1376/647
f 740/1380/707 742/1383/710 743/1381/709
f 733/1350/700 732/1349/698 742/1383/710
f 669/1394/636 748/1397/715 668/1395/718
f 751/1396/719 746/4139/713 748/1397/715
f 741/1382/708 743/1381/709 746/1400/713
f 640/1203/607 642/1202/608 645/1406/612
f 755/1407/723 756/4140/2076 757/1408/724
f 760/1410/726 761/1414/730 762/1411/727
f 763/1413/729 764/1416/732 762/1411/727
f 765/1415/731 766/1417/733 764/1416/732
f 766/1417/733 765/1415/731 767/1418/734
f 769/1420/736 770/1421/737 768/1419/735
f 770/1421/737 769/1420/736 771/1422/738
f 773/1424/740 774/1425/741 772/1423/739
f 774/1425/741 773/1424/740 775/1426/742
f 777/1428/744 778/1430/746 776/1427/743
f 777/1428/744 779/1431/747 780/1429/745
f 779/1431/747 781/1434/750 782/1432/748
f 783/1433/749 784/1436/752 782/1432/748
f 785/1435/751 786/1437/753 784/1436/752
f 786/1437/753 785/1435/751 787/1438/754
f 787/1438/754 789/1441/757 790/1440/756
f 789/1441/757 791/1443/759 792/1442/758
f 791/1443/759 755/1407/723 758/1409/725
f 758/1444/725 793/4141/762 794/1445/760
f 796/1447/761 794/1451/760 793/1448/762
f 797/1450/764 798/1452/765 794/1451/760
f 798/1452/765 797/1450/764 799/1453/766
f 799/1453/766 801/1456/769 802/1455/768
f 801/1456/769 803/1458/771 804/1457/770
f 803/1458/771 805/4142/2077 806/1459/772
f 806/1459/772 805/4142/2077 807/1460/773
f 809/1462/775 810/1464/777 808/1461/774
f 809/1462/775 811/1465/778 812/1463/776
f 811/1465/778 813/1467/780 814/1466/779
f 813/1467/780 815/1469/782 816/1468/781
f 815/1469/782 817/1471/784 818/1470/783
f 817/1471/784 819/1473/786 820/1472/785
f 819/1473/786 821/1475/788 822/1474/787
f 821/1475/788 823/1477/790 824/1476/789
f 823/1477/790 825/1480/793 826/1478/791
f 827/1479/792 828/4143/2078 826/1478/791
f 829/1481/794 830/4144/2079 795/1449/763
f 764/1482/732 824/1486/789 826/1483/791
f 766/1485/733 822/1488/787 824/1486/789
f 768/1487/735 820/4145/785 822/1488/787
f 770/1489/737 818/1493/783 820/1490/785
f 772/1492/739 816/1495/781 818/1493/783
f 774/1494/741 814/1497/779 816/1495/781
f 776/1496/743 812/1499/776 814/1497/779
f 778/1498/746 810/4146/777 812/1499/776
f 780/1500/745 808/1504/774 810/1501/777
f 782/1503/748 806/1506/772 808/1504/774
f 784/1505/752 804/1508/770 806/1506/772
f 786/1507/753 802/1510/768 804/1508/770
f 788/1509/755 800/4147/767 802/1510/768
f 790/1511/756 798/1514/765 800/1512/767
f 792/1446/758 794/1445/760 798/1514/765
f 835/1519/799 833/1517/797 834/1518/798
f 837/1526/801 839/4148/804 840/1527/803
f 837/1529/801 835/4149/799 836/1530/800
f 842/1537/805 843/4150/891 844/1538/806
f 846/1540/808 842/1537/805 841/1539/807
f 845/1541/809 847/4151/813 848/1542/810
f 849/1543/811 847/1546/813 845/1544/809
f 847/1546/813 849/1543/811 852/1547/814
f 847/1549/813 851/1553/815 853/1550/816
f 855/1552/817 853/1550/816 851/1553/815
f 854/1554/818 856/1755/821 857/1555/819
f 858/1556/820 859/4152/823 856/1557/821
f 858/1559/820 860/1563/824 861/1560/822
f 852/1562/814 862/1565/826 860/1563/824
f 852/1547/814 858/1556/820 854/1558/818
f 852/1562/814 849/4153/811 863/1564/825
f 850/1566/812 864/1570/828 863/1567/825
f 865/1569/827 866/1766/835 864/1570/828
f 841/1571/807 865/1572/827 850/1545/812
f 865/1572/827 841/1571/807 844/1573/806
f 868/1575/830 869/4154/833 870/1576/831
f 871/1578/832 872/1581/834 870/1579/831
f 872/1581/834 873/1583/836 866/1582/835
f 873/1583/836 874/1585/837 864/1584/828
f 874/1585/837 875/1587/838 863/1586/825
f 875/1587/838 876/1590/840 862/1588/826
f 877/1589/839 860/1591/824 862/1588/826
f 860/1591/824 877/1589/839 878/1592/841
f 878/1592/841 879/1595/843 880/1594/842
f 879/1595/843 881/1597/845 882/1596/844
f 881/1597/845 883/1599/847 884/1598/846
f 883/1599/847 885/1602/850 886/1600/848
f 887/1601/849 888/1604/852 886/1600/848
f 889/1603/851 890/1606/854 888/1604/852
f 889/1603/851 891/1607/855 892/1605/853
f 891/1607/855 893/1609/857 894/1608/856
f 893/1609/857 895/1611/859 896/1610/858
f 895/1611/859 897/4155/2080 898/1612/860
f 900/1613/861 896/1617/858 898/1614/860
f 901/1616/863 894/1762/856 896/1617/858
f 902/1618/864 903/1764/941 901/1619/863
f 904/1621/865 905/4156/868 906/1622/866
f 905/1624/868 908/1627/870 909/1625/869
f 908/1627/870 905/1624/868 911/1628/871
f 913/1630/873 908/4157/870 910/1631/872
f 912/1633/874 914/1636/876 915/1634/875
f 914/1636/876 912/1633/874 917/1637/877
f 912/1632/874 910/1631/872 918/1639/879
f 919/1641/880 918/4158/879 910/1629/872
f 920/1642/881 921/4159/2081 916/1638/878
f 917/1640/877 918/1639/879 922/1643/882
f 924/1645/883 925/4160/2082 926/1646/884
f 928/1648/886 924/4161/883 923/1649/885
f 927/1650/887 923/1649/885 930/1651/888
f 923/1647/885 926/1646/884 931/1653/890
f 931/1655/890 926/4162/884 843/1656/891
f 932/1658/892 931/1655/890 842/1657/805
f 933/1660/893 932/1658/892 846/1659/808
f 935/1662/894 932/1765/892 933/1663/893
f 934/1665/895 936/1668/897 937/1666/896
f 936/1668/897 934/1665/895 939/1669/898
f 934/1671/895 933/4163/893 940/1672/900
f 940/1674/900 933/1660/893 848/1661/810
f 940/1674/900 853/1675/816 855/1676/817
f 939/1673/898 940/1672/900 941/1678/901
f 943/1680/903 938/1670/899 939/1669/898
f 944/1682/904 943/1680/903 942/1681/902
f 942/1679/902 941/1678/901 946/1684/906
f 857/1686/819 946/4164/906 941/1677/901
f 947/1687/907 946/4164/906 857/1686/819
f 945/1685/905 946/1684/906 947/1689/907
f 949/1691/909 950/1693/911 944/1682/904
f 951/1692/910 952/1694/912 950/1693/911
f 952/1694/912 951/1692/910 954/1695/913
f 951/1697/910 955/4165/916 956/1698/915
f 949/1690/909 947/1689/907 955/1700/916
f 955/1702/916 947/1687/907 948/1688/908
f 956/1704/915 955/1702/916 957/1703/917
f 958/1706/918 957/4166/917 960/1707/919
f 959/1708/920 961/1715/926 962/1709/921
f 963/1710/922 961/4167/926 959/1711/920
f 965/1713/924 961/4167/926 963/1710/922
f 961/1715/926 965/1717/924 967/1716/927
f 906/1622/866 967/1716/927 965/1717/924
f 906/1626/866 909/1625/869 968/1718/928
f 970/1720/929 968/1734/928 909/1721/869
f 971/1723/931 972/1728/932 970/1724/929
f 971/1723/931 969/1725/930 913/1635/873
f 969/1722/930 909/1721/869 908/1726/870
f 972/1728/932 973/1730/934 974/1729/933
f 953/1696/914 954/1695/913 974/1729/933
f 954/1699/913 956/1698/915 975/1731/935
f 958/1705/918 962/4168/921 975/1733/935
f 975/1733/935 962/4168/921 967/1719/927
f 974/1732/933 975/1731/935 968/1734/928
f 907/1735/867 965/1713/924 966/1714/925
f 976/1736/936 977/1763/937 904/1737/865
f 976/1738/936 890/1742/854 892/1739/853
f 966/1741/925 888/1744/852 890/1742/854
f 963/1743/922 886/1746/848 888/1744/852
f 964/1745/923 884/1748/846 886/1746/848
f 978/1747/938 882/4169/844 884/1748/846
f 960/1749/919 978/1751/938 964/1712/923
f 979/1750/939 980/1756/940 978/1751/938
f 979/1752/939 960/4170/919 957/1753/917
f 856/1755/821 979/1752/939 948/1754/908
f 856/1557/821 859/4152/823 980/1756/940
f 859/1561/823 861/1560/822 880/1757/842
f 978/1759/938 980/1758/940 880/1757/842
f 977/1761/937 892/4171/853 894/1762/856
f 977/1763/937 901/1619/863 903/1764/941
f 935/1667/894 937/1666/896 929/1652/889
f 930/1654/888 931/1653/890 932/1765/892
f 867/1577/829 870/1576/831 866/1766/835
f 986/1772/947 984/1770/945 985/1771/946
f 1002/1788/959 1003/1789/960 1004/1790/961
f 1008/1795/965 1007/1794/964 1009/1797/966
f 1000/1839/957 1045/1841/987 1044/1837/986
f 1060/1862/1002 1061/1863/1003 1062/1864/1004
f 1064/1866/1006 1065/1870/1007 1062/1864/1004
f 1025/1813/972 1028/1816/973 1065/1867/1007
f 1037/1878/979 1039/1880/981 1071/1879/1013
f 1063/1886/1005 1075/1885/1017 1076/1888/1018
f 1085/1905/1027 1084/1904/1026 1087/1906/1028
f 1092/1917/1034 1091/1916/1033 1049/1849/991
f 1006/1796/963 1013/1801/967 1015/1803/968
f 1001/1787/958 997/1783/954 1009/1924/966
f 1097/1926/1038 1098/4172/1044 1099/1927/1039
f 1100/1929/1041 1101/4173/1045 1097/1930/1038
f 1102/1932/1042 1100/4174/1041 1096/1933/1040
f 1103/1935/1043 1102/4175/1042 1099/1936/1039
f 1101/1938/1045 1103/4176/1043 1098/1939/1044
f 1102/1941/1042 1103/4177/1043 1101/1942/1045
f 1105/1944/1041 1106/4178/1045 1107/1945/1038
f 1109/1947/1042 1105/4179/1041 1104/1948/1040
f 1111/1950/1043 1109/4180/1042 1108/1951/1039
f 1106/1953/1045 1111/4181/1043 1110/1954/1044
f 1109/1956/1042 1111/4182/1043 1106/1957/1045
f 1107/1959/1038 1110/4183/1044 1108/1960/1039
f 1113/1962/1038 1114/4184/1044 1115/1963/1046
f 1116/1965/1041 1117/4185/1045 1113/1966/1038
f 1115/1968/1046 1118/4186/1042 1116/1969/1041
f 1119/1971/1043 1118/4187/1042 1115/1972/1046
f 1117/1974/1045 1119/4188/1043 1114/1975/1044
f 1118/1977/1042 1119/4189/1043 1117/1978/1045
f 1139/2005/1066 1140/2015/1070 1138/2006/1065
f 1141/2008/1067 1139/2005/1066 1137/2007/1064
f 1142/2010/1068 1141/2008/1067 1136/2009/1063
f 1140/2015/1070 1144/4190/2083 1145/2016/1071
f 1149/2022/497 1150/4191/2074 1151/2023/1075
f 1154/2025/1077 1155/4192/2084 1156/2026/1078
f 1158/2028/1080 1159/4193/2085 1160/2029/1081
f 1176/2051/1098 1175/4194/1097 1178/2052/1100
f 1183/2062/1105 1182/4195/1104 1176/2063/1098
f 1184/2065/1106 1183/4196/1105 1179/2056/1101
f 1184/2066/1106 1181/2058/1103 1182/2067/1104
f 1185/2069/1107 1186/4197/2086 1187/2070/1108
f 1190/2072/1110 1191/4198/2087 1192/2073/1111
f 1197/2077/1115 1193/4199/1116 1194/2075/1113
f 1194/2075/1113 1195/4200/1122 1196/2076/1114
f 1193/2078/1116 1198/4201/1118 1199/2079/1117
f 1197/2081/1115 1200/4202/1119 1198/2082/1118
f 1196/2084/1114 1201/4203/1121 1200/2085/1119
f 1196/2087/1114 1202/4204/1123 1203/2088/1120
f 1206/2098/1126 1207/4205/1128 1208/2099/1127
f 1207/2101/1128 1206/2132/1126 1194/2102/1113
f 1198/2107/1118 1200/4206/1119 1201/2105/1121
f 1201/2105/1121 1209/4207/1129 1199/2106/1117
f 1212/2121/1132 1213/4208/1134 1214/2122/1133
f 1216/2135/1043 1217/4209/1042 1218/2136/1039
f 1220/2138/1045 1216/4210/1043 1215/2139/1044
f 1222/2141/1041 1220/4211/1045 1219/2142/1038
f 1217/2144/1042 1222/4212/1041 1221/2145/1040
f 1217/2147/1042 1216/4213/1043 1220/2148/1045
f 1219/2150/1038 1215/4214/1044 1218/2151/1039
f 1224/2153/1135 1225/4215/2084 1226/2154/1078
f 1228/2156/1136 1229/4216/2088 1230/2157/1137
f 1232/2159/1138 1228/2156/1136 1227/2158/1136
f 1236/2163/1142 1233/4217/1140 1234/2164/1141
f 1238/2166/1143 1236/2163/1142 1235/2165/1142
f 1243/2172/1149 1244/4218/1150 1241/2170/1147
f 1248/2177/1153 1245/2175/1151 1246/2176/1152
f 1256/2185/1161 1253/4219/1159 1254/2186/1160
f 1258/2188/1163 1256/2185/1161 1255/2187/1162
f 1259/2190/1164 1260/2192/1164 1258/2188/1163
f 1261/2191/1165 1262/4220/2089 1260/2192/1164
f 1264/2193/557 1265/4221/559 1266/2194/559
f 1268/2196/555 1264/2193/557 1263/2195/557
f 1270/2198/553 1268/2196/555 1267/2197/555
f 1271/2200/551 1272/4222/551 1270/2198/553
f 1274/2201/549 1272/4223/551 1271/2202/551
f 1276/2204/547 1274/2201/549 1273/2203/549
f 1278/2206/545 1276/2204/547 1275/2205/547
f 1279/2208/543 1280/4224/543 1278/2206/545
f 1282/2209/541 1280/4224/543 1279/2208/543
f 1284/2211/539 1282/4225/541 1281/2212/541
f 1286/2214/537 1284/2211/539 1283/2213/539
f 1288/2216/535 1286/2214/537 1285/2215/537
f 1290/2218/533 1288/2216/535 1287/2217/535
f 1292/2220/531 1290/2218/533 1289/2219/533
f 1294/2222/530 1292/4226/531 1291/2223/531
f 1295/2225/528 1296/4227/528 1294/2222/530
f 1298/2226/529 1296/4227/528 1295/2225/528
f 1300/2228/582 1298/2226/529 1297/2227/529
f 1302/2231/1167 1301/2230/1166 1305/2233/1169
f 1301/2235/1166 1306/4228/1230 1307/2236/1171
f 1311/2241/1175 1312/2340/1241 1313/2242/1176
f 1310/2240/1174 1314/2245/1177 1311/2244/1175
f 1318/2250/1181 1319/4229/1184 1320/2251/1182
f 1321/2253/1183 1322/2261/1188 1319/2254/1184
f 1325/2260/1187 1326/2263/1190 1322/2261/1188
f 1327/2262/1189 1328/2343/1238 1326/2263/1190
f 1324/2258/1186 1329/2265/1191 1327/2264/1189
f 1335/2272/1197 1336/2276/1200 1337/2273/1198
f 1338/2275/1199 1339/2452/1302 1336/2276/1200
f 1338/2277/1199 1340/2278/1201 1341/2279/1202
f 1348/2287/1209 1349/2290/1211 1350/2288/1210
f 1305/2237/1169 1307/2236/1171 1349/2290/1211
f 1351/2295/1212 1352/4230/1213 1354/2296/1214
f 1356/2298/1216 1351/2295/1212 1353/2297/1215
f 1358/2300/1218 1356/4231/1216 1355/2301/1217
f 1357/2302/1219 1359/2364/1222 1360/2303/1220
f 1362/2309/1223 1363/4232/1226 1364/2310/1224
f 1365/2312/1225 1366/2382/1261 1363/2313/1226
f 1368/2319/1228 1369/2385/1263 1367/2317/1227
f 1307/2292/1171 1306/2321/1230 1370/2320/1229
f 1373/2323/1232 1374/4233/1273 1375/2324/1233
f 1377/2326/1235 1373/2323/1232 1372/2325/1234
f 1376/2327/1236 1378/2352/1239 1379/2328/1237
f 1376/2329/1236 1326/2333/1190 1328/2330/1238
f 1315/2252/1178 1320/2251/1182 1312/2340/1241
f 1330/2342/1192 1381/2345/1242 1328/2343/1238
f 1332/2344/1194 1337/4234/1198 1381/2345/1242
f 1382/2349/1243 1383/4235/1244 1385/2350/1245
f 1378/2352/1239 1382/2349/1243 1384/2351/1246
f 1388/2359/1249 1385/4236/1245 1383/2360/1244
f 1391/2362/1251 1388/2359/1249 1389/2361/1250
f 1359/2364/1222 1391/2362/1251 1390/2363/1252
f 1393/2368/1254 1394/2371/1256 1395/2369/1255
f 1361/2311/1221 1364/2310/1224 1394/2371/1256
f 1367/2381/1227 1400/2384/1262 1366/2382/1261
f 1369/2383/1263 1401/4237/1297 1400/2384/1262
f 1404/2387/1265 1405/2394/1270 1406/2388/1266
f 1407/2393/1268 1409/2396/1272 1405/2394/1270
f 1410/2395/1271 1411/4238/1275 1409/2396/1272
f 1412/2401/1274 1413/2405/1277 1411/2402/1275
f 1414/2404/1276 1415/2446/1290 1413/2405/1277
f 1377/2407/1235 1379/2355/1237 1416/2408/1278
f 1386/2409/1247 1417/2413/1280 1418/2410/1279
f 1387/2412/1248 1419/4239/1282 1417/2413/1280
f 1420/2414/1281 1421/2418/1283 1419/2415/1282
f 1392/2370/1253 1395/2369/1255 1421/2418/1283
f 1396/2374/1257 1422/2420/1284 1395/2419/1255
f 1418/2428/1279 1426/2427/1288 1427/2429/1289
f 1432/2439/1295 1406/2440/1266 1405/2438/1270
f 1435/2444/1299 1436/2445/1300 1400/2380/1262
f 1416/2411/1278 1418/2410/1279 1415/2446/1290
f 1342/2451/1203 1437/2454/1301 1339/2452/1302
f 1343/2453/1204 1438/2456/1303 1437/2454/1301
f 1345/2455/1206 1350/4240/1210 1438/2456/1303
f 1440/2463/1304 1441/4241/1305 1442/2464/1305
f 1444/2466/1306 1440/2463/1304 1439/2465/1304
f 1446/2468/1307 1444/2466/1306 1443/2467/1306
f 1447/2470/1308 1448/4242/1308 1446/2468/1307
f 1450/2471/1309 1448/4243/1308 1447/2472/1308
f 1452/2474/1310 1450/2471/1309 1449/2473/1309
f 1454/2476/1311 1452/2474/1310 1451/2475/1310
f 1455/2478/1312 1456/4244/1312 1454/2476/1311
f 1458/2479/1313 1456/4244/1312 1455/2478/1312
f 1460/2481/1314 1458/4245/1313 1457/2482/1313
f 1462/2484/1315 1460/2481/1314 1459/2483/1314
f 1463/2486/1316 1464/4246/1316 1462/2484/1315
f 1466/2487/1317 1464/4246/1316 1463/2486/1316
f 1468/2489/1319 1466/2487/1317 1465/2488/1318
f 1470/2491/1320 1468/4247/1319 1467/2492/1319
f 1472/2494/1321 1470/2491/1320 1469/2493/1320
f 1474/2496/1322 1472/2494/1321 1471/2495/1321
f 1476/2498/1323 1474/2496/1322 1473/2497/1322
f 1500/2536/1348 1482/2511/1330 1480/2537/1328
f 1478/2501/1326 1505/2546/1353 1501/2545/1349
f 1517/2566/1365 1520/4248/1369 1521/2569/1368
f 1528/2583/1376 1530/2588/1379 1531/2587/1378
f 1534/2593/1382 1533/2591/1381 1536/2600/1384
f 1538/2603/1385 1516/2565/1364 1518/2567/1366
f 1595/2772/1443 1596/2775/1444 1597/2773/734
f 1596/2775/1444 1595/2772/1443 1600/2776/1445
f 1595/2778/1443 1601/2782/1447 1602/2779/1446
f 1598/2781/735 1603/4249/1449 1601/2782/1447
f 1604/2783/1448 1605/2831/1471 1603/2784/1449
f 1606/2786/736 1604/2787/1448 1598/2774/735
f 1604/2787/1448 1606/2786/736 1607/2788/738
f 1609/2790/740 1610/2791/741 1608/2789/1450
f 1610/2791/741 1609/2790/740 1611/2792/1451
f 1613/2794/1453 1614/2796/746 1612/2793/1452
f 1613/2794/1453 1615/2797/1455 1616/2795/1454
f 1615/2797/1455 1617/2800/1456 1618/2798/748
f 1619/2799/749 1620/2802/1458 1618/2798/748
f 1621/2801/1457 1622/2803/753 1620/2802/1458
f 1622/2803/753 1621/2801/1457 1623/2804/754
f 1623/2804/754 1625/2807/757 1626/2806/756
f 1625/2807/757 1627/2809/759 1628/2808/1459
f 1627/2809/759 1629/2811/1460 1630/2810/725
f 1629/2811/1460 1631/4250/2090 1632/2812/1461
f 1634/2813/1462 1635/2816/1465 1636/2814/1463
f 1599/2777/729 1600/2776/1445 1636/2814/1463
f 1600/2780/1445 1602/2779/1446 1637/2817/1466
f 1638/2819/1467 1639/2857/1485 1637/2820/1466
f 1640/2822/1468 1638/2819/1467 1602/2821/1446
f 1641/2824/1469 1640/2822/1468 1601/2823/1447
f 1642/2826/1470 1641/2824/1469 1603/2825/1449
f 1643/2828/1472 1642/2826/1470 1605/2827/1471
f 1608/2830/1450 1644/2833/1473 1605/2831/1471
f 1610/2832/741 1645/2835/1474 1644/2833/1473
f 1612/2834/1452 1646/2837/1475 1645/2835/1474
f 1614/2836/746 1647/4251/1476 1646/2837/1475
f 1616/2838/1454 1648/2842/1477 1647/2839/1476
f 1618/2841/748 1649/2844/1478 1648/2842/1477
f 1620/2843/1458 1650/2846/1479 1649/2844/1478
f 1622/2845/753 1651/2848/1480 1650/2846/1479
f 1624/2847/755 1652/4252/1481 1651/2848/1480
f 1626/2849/756 1653/2853/1482 1652/2850/1481
f 1628/2852/1459 1654/2855/1483 1653/2853/1482
f 1630/2854/725 1655/4253/1488 1654/2855/1483
f 1656/2856/1484 1657/4254/2091 1637/2820/1466
f 1658/2858/1486 1659/4255/2092 1660/2859/1487
f 1661/2861/1489 1654/2863/1483 1655/2860/1488
f 1662/2862/1490 1653/2864/1482 1654/2863/1483
f 1653/2864/1482 1662/2862/1490 1663/2865/1491
f 1663/2865/1491 1664/2868/1492 1651/2867/1480
f 1664/2868/1492 1665/2870/1493 1650/2869/1479
f 1665/2870/1493 1666/4256/2072 1649/2871/1478
f 1649/2871/1478 1666/4256/2072 1667/2872/1494
f 1668/2874/1495 1647/2876/1476 1648/2873/1477
f 1668/2874/1495 1669/2877/1496 1646/2875/1475
f 1669/2877/1496 1670/2879/1497 1645/2878/1474
f 1670/2879/1497 1643/2828/1472 1644/2829/1473
f 1690/2901/1517 1691/4257/1518 1692/2902/1518
f 1704/2929/1530 1707/2932/1533 1706/2930/1532
f 1740/2989/1566 1741/3061/1568 1742/2990/1567
f 1745/2996/1571 1744/2995/1570 1740/2993/1566
f 1769/3031/949 1770/4258/949 1762/3032/1588
f 1762/3032/1588 1764/4259/1590 1766/3033/1592
f 1766/3033/1592 1768/4260/1594 1769/3031/949
f 1762/3032/1588 1770/4258/949 1771/3034/1595
f 1771/3034/1595 1772/4261/949 1758/3035/1584
f 1758/3035/1584 1760/4262/1586 1762/3032/1588
f 1773/3036/949 1774/4263/949 1775/3037/1596
f 1775/3037/1596 1776/4264/2093 1758/3035/1584
f 1758/3035/1584 1772/4261/949 1773/3036/949
f 1777/3038/1597 1778/4265/949 1754/3039/1580
f 1754/3039/1580 1755/4266/1581 1775/3037/1596
f 1775/3037/1596 1774/4263/949 1777/3038/1597
f 1782/3042/1598 1754/3039/1580 1778/4265/949
f 1782/3042/1598 1778/4265/949 1779/4267/949
f 1739/3041/1565 1742/4268/1567 1782/3042/1598
f 1780/3040/949 1781/4269/949 1739/3041/1565
f 1782/3042/1598 1779/4267/949 1780/3040/949
f 1739/3041/1565 1781/4269/949 1783/3043/949
f 1783/3043/949 1784/4270/949 1735/3044/1561
f 1735/3044/1561 1737/4271/1563 1739/3041/1565
f 1785/3045/1595 1786/4272/949 1731/3046/1557
f 1731/3046/1557 1733/4273/1559 1735/3044/1561
f 1735/3044/1561 1784/4270/949 1785/3045/1595
f 1787/3047/949 1788/4274/949 1728/3048/1554
f 1728/3048/1554 1729/4275/1555 1731/3046/1557
f 1731/3046/1557 1786/4272/949 1787/3047/949
f 1728/3048/1554 1788/4274/949 1789/3049/949
f 1789/3049/949 1790/4276/1600 1791/3050/1599
f 1791/3050/1599 1792/4277/1604 1728/3048/1554
f 1798/3068/1607 1797/3067/1606 1765/3065/1591
f 1801/3074/1610 1800/3073/1609 1757/3072/1583
f 1803/3078/1612 1804/3082/1616 1805/3079/1613
f 1807/3081/1615 1808/3161/1653 1805/3079/1613
f 1809/3083/1617 1810/3087/1621 1811/3084/1618
f 1813/3088/1620 1809/3120/1617 1815/3089/1622
f 1817/3091/1624 1813/3088/1620 1814/3090/1623
f 1819/3093/1626 1817/3091/1624 1816/3092/1625
f 1821/3095/1627 1819/4278/1626 1818/3096/551
f 1823/3098/1629 1821/3095/1627 1820/3097/1628
f 1825/3100/1631 1823/3098/1629 1822/3099/1630
f 1826/3102/541 1827/4279/1681 1825/3100/1631
f 1829/3103/1633 1827/4280/1681 1826/3104/541
f 1830/3106/1635 1831/4281/1700 1829/3103/1633
f 1833/3107/1636 1831/4281/1700 1830/3106/1635
f 1835/3109/1638 1833/3107/1636 1832/3108/1637
f 1837/3111/1639 1835/4282/1638 1834/3112/531
f 1839/3114/1641 1837/3111/1639 1836/3113/1640
f 1841/3116/1643 1839/3114/1641 1838/3115/1642
f 1812/3118/1619 1841/3116/1643 1840/3117/1644
f 1809/3120/1617 1812/4283/1619 1842/3121/1645
f 1811/3084/1618 1843/3123/1646 1841/3122/1643
f 1843/3123/1646 1844/3249/1710 1839/3124/1641
f 1845/3125/1647 1844/3248/1710 1843/3126/1646
f 1845/3128/1647 1803/3078/1612 1806/3080/1614
f 1848/3130/1649 1846/3251/1648 1806/3131/1614
f 1847/3132/1650 1806/3131/1614 1805/3137/1613
f 1850/3139/1652 1805/4284/1613 1808/3140/1653
f 1866/3146/1658 1854/3147/1659 1855/3149/1661
f 1855/3149/1661 1856/3268/1719 1857/3208/1689
f 1857/3208/1689 1858/3209/1690 1859/3210/1691
f 1859/3210/1691 1860/3264/1717 1861/3145/1657
f 1861/3145/1657 1862/3258/1715 1863/3256/1712
f 1863/3256/1712 1864/3254/1713 1849/3134/1651
f 1849/3134/1651 1852/3143/1655 1853/3144/1656
f 1853/3144/1656 1865/3157/1666 1866/3146/1658
f 1866/3146/1658 1855/3149/1661 1857/3208/1689
f 1857/3208/1689 1859/3210/1691 1861/3145/1657
f 1861/3145/1657 1863/3256/1712 1849/3134/1651
f 1849/3134/1651 1853/3144/1656 1866/3146/1658
f 1866/3146/1658 1857/3208/1689 1861/3145/1657
f 1868/3151/1662 1869/3155/1665 1870/3152/1663
f 1871/3154/1664 1872/3160/1667 1869/3155/1665
f 1872/3160/1667 1871/3154/1664 1851/3141/1654
f 1808/3161/1653 1807/3081/1615 1873/3162/1668
f 1807/3164/1615 1810/4285/1621 1874/3165/1669
f 1875/3168/1670 1874/3167/1669 1813/3086/1620
f 1876/3170/1671 1875/3168/1670 1817/3169/1624
f 1876/3170/1671 1819/3171/1626 1821/3172/1627
f 1879/3174/1673 1876/4286/1671 1877/3175/1672
f 1879/3177/1673 1878/3186/1674 1880/3178/1675
f 1879/3177/1673 1870/3179/1663 1869/3180/1665
f 1881/3182/1676 1875/3185/1670 1876/3183/1671
f 1873/3166/1668 1874/3165/1669 1875/3185/1670
f 1878/3186/1674 1882/4287/1679 1883/3187/1677
f 1878/3176/1674 1877/3175/1672 1884/3188/1678
f 1877/3173/1672 1821/3172/1627 1823/3190/1629
f 1885/3192/1680 1884/3191/1678 1823/3190/1629
f 1885/3192/1680 1825/3193/1631 1827/3194/1681
f 1888/3196/1683 1885/3276/1680 1886/3197/1682
f 1892/3203/1687 1889/3275/1685 1890/3204/1686
f 1893/3213/1692 1895/3217/1695 1896/3214/1694
f 1891/3216/1688 1890/4288/1686 1895/3217/1695
f 1897/3219/1696 1898/4289/1698 1896/3220/1694
f 1897/3221/1696 1899/3225/1699 1900/3222/1697
f 1887/3224/1684 1886/4290/1682 1899/3225/1699
f 1886/3195/1682 1827/3194/1681 1829/3226/1633
f 1831/3228/1700 1900/3230/1697 1899/3227/1699
f 1898/3223/1698 1900/3222/1697 1901/3232/1701
f 1896/3220/1694 1898/4289/1698 1902/3234/1702
f 1902/3234/1702 1904/4291/1706 1905/3236/1704
f 1902/3233/1702 1901/3232/1701 1906/3237/1705
f 1906/3239/1705 1901/3231/1701 1833/3229/1636
f 1906/3239/1705 1835/3240/1638 1837/3241/1639
f 1904/3243/1706 1906/4292/1705 1907/3244/1707
f 1905/3236/1704 1904/4291/1706 1908/3246/1708
f 1908/3246/1708 1845/3128/1647 1846/3129/1648
f 1908/3245/1708 1907/3244/1707 1844/3248/1710
f 1907/3242/1707 1837/3241/1639 1839/3124/1641
f 1910/3250/1711 1909/3266/1709 1846/3251/1648
f 1912/3260/1716 1903/3263/1703 1905/3261/1704
f 1894/3215/1693 1896/3214/1694 1903/3263/1703
f 1911/3265/1714 1905/4293/1704 1909/3266/1709
f 1914/3270/1720 1880/3274/1675 1883/3271/1677
f 1867/3273/1660 1870/4294/1663 1880/3274/1675
f 1913/3272/1718 1883/3271/1677 1889/3275/1685
f 1883/3187/1677 1882/4287/1679 1888/3199/1683
f 1882/3189/1679 1884/3188/1678 1885/3276/1680
f 1939/3355/1744 1940/3391/1745 1941/3356/1745
f 1943/3358/1746 1939/3355/1744 1938/3357/1744
f 1945/3360/1747 1946/4295/1748 1947/3361/1748
f 1949/3363/1749 1945/3360/1747 1944/3362/1747
f 1950/3365/1750 1951/4296/1750 1949/3363/1749
f 1953/3366/1751 1951/4297/1750 1950/3367/1750
f 1955/3369/1752 1953/3366/1751 1952/3368/1751
f 1957/3371/1753 1955/3369/1752 1954/3370/1752
f 1959/3373/1754 1957/3371/1753 1956/3372/1753
f 1961/3375/1755 1959/3373/1754 1958/3374/1754
f 1963/3377/1756 1961/4298/1755 1960/3378/1755
f 1965/3380/1757 1963/3377/1756 1962/3379/1756
f 1967/3382/1758 1965/3380/1757 1964/3381/1757
f 1969/3384/1759 1967/3382/1758 1966/3383/1758
f 1971/3386/1760 1969/3384/1759 1968/3385/1759
f 1973/3388/1761 1971/4299/1760 1970/3389/1760
f 1940/3391/1745 1973/3388/1761 1972/3390/1761
f 1983/3398/1768 1977/3395/1765 1974/3392/1762
f 1974/3392/1762 1978/3399/1769 1979/3396/1766
f 1979/3396/1766 1980/3455/1812 1981/3397/1767
f 1981/3397/1767 1982/3437/1798 1983/3398/1768
f 1983/3398/1768 1974/3392/1762 1979/3396/1766
f 1988/3406/1774 1989/3409/1777 1990/3407/1775
f 1988/3406/1774 1991/3410/1778 1992/3408/1776
f 2005/3427/1623 2006/4300/1622 2003/3425/1789
f 2004/3426/1790 2007/3429/1791 2008/3428/1625
f 2007/3429/1791 2004/3426/1790 2002/3424/1788
f 2000/3422/1786 2010/3431/1793 2009/3430/1792
f 2012/3433/1795 2013/4301/1797 2014/3434/1796
f 2020/3445/1804 2021/3448/1807 2022/3446/1805
f 2020/3445/1804 2023/3449/1808 2024/3447/1806
f 2038/3468/1635 2039/3508/1841 2036/3466/1821
f 2040/3469/1823 2041/3470/1637 2038/3468/1635
f 2041/3470/1637 2040/3469/1823 2042/3471/1824
f 2046/3475/1827 2047/3476/1828 2044/3473/1825
f 2040/3469/1823 2037/3467/1822 2035/3465/1820
f 1984/3401/1770 1985/3403/1771 2048/3484/1829
f 2044/3487/1825 2047/3486/1828 1987/3405/1773
f 2052/3489/1833 2053/3491/1640 2043/3490/531
f 2053/3491/1640 2052/3489/1833 2054/3492/1834
f 1989/3409/1777 2054/3492/1834 2052/3489/1833
f 1989/3409/1777 1992/3408/1776 2056/3494/1835
f 2057/3495/1836 2056/3494/1835 1992/3408/1776
f 2056/3494/1835 2057/3495/1836 2060/3497/1645
f 2054/3492/1834 2056/3494/1835 2059/3498/1838
f 2003/3425/1789 2006/4300/1622 2060/3499/1645
f 2039/3508/1841 2063/4302/541 2064/3509/1842
f 2063/3510/541 2065/3513/1844 2066/3511/1843
f 2065/3513/1844 2067/3515/1630 2068/3514/1845
f 2067/3515/1630 2069/3517/1847 2070/3516/1846
f 2069/3517/1847 2071/4303/551 2072/3518/1848
f 2071/3519/551 2008/3428/1625 2007/3429/1791
f 2021/3448/1807 2068/3514/1845 2070/3516/1846
f 2066/3511/1843 2068/3514/1845 2021/3448/1807
f 2081/3539/1856 2078/3538/1854 2082/3541/1857
f 2087/3550/1862 2088/3573/1864 2089/3551/1863
f 2093/3557/1868 2094/3571/1879 2095/3558/1869
f 2098/3563/1874 2099/4304/1877 2100/3564/1875
f 2104/3575/582 2105/3614/529 2106/3576/529
f 2108/3578/557 2109/4305/559 2110/3579/559
f 2112/3581/555 2108/3578/557 2107/3580/557
f 2114/3583/553 2112/3581/555 2111/3582/555
f 2116/3585/551 2114/3583/553 2113/3584/553
f 2118/3587/549 2116/4306/551 2115/3588/551
f 2120/3590/547 2118/3587/549 2117/3589/549
f 2122/3592/545 2120/3590/547 2119/3591/547
f 2124/3594/543 2122/3592/545 2121/3593/545
f 2126/3596/541 2124/3594/543 2123/3595/543
f 2128/3598/539 2126/4307/541 2125/3599/541
f 2130/3601/537 2128/3598/539 2127/3600/539
f 2132/3603/535 2130/3601/537 2129/3602/537
f 2134/3605/533 2132/3603/535 2131/3604/535
f 2136/3607/531 2134/3605/533 2133/3606/533
f 2138/3609/530 2136/4308/531 2135/3610/531
f 2140/3612/528 2138/3609/530 2137/3611/530
f 2105/3614/529 2140/3612/528 2139/3613/528
f 2142/3615/1882 2143/4309/1883 2144/3616/1883
f 2146/3618/1884 2142/3615/1882 2141/3617/1882
f 2148/3620/1886 2149/4310/1887 2150/3621/1887
f 2152/3623/1888 2148/3620/1886 2147/3622/1886
f 2154/3625/1889 2152/4311/1888 2151/3626/1888
f 2143/3628/1883 2154/3625/1889 2153/3627/1889
f 2156/3630/1890 2157/3664/1891 2158/3631/1891
f 2160/3633/1892 2156/3630/1890 2155/3632/1890
f 2162/3635/1893 2160/3633/1892 2159/3634/1892
f 2164/3637/1894 2162/3635/1893 2161/3636/1893
f 2166/3639/1895 2164/4312/1894 2163/3640/1894
f 2168/3642/1896 2166/3639/1895 2165/3641/1895
f 2170/3644/1897 2168/3642/1896 2167/3643/1896
f 2172/3646/1898 2170/3644/1897 2169/3645/1897
f 2174/3648/1900 2175/4313/1901 2176/3649/1901
f 2178/3651/1902 2174/3648/1900 2173/3650/1900
f 2179/3653/1903 2180/4314/1903 2178/3651/1902
f 2182/3654/1904 2180/4315/1903 2179/3655/1903
f 2183/3657/1905 2184/4316/1905 2182/3654/1904
f 2186/3658/1906 2184/4316/1905 2183/3657/1905
f 2188/3660/1907 2186/3658/1906 2185/3659/1906
f 2190/3662/1908 2188/3660/1907 2187/3661/1907
f 2157/3664/1891 2190/4317/1908 2189/3665/1908
f 2192/3666/1909 2193/4318/1910 2194/3667/1910
f 2196/3669/1911 2192/3666/1909 2191/3668/1909
f 2198/3671/1912 2196/3669/1911 2195/3670/1911
f 2200/3673/1913 2198/3671/1912 2197/3672/1912
f 2201/3675/1915 2202/3679/1915 2203/3676/1916
f 2205/3678/1917 2206/3681/1917 2202/3679/1915
f 2207/3680/1918 2208/4319/1918 2206/3681/1917
f 2210/3682/1919 2208/4320/1918 2207/3683/1918
f 2212/3685/1920 2210/3682/1919 2209/3684/1919
f 2214/3687/1921 2212/3685/1920 2211/3686/1920
f 2216/3689/1922 2214/3687/1921 2213/3688/1921
f 2218/3691/1923 2216/3689/1922 2215/3690/1922
f 2220/3693/1924 2218/4321/1923 2217/3694/1923
f 2222/3696/1925 2220/3693/1924 2219/3695/1924
f 2224/3698/1926 2222/3696/1925 2221/3697/1925
f 2225/3700/1927 2226/4322/1927 2224/3698/1926
f 2193/3701/1910 2226/4322/1927 2225/3700/1927
f 2228/3703/1928 2229/4323/2094 2230/3704/1929
f 2232/3706/1930 2228/3703/1928 2227/3705/1928
f 2234/3708/1931 2232/3706/1930 2231/3707/1930
f 2235/3710/1932 2236/4324/1932 2234/3708/1931
f 2238/3711/1933 2236/4325/1932 2235/3712/1932
f 2240/3714/1934 2238/3711/1933 2237/3713/1933
f 2242/3716/1936 2240/3714/1934 2239/3715/1935
f 2244/3718/1937 2242/3716/1936 2241/3717/1936
f 2246/3720/1938 2244/3718/1937 2243/3719/1937
f 2248/3722/1939 2246/4326/1938 2245/3723/1938
f 2250/3725/1940 2248/3722/1939 2247/3724/1939
f 2252/3727/1941 2250/3725/1940 2249/3726/1940
f 2254/3729/1942 2252/3727/1941 2251/3728/1941
f 2256/3731/1943 2254/4327/1942 2253/3732/1942
f 2258/3734/1944 2256/3731/1943 2255/3733/1943
f 2260/3736/1945 2258/3734/1944 2257/3735/1944
f 2261/3738/1946 2262/4328/1946 2260/3736/1945
f 2264/3739/1947 2265/4329/1948 2266/3740/1948
f 2268/3742/1949 2264/3739/1947 2263/3741/1947
f 2270/3744/1950 2268/4330/1949 2267/3745/1949
f 2271/3747/1951 2272/4331/1951 2270/3744/1950
f 2274/3748/1952 2272/4332/1951 2271/3749/1951
f 2276/3751/1953 2274/3748/1952 2273/3750/1952
f 2282/3758/1959 2283/3771/1969 2278/3759/1955
f 2285/3761/1960 2286/4333/1973 2287/3762/1961
f 2289/3764/1963 2285/3761/1960 2284/3763/1962
f 2291/3766/1965 2289/4334/1963 2288/3767/1964
f 2293/3769/1967 2291/3766/1965 2290/3768/1966
f 2283/3771/1969 2293/4335/1967 2292/3772/1968
f 2306/3796/1982 2307/4336/1983 2308/3797/1983
f 2310/3799/1984 2306/3796/1982 2305/3798/1982
f 2312/3801/1985 2310/4337/1984 2309/3802/1984
f 2314/3804/1986 2312/3801/1985 2311/3803/1985
f 2316/3806/1987 2314/4338/1986 2313/3807/1986
f 2318/3809/1988 2316/3806/1987 2315/3808/1987
f 2320/3811/1989 2321/3815/1993 2322/3812/1990
f 2320/3811/1989 2323/3816/1994 2324/3814/1992
f 2324/3819/1992 2326/4339/1995 2328/3820/1996
f 2321/3822/1993 2324/3819/1992 2327/3821/1997
f 2322/3824/1990 2321/4340/1993 2329/3825/1964
f 2332/3827/1999 2322/3824/1990 2330/3826/1998
f 2334/3829/2000 2332/4341/1999 2331/3830/1968
f 2336/3832/2002 2334/3829/2000 2333/3831/2001
f 2339/3838/2005 2332/3839/1999 2334/3836/2000
f 2339/3838/2005 2319/3813/1991 2322/3812/1990
f 2342/3844/2007 2341/3843/1954 2333/3841/2001
f 2344/3848/1979 2343/3847/1978 2330/3846/1998
f 2344/3848/1979 2329/3849/1964 2327/3850/1997
f 2346/3852/2008 2345/3851/1980 2327/3850/1997
f 2350/3857/1959 2351/3870/2011 2348/3858/1955
f 2353/3860/1960 2354/4342/1995 2355/3861/1996
f 2357/3863/1963 2353/3860/1960 2352/3862/1962
f 2359/3865/2009 2357/4343/1963 2356/3866/1964
f 2361/3868/1967 2359/3865/2009 2358/3867/2010
f 2351/3870/2011 2361/4344/1967 2360/3871/1968
f 2376/3897/2014 2377/3910/2015 2378/3898/2015
f 2380/3900/2016 2376/4345/2014 2375/3901/2014
f 2382/3903/2017 2380/3900/2016 2379/3902/2016
f 2384/3905/2018 2382/4346/2017 2381/3906/2017
f 2386/3908/2020 2384/3905/2018 2383/3907/2019
f 2377/3910/2015 2387/4347/2021 2388/3911/2021
f 2415/3996/2047 2416/3999/2048 2417/3997/2048
f 2416/3999/2048 2418/4001/2049 2419/4000/2049
f 2418/4001/2049 2420/4348/2050 2421/4002/2050
f 2423/4003/2051 2424/4349/2052 2425/4004/2052
f 2424/4006/2052 2426/4009/2053 2427/4007/2053
f 2426/4009/2053 2428/4350/2054 2429/4010/2054
f 2431/4011/2055 2432/4351/2055 2433/4012/2056
f 2430/4013/2056 2433/4012/2056 2435/4014/2057
f 2434/4016/2057 2435/4352/2057 2437/4017/2058
f 2439/4019/2059 2440/4022/1904 2441/4020/1904
f 2440/4022/1904 2442/4353/2060 2443/4023/2060
f 2442/4024/2060 2444/4354/2061 2445/4025/2061
f 2447/4027/2060 2448/4355/2061 2449/4028/2061
f 2451/4030/1904 2447/4356/2060 2446/4031/2060
f 2452/4033/2059 2453/4357/2059 2451/4030/1904
f 2455/4034/1919 2456/4358/2062 2457/4035/2062
f 2459/4037/2063 2455/4034/1919 2454/4036/1919
f 2456/4039/2062 2460/4359/2064 2461/4040/2064
