mtllib boxcar_item.mtl
v 0.013514 0.459459 0.429297
v 0.013514 0.459459 0.476109
v 0.013514 0.500000 0.452703
v 0.027027 0.500000 0.452703
v 0.013514 0.496379 0.466216
v 0.027027 0.496379 0.466216
v 0.027027 0.496379 0.439189
v 0.027027 0.486486 0.429297
v 0.013514 0.496379 0.439189
v 0.027027 0.472973 0.425676
v 0.013514 0.486486 0.429297
v 0.027027 0.459459 0.429297
v 0.013514 0.472973 0.425676
v 0.013514 0.449567 0.439189
v 0.027027 0.445946 0.452703
v 0.027027 0.449567 0.439189
v 0.027027 0.449567 0.466216
v 0.013514 0.445946 0.452703
v 0.027027 0.459459 0.476109
v 0.013514 0.449567 0.466216
v 0.027027 0.472973 0.479730
v 0.027027 0.486486 0.476109
v 0.013514 0.472973 0.479730
v 0.013514 0.486486 0.476109
v 0.054054 0.472973 0.466216
v 0.027027 0.466216 0.464406
v 0.054054 0.466216 0.464406
v 0.027027 0.461270 0.459460
v 0.054054 0.461270 0.459460
v 0.027027 0.459459 0.452703
v 0.054054 0.459459 0.452703
v 0.027027 0.461270 0.445946
v 0.054054 0.461270 0.445946
v 0.027027 0.466216 0.441000
v 0.054054 0.466216 0.441000
v 0.027027 0.472973 0.439189
v 0.054054 0.472973 0.439189
v 0.027027 0.479730 0.441000
v 0.054054 0.479730 0.441000
v 0.027027 0.484676 0.445946
v 0.054054 0.484676 0.445946
v 0.027027 0.486486 0.452703
v 0.054054 0.486486 0.452703
v 0.027027 0.484676 0.459460
v 0.054054 0.484676 0.459460
v 0.027027 0.479730 0.464406
v 0.054054 0.479730 0.464406
v 0.027027 0.472973 0.466216
v 0.006757 0.486486 0.506757
v 0.020270 0.486486 0.513514
v 0.020270 0.486486 0.506757
v 0.000000 0.486486 0.493243
v 0.000000 0.486486 0.513514
v 0.006757 0.486486 0.500000
v 0.033784 0.486486 0.493243
v 0.027027 0.486486 0.500000
v 0.033784 0.486486 0.520270
v 0.020270 0.459459 0.513514
v 0.006757 0.459459 0.506757
v 0.020270 0.459459 0.506757
v 0.000000 0.459459 0.493243
v 0.000000 0.459459 0.513514
v 0.033784 0.459459 0.493243
v 0.006757 0.459459 0.500000
v 0.033784 0.459459 0.520270
v 0.027027 0.459459 0.500000
v 0.027027 0.459459 0.520270
v 0.027027 0.486486 0.520270
v 0.054054 0.466216 0.513514
v 0.033784 0.466216 0.500000
v 0.054054 0.466216 0.500000
v 0.054054 0.479730 0.513514
v 0.033784 0.479730 0.500000
v 0.033784 0.479730 0.513514
v 0.054054 0.479730 0.500000
v 0.033784 0.466216 0.513514
v 0.013514 0.459459 0.537405
v 0.013514 0.459459 0.584217
v 0.013514 0.500000 0.560811
v 0.027027 0.500000 0.560811
v 0.013514 0.496379 0.574324
v 0.027027 0.496379 0.574324
v 0.013514 0.496379 0.547297
v 0.027027 0.486486 0.537405
v 0.027027 0.496379 0.547297
v 0.027027 0.472973 0.533784
v 0.013514 0.486486 0.537405
v 0.027027 0.459459 0.537405
v 0.013514 0.472973 0.533784
v 0.027027 0.449567 0.547297
v 0.027027 0.445946 0.560811
v 0.013514 0.449567 0.547297
v 0.027027 0.449567 0.574324
v 0.013514 0.445946 0.560811
v 0.027027 0.459459 0.584217
v 0.013514 0.449567 0.574324
v 0.027027 0.472973 0.587838
v 0.013514 0.486486 0.584217
v 0.013514 0.472973 0.587838
v 0.027027 0.486486 0.584217
v 0.054054 0.472973 0.574324
v 0.027027 0.466216 0.572514
v 0.054054 0.466216 0.572514
v 0.027027 0.461270 0.567568
v 0.054054 0.461270 0.567568
v 0.027027 0.459459 0.560811
v 0.054054 0.459459 0.560811
v 0.027027 0.461270 0.554054
v 0.054054 0.461270 0.554054
v 0.027027 0.466216 0.549108
v 0.054054 0.466216 0.549108
v 0.027027 0.472973 0.547297
v 0.054054 0.472973 0.547297
v 0.027027 0.479730 0.549108
v 0.054054 0.479730 0.549108
v 0.027027 0.484676 0.554054
v 0.054054 0.484676 0.554054
v 0.027027 0.486486 0.560811
v 0.054054 0.486486 0.560811
v 0.027027 0.484676 0.567568
v 0.054054 0.484676 0.567568
v 0.027027 0.479730 0.572514
v 0.054054 0.479730 0.572514
v 0.027027 0.472973 0.574324
v 0.067568 0.445946 0.601351
v 0.054054 0.445946 0.412162
v 0.067568 0.445946 0.412162
v 0.054054 0.500000 0.412162
v 0.067568 0.500000 0.412162
v 0.054054 0.500000 0.601351
v 0.067568 0.500000 0.601351
v 0.054054 0.445946 0.601351
v 0.932432 0.648649 0.614865
v 0.067568 0.432432 0.614865
v 0.932432 0.432432 0.614865
v 0.067568 0.648649 0.614865
v 0.067568 0.432432 0.398649
v 0.067568 0.648649 0.398649
v 0.932432 0.432432 0.398649
v 0.932432 0.648649 0.398649
v 0.067568 0.432432 0.398649
v 0.932432 0.405405 0.398649
v 0.067568 0.405405 0.398649
v 0.932432 0.432432 0.614865
v 0.067568 0.405405 0.614865
v 0.932432 0.405405 0.614865
v 0.932432 0.432432 0.398649
v 0.067568 0.432432 0.614865
v 0.945946 0.500000 0.601351
v 0.945946 0.445946 0.412162
v 0.945946 0.500000 0.412162
v 0.932432 0.500000 0.412162
v 0.932432 0.445946 0.412162
v 0.932432 0.500000 0.601351
v 0.932432 0.445946 0.601351
v 0.945946 0.445946 0.601351
v 0.283784 0.371622 0.560811
v 0.121622 0.371622 0.452703
v 0.283784 0.371622 0.452703
v 0.878378 0.371622 0.560811
v 0.716216 0.371622 0.452703
v 0.878378 0.371622 0.452703
v 0.689189 0.432432 0.560811
v 0.905405 0.432432 0.560811
v 0.905405 0.432432 0.452703
v 0.689189 0.432432 0.452703
v 0.716216 0.371622 0.560811
v 0.864865 0.415298 0.425676
v 0.864865 0.368486 0.425676
v 0.824324 0.391892 0.425676
v 0.874757 0.405405 0.432432
v 0.878378 0.391892 0.425676
v 0.874757 0.405405 0.425676
v 0.878378 0.391892 0.432432
v 0.874757 0.378378 0.425676
v 0.874757 0.378378 0.432432
v 0.864865 0.368486 0.432432
v 0.851351 0.364865 0.425676
v 0.851351 0.364865 0.432432
v 0.837838 0.368486 0.425676
v 0.837838 0.368486 0.432432
v 0.827945 0.378378 0.425676
v 0.827945 0.378378 0.432432
v 0.824324 0.391892 0.432432
v 0.827945 0.405405 0.425676
v 0.827945 0.405405 0.432432
v 0.837838 0.415298 0.425676
v 0.837838 0.415298 0.432432
v 0.851351 0.418919 0.425676
v 0.851351 0.418919 0.432432
v 0.864865 0.415298 0.432432
v 0.886460 0.412162 0.432432
v 0.891892 0.391892 0.432432
v 0.871622 0.356783 0.432432
v 0.886460 0.371622 0.432432
v 0.851351 0.351351 0.432432
v 0.831081 0.356783 0.432432
v 0.816242 0.371622 0.432432
v 0.816242 0.412162 0.432432
v 0.810811 0.391892 0.432432
v 0.831081 0.427001 0.432432
v 0.851351 0.432432 0.432432
v 0.871622 0.427001 0.432432
v 0.886460 0.412162 0.439189
v 0.891892 0.391892 0.439189
v 0.886460 0.371622 0.439189
v 0.871622 0.356783 0.439189
v 0.851351 0.351351 0.439189
v 0.831081 0.356783 0.439189
v 0.816242 0.371622 0.439189
v 0.810811 0.391892 0.439189
v 0.816242 0.412162 0.439189
v 0.831081 0.427001 0.439189
v 0.851351 0.432432 0.439189
v 0.871622 0.427001 0.439189
v 0.863054 0.385135 0.439189
v 0.863054 0.398649 0.439189
v 0.851351 0.405405 0.439189
v 0.839648 0.398649 0.439189
v 0.839648 0.385135 0.439189
v 0.844595 0.380189 0.439189
v 0.851351 0.378378 0.439189
v 0.851351 0.378378 0.574324
v 0.858108 0.380189 0.439189
v 0.858108 0.380189 0.574324
v 0.863054 0.385135 0.574324
v 0.864865 0.391892 0.439189
v 0.864865 0.391892 0.574324
v 0.863054 0.398649 0.574324
v 0.858108 0.403595 0.439189
v 0.858108 0.403595 0.574324
v 0.851351 0.405405 0.574324
v 0.844595 0.403595 0.439189
v 0.844595 0.403595 0.574324
v 0.839648 0.398649 0.574324
v 0.837838 0.391892 0.439189
v 0.837838 0.391892 0.574324
v 0.839648 0.385135 0.574324
v 0.844595 0.380189 0.574324
v 0.871622 0.356783 0.574324
v 0.886460 0.371622 0.574324
v 0.891892 0.391892 0.574324
v 0.886460 0.412162 0.574324
v 0.871622 0.427001 0.574324
v 0.851351 0.432432 0.574324
v 0.831081 0.427001 0.574324
v 0.816242 0.412162 0.574324
v 0.810811 0.391892 0.574324
v 0.816242 0.371622 0.574324
v 0.831081 0.356783 0.574324
v 0.851351 0.351351 0.574324
v 0.891892 0.391892 0.581081
v 0.886460 0.412162 0.581081
v 0.871622 0.427001 0.581081
v 0.851351 0.432432 0.581081
v 0.831081 0.427001 0.581081
v 0.816242 0.412162 0.581081
v 0.810811 0.391892 0.581081
v 0.816242 0.371622 0.581081
v 0.831081 0.356783 0.581081
v 0.851351 0.351351 0.581081
v 0.871622 0.356783 0.581081
v 0.886460 0.371622 0.581081
v 0.874757 0.378378 0.581081
v 0.878378 0.391892 0.581081
v 0.874757 0.405405 0.581081
v 0.864865 0.415298 0.581081
v 0.851351 0.418919 0.581081
v 0.837838 0.415298 0.581081
v 0.827945 0.405405 0.581081
v 0.824324 0.391892 0.581081
v 0.827945 0.378378 0.581081
v 0.837838 0.368486 0.581081
v 0.851351 0.364865 0.581081
v 0.864865 0.368486 0.581081
v 0.874757 0.378378 0.587838
v 0.878378 0.391892 0.587838
v 0.874757 0.405405 0.587838
v 0.864865 0.415298 0.587838
v 0.851351 0.418919 0.587838
v 0.837838 0.415298 0.587838
v 0.827945 0.405405 0.587838
v 0.824324 0.391892 0.587838
v 0.827945 0.378378 0.587838
v 0.837838 0.368486 0.587838
v 0.851351 0.364865 0.587838
v 0.864865 0.368486 0.587838
v 0.729730 0.368486 0.587838
v 0.770270 0.391892 0.587838
v 0.729730 0.415298 0.587838
v 0.756757 0.368486 0.587838
v 0.743243 0.364865 0.581081
v 0.756757 0.368486 0.581081
v 0.743243 0.364865 0.587838
v 0.729730 0.368486 0.581081
v 0.719837 0.378378 0.581081
v 0.719837 0.378378 0.587838
v 0.716216 0.391892 0.581081
v 0.716216 0.391892 0.587838
v 0.719837 0.405405 0.581081
v 0.719837 0.405405 0.587838
v 0.729730 0.415298 0.581081
v 0.743243 0.418919 0.581081
v 0.743243 0.418919 0.587838
v 0.756757 0.415298 0.581081
v 0.756757 0.415298 0.587838
v 0.766649 0.405405 0.581081
v 0.766649 0.405405 0.587838
v 0.770270 0.391892 0.581081
v 0.766649 0.378378 0.581081
v 0.766649 0.378378 0.587838
v 0.743243 0.351351 0.581081
v 0.763514 0.356783 0.581081
v 0.722973 0.356783 0.581081
v 0.708134 0.371622 0.581081
v 0.708134 0.412162 0.581081
v 0.702703 0.391892 0.581081
v 0.743243 0.432432 0.581081
v 0.722973 0.427001 0.581081
v 0.763514 0.427001 0.581081
v 0.778352 0.412162 0.581081
v 0.783784 0.391892 0.581081
v 0.778352 0.371622 0.581081
v 0.763514 0.356783 0.574324
v 0.778352 0.371622 0.574324
v 0.743243 0.351351 0.574324
v 0.722973 0.356783 0.574324
v 0.708134 0.371622 0.574324
v 0.702703 0.391892 0.574324
v 0.708134 0.412162 0.574324
v 0.722973 0.427001 0.574324
v 0.743243 0.432432 0.574324
v 0.763514 0.427001 0.574324
v 0.778352 0.412162 0.574324
v 0.783784 0.391892 0.574324
v 0.736486 0.380189 0.574324
v 0.743243 0.378378 0.574324
v 0.731540 0.385135 0.574324
v 0.731540 0.398649 0.574324
v 0.729730 0.391892 0.574324
v 0.743243 0.405405 0.574324
v 0.736486 0.403595 0.574324
v 0.754946 0.398649 0.574324
v 0.750000 0.403595 0.574324
v 0.754946 0.385135 0.574324
v 0.756757 0.391892 0.574324
v 0.750000 0.380189 0.574324
v 0.743243 0.378378 0.439189
v 0.736486 0.380189 0.439189
v 0.731540 0.385135 0.439189
v 0.729730 0.391892 0.439189
v 0.731540 0.398649 0.439189
v 0.736486 0.403595 0.439189
v 0.743243 0.405405 0.439189
v 0.750000 0.403595 0.439189
v 0.754946 0.398649 0.439189
v 0.756757 0.391892 0.439189
v 0.754946 0.385135 0.439189
v 0.750000 0.380189 0.439189
v 0.763514 0.356783 0.439189
v 0.778352 0.371622 0.439189
v 0.743243 0.351351 0.439189
v 0.722973 0.356783 0.439189
v 0.708134 0.371622 0.439189
v 0.702703 0.391892 0.439189
v 0.708134 0.412162 0.439189
v 0.722973 0.427001 0.439189
v 0.743243 0.432432 0.439189
v 0.763514 0.427001 0.439189
v 0.778352 0.412162 0.439189
v 0.783784 0.391892 0.439189
v 0.778352 0.412162 0.432432
v 0.763514 0.427001 0.432432
v 0.743243 0.432432 0.432432
v 0.722973 0.427001 0.432432
v 0.708134 0.412162 0.432432
v 0.702703 0.391892 0.432432
v 0.708134 0.371622 0.432432
v 0.722973 0.356783 0.432432
v 0.743243 0.351351 0.432432
v 0.763514 0.356783 0.432432
v 0.778352 0.371622 0.432432
v 0.783784 0.391892 0.432432
v 0.756757 0.415298 0.432432
v 0.743243 0.418919 0.432432
v 0.729730 0.415298 0.432432
v 0.719837 0.405405 0.432432
v 0.716216 0.391892 0.432432
v 0.719837 0.378378 0.432432
v 0.729730 0.368486 0.432432
v 0.743243 0.364865 0.432432
v 0.756757 0.368486 0.432432
v 0.766649 0.378378 0.432432
v 0.770270 0.391892 0.432432
v 0.766649 0.405405 0.432432
v 0.766649 0.405405 0.425676
v 0.756757 0.415298 0.425676
v 0.743243 0.418919 0.425676
v 0.729730 0.415298 0.425676
v 0.719837 0.405405 0.425676
v 0.716216 0.391892 0.425676
v 0.719837 0.378378 0.425676
v 0.729730 0.368486 0.425676
v 0.743243 0.364865 0.425676
v 0.756757 0.368486 0.425676
v 0.766649 0.378378 0.425676
v 0.770270 0.391892 0.425676
v 0.716216 0.412162 0.527027
v 0.283784 0.412162 0.513514
v 0.283784 0.412162 0.527027
v 0.716216 0.412162 0.500000
v 0.283784 0.412162 0.486486
v 0.283784 0.412162 0.500000
v 0.716216 0.412162 0.486486
v 0.283784 0.398649 0.486486
v 0.716216 0.398649 0.500000
v 0.283784 0.398649 0.500000
v 0.716216 0.412162 0.513514
v 0.283784 0.398649 0.513514
v 0.716216 0.398649 0.527027
v 0.283784 0.398649 0.527027
v 0.391892 0.635135 0.385135
v 0.608108 0.445946 0.385135
v 0.391892 0.445946 0.385135
v 0.608108 0.635135 0.398649
v 0.608108 0.445946 0.398649
v 0.391892 0.635135 0.398649
v 0.391892 0.445946 0.398649
v 0.162162 0.648649 0.385135
v 0.621622 0.648649 0.398649
v 0.621622 0.648649 0.385135
v 0.162162 0.635135 0.398649
v 0.162162 0.635135 0.385135
v 0.621622 0.635135 0.398649
v 0.621622 0.635135 0.385135
v 0.162162 0.445946 0.385135
v 0.621622 0.445946 0.398649
v 0.621622 0.445946 0.385135
v 0.162162 0.432432 0.398649
v 0.162162 0.432432 0.385135
v 0.621622 0.432432 0.398649
v 0.621622 0.432432 0.385135
v 0.945946 0.479730 0.441000
v 0.972973 0.472973 0.439189
v 0.945946 0.472973 0.439189
v 0.945946 0.484676 0.445946
v 0.972973 0.479730 0.441000
v 0.945946 0.486486 0.452703
v 0.972973 0.484676 0.445946
v 0.945946 0.484676 0.459459
v 0.972973 0.486486 0.452703
v 0.945946 0.479730 0.464406
v 0.972973 0.484676 0.459459
v 0.945946 0.472973 0.466216
v 0.972973 0.479730 0.464406
v 0.945946 0.466216 0.464406
v 0.972973 0.472973 0.466216
v 0.945946 0.461270 0.459459
v 0.972973 0.466216 0.464406
v 0.945946 0.459459 0.452703
v 0.972973 0.461270 0.459459
v 0.945946 0.461270 0.445946
v 0.972973 0.459459 0.452703
v 0.945946 0.466216 0.441000
v 0.972973 0.461270 0.445946
v 0.972973 0.466216 0.441000
v 0.972973 0.486486 0.429297
v 0.972973 0.445946 0.452703
v 0.972973 0.486486 0.476109
v 0.972973 0.496379 0.439189
v 0.986486 0.486486 0.429297
v 0.986486 0.472973 0.425676
v 0.972973 0.472973 0.425676
v 0.986486 0.459459 0.429297
v 0.972973 0.459459 0.429297
v 0.986486 0.449567 0.439189
v 0.972973 0.449567 0.439189
v 0.986486 0.445946 0.452703
v 0.986486 0.449567 0.466216
v 0.972973 0.449567 0.466216
v 0.986486 0.459459 0.476109
v 0.972973 0.459459 0.476109
v 0.986486 0.472973 0.479730
v 0.972973 0.472973 0.479730
v 0.986486 0.486486 0.476109
v 0.986486 0.496379 0.466216
v 0.972973 0.496379 0.466216
v 0.986486 0.500000 0.452703
v 0.972973 0.500000 0.452703
v 0.986486 0.496379 0.439189
v 0.993243 0.486486 0.506757
v 0.979730 0.459459 0.506757
v 0.993243 0.459459 0.506757
v 0.993243 0.486486 0.513514
v 0.993243 0.459459 0.513514
v 0.966216 0.459459 0.520270
v 0.966216 0.486486 0.493243
v 0.966216 0.459459 0.493243
v 0.979730 0.459459 0.500000
v 0.979730 0.486486 0.506757
v 0.979730 0.486486 0.500000
v 1.000000 0.486486 0.520270
v 1.000000 0.459459 0.520270
v 1.000000 0.486486 0.500000
v 1.000000 0.459459 0.500000
v 0.972973 0.486486 0.513514
v 0.972973 0.459459 0.513514
v 0.945946 0.479730 0.500000
v 0.966216 0.466216 0.500000
v 0.945946 0.466216 0.500000
v 0.945946 0.466216 0.513514
v 0.966216 0.479730 0.513514
v 0.945946 0.479730 0.513514
v 0.966216 0.479730 0.500000
v 0.966216 0.466216 0.513514
v 0.972973 0.486486 0.493243
v 0.972973 0.459459 0.493243
v 0.966216 0.486486 0.520270
v 0.945946 0.479730 0.549108
v 0.972973 0.472973 0.547297
v 0.945946 0.472973 0.547297
v 0.945946 0.484676 0.554054
v 0.972973 0.479730 0.549108
v 0.945946 0.486486 0.560811
v 0.972973 0.484676 0.554054
v 0.945946 0.484676 0.567568
v 0.972973 0.486486 0.560811
v 0.945946 0.479730 0.572514
v 0.972973 0.484676 0.567568
v 0.945946 0.472973 0.574324
v 0.972973 0.479730 0.572514
v 0.945946 0.466216 0.572514
v 0.972973 0.472973 0.574324
v 0.945946 0.461270 0.567568
v 0.972973 0.466216 0.572514
v 0.945946 0.459459 0.560811
v 0.972973 0.461270 0.567568
v 0.945946 0.461270 0.554054
v 0.972973 0.459459 0.560811
v 0.945946 0.466216 0.549108
v 0.972973 0.461270 0.554054
v 0.972973 0.466216 0.549108
v 0.972973 0.486486 0.537405
v 0.972973 0.445946 0.560811
v 0.972973 0.486486 0.584217
v 0.972973 0.496379 0.547297
v 0.986486 0.486486 0.537405
v 0.986486 0.472973 0.533784
v 0.972973 0.472973 0.533784
v 0.986486 0.459459 0.537405
v 0.972973 0.459459 0.537405
v 0.986486 0.449567 0.547297
v 0.972973 0.449567 0.547297
v 0.986486 0.445946 0.560811
v 0.986486 0.449567 0.574324
v 0.972973 0.449567 0.574324
v 0.986486 0.459459 0.584217
v 0.972973 0.459459 0.584217
v 0.986486 0.472973 0.587838
v 0.972973 0.472973 0.587838
v 0.986486 0.486486 0.584217
v 0.986486 0.496379 0.574324
v 0.972973 0.496379 0.574324
v 0.986486 0.500000 0.560811
v 0.972973 0.500000 0.560811
v 0.986486 0.496379 0.547297
v 0.094595 0.432432 0.560811
v 0.310811 0.432432 0.560811
v 0.310811 0.432432 0.452703
v 0.094595 0.432432 0.452703
v 0.121622 0.371622 0.560811
v 0.270270 0.415298 0.425676
v 0.270270 0.368486 0.425676
v 0.229730 0.391892 0.425676
v 0.280163 0.405405 0.432432
v 0.283784 0.391892 0.425676
v 0.280163 0.405405 0.425676
v 0.283784 0.391892 0.432432
v 0.280163 0.378378 0.425676
v 0.280163 0.378378 0.432432
v 0.270270 0.368486 0.432432
v 0.256757 0.364865 0.425676
v 0.256757 0.364865 0.432432
v 0.243243 0.368486 0.425676
v 0.243243 0.368486 0.432432
v 0.233351 0.378378 0.425676
v 0.233351 0.378378 0.432432
v 0.229730 0.391892 0.432432
v 0.233351 0.405405 0.425676
v 0.233351 0.405405 0.432432
v 0.243243 0.415298 0.425676
v 0.243243 0.415298 0.432432
v 0.256757 0.418919 0.425676
v 0.256757 0.418919 0.432432
v 0.270270 0.415298 0.432432
v 0.291866 0.412162 0.432432
v 0.297297 0.391892 0.432432
v 0.277027 0.356783 0.432432
v 0.291866 0.371622 0.432432
v 0.256757 0.351351 0.432432
v 0.236486 0.356783 0.432432
v 0.221648 0.371622 0.432432
v 0.221648 0.412162 0.432432
v 0.216216 0.391892 0.432432
v 0.236486 0.427001 0.432432
v 0.256757 0.432432 0.432432
v 0.277027 0.427001 0.432432
v 0.291866 0.412162 0.439189
v 0.297297 0.391892 0.439189
v 0.291866 0.371622 0.439189
v 0.277027 0.356783 0.439189
v 0.256757 0.351351 0.439189
v 0.236486 0.356783 0.439189
v 0.221648 0.371622 0.439189
v 0.216216 0.391892 0.439189
v 0.221648 0.412162 0.439189
v 0.236486 0.427001 0.439189
v 0.256757 0.432432 0.439189
v 0.277027 0.427001 0.439189
v 0.268460 0.385135 0.439189
v 0.268460 0.398649 0.439189
v 0.256757 0.405405 0.439189
v 0.245054 0.398649 0.439189
v 0.245054 0.385135 0.439189
v 0.250000 0.380189 0.439189
v 0.256757 0.378378 0.439189
v 0.256757 0.378378 0.574324
v 0.263514 0.380189 0.439189
v 0.263514 0.380189 0.574324
v 0.268460 0.385135 0.574324
v 0.270270 0.391892 0.439189
v 0.270270 0.391892 0.574324
v 0.268460 0.398649 0.574324
v 0.263514 0.403595 0.439189
v 0.263514 0.403595 0.574324
v 0.256757 0.405405 0.574324
v 0.250000 0.403595 0.439189
v 0.250000 0.403595 0.574324
v 0.245054 0.398649 0.574324
v 0.243243 0.391892 0.439189
v 0.243243 0.391892 0.574324
v 0.245054 0.385135 0.574324
v 0.250000 0.380189 0.574324
v 0.277027 0.356783 0.574324
v 0.291866 0.371622 0.574324
v 0.297297 0.391892 0.574324
v 0.291866 0.412162 0.574324
v 0.277027 0.427001 0.574324
v 0.256757 0.432432 0.574324
v 0.236486 0.427001 0.574324
v 0.221648 0.412162 0.574324
v 0.216216 0.391892 0.574324
v 0.221648 0.371622 0.574324
v 0.236486 0.356783 0.574324
v 0.256757 0.351351 0.574324
v 0.297297 0.391892 0.581081
v 0.291866 0.412162 0.581081
v 0.277027 0.427001 0.581081
v 0.256757 0.432432 0.581081
v 0.236486 0.427001 0.581081
v 0.221648 0.412162 0.581081
v 0.216216 0.391892 0.581081
v 0.221648 0.371622 0.581081
v 0.236486 0.356783 0.581081
v 0.256757 0.351351 0.581081
v 0.277027 0.356783 0.581081
v 0.291866 0.371622 0.581081
v 0.280163 0.378378 0.581081
v 0.283784 0.391892 0.581081
v 0.280163 0.405405 0.581081
v 0.270270 0.415298 0.581081
v 0.256757 0.418919 0.581081
v 0.243243 0.415298 0.581081
v 0.233351 0.405405 0.581081
v 0.229730 0.391892 0.581081
v 0.233351 0.378378 0.581081
v 0.243243 0.368486 0.581081
v 0.256757 0.364865 0.581081
v 0.270270 0.368486 0.581081
v 0.280163 0.378378 0.587838
v 0.283784 0.391892 0.587838
v 0.280163 0.405405 0.587838
v 0.270270 0.415298 0.587838
v 0.256757 0.418919 0.587838
v 0.243243 0.415298 0.587838
v 0.233351 0.405405 0.587838
v 0.229730 0.391892 0.587838
v 0.233351 0.378378 0.587838
v 0.243243 0.368486 0.587838
v 0.256757 0.364865 0.587838
v 0.270270 0.368486 0.587838
v 0.135135 0.368486 0.587838
v 0.175676 0.391892 0.587838
v 0.135135 0.415298 0.587838
v 0.162162 0.368486 0.587838
v 0.148649 0.364865 0.581081
v 0.162162 0.368486 0.581081
v 0.148649 0.364865 0.587838
v 0.135135 0.368486 0.581081
v 0.125243 0.378378 0.581081
v 0.125243 0.378378 0.587838
v 0.121622 0.391892 0.581081
v 0.121622 0.391892 0.587838
v 0.125243 0.405405 0.581081
v 0.125243 0.405405 0.587838
v 0.135135 0.415298 0.581081
v 0.148649 0.418919 0.581081
v 0.148649 0.418919 0.587838
v 0.162162 0.415298 0.581081
v 0.162162 0.415298 0.587838
v 0.172055 0.405405 0.581081
v 0.172055 0.405405 0.587838
v 0.175676 0.391892 0.581081
v 0.172055 0.378378 0.581081
v 0.172055 0.378378 0.587838
v 0.148649 0.351351 0.581081
v 0.168919 0.356783 0.581081
v 0.128378 0.356783 0.581081
v 0.113540 0.371622 0.581081
v 0.113540 0.412162 0.581081
v 0.108108 0.391892 0.581081
v 0.148649 0.432432 0.581081
v 0.128378 0.427001 0.581081
v 0.168919 0.427001 0.581081
v 0.183758 0.412162 0.581081
v 0.189189 0.391892 0.581081
v 0.183758 0.371622 0.581081
v 0.168919 0.356783 0.574324
v 0.183758 0.371622 0.574324
v 0.148649 0.351351 0.574324
v 0.128378 0.356783 0.574324
v 0.113540 0.371622 0.574324
v 0.108108 0.391892 0.574324
v 0.113540 0.412162 0.574324
v 0.128378 0.427001 0.574324
v 0.148649 0.432432 0.574324
v 0.168919 0.427001 0.574324
v 0.183758 0.412162 0.574324
v 0.189189 0.391892 0.574324
v 0.141892 0.380189 0.574324
v 0.148649 0.378378 0.574324
v 0.136946 0.385135 0.574324
v 0.136946 0.398649 0.574324
v 0.135135 0.391892 0.574324
v 0.148649 0.405405 0.574324
v 0.141892 0.403595 0.574324
v 0.160352 0.398649 0.574324
v 0.155405 0.403595 0.574324
v 0.160352 0.385135 0.574324
v 0.162162 0.391892 0.574324
v 0.155405 0.380189 0.574324
v 0.148649 0.378378 0.439189
v 0.141892 0.380189 0.439189
v 0.136946 0.385135 0.439189
v 0.135135 0.391892 0.439189
v 0.136946 0.398649 0.439189
v 0.141892 0.403595 0.439189
v 0.148649 0.405405 0.439189
v 0.155405 0.403595 0.439189
v 0.160352 0.398649 0.439189
v 0.162162 0.391892 0.439189
v 0.160352 0.385135 0.439189
v 0.155405 0.380189 0.439189
v 0.168919 0.356783 0.439189
v 0.183758 0.371622 0.439189
v 0.148649 0.351351 0.439189
v 0.128378 0.356783 0.439189
v 0.113540 0.371622 0.439189
v 0.108108 0.391892 0.439189
v 0.113540 0.412162 0.439189
v 0.128378 0.427001 0.439189
v 0.148649 0.432432 0.439189
v 0.168919 0.427001 0.439189
v 0.183758 0.412162 0.439189
v 0.189189 0.391892 0.439189
v 0.183758 0.412162 0.432432
v 0.168919 0.427001 0.432432
v 0.148649 0.432432 0.432432
v 0.128378 0.427001 0.432432
v 0.113540 0.412162 0.432432
v 0.108108 0.391892 0.432432
v 0.113540 0.371622 0.432432
v 0.128378 0.356783 0.432432
v 0.148649 0.351351 0.432432
v 0.168919 0.356783 0.432432
v 0.183758 0.371622 0.432432
v 0.189189 0.391892 0.432432
v 0.162162 0.415298 0.432432
v 0.148649 0.418919 0.432432
v 0.135135 0.415298 0.432432
v 0.125243 0.405405 0.432432
v 0.121622 0.391892 0.432432
v 0.125243 0.378378 0.432432
v 0.135135 0.368486 0.432432
v 0.148649 0.364865 0.432432
v 0.162162 0.368486 0.432432
v 0.172055 0.378378 0.432432
v 0.175676 0.391892 0.432432
v 0.172055 0.405405 0.432432
v 0.172055 0.405405 0.425676
v 0.162162 0.415298 0.425676
v 0.148649 0.418919 0.425676
v 0.135135 0.415298 0.425676
v 0.125243 0.405405 0.425676
v 0.121622 0.391892 0.425676
v 0.125243 0.378378 0.425676
v 0.135135 0.368486 0.425676
v 0.148649 0.364865 0.425676
v 0.162162 0.368486 0.425676
v 0.172055 0.378378 0.425676
v 0.175676 0.391892 0.425676
v 0.932432 0.405405 0.398649
v 0.067568 0.432432 0.398649
v 0.067568 0.405405 0.398649
v 0.067568 0.405405 0.614865
v 0.932432 0.432432 0.614865
v 0.932432 0.405405 0.614865
v 0.932432 0.432432 0.398649
v 0.067568 0.432432 0.614865
v 0.716216 0.398649 0.486486
v 0.716216 0.398649 0.513514
v 0.608108 0.635135 0.385135
v 0.162162 0.648649 0.398649
v 0.162162 0.445946 0.398649
vt 0.042999 0.036277
vt 0.093587 0.036277
vt 0.068293 0.101358
vt 0.097561 0.000000
vt 0.087805 0.014493
vt 0.087805 0.000000
vt 0.107317 0.000000
vt 0.097561 0.014493
vt 0.117073 0.000000
vt 0.107317 0.014493
vt 0.126829 0.000000
vt 0.117073 0.014493
vt 0.136585 0.000000
vt 0.126829 0.014493
vt 0.146341 0.014493
vt 0.136585 0.014493
vt 0.156098 0.000000
vt 0.146341 0.000000
vt 0.048780 0.000000
vt 0.039024 0.014493
vt 0.039024 0.000000
vt 0.058537 0.000000
vt 0.048780 0.014493
vt 0.068293 0.000000
vt 0.058537 0.014493
vt 0.078049 0.000000
vt 0.068293 0.014493
vt 0.078049 0.014493
vt 0.042999 0.079665
vt 0.068293 0.014584
vt 0.093587 0.079665
vt 0.112195 0.014493
vt 0.107317 0.043478
vt 0.107317 0.014493
vt 0.102439 0.043478
vt 0.102439 0.014493
vt 0.097561 0.043478
vt 0.097561 0.014493
vt 0.156098 0.014493
vt 0.151220 0.043478
vt 0.151220 0.014493
vt 0.146341 0.043478
vt 0.146341 0.014493
vt 0.141463 0.043478
vt 0.141463 0.014493
vt 0.136585 0.043478
vt 0.136585 0.014493
vt 0.131707 0.043478
vt 0.131707 0.014493
vt 0.126829 0.043478
vt 0.126829 0.014493
vt 0.121951 0.043478
vt 0.121951 0.014493
vt 0.117073 0.043478
vt 0.117073 0.014493
vt 0.112195 0.043478
vt 0.814634 0.608696
vt 0.804878 0.615942
vt 0.804878 0.608696
vt 0.819512 0.594203
vt 0.819512 0.615942
vt 0.814634 0.601449
vt 0.795122 0.594203
vt 0.800000 0.601449
vt 0.795122 0.623188
vt 0.804878 0.601449
vt 0.814634 0.608696
vt 0.804878 0.608696
vt 0.819512 0.623188
vt 0.819512 0.601449
vt 0.795122 0.623188
vt 0.814634 0.615942
vt 0.795122 0.594203
vt 0.800000 0.615942
vt 0.819512 0.623188
vt 0.814634 0.594203
vt 0.819512 0.594203
vt 0.814634 0.652174
vt 0.800000 0.623188
vt 0.814634 0.623188
vt 0.780488 0.637681
vt 0.795122 0.652174
vt 0.780488 0.652174
vt 0.780488 0.623188
vt 0.795122 0.608696
vt 0.795122 0.623188
vt 0.780488 0.594203
vt 0.780488 0.608696
vt 0.795122 0.637681
vt 0.814634 0.623188
vt 0.800000 0.594203
vt 0.814634 0.594203
vt 0.809756 0.652174
vt 0.795122 0.623188
vt 0.809756 0.623188
vt 0.809756 0.594203
vt 0.795122 0.623188
vt 0.795122 0.594203
vt 0.819512 0.623188
vt 0.795122 0.594203
vt 0.819512 0.594203
vt 0.800000 0.623188
vt 0.804878 0.652174
vt 0.800000 0.652174
vt 0.814634 0.623188
vt 0.795122 0.652174
vt 0.795122 0.623188
vt 0.809756 0.652174
vt 0.804878 0.623188
vt 0.809756 0.623188
vt 0.814634 0.623188
vt 0.804878 0.594203
vt 0.814634 0.594203
vt 0.042999 0.036277
vt 0.093587 0.036277
vt 0.068293 0.101358
vt 0.097561 0.000000
vt 0.087805 0.014493
vt 0.087805 0.000000
vt 0.107317 0.014493
vt 0.097561 0.014493
vt 0.117073 0.000000
vt 0.107317 0.000000
vt 0.126829 0.000000
vt 0.117073 0.014493
vt 0.136585 0.000000
vt 0.126829 0.014493
vt 0.146341 0.000000
vt 0.136585 0.014493
vt 0.156098 0.000000
vt 0.146341 0.014493
vt 0.048780 0.000000
vt 0.039024 0.014493
vt 0.039024 0.000000
vt 0.058537 0.000000
vt 0.048780 0.014493
vt 0.068293 0.000000
vt 0.058537 0.014493
vt 0.078049 0.014493
vt 0.068293 0.014493
vt 0.078049 0.000000
vt 0.042999 0.079665
vt 0.068293 0.014584
vt 0.093587 0.079665
vt 0.112195 0.014493
vt 0.107317 0.043478
vt 0.107317 0.014493
vt 0.102439 0.043478
vt 0.102439 0.014493
vt 0.097561 0.043478
vt 0.097561 0.014493
vt 0.156098 0.014493
vt 0.151220 0.043478
vt 0.151220 0.014493
vt 0.146341 0.043478
vt 0.146341 0.014493
vt 0.141463 0.043478
vt 0.141463 0.014493
vt 0.136585 0.043478
vt 0.136585 0.014493
vt 0.131707 0.043478
vt 0.131707 0.014493
vt 0.126829 0.043478
vt 0.126829 0.014493
vt 0.121951 0.043478
vt 0.121951 0.014493
vt 0.117073 0.043478
vt 0.117073 0.014493
vt 0.112195 0.043478
vt 0.926829 -0.000000
vt 0.790244 0.014493
vt 0.790244 -0.000000
vt 0.780488 0.014493
vt 0.790244 0.072464
vt 0.780488 0.072464
vt 0.790244 0.086957
vt 0.926829 0.072464
vt 0.926829 0.086957
vt 0.936585 0.072464
vt 0.926829 0.014493
vt 0.936585 0.014493
vt 0.780488 0.927536
vt 0.156098 0.695652
vt 0.780488 0.695652
vt 0.156098 0.463768
vt -0.000000 0.231884
vt 0.156098 0.231884
vt 0.780488 0.695652
vt 0.156098 0.463768
vt 0.780488 0.463768
vt 0.156098 0.695652
vt -0.000000 0.463768
vt 0.780488 0.231884
vt 0.156098 0.000000
vt 0.780488 0.000000
vt 0.780488 0.463768
vt 0.156098 0.231884
vt 0.780488 0.231884
vt 0.780488 0.956522
vt 0.156098 0.927536
vt 0.780488 0.927536
vt 0.780488 0.956522
vt 0.156098 0.927536
vt 0.780488 0.927536
vt 0.156098 0.956522
vt 0.000000 0.927536
vt 0.156098 0.956522
vt 0.000000 0.927536
vt 0.790244 0.072464
vt 0.926829 0.014493
vt 0.926829 0.072464
vt 0.936585 0.072464
vt 0.936585 0.014493
vt 0.790244 0.086957
vt 0.926829 0.086957
vt 0.780488 0.014493
vt 0.780488 0.072464
vt 0.926829 -0.000000
vt 0.790244 0.014493
vt 0.790244 -0.000000
vt 0.824390 0.152174
vt 0.941463 0.268116
vt 0.824390 0.268116
vt 0.824390 0.152174
vt 0.941463 0.268116
vt 0.824390 0.268116
vt 0.960976 0.086957
vt 0.804878 0.086957
vt 0.780488 0.152174
vt 0.780488 0.268116
vt 0.804878 0.333333
vt 0.960976 0.333333
vt 0.985366 0.268116
vt 0.941463 0.152174
vt 0.985366 0.152174
vt 0.790257 0.590285
vt 0.790257 0.540149
vt 0.819486 0.565217
vt 0.829268 0.543478
vt 0.819512 0.536232
vt 0.829268 0.536232
vt 0.829268 0.543478
vt 0.819512 0.536232
vt 0.829268 0.536232
vt 0.829268 0.543478
vt 0.819512 0.536232
vt 0.829268 0.536232
vt 0.829268 0.543478
vt 0.819512 0.536232
vt 0.829268 0.536232
vt 0.829268 0.543478
vt 0.819512 0.536232
vt 0.829268 0.536232
vt 0.829268 0.543478
vt 0.819512 0.536232
vt 0.829268 0.536232
vt 0.829268 0.543478
vt 0.819512 0.536232
vt 0.829268 0.536232
vt 0.829268 0.543478
vt 0.819512 0.536232
vt 0.829268 0.536232
vt 0.829268 0.543478
vt 0.819512 0.536232
vt 0.829268 0.536232
vt 0.829268 0.543478
vt 0.819512 0.536232
vt 0.829268 0.536232
vt 0.829268 0.543478
vt 0.819512 0.536232
vt 0.829268 0.536232
vt 0.829268 0.543478
vt 0.819512 0.536232
vt 0.829268 0.536232
vt 0.834146 0.557971
vt 0.819512 0.543478
vt 0.834146 0.557971
vt 0.819512 0.543478
vt 0.819512 0.557971
vt 0.834146 0.557971
vt 0.819512 0.557971
vt 0.834146 0.557971
vt 0.819512 0.557971
vt 0.834146 0.557971
vt 0.834146 0.557971
vt 0.819512 0.543478
vt 0.834146 0.557971
vt 0.819512 0.543478
vt 0.819512 0.557971
vt 0.834146 0.557971
vt 0.819512 0.557971
vt 0.834146 0.557971
vt 0.819512 0.557971
vt 0.834146 0.557971
vt 0.834146 0.557971
vt 0.819512 0.543478
vt 0.819512 0.557971
vt 0.834146 0.557971
vt 0.834146 0.565217
vt 0.819512 0.557971
vt 0.834146 0.565217
vt 0.819512 0.557971
vt 0.834146 0.565217
vt 0.834146 0.565217
vt 0.834146 0.565217
vt 0.834146 0.565217
vt 0.819512 0.557971
vt 0.834146 0.565217
vt 0.819512 0.557971
vt 0.834146 0.565217
vt 0.834146 0.565217
vt 0.834146 0.565217
vt 0.834146 0.565217
vt 0.819512 0.557971
vt 0.834146 0.565217
vt 0.824390 0.594203
vt 0.819512 0.565217
vt 0.829268 0.594203
vt 0.819512 0.565217
vt 0.824390 0.594203
vt 0.819512 0.565217
vt 0.829268 0.594203
vt 0.819512 0.565217
vt 0.824390 0.594203
vt 0.819512 0.565217
vt 0.829268 0.594203
vt 0.819512 0.565217
vt 0.824390 0.594203
vt 0.819512 0.565217
vt 0.829268 0.594203
vt 0.819512 0.565217
vt 0.829268 0.594203
vt 0.819512 0.565217
vt 0.824390 0.594203
vt 0.819512 0.565217
vt 0.824390 0.594203
vt 0.819512 0.565217
vt 0.829268 0.594203
vt 0.819512 0.565217
vt 0.834146 0.536232
vt 0.931707 0.543478
vt 0.834146 0.543478
vt 0.931707 0.550725
vt 0.834146 0.550725
vt 0.931707 0.557971
vt 0.834146 0.557971
vt 0.931707 0.565217
vt 0.834146 0.565217
vt 0.931707 0.572464
vt 0.834146 0.572464
vt 0.931707 0.579710
vt 0.834146 0.579710
vt 0.931707 0.586957
vt 0.834146 0.586957
vt 0.931707 0.594203
vt 0.834146 0.594203
vt 0.931707 0.601449
vt 0.834146 0.601449
vt 0.931707 0.608696
vt 0.834146 0.608696
vt 0.931707 0.615942
vt 0.834146 0.615942
vt 0.931707 0.623188
vt 0.834146 0.623188
vt 0.819512 0.565217
vt 0.829268 0.594203
vt 0.824390 0.594203
vt 0.834146 0.565217
vt 0.824390 0.594203
vt 0.819512 0.565217
vt 0.819512 0.565217
vt 0.829268 0.594203
vt 0.824390 0.594203
vt 0.834146 0.565217
vt 0.824390 0.594203
vt 0.819512 0.565217
vt 0.819512 0.565217
vt 0.829268 0.594203
vt 0.824390 0.594203
vt 0.834146 0.565217
vt 0.824390 0.594203
vt 0.819512 0.565217
vt 0.819512 0.565217
vt 0.829268 0.594203
vt 0.824390 0.594203
vt 0.834146 0.565217
vt 0.824390 0.594203
vt 0.819512 0.565217
vt 0.819512 0.565217
vt 0.829268 0.594203
vt 0.824390 0.594203
vt 0.834146 0.565217
vt 0.824390 0.594203
vt 0.819512 0.565217
vt 0.834146 0.565217
vt 0.824390 0.594203
vt 0.819512 0.565217
vt 0.819512 0.565217
vt 0.829268 0.594203
vt 0.824390 0.594203
vt 0.819512 0.557971
vt 0.834146 0.565217
vt 0.819512 0.557971
vt 0.819512 0.557971
vt 0.834146 0.565217
vt 0.819512 0.557971
vt 0.819512 0.557971
vt 0.834146 0.565217
vt 0.819512 0.557971
vt 0.819512 0.557971
vt 0.834146 0.565217
vt 0.819512 0.557971
vt 0.819512 0.557971
vt 0.819512 0.557971
vt 0.834146 0.565217
vt 0.819512 0.557971
vt 0.834146 0.565217
vt 0.819512 0.557971
vt 0.819512 0.543478
vt 0.834146 0.557971
vt 0.829268 0.543478
vt 0.819512 0.543478
vt 0.829268 0.543478
vt 0.819512 0.543478
vt 0.829268 0.543478
vt 0.819512 0.543478
vt 0.829268 0.543478
vt 0.819512 0.543478
vt 0.819512 0.543478
vt 0.834146 0.557971
vt 0.829268 0.543478
vt 0.819512 0.543478
vt 0.819512 0.543478
vt 0.834146 0.557971
vt 0.829268 0.543478
vt 0.819512 0.543478
vt 0.829268 0.543478
vt 0.819512 0.543478
vt 0.819512 0.543478
vt 0.834146 0.557971
vt 0.819512 0.543478
vt 0.834146 0.557971
vt 0.819512 0.536232
vt 0.829268 0.543478
vt 0.819512 0.536232
vt 0.819512 0.536232
vt 0.819512 0.536232
vt 0.819512 0.536232
vt 0.819512 0.536232
vt 0.829268 0.543478
vt 0.819512 0.536232
vt 0.819512 0.536232
vt 0.829268 0.543478
vt 0.819512 0.536232
vt 0.819512 0.536232
vt 0.819512 0.536232
vt 0.829268 0.543478
vt 0.819512 0.536232
vt 0.829268 0.543478
vt 0.790257 0.540149
vt 0.819486 0.565217
vt 0.790257 0.590285
vt 0.790257 0.540149
vt 0.819486 0.565217
vt 0.790257 0.590285
vt 0.819512 0.536232
vt 0.829268 0.543478
vt 0.819512 0.543478
vt 0.819512 0.536232
vt 0.829268 0.543478
vt 0.819512 0.543478
vt 0.819512 0.536232
vt 0.829268 0.543478
vt 0.819512 0.543478
vt 0.819512 0.536232
vt 0.829268 0.543478
vt 0.819512 0.543478
vt 0.819512 0.536232
vt 0.829268 0.543478
vt 0.819512 0.543478
vt 0.819512 0.536232
vt 0.829268 0.543478
vt 0.819512 0.543478
vt 0.819512 0.536232
vt 0.829268 0.543478
vt 0.819512 0.543478
vt 0.819512 0.536232
vt 0.829268 0.543478
vt 0.819512 0.543478
vt 0.819512 0.536232
vt 0.829268 0.543478
vt 0.819512 0.543478
vt 0.819512 0.536232
vt 0.829268 0.543478
vt 0.819512 0.543478
vt 0.819512 0.536232
vt 0.829268 0.543478
vt 0.819512 0.543478
vt 0.819512 0.536232
vt 0.829268 0.543478
vt 0.819512 0.543478
vt 0.834146 0.557971
vt 0.819512 0.557971
vt 0.834146 0.557971
vt 0.819512 0.557971
vt 0.819512 0.557971
vt 0.819512 0.557971
vt 0.834146 0.557971
vt 0.819512 0.557971
vt 0.819512 0.557971
vt 0.834146 0.557971
vt 0.819512 0.557971
vt 0.819512 0.557971
vt 0.819512 0.557971
vt 0.819512 0.557971
vt 0.819512 0.557971
vt 0.834146 0.557971
vt 0.819512 0.557971
vt 0.834146 0.565217
vt 0.819512 0.565217
vt 0.834146 0.565217
vt 0.819512 0.565217
vt 0.834146 0.565217
vt 0.819512 0.565217
vt 0.834146 0.565217
vt 0.819512 0.565217
vt 0.834146 0.565217
vt 0.819512 0.565217
vt 0.834146 0.565217
vt 0.819512 0.565217
vt 0.834146 0.565217
vt 0.819512 0.565217
vt 0.834146 0.565217
vt 0.819512 0.565217
vt 0.834146 0.565217
vt 0.819512 0.565217
vt 0.834146 0.565217
vt 0.819512 0.565217
vt 0.834146 0.565217
vt 0.819512 0.565217
vt 0.834146 0.565217
vt 0.819512 0.565217
vt 0.829268 0.594203
vt 0.824390 0.594203
vt 0.824390 0.594203
vt 0.824390 0.594203
vt 0.829268 0.594203
vt 0.824390 0.594203
vt 0.824390 0.594203
vt 0.829268 0.594203
vt 0.824390 0.594203
vt 0.824390 0.594203
vt 0.829268 0.594203
vt 0.824390 0.594203
vt 0.824390 0.594203
vt 0.829268 0.594203
vt 0.824390 0.594203
vt 0.824390 0.594203
vt 0.829268 0.594203
vt 0.824390 0.594203
vt 0.834146 0.615942
vt 0.931707 0.623188
vt 0.834146 0.623188
vt 0.834146 0.608696
vt 0.931707 0.615942
vt 0.834146 0.601449
vt 0.931707 0.608696
vt 0.834146 0.594203
vt 0.931707 0.601449
vt 0.834146 0.586957
vt 0.931707 0.594203
vt 0.834146 0.579710
vt 0.931707 0.586957
vt 0.834146 0.572464
vt 0.931707 0.579710
vt 0.834146 0.565217
vt 0.931707 0.572464
vt 0.834146 0.557971
vt 0.931707 0.565217
vt 0.834146 0.550725
vt 0.931707 0.557971
vt 0.834146 0.543478
vt 0.931707 0.550725
vt 0.834146 0.536232
vt 0.931707 0.543478
vt 0.829268 0.594203
vt 0.819512 0.565217
vt 0.834146 0.565217
vt 0.834146 0.565217
vt 0.824390 0.594203
vt 0.819512 0.565217
vt 0.834146 0.565217
vt 0.824390 0.594203
vt 0.819512 0.565217
vt 0.829268 0.594203
vt 0.819512 0.565217
vt 0.834146 0.565217
vt 0.829268 0.594203
vt 0.819512 0.565217
vt 0.834146 0.565217
vt 0.834146 0.565217
vt 0.824390 0.594203
vt 0.819512 0.565217
vt 0.829268 0.594203
vt 0.819512 0.565217
vt 0.834146 0.565217
vt 0.834146 0.565217
vt 0.824390 0.594203
vt 0.819512 0.565217
vt 0.829268 0.594203
vt 0.819512 0.565217
vt 0.834146 0.565217
vt 0.834146 0.565217
vt 0.824390 0.594203
vt 0.819512 0.565217
vt 0.829268 0.594203
vt 0.819512 0.565217
vt 0.834146 0.565217
vt 0.834146 0.565217
vt 0.824390 0.594203
vt 0.819512 0.565217
vt 0.819512 0.557971
vt 0.834146 0.557971
vt 0.819512 0.557971
vt 0.834146 0.557971
vt 0.819512 0.557971
vt 0.834146 0.557971
vt 0.819512 0.557971
vt 0.834146 0.557971
vt 0.819512 0.557971
vt 0.834146 0.557971
vt 0.819512 0.557971
vt 0.834146 0.557971
vt 0.819512 0.557971
vt 0.834146 0.557971
vt 0.819512 0.557971
vt 0.834146 0.557971
vt 0.819512 0.557971
vt 0.834146 0.557971
vt 0.819512 0.557971
vt 0.834146 0.557971
vt 0.819512 0.557971
vt 0.834146 0.557971
vt 0.819512 0.557971
vt 0.834146 0.557971
vt 0.829268 0.543478
vt 0.819512 0.543478
vt 0.829268 0.543478
vt 0.829268 0.543478
vt 0.829268 0.543478
vt 0.829268 0.543478
vt 0.819512 0.543478
vt 0.829268 0.543478
vt 0.819512 0.543478
vt 0.829268 0.543478
vt 0.829268 0.543478
vt 0.829268 0.543478
vt 0.829268 0.543478
vt 0.819512 0.543478
vt 0.829268 0.543478
vt 0.819512 0.543478
vt 0.829268 0.543478
vt 0.819512 0.536232
vt 0.829268 0.536232
vt 0.819512 0.536232
vt 0.829268 0.536232
vt 0.819512 0.536232
vt 0.829268 0.536232
vt 0.819512 0.536232
vt 0.829268 0.536232
vt 0.819512 0.536232
vt 0.829268 0.536232
vt 0.819512 0.536232
vt 0.829268 0.536232
vt 0.819512 0.536232
vt 0.829268 0.536232
vt 0.819512 0.536232
vt 0.829268 0.536232
vt 0.819512 0.536232
vt 0.829268 0.536232
vt 0.819512 0.536232
vt 0.829268 0.536232
vt 0.819512 0.536232
vt 0.829268 0.536232
vt 0.819512 0.536232
vt 0.829268 0.536232
vt 0.790257 0.590285
vt 0.790257 0.540149
vt 0.819486 0.565217
vt 0.975610 0.797101
vt 0.965854 0.333333
vt 0.975610 0.333333
vt 0.975610 0.797101
vt 0.965854 0.333333
vt 0.975610 0.333333
vt 0.965854 0.797101
vt 0.956098 0.333333
vt 0.995122 0.333333
vt 0.985366 0.797101
vt 0.985366 0.333333
vt 0.965854 0.797101
vt 0.956098 0.333333
vt 0.995122 0.333333
vt 0.985366 0.797101
vt 0.985366 0.333333
vt 0.946341 0.536232
vt 0.790244 0.333333
vt 0.946341 0.333333
vt 0.780488 0.536232
vt 0.780488 0.333333
vt 0.956098 0.536232
vt 0.956098 0.333333
vt 0.341463 0.985507
vt 0.009756 1.000000
vt 0.009756 0.985507
vt 0.351220 0.971014
vt 0.341463 0.971014
vt 0.009756 0.956522
vt 0.009756 0.971014
vt -0.000000 0.971014
vt 0.341463 0.985507
vt 0.009756 1.000000
vt 0.009756 0.985507
vt 0.351220 0.971014
vt 0.341463 0.971014
vt 0.009756 0.956522
vt 0.009756 0.971014
vt -0.000000 0.971014
vt 0.117073 0.014493
vt 0.112195 0.043478
vt 0.112195 0.014493
vt 0.121951 0.014493
vt 0.117073 0.043478
vt 0.126829 0.014493
vt 0.121951 0.043478
vt 0.131707 0.014493
vt 0.126829 0.043478
vt 0.136585 0.014493
vt 0.131707 0.043478
vt 0.141463 0.014493
vt 0.136585 0.043478
vt 0.146341 0.014493
vt 0.141463 0.043478
vt 0.151220 0.014493
vt 0.146341 0.043478
vt 0.156098 0.014493
vt 0.151220 0.043478
vt 0.102439 0.014493
vt 0.097561 0.043478
vt 0.097561 0.014493
vt 0.107317 0.014493
vt 0.102439 0.043478
vt 0.107317 0.043478
vt 0.042999 0.079665
vt 0.068293 0.014584
vt 0.093587 0.079665
vt 0.087805 0.000000
vt 0.078049 0.014493
vt 0.078049 0.000000
vt 0.068293 0.014493
vt 0.068293 0.000000
vt 0.058537 0.014493
vt 0.058537 0.000000
vt 0.048780 0.014493
vt 0.048780 0.000000
vt 0.039024 0.014493
vt 0.039024 0.000000
vt 0.156098 0.000000
vt 0.146341 0.014493
vt 0.146341 0.000000
vt 0.136585 0.014493
vt 0.136585 0.000000
vt 0.126829 0.014493
vt 0.126829 0.000000
vt 0.117073 0.014493
vt 0.117073 0.000000
vt 0.107317 0.014493
vt 0.107317 0.000000
vt 0.097561 0.014493
vt 0.097561 0.000000
vt 0.087805 0.014493
vt 0.042999 0.036277
vt 0.093587 0.036277
vt 0.068293 0.101358
vt 0.814634 0.623188
vt 0.804878 0.594203
vt 0.814634 0.594203
vt 0.809756 0.652174
vt 0.804878 0.623188
vt 0.809756 0.623188
vt 0.814634 0.623188
vt 0.795122 0.652174
vt 0.795122 0.623188
vt 0.800000 0.623188
vt 0.804878 0.652174
vt 0.800000 0.652174
vt 0.819512 0.623188
vt 0.795122 0.594203
vt 0.819512 0.594203
vt 0.809756 0.594203
vt 0.795122 0.623188
vt 0.795122 0.594203
vt 0.809756 0.652174
vt 0.795122 0.623188
vt 0.809756 0.623188
vt 0.814634 0.623188
vt 0.800000 0.594203
vt 0.814634 0.594203
vt 0.780488 0.623188
vt 0.795122 0.637681
vt 0.780488 0.637681
vt 0.780488 0.594203
vt 0.795122 0.608696
vt 0.780488 0.608696
vt 0.795122 0.623188
vt 0.795122 0.652174
vt 0.780488 0.652174
vt 0.814634 0.652174
vt 0.800000 0.623188
vt 0.814634 0.623188
vt 0.819512 0.623188
vt 0.814634 0.594203
vt 0.819512 0.594203
vt 0.795122 0.594203
vt 0.800000 0.615942
vt 0.795122 0.623188
vt 0.814634 0.615942
vt 0.819512 0.623188
vt 0.814634 0.608696
vt 0.819512 0.601449
vt 0.804878 0.601449
vt 0.804878 0.608696
vt 0.800000 0.601449
vt 0.795122 0.623188
vt 0.795122 0.594203
vt 0.814634 0.601449
vt 0.819512 0.594203
vt 0.814634 0.608696
vt 0.819512 0.615942
vt 0.804878 0.615942
vt 0.804878 0.608696
vt 0.117073 0.014493
vt 0.112195 0.043478
vt 0.112195 0.014493
vt 0.121951 0.014493
vt 0.117073 0.043478
vt 0.126829 0.014493
vt 0.121951 0.043478
vt 0.131707 0.014493
vt 0.126829 0.043478
vt 0.136585 0.014493
vt 0.131707 0.043478
vt 0.141463 0.014493
vt 0.136585 0.043478
vt 0.146341 0.014493
vt 0.141463 0.043478
vt 0.151220 0.014493
vt 0.146341 0.043478
vt 0.156098 0.014493
vt 0.151220 0.043478
vt 0.102439 0.014493
vt 0.097561 0.043478
vt 0.097561 0.014493
vt 0.107317 0.014493
vt 0.102439 0.043478
vt 0.107317 0.043478
vt 0.042999 0.079665
vt 0.068293 0.014584
vt 0.093587 0.079665
vt 0.087805 0.000000
vt 0.078049 0.014493
vt 0.078049 0.000000
vt 0.068293 0.014493
vt 0.068293 0.000000
vt 0.058537 0.014493
vt 0.058537 0.000000
vt 0.048780 0.014493
vt 0.048780 0.000000
vt 0.039024 0.014493
vt 0.039024 0.000000
vt 0.156098 0.000000
vt 0.146341 0.014493
vt 0.146341 0.000000
vt 0.136585 0.014493
vt 0.136585 0.000000
vt 0.126829 0.014493
vt 0.126829 0.000000
vt 0.117073 0.014493
vt 0.117073 0.000000
vt 0.107317 0.014493
vt 0.107317 0.000000
vt 0.097561 0.014493
vt 0.097561 0.000000
vt 0.087805 0.014493
vt 0.042999 0.036277
vt 0.093587 0.036277
vt 0.068293 0.101358
vt 0.960976 0.086957
vt 0.804878 0.086957
vt 0.780488 0.152174
vt 0.780488 0.268116
vt 0.804878 0.333333
vt 0.960976 0.333333
vt 0.985366 0.268116
vt 0.941463 0.152174
vt 0.985366 0.152174
vt 0.790257 0.590285
vt 0.790257 0.540149
vt 0.819486 0.565217
vt 0.829268 0.543478
vt 0.819512 0.536232
vt 0.829268 0.536232
vt 0.829268 0.543478
vt 0.819512 0.536232
vt 0.829268 0.536232
vt 0.829268 0.543478
vt 0.819512 0.536232
vt 0.829268 0.536232
vt 0.829268 0.543478
vt 0.819512 0.536232
vt 0.829268 0.536232
vt 0.829268 0.543478
vt 0.819512 0.536232
vt 0.829268 0.536232
vt 0.829268 0.543478
vt 0.819512 0.536232
vt 0.829268 0.536232
vt 0.829268 0.543478
vt 0.819512 0.536232
vt 0.829268 0.536232
vt 0.829268 0.543478
vt 0.819512 0.536232
vt 0.829268 0.536232
vt 0.829268 0.543478
vt 0.819512 0.536232
vt 0.829268 0.536232
vt 0.829268 0.543478
vt 0.819512 0.536232
vt 0.829268 0.536232
vt 0.829268 0.543478
vt 0.819512 0.536232
vt 0.829268 0.536232
vt 0.829268 0.543478
vt 0.819512 0.536232
vt 0.829268 0.536232
vt 0.834146 0.557971
vt 0.819512 0.543478
vt 0.834146 0.557971
vt 0.819512 0.543478
vt 0.819512 0.557971
vt 0.834146 0.557971
vt 0.819512 0.557971
vt 0.834146 0.557971
vt 0.819512 0.557971
vt 0.834146 0.557971
vt 0.834146 0.557971
vt 0.819512 0.543478
vt 0.834146 0.557971
vt 0.819512 0.543478
vt 0.819512 0.557971
vt 0.834146 0.557971
vt 0.819512 0.557971
vt 0.834146 0.557971
vt 0.819512 0.557971
vt 0.834146 0.557971
vt 0.834146 0.557971
vt 0.819512 0.543478
vt 0.819512 0.557971
vt 0.834146 0.557971
vt 0.834146 0.565217
vt 0.819512 0.557971
vt 0.834146 0.565217
vt 0.819512 0.557971
vt 0.834146 0.565217
vt 0.834146 0.565217
vt 0.834146 0.565217
vt 0.834146 0.565217
vt 0.819512 0.557971
vt 0.834146 0.565217
vt 0.819512 0.557971
vt 0.834146 0.565217
vt 0.834146 0.565217
vt 0.834146 0.565217
vt 0.834146 0.565217
vt 0.819512 0.557971
vt 0.834146 0.565217
vt 0.824390 0.594203
vt 0.819512 0.565217
vt 0.829268 0.594203
vt 0.819512 0.565217
vt 0.824390 0.594203
vt 0.819512 0.565217
vt 0.829268 0.594203
vt 0.819512 0.565217
vt 0.824390 0.594203
vt 0.819512 0.565217
vt 0.829268 0.594203
vt 0.819512 0.565217
vt 0.824390 0.594203
vt 0.819512 0.565217
vt 0.829268 0.594203
vt 0.819512 0.565217
vt 0.829268 0.594203
vt 0.819512 0.565217
vt 0.824390 0.594203
vt 0.819512 0.565217
vt 0.824390 0.594203
vt 0.819512 0.565217
vt 0.829268 0.594203
vt 0.819512 0.565217
vt 0.834146 0.536232
vt 0.931707 0.543478
vt 0.834146 0.543478
vt 0.931707 0.550725
vt 0.834146 0.550725
vt 0.931707 0.557971
vt 0.834146 0.557971
vt 0.931707 0.565217
vt 0.834146 0.565217
vt 0.931707 0.572464
vt 0.834146 0.572464
vt 0.931707 0.579710
vt 0.834146 0.579710
vt 0.931707 0.586957
vt 0.834146 0.586957
vt 0.931707 0.594203
vt 0.834146 0.594203
vt 0.931707 0.601449
vt 0.834146 0.601449
vt 0.931707 0.608696
vt 0.834146 0.608696
vt 0.931707 0.615942
vt 0.834146 0.615942
vt 0.931707 0.623188
vt 0.834146 0.623188
vt 0.819512 0.565217
vt 0.829268 0.594203
vt 0.824390 0.594203
vt 0.834146 0.565217
vt 0.824390 0.594203
vt 0.819512 0.565217
vt 0.819512 0.565217
vt 0.829268 0.594203
vt 0.824390 0.594203
vt 0.834146 0.565217
vt 0.824390 0.594203
vt 0.819512 0.565217
vt 0.819512 0.565217
vt 0.829268 0.594203
vt 0.824390 0.594203
vt 0.834146 0.565217
vt 0.824390 0.594203
vt 0.819512 0.565217
vt 0.819512 0.565217
vt 0.829268 0.594203
vt 0.824390 0.594203
vt 0.834146 0.565217
vt 0.824390 0.594203
vt 0.819512 0.565217
vt 0.819512 0.565217
vt 0.829268 0.594203
vt 0.824390 0.594203
vt 0.834146 0.565217
vt 0.824390 0.594203
vt 0.819512 0.565217
vt 0.834146 0.565217
vt 0.824390 0.594203
vt 0.819512 0.565217
vt 0.819512 0.565217
vt 0.829268 0.594203
vt 0.824390 0.594203
vt 0.819512 0.557971
vt 0.834146 0.565217
vt 0.819512 0.557971
vt 0.819512 0.557971
vt 0.834146 0.565217
vt 0.819512 0.557971
vt 0.819512 0.557971
vt 0.834146 0.565217
vt 0.819512 0.557971
vt 0.819512 0.557971
vt 0.834146 0.565217
vt 0.819512 0.557971
vt 0.819512 0.557971
vt 0.819512 0.557971
vt 0.834146 0.565217
vt 0.819512 0.557971
vt 0.834146 0.565217
vt 0.819512 0.557971
vt 0.819512 0.543478
vt 0.834146 0.557971
vt 0.829268 0.543478
vt 0.819512 0.543478
vt 0.829268 0.543478
vt 0.819512 0.543478
vt 0.829268 0.543478
vt 0.819512 0.543478
vt 0.829268 0.543478
vt 0.819512 0.543478
vt 0.819512 0.543478
vt 0.834146 0.557971
vt 0.829268 0.543478
vt 0.819512 0.543478
vt 0.819512 0.543478
vt 0.834146 0.557971
vt 0.829268 0.543478
vt 0.819512 0.543478
vt 0.829268 0.543478
vt 0.819512 0.543478
vt 0.819512 0.543478
vt 0.834146 0.557971
vt 0.819512 0.543478
vt 0.834146 0.557971
vt 0.819512 0.536232
vt 0.829268 0.543478
vt 0.819512 0.536232
vt 0.819512 0.536232
vt 0.819512 0.536232
vt 0.819512 0.536232
vt 0.819512 0.536232
vt 0.829268 0.543478
vt 0.819512 0.536232
vt 0.819512 0.536232
vt 0.829268 0.543478
vt 0.819512 0.536232
vt 0.819512 0.536232
vt 0.819512 0.536232
vt 0.829268 0.543478
vt 0.819512 0.536232
vt 0.829268 0.543478
vt 0.790257 0.540149
vt 0.819486 0.565217
vt 0.790257 0.590285
vt 0.790257 0.540149
vt 0.819486 0.565217
vt 0.790257 0.590285
vt 0.819512 0.536232
vt 0.829268 0.543478
vt 0.819512 0.543478
vt 0.819512 0.536232
vt 0.829268 0.543478
vt 0.819512 0.543478
vt 0.819512 0.536232
vt 0.829268 0.543478
vt 0.819512 0.543478
vt 0.819512 0.536232
vt 0.829268 0.543478
vt 0.819512 0.543478
vt 0.819512 0.536232
vt 0.829268 0.543478
vt 0.819512 0.543478
vt 0.819512 0.536232
vt 0.829268 0.543478
vt 0.819512 0.543478
vt 0.819512 0.536232
vt 0.829268 0.543478
vt 0.819512 0.543478
vt 0.819512 0.536232
vt 0.829268 0.543478
vt 0.819512 0.543478
vt 0.819512 0.536232
vt 0.829268 0.543478
vt 0.819512 0.543478
vt 0.819512 0.536232
vt 0.829268 0.543478
vt 0.819512 0.543478
vt 0.819512 0.536232
vt 0.829268 0.543478
vt 0.819512 0.543478
vt 0.819512 0.536232
vt 0.829268 0.543478
vt 0.819512 0.543478
vt 0.834146 0.557971
vt 0.819512 0.557971
vt 0.834146 0.557971
vt 0.819512 0.557971
vt 0.819512 0.557971
vt 0.819512 0.557971
vt 0.834146 0.557971
vt 0.819512 0.557971
vt 0.819512 0.557971
vt 0.834146 0.557971
vt 0.819512 0.557971
vt 0.819512 0.557971
vt 0.819512 0.557971
vt 0.819512 0.557971
vt 0.819512 0.557971
vt 0.834146 0.557971
vt 0.819512 0.557971
vt 0.834146 0.565217
vt 0.819512 0.565217
vt 0.834146 0.565217
vt 0.819512 0.565217
vt 0.834146 0.565217
vt 0.819512 0.565217
vt 0.834146 0.565217
vt 0.819512 0.565217
vt 0.834146 0.565217
vt 0.819512 0.565217
vt 0.834146 0.565217
vt 0.819512 0.565217
vt 0.834146 0.565217
vt 0.819512 0.565217
vt 0.834146 0.565217
vt 0.819512 0.565217
vt 0.834146 0.565217
vt 0.819512 0.565217
vt 0.834146 0.565217
vt 0.819512 0.565217
vt 0.834146 0.565217
vt 0.819512 0.565217
vt 0.834146 0.565217
vt 0.819512 0.565217
vt 0.829268 0.594203
vt 0.824390 0.594203
vt 0.824390 0.594203
vt 0.824390 0.594203
vt 0.829268 0.594203
vt 0.824390 0.594203
vt 0.824390 0.594203
vt 0.829268 0.594203
vt 0.824390 0.594203
vt 0.824390 0.594203
vt 0.829268 0.594203
vt 0.824390 0.594203
vt 0.824390 0.594203
vt 0.829268 0.594203
vt 0.824390 0.594203
vt 0.824390 0.594203
vt 0.829268 0.594203
vt 0.824390 0.594203
vt 0.834146 0.615942
vt 0.931707 0.623188
vt 0.834146 0.623188
vt 0.834146 0.608696
vt 0.931707 0.615942
vt 0.834146 0.601449
vt 0.931707 0.608696
vt 0.834146 0.594203
vt 0.931707 0.601449
vt 0.834146 0.586957
vt 0.931707 0.594203
vt 0.834146 0.579710
vt 0.931707 0.586957
vt 0.834146 0.572464
vt 0.931707 0.579710
vt 0.834146 0.565217
vt 0.931707 0.572464
vt 0.834146 0.557971
vt 0.931707 0.565217
vt 0.834146 0.550725
vt 0.931707 0.557971
vt 0.834146 0.543478
vt 0.931707 0.550725
vt 0.834146 0.536232
vt 0.931707 0.543478
vt 0.829268 0.594203
vt 0.819512 0.565217
vt 0.834146 0.565217
vt 0.834146 0.565217
vt 0.824390 0.594203
vt 0.819512 0.565217
vt 0.834146 0.565217
vt 0.824390 0.594203
vt 0.819512 0.565217
vt 0.829268 0.594203
vt 0.819512 0.565217
vt 0.834146 0.565217
vt 0.829268 0.594203
vt 0.819512 0.565217
vt 0.834146 0.565217
vt 0.834146 0.565217
vt 0.824390 0.594203
vt 0.819512 0.565217
vt 0.829268 0.594203
vt 0.819512 0.565217
vt 0.834146 0.565217
vt 0.834146 0.565217
vt 0.824390 0.594203
vt 0.819512 0.565217
vt 0.829268 0.594203
vt 0.819512 0.565217
vt 0.834146 0.565217
vt 0.834146 0.565217
vt 0.824390 0.594203
vt 0.819512 0.565217
vt 0.829268 0.594203
vt 0.819512 0.565217
vt 0.834146 0.565217
vt 0.834146 0.565217
vt 0.824390 0.594203
vt 0.819512 0.565217
vt 0.819512 0.557971
vt 0.834146 0.557971
vt 0.819512 0.557971
vt 0.834146 0.557971
vt 0.819512 0.557971
vt 0.834146 0.557971
vt 0.819512 0.557971
vt 0.834146 0.557971
vt 0.819512 0.557971
vt 0.834146 0.557971
vt 0.819512 0.557971
vt 0.834146 0.557971
vt 0.819512 0.557971
vt 0.834146 0.557971
vt 0.819512 0.557971
vt 0.834146 0.557971
vt 0.819512 0.557971
vt 0.834146 0.557971
vt 0.819512 0.557971
vt 0.834146 0.557971
vt 0.819512 0.557971
vt 0.834146 0.557971
vt 0.819512 0.557971
vt 0.834146 0.557971
vt 0.829268 0.543478
vt 0.819512 0.543478
vt 0.829268 0.543478
vt 0.829268 0.543478
vt 0.829268 0.543478
vt 0.829268 0.543478
vt 0.819512 0.543478
vt 0.829268 0.543478
vt 0.819512 0.543478
vt 0.829268 0.543478
vt 0.829268 0.543478
vt 0.829268 0.543478
vt 0.829268 0.543478
vt 0.819512 0.543478
vt 0.829268 0.543478
vt 0.819512 0.543478
vt 0.829268 0.543478
vt 0.819512 0.536232
vt 0.829268 0.536232
vt 0.819512 0.536232
vt 0.829268 0.536232
vt 0.819512 0.536232
vt 0.829268 0.536232
vt 0.819512 0.536232
vt 0.829268 0.536232
vt 0.819512 0.536232
vt 0.829268 0.536232
vt 0.819512 0.536232
vt 0.829268 0.536232
vt 0.819512 0.536232
vt 0.829268 0.536232
vt 0.819512 0.536232
vt 0.829268 0.536232
vt 0.819512 0.536232
vt 0.829268 0.536232
vt 0.819512 0.536232
vt 0.829268 0.536232
vt 0.819512 0.536232
vt 0.829268 0.536232
vt 0.819512 0.536232
vt 0.829268 0.536232
vt 0.790257 0.590285
vt 0.790257 0.540149
vt 0.819486 0.565217
vt 0.156098 0.927536
vt 0.780488 0.956522
vt 0.780488 0.927536
vt 0.156098 0.927536
vt 0.780488 0.956522
vt 0.780488 0.927536
vt 0.000000 0.927536
vt 0.156098 0.956522
vt 0.000000 0.927536
vt 0.156098 0.956522
vt 0.053689 0.095546
vt 0.042999 0.079665
vt 0.039086 0.057971
vt 0.053689 0.020396
vt 0.068293 0.014584
vt 0.082896 0.020396
vt 0.097500 0.057971
vt 0.093587 0.079665
vt 0.082896 0.095546
vt 0.156098 0.014493
vt 0.082896 0.095546
vt 0.068293 0.101358
vt 0.053689 0.095546
vt 0.039086 0.057971
vt 0.042999 0.036277
vt 0.053689 0.020396
vt 0.082896 0.020396
vt 0.093587 0.036277
vt 0.097500 0.057971
vt 0.156098 0.043478
vt 0.800000 0.623188
vt 0.800000 0.594203
vt 0.814634 0.623188
vt 0.800000 0.652174
vt 0.795122 0.594203
vt 0.800000 0.623188
vt 0.795122 0.652174
vt 0.809756 0.623188
vt 0.795122 0.623188
vt 0.804878 0.623188
vt 0.814634 0.652174
vt 0.804878 0.652174
vt 0.804878 0.623188
vt 0.053689 0.095546
vt 0.042999 0.079665
vt 0.039086 0.057971
vt 0.053689 0.020396
vt 0.068293 0.014584
vt 0.082896 0.020396
vt 0.097500 0.057971
vt 0.093587 0.079665
vt 0.082896 0.095546
vt 0.156098 0.014493
vt 0.082896 0.095546
vt 0.068293 0.101358
vt 0.053689 0.095546
vt 0.039086 0.057971
vt 0.042999 0.036277
vt 0.053689 0.020396
vt 0.082896 0.020396
vt 0.093587 0.036277
vt 0.097500 0.057971
vt 0.156098 0.043478
vt 0.156098 0.927536
vt -0.000000 0.463768
vt 0.000000 0.695652
vt 0.156098 0.231884
vt 0.156098 0.463768
vt -0.000000 0.956522
vt 0.000000 0.956522
vt 0.816875 0.579690
vt 0.809743 0.590285
vt 0.800000 0.594163
vt 0.783125 0.579690
vt 0.780514 0.565217
vt 0.783125 0.550744
vt 0.800000 0.536271
vt 0.809743 0.540149
vt 0.816875 0.550744
vt 0.819512 0.543478
vt 0.819512 0.543478
vt 0.819512 0.543478
vt 0.819512 0.543478
vt 0.819512 0.543478
vt 0.819512 0.543478
vt 0.819512 0.543478
vt 0.829268 0.594203
vt 0.824390 0.594203
vt 0.829268 0.594203
vt 0.824390 0.594203
vt 0.829268 0.594203
vt 0.824390 0.594203
vt 0.829268 0.594203
vt 0.824390 0.594203
vt 0.824390 0.594203
vt 0.829268 0.594203
vt 0.829268 0.594203
vt 0.824390 0.594203
vt 0.931707 0.536232
vt 0.829268 0.594203
vt 0.829268 0.594203
vt 0.829268 0.594203
vt 0.829268 0.594203
vt 0.829268 0.594203
vt 0.829268 0.594203
vt 0.834146 0.557971
vt 0.834146 0.557971
vt 0.834146 0.557971
vt 0.834146 0.557971
vt 0.834146 0.557971
vt 0.834146 0.557971
vt 0.834146 0.557971
vt 0.829268 0.536232
vt 0.829268 0.536232
vt 0.829268 0.536232
vt 0.829268 0.536232
vt 0.829268 0.536232
vt 0.829268 0.536232
vt 0.829268 0.536232
vt 0.829268 0.536232
vt 0.829268 0.536232
vt 0.829268 0.536232
vt 0.829268 0.536232
vt 0.829268 0.536232
vt 0.783125 0.579690
vt 0.780514 0.565217
vt 0.783125 0.550744
vt 0.800000 0.536271
vt 0.809743 0.540149
vt 0.816875 0.550744
vt 0.816875 0.579690
vt 0.809743 0.590285
vt 0.800000 0.594163
vt 0.783125 0.579690
vt 0.780514 0.565217
vt 0.783125 0.550744
vt 0.800000 0.536271
vt 0.809743 0.540149
vt 0.816875 0.550744
vt 0.816875 0.579690
vt 0.809743 0.590285
vt 0.800000 0.594163
vt 0.829268 0.536232
vt 0.829268 0.536232
vt 0.829268 0.536232
vt 0.829268 0.536232
vt 0.829268 0.536232
vt 0.829268 0.536232
vt 0.829268 0.536232
vt 0.829268 0.536232
vt 0.829268 0.536232
vt 0.829268 0.536232
vt 0.829268 0.536232
vt 0.829268 0.536232
vt 0.834146 0.557971
vt 0.834146 0.557971
vt 0.834146 0.557971
vt 0.834146 0.557971
vt 0.834146 0.557971
vt 0.834146 0.557971
vt 0.834146 0.557971
vt 0.829268 0.594203
vt 0.829268 0.594203
vt 0.829268 0.594203
vt 0.829268 0.594203
vt 0.829268 0.594203
vt 0.829268 0.594203
vt 0.931707 0.536232
vt 0.824390 0.594203
vt 0.829268 0.594203
vt 0.829268 0.594203
vt 0.824390 0.594203
vt 0.824390 0.594203
vt 0.829268 0.594203
vt 0.824390 0.594203
vt 0.829268 0.594203
vt 0.824390 0.594203
vt 0.829268 0.594203
vt 0.824390 0.594203
vt 0.829268 0.594203
vt 0.819512 0.543478
vt 0.819512 0.543478
vt 0.819512 0.543478
vt 0.819512 0.543478
vt 0.819512 0.543478
vt 0.819512 0.543478
vt 0.819512 0.543478
vt 0.816875 0.579690
vt 0.809743 0.590285
vt 0.800000 0.594163
vt 0.783125 0.579690
vt 0.780514 0.565217
vt 0.783125 0.550744
vt 0.800000 0.536271
vt 0.809743 0.540149
vt 0.816875 0.550744
vt 0.956098 0.797101
vt 0.995122 0.797101
vt 0.956098 0.797101
vt 0.995122 0.797101
vt 0.790244 0.536232
vt 0.341463 1.000000
vt 0.351220 0.985507
vt 0.341463 0.956522
vt -0.000000 0.985507
vt 0.341463 1.000000
vt 0.351220 0.985507
vt 0.341463 0.956522
vt -0.000000 0.985507
vt 0.156098 0.043478
vt 0.082896 0.095546
vt 0.068293 0.101358
vt 0.053689 0.095546
vt 0.039086 0.057971
vt 0.042999 0.036277
vt 0.053689 0.020396
vt 0.082896 0.020396
vt 0.093587 0.036277
vt 0.097500 0.057971
vt 0.156098 0.014493
vt 0.053689 0.095546
vt 0.042999 0.079665
vt 0.039086 0.057971
vt 0.053689 0.020396
vt 0.068293 0.014584
vt 0.082896 0.020396
vt 0.097500 0.057971
vt 0.093587 0.079665
vt 0.082896 0.095546
vt 0.804878 0.623188
vt 0.804878 0.652174
vt 0.814634 0.652174
vt 0.804878 0.623188
vt 0.795122 0.623188
vt 0.809756 0.623188
vt 0.795122 0.652174
vt 0.800000 0.623188
vt 0.795122 0.594203
vt 0.800000 0.652174
vt 0.814634 0.623188
vt 0.800000 0.594203
vt 0.800000 0.623188
vt 0.156098 0.043478
vt 0.082896 0.095546
vt 0.068293 0.101358
vt 0.053689 0.095546
vt 0.039086 0.057971
vt 0.042999 0.036277
vt 0.053689 0.020396
vt 0.082896 0.020396
vt 0.093587 0.036277
vt 0.097500 0.057971
vt 0.156098 0.014493
vt 0.053689 0.095546
vt 0.042999 0.079665
vt 0.039086 0.057971
vt 0.053689 0.020396
vt 0.068293 0.014584
vt 0.082896 0.020396
vt 0.097500 0.057971
vt 0.093587 0.079665
vt 0.082896 0.095546
vt 0.816875 0.579690
vt 0.809743 0.590285
vt 0.800000 0.594163
vt 0.783125 0.579690
vt 0.780514 0.565217
vt 0.783125 0.550744
vt 0.800000 0.536271
vt 0.809743 0.540149
vt 0.816875 0.550744
vt 0.819512 0.543478
vt 0.819512 0.543478
vt 0.819512 0.543478
vt 0.819512 0.543478
vt 0.819512 0.543478
vt 0.819512 0.543478
vt 0.819512 0.543478
vt 0.829268 0.594203
vt 0.824390 0.594203
vt 0.829268 0.594203
vt 0.824390 0.594203
vt 0.829268 0.594203
vt 0.824390 0.594203
vt 0.829268 0.594203
vt 0.824390 0.594203
vt 0.824390 0.594203
vt 0.829268 0.594203
vt 0.829268 0.594203
vt 0.824390 0.594203
vt 0.931707 0.536232
vt 0.829268 0.594203
vt 0.829268 0.594203
vt 0.829268 0.594203
vt 0.829268 0.594203
vt 0.829268 0.594203
vt 0.829268 0.594203
vt 0.834146 0.557971
vt 0.834146 0.557971
vt 0.834146 0.557971
vt 0.834146 0.557971
vt 0.834146 0.557971
vt 0.834146 0.557971
vt 0.834146 0.557971
vt 0.829268 0.536232
vt 0.829268 0.536232
vt 0.829268 0.536232
vt 0.829268 0.536232
vt 0.829268 0.536232
vt 0.829268 0.536232
vt 0.829268 0.536232
vt 0.829268 0.536232
vt 0.829268 0.536232
vt 0.829268 0.536232
vt 0.829268 0.536232
vt 0.829268 0.536232
vt 0.783125 0.579690
vt 0.780514 0.565217
vt 0.783125 0.550744
vt 0.800000 0.536271
vt 0.809743 0.540149
vt 0.816875 0.550744
vt 0.816875 0.579690
vt 0.809743 0.590285
vt 0.800000 0.594163
vt 0.783125 0.579690
vt 0.780514 0.565217
vt 0.783125 0.550744
vt 0.800000 0.536271
vt 0.809743 0.540149
vt 0.816875 0.550744
vt 0.816875 0.579690
vt 0.809743 0.590285
vt 0.800000 0.594163
vt 0.829268 0.536232
vt 0.829268 0.536232
vt 0.829268 0.536232
vt 0.829268 0.536232
vt 0.829268 0.536232
vt 0.829268 0.536232
vt 0.829268 0.536232
vt 0.829268 0.536232
vt 0.829268 0.536232
vt 0.829268 0.536232
vt 0.829268 0.536232
vt 0.829268 0.536232
vt 0.834146 0.557971
vt 0.834146 0.557971
vt 0.834146 0.557971
vt 0.834146 0.557971
vt 0.834146 0.557971
vt 0.834146 0.557971
vt 0.834146 0.557971
vt 0.829268 0.594203
vt 0.829268 0.594203
vt 0.829268 0.594203
vt 0.829268 0.594203
vt 0.829268 0.594203
vt 0.829268 0.594203
vt 0.931707 0.536232
vt 0.824390 0.594203
vt 0.829268 0.594203
vt 0.829268 0.594203
vt 0.824390 0.594203
vt 0.824390 0.594203
vt 0.829268 0.594203
vt 0.824390 0.594203
vt 0.829268 0.594203
vt 0.824390 0.594203
vt 0.829268 0.594203
vt 0.824390 0.594203
vt 0.829268 0.594203
vt 0.819512 0.543478
vt 0.819512 0.543478
vt 0.819512 0.543478
vt 0.819512 0.543478
vt 0.819512 0.543478
vt 0.819512 0.543478
vt 0.819512 0.543478
vt 0.816875 0.579690
vt 0.809743 0.590285
vt 0.800000 0.594163
vt 0.783125 0.579690
vt 0.780514 0.565217
vt 0.783125 0.550744
vt 0.800000 0.536271
vt 0.809743 0.540149
vt 0.816875 0.550744
vt -0.000000 0.956522
vt 0.000000 0.956522
vn -1.000000 0.000000 -0.000000
vn -0.000000 0.965900 0.258800
vn 0.000000 0.965900 -0.258800
vn 0.000000 0.707100 -0.707100
vn 0.000000 0.258800 -0.965900
vn 0.000000 -0.258800 -0.965900
vn 0.000000 -0.707100 -0.707100
vn 0.000000 -0.965900 -0.258800
vn -0.000000 -0.965900 0.258800
vn -0.000000 -0.707100 0.707100
vn -0.000000 -0.258800 0.965900
vn -0.000000 0.258800 0.965900
vn -0.000000 0.707100 0.707100
vn 1.000000 0.000000 0.000000
vn 0.000000 1.000000 0.000000
vn 0.000000 -1.000000 0.000000
vn -0.000000 0.000000 1.000000
vn 0.000000 0.000000 -1.000000
vn 0.913800 -0.406100 0.000000
vn -0.913800 -0.406100 -0.000000
vn 0.965900 0.258800 0.000000
vn 0.965900 -0.258800 0.000000
vn 0.707100 -0.707100 0.000000
vn 0.258800 -0.965900 0.000000
vn -0.258800 -0.965900 -0.000000
vn -0.707100 -0.707100 -0.000000
vn -0.965900 -0.258800 -0.000000
vn -0.965900 0.258800 -0.000000
vn -0.707100 0.707100 -0.000000
vn -0.258800 0.965900 -0.000000
vn 0.258800 0.965900 0.000000
vn 0.707100 0.707100 0.000000
o Cube_Cube.001
usemtl texture
s off
f 1/1/1 2/2/1 3/3/1
f 4/4/2 5/5/2 6/6/2
f 7/7/3 3/8/3 4/4/3
f 8/9/4 9/10/4 7/7/4
f 10/11/5 11/12/5 8/9/5
f 12/13/6 13/14/6 10/11/6
f 12/13/7 14/15/7 1/16/7
f 15/17/8 14/15/8 16/18/8
f 17/19/9 18/20/9 15/21/9
f 19/22/10 20/23/10 17/19/10
f 21/24/11 2/25/11 19/22/11
f 22/26/12 23/27/12 21/24/12
f 6/6/13 24/28/13 22/26/13
f 22/29/14 15/30/14 8/31/14
f 25/32/11 26/33/11 27/34/11
f 27/34/10 28/35/10 29/36/10
f 29/36/9 30/37/9 31/38/9
f 31/39/8 32/40/8 33/41/8
f 33/41/7 34/42/7 35/43/7
f 35/43/6 36/44/6 37/45/6
f 37/45/5 38/46/5 39/47/5
f 39/47/4 40/48/4 41/49/4
f 41/49/3 42/50/3 43/51/3
f 43/51/2 44/52/2 45/53/2
f 45/53/13 46/54/13 47/55/13
f 47/55/12 48/56/12 25/32/12
f 49/57/15 50/58/15 51/59/15
f 49/57/15 52/60/15 53/61/15
f 54/62/15 55/63/15 52/60/15
f 56/64/15 57/65/15 55/63/15
f 58/66/16 59/67/16 60/68/16
f 61/69/16 59/67/16 62/70/16
f 63/71/16 64/72/16 61/69/16
f 65/73/16 66/74/16 63/71/16
f 57/75/17 67/76/17 65/77/17
f 68/78/1 66/79/1 67/80/1
f 69/81/16 70/82/16 71/83/16
f 72/84/15 73/85/15 74/86/15
f 71/87/18 73/85/18 75/88/18
f 72/84/17 76/89/17 69/81/17
f 56/90/17 64/91/17 66/92/17
f 53/93/1 61/94/1 62/95/1
f 58/96/17 53/97/17 62/98/17
f 52/99/18 63/100/18 61/101/18
f 58/102/14 51/103/14 50/104/14
f 63/105/14 57/106/14 65/107/14
f 54/108/14 59/109/14 64/110/14
f 49/111/18 60/112/18 59/113/18
f 77/114/1 78/115/1 79/116/1
f 80/117/2 81/118/2 82/119/2
f 80/117/3 83/120/3 79/121/3
f 84/122/4 83/120/4 85/123/4
f 86/124/5 87/125/5 84/122/5
f 88/126/6 89/127/6 86/124/6
f 90/128/7 77/129/7 88/126/7
f 91/130/8 92/131/8 90/128/8
f 93/132/9 94/133/9 91/134/9
f 95/135/10 96/136/10 93/132/10
f 97/137/11 78/138/11 95/135/11
f 97/137/12 98/139/12 99/140/12
f 82/119/13 98/139/13 100/141/13
f 100/142/14 91/143/14 84/144/14
f 101/145/11 102/146/11 103/147/11
f 103/147/10 104/148/10 105/149/10
f 105/149/9 106/150/9 107/151/9
f 107/152/8 108/153/8 109/154/8
f 109/154/7 110/155/7 111/156/7
f 111/156/6 112/157/6 113/158/6
f 113/158/5 114/159/5 115/160/5
f 115/160/4 116/161/4 117/162/4
f 117/162/3 118/163/3 119/164/3
f 119/164/2 120/165/2 121/166/2
f 121/166/13 122/167/13 123/168/13
f 123/168/12 124/169/12 101/145/12
f 125/170/16 126/171/16 127/172/16
f 127/173/18 128/174/18 129/175/18
f 129/176/15 130/177/15 131/178/15
f 131/179/17 132/180/17 125/181/17
f 128/174/1 132/180/1 130/177/1
f 133/182/17 134/183/17 135/184/17
f 136/185/1 137/186/1 134/187/1
f 138/188/18 139/189/18 137/190/18
f 140/191/14 135/192/14 139/189/14
f 137/193/16 135/194/16 134/195/16
f 136/196/15 140/197/15 138/198/15
f 141/199/18 142/200/18 143/201/18
f 144/202/17 145/203/17 146/204/17
f 147/205/14 146/206/14 142/200/14
f 148/207/1 143/208/1 145/203/1
f 149/209/14 150/210/14 151/211/14
f 152/212/18 150/210/18 153/213/18
f 154/214/15 151/211/15 152/215/15
f 155/216/17 149/209/17 154/217/17
f 153/218/16 156/219/16 155/220/16
f 157/221/16 158/222/16 159/223/16
f 160/224/16 161/225/16 162/226/16
f 163/227/17 160/224/17 164/228/17
f 164/229/19 162/226/19 165/230/19
f 165/231/18 161/225/18 166/232/18
f 166/233/20 167/234/20 163/235/20
f 168/236/18 169/237/18 170/238/18
f 171/239/21 172/240/21 173/241/21
f 174/242/22 175/243/22 172/244/22
f 176/245/23 169/246/23 175/247/23
f 177/248/24 178/249/24 169/250/24
f 179/251/25 180/252/25 178/253/25
f 181/254/26 182/255/26 180/256/26
f 183/257/27 170/258/27 182/259/27
f 184/260/28 185/261/28 170/262/28
f 186/263/29 187/264/29 185/265/29
f 188/266/30 189/267/30 187/268/30
f 190/269/31 168/270/31 189/271/31
f 191/272/32 173/273/32 168/274/32
f 192/275/18 174/276/18 171/239/18
f 193/277/18 176/278/18 174/242/18
f 194/279/18 176/245/18 195/280/18
f 196/281/18 177/248/18 194/282/18
f 197/283/18 179/251/18 196/284/18
f 197/285/18 183/286/18 181/254/18
f 198/287/18 184/288/18 183/257/18
f 199/289/18 184/260/18 200/290/18
f 201/291/18 186/263/18 199/292/18
f 202/293/18 188/266/18 201/294/18
f 202/295/18 191/296/18 190/269/18
f 192/297/18 191/272/18 203/298/18
f 204/299/21 193/300/21 192/275/21
f 205/301/22 195/302/22 193/277/22
f 206/303/23 194/279/23 195/280/23
f 207/304/24 196/281/24 194/282/24
f 208/305/25 197/283/25 196/284/25
f 209/306/26 198/307/26 197/285/26
f 210/308/27 200/309/27 198/287/27
f 211/310/28 199/289/28 200/290/28
f 212/311/29 201/291/29 199/292/29
f 213/312/30 202/293/30 201/294/30
f 214/313/31 203/314/31 202/295/31
f 215/315/32 192/297/32 203/298/32
f 205/301/17 216/316/17 206/317/17
f 217/318/17 205/319/17 204/299/17
f 215/315/17 217/320/17 204/321/17
f 218/322/17 215/323/17 214/313/17
f 213/312/17 218/324/17 214/325/17
f 219/326/17 213/327/17 212/311/17
f 211/310/17 219/328/17 212/329/17
f 220/330/17 211/331/17 210/308/17
f 221/332/17 210/333/17 209/306/17
f 208/305/17 221/334/17 209/335/17
f 207/304/17 222/336/17 208/337/17
f 216/338/17 207/339/17 206/303/17
f 223/340/24 224/341/24 225/342/24
f 225/342/23 216/343/23 226/344/23
f 226/344/22 227/345/22 228/346/22
f 228/346/21 217/347/21 229/348/21
f 229/348/32 230/349/32 231/350/32
f 231/350/31 218/351/31 232/352/31
f 232/352/30 233/353/30 234/354/30
f 234/354/29 219/355/29 235/356/29
f 235/356/28 236/357/28 237/358/28
f 237/358/27 220/359/27 238/360/27
f 238/360/26 221/361/26 239/362/26
f 239/362/25 222/363/25 223/364/25
f 240/365/18 223/366/18 225/367/18
f 240/368/18 226/369/18 241/370/18
f 242/371/18 226/372/18 228/373/18
f 242/374/18 229/375/18 243/376/18
f 244/377/18 229/378/18 231/379/18
f 244/380/18 232/381/18 245/382/18
f 246/383/18 232/384/18 234/385/18
f 246/386/18 235/387/18 247/388/18
f 248/389/18 235/390/18 237/391/18
f 248/392/18 238/393/18 249/394/18
f 249/395/18 239/396/18 250/397/18
f 251/398/18 239/399/18 223/400/18
f 252/401/22 241/402/22 242/371/22
f 253/403/21 242/374/21 243/376/21
f 254/404/32 243/405/32 244/377/32
f 255/406/31 244/380/31 245/382/31
f 256/407/30 245/408/30 246/383/30
f 257/409/29 246/386/29 247/388/29
f 258/410/28 247/411/28 248/389/28
f 259/412/27 248/392/27 249/394/27
f 260/413/26 249/395/26 250/397/26
f 261/414/25 250/415/25 251/398/25
f 262/416/24 251/417/24 240/365/24
f 263/418/23 240/368/23 241/370/23
f 264/419/17 262/420/17 263/418/17
f 264/421/17 252/401/17 265/422/17
f 265/423/17 253/403/17 266/424/17
f 266/425/17 254/404/17 267/426/17
f 267/427/17 255/406/17 268/428/17
f 269/429/17 255/430/17 256/407/17
f 269/431/17 257/409/17 270/432/17
f 271/433/17 257/434/17 258/410/17
f 271/435/17 259/412/17 272/436/17
f 272/437/17 260/413/17 273/438/17
f 274/439/17 260/440/17 261/414/17
f 275/441/17 261/442/17 262/416/17
f 276/443/23 275/444/23 264/419/23
f 277/445/22 264/421/22 265/422/22
f 278/446/21 265/423/21 266/424/21
f 279/447/32 266/425/32 267/426/32
f 280/448/31 267/427/31 268/428/31
f 281/449/30 268/450/30 269/429/30
f 282/451/29 269/431/29 270/432/29
f 283/452/28 270/453/28 271/433/28
f 284/454/27 271/435/27 272/436/27
f 285/455/26 272/437/26 273/438/26
f 286/456/25 273/457/25 274/439/25
f 287/458/24 274/459/24 275/441/24
f 285/460/17 277/461/17 281/462/17
f 288/463/17 289/464/17 290/465/17
f 291/466/24 292/467/24 293/468/24
f 294/469/25 295/470/25 292/471/25
f 288/472/26 296/473/26 295/474/26
f 297/475/27 298/476/27 296/477/27
f 299/478/28 300/479/28 298/480/28
f 301/481/29 302/482/29 300/483/29
f 290/484/30 303/485/30 302/486/30
f 304/487/31 305/488/31 303/489/31
f 306/490/32 307/491/32 305/492/32
f 308/493/21 309/494/21 307/495/21
f 289/496/22 310/497/22 309/498/22
f 311/499/23 293/500/23 310/501/23
f 293/468/17 312/502/17 313/503/17
f 292/471/17 314/504/17 312/505/17
f 296/473/17 314/506/17 295/474/17
f 298/476/17 315/507/17 296/477/17
f 298/480/17 316/508/17 317/509/17
f 302/482/17 316/510/17 300/483/17
f 302/486/17 318/511/17 319/512/17
f 305/488/17 318/513/17 303/489/17
f 307/491/17 320/514/17 305/492/17
f 309/494/17 321/515/17 307/495/17
f 310/497/17 322/516/17 309/498/17
f 310/501/17 313/517/17 323/518/17
f 323/518/23 324/519/23 325/520/23
f 313/503/24 326/521/24 324/522/24
f 312/505/25 327/523/25 326/524/25
f 314/506/26 328/525/26 327/526/26
f 315/507/27 329/527/27 328/528/27
f 317/509/28 330/529/28 329/530/28
f 316/510/29 331/531/29 330/532/29
f 319/512/30 332/533/30 331/534/30
f 318/513/31 333/535/31 332/536/31
f 320/514/32 334/537/32 333/538/32
f 321/515/21 335/539/21 334/540/21
f 322/516/22 325/541/22 335/542/22
f 326/524/18 336/543/18 337/544/18
f 328/525/18 336/545/18 327/526/18
f 329/527/18 338/546/18 328/528/18
f 329/530/18 339/547/18 340/548/18
f 331/531/18 339/549/18 330/532/18
f 331/534/18 341/550/18 342/551/18
f 333/535/18 341/552/18 332/536/18
f 333/538/18 343/553/18 344/554/18
f 335/539/18 343/555/18 334/540/18
f 335/542/18 345/556/18 346/557/18
f 324/519/18 345/558/18 325/520/18
f 324/522/18 337/559/18 347/560/18
f 336/561/25 348/562/25 337/563/25
f 338/564/26 349/565/26 336/561/26
f 340/566/27 350/567/27 338/564/27
f 339/568/28 351/569/28 340/566/28
f 342/570/29 352/571/29 339/568/29
f 341/572/30 353/573/30 342/570/30
f 344/574/31 354/575/31 341/572/31
f 343/576/32 355/577/32 344/574/32
f 346/578/21 356/579/21 343/576/21
f 345/580/22 357/581/22 346/578/22
f 347/582/23 358/583/23 345/580/23
f 337/584/24 359/585/24 347/582/24
f 358/586/17 360/587/17 361/588/17
f 360/589/17 348/590/17 362/591/17
f 362/592/17 349/593/17 363/594/17
f 349/595/17 364/596/17 363/597/17
f 350/598/17 365/599/17 364/600/17
f 365/601/17 352/602/17 366/603/17
f 352/604/17 367/605/17 366/606/17
f 367/607/17 354/608/17 368/609/17
f 354/610/17 369/611/17 368/612/17
f 369/613/17 356/614/17 370/615/17
f 356/616/17 371/617/17 370/618/17
f 371/619/17 358/620/17 361/621/17
f 369/613/32 372/622/32 373/623/32
f 368/612/31 373/624/31 374/625/31
f 367/607/30 374/626/30 375/627/30
f 366/606/29 375/628/29 376/629/29
f 365/601/28 376/630/28 377/631/28
f 364/600/27 377/632/27 378/633/27
f 363/597/26 378/634/26 379/635/26
f 362/592/25 379/636/25 380/637/25
f 360/589/24 380/638/24 381/639/24
f 361/588/23 381/640/23 382/641/23
f 371/619/22 382/642/22 383/643/22
f 370/618/21 383/644/21 372/645/21
f 372/622/18 384/646/18 373/623/18
f 374/625/18 384/647/18 385/648/18
f 374/626/18 386/649/18 375/627/18
f 375/628/18 387/650/18 376/629/18
f 376/630/18 388/651/18 377/631/18
f 378/633/18 388/652/18 389/653/18
f 379/635/18 389/654/18 390/655/18
f 379/636/18 391/656/18 380/637/18
f 380/638/18 392/657/18 381/639/18
f 381/640/18 393/658/18 382/641/18
f 383/643/18 393/659/18 394/660/18
f 372/645/18 394/661/18 395/662/18
f 384/646/32 396/663/32 397/664/32
f 385/648/31 397/665/31 398/666/31
f 386/649/30 398/667/30 399/668/30
f 387/650/29 399/669/29 400/670/29
f 388/651/28 400/671/28 401/672/28
f 389/653/27 401/673/27 402/674/27
f 390/655/26 402/675/26 403/676/26
f 391/656/25 403/677/25 404/678/25
f 392/657/24 404/679/24 405/680/24
f 393/658/23 405/681/23 406/682/23
f 394/660/22 406/683/22 407/684/22
f 395/662/21 407/685/21 396/686/21
f 397/687/18 405/688/18 401/689/18
f 408/690/15 409/691/15 410/692/15
f 411/693/15 412/694/15 413/695/15
f 414/696/18 415/697/18 412/694/18
f 415/698/16 416/699/16 417/700/16
f 417/700/17 411/693/17 413/695/17
f 418/701/18 419/702/18 409/691/18
f 419/703/16 420/704/16 421/705/16
f 421/705/17 408/690/17 410/692/17
f 422/706/18 423/707/18 424/708/18
f 423/707/14 425/709/14 426/710/14
f 427/711/1 424/708/1 428/712/1
f 429/713/15 430/714/15 431/715/15
f 432/716/1 429/713/1 433/717/1
f 434/718/16 433/717/16 435/719/16
f 431/715/14 434/720/14 435/719/14
f 431/715/18 433/717/18 429/713/18
f 436/721/15 437/722/15 438/723/15
f 439/724/1 436/721/1 440/725/1
f 441/726/16 440/725/16 442/727/16
f 438/723/14 441/728/14 442/727/14
f 438/723/18 440/725/18 436/721/18
f 443/729/5 444/730/5 445/731/5
f 446/732/4 447/733/4 443/729/4
f 448/734/3 449/735/3 446/732/3
f 450/736/2 451/737/2 448/734/2
f 452/738/13 453/739/13 450/736/13
f 454/740/12 455/741/12 452/738/12
f 456/742/11 457/743/11 454/740/11
f 458/744/10 459/745/10 456/742/10
f 460/746/9 461/747/9 458/744/9
f 462/748/8 463/749/8 460/750/8
f 464/751/7 465/752/7 462/748/7
f 445/731/6 466/753/6 464/751/6
f 467/754/1 468/755/1 469/756/1
f 470/757/4 471/758/4 467/759/4
f 467/759/5 472/760/5 473/761/5
f 473/761/6 474/762/6 475/763/6
f 475/763/7 476/764/7 477/765/7
f 477/765/8 478/766/8 468/767/8
f 468/768/9 479/769/9 480/770/9
f 480/770/10 481/771/10 482/772/10
f 482/772/11 483/773/11 484/774/11
f 484/774/12 485/775/12 469/776/12
f 469/776/13 486/777/13 487/778/13
f 487/778/2 488/779/2 489/780/2
f 489/780/3 490/781/3 470/757/3
f 481/782/14 474/783/14 488/784/14
f 491/785/17 492/786/17 493/787/17
f 494/788/1 493/789/1 495/790/1
f 496/791/1 497/792/1 498/793/1
f 499/794/1 500/795/1 501/796/1
f 502/797/17 496/798/17 503/799/17
f 499/800/18 504/801/18 505/802/18
f 504/803/14 503/804/14 505/805/14
f 506/806/18 495/807/18 507/808/18
f 508/809/18 509/810/18 510/811/18
f 511/812/17 512/813/17 513/814/17
f 508/809/15 512/813/15 514/815/15
f 510/811/16 515/816/16 511/817/16
f 516/818/14 507/819/14 517/820/14
f 497/821/18 517/822/18 498/823/18
f 498/824/16 507/825/16 496/826/16
f 496/826/16 495/827/16 503/828/16
f 503/828/16 493/829/16 505/830/16
f 499/831/16 493/829/16 492/832/16
f 506/833/15 497/834/15 518/835/15
f 494/836/15 518/835/15 502/837/15
f 491/838/15 502/837/15 504/839/15
f 491/838/15 501/840/15 500/841/15
f 519/842/5 520/843/5 521/844/5
f 522/845/4 523/846/4 519/842/4
f 524/847/3 525/848/3 522/845/3
f 526/849/2 527/850/2 524/847/2
f 528/851/13 529/852/13 526/849/13
f 530/853/12 531/854/12 528/851/12
f 532/855/11 533/856/11 530/853/11
f 534/857/10 535/858/10 532/855/10
f 536/859/9 537/860/9 534/857/9
f 538/861/8 539/862/8 536/863/8
f 540/864/7 541/865/7 538/861/7
f 521/844/6 542/866/6 540/864/6
f 543/867/1 544/868/1 545/869/1
f 546/870/4 547/871/4 543/872/4
f 543/872/5 548/873/5 549/874/5
f 549/874/6 550/875/6 551/876/6
f 551/876/7 552/877/7 553/878/7
f 553/878/8 554/879/8 544/880/8
f 544/881/9 555/882/9 556/883/9
f 556/883/10 557/884/10 558/885/10
f 558/885/11 559/886/11 560/887/11
f 560/887/12 561/888/12 545/889/12
f 545/889/13 562/890/13 563/891/13
f 563/891/2 564/892/2 565/893/2
f 565/893/3 566/894/3 546/870/3
f 557/895/14 550/896/14 564/897/14
f 567/898/17 157/221/17 568/899/17
f 568/900/19 159/223/19 569/901/19
f 569/902/18 158/222/18 570/903/18
f 570/904/20 571/905/20 567/906/20
f 572/907/18 573/908/18 574/909/18
f 575/910/21 576/911/21 577/912/21
f 578/913/22 579/914/22 576/915/22
f 580/916/23 573/917/23 579/918/23
f 581/919/24 582/920/24 573/921/24
f 583/922/25 584/923/25 582/924/25
f 585/925/26 586/926/26 584/927/26
f 587/928/27 574/929/27 586/930/27
f 588/931/28 589/932/28 574/933/28
f 590/934/29 591/935/29 589/936/29
f 592/937/30 593/938/30 591/939/30
f 594/940/31 572/941/31 593/942/31
f 595/943/32 577/944/32 572/945/32
f 596/946/18 578/947/18 575/910/18
f 597/948/18 580/949/18 578/913/18
f 598/950/18 580/916/18 599/951/18
f 600/952/18 581/919/18 598/953/18
f 601/954/18 583/922/18 600/955/18
f 601/956/18 587/957/18 585/925/18
f 602/958/18 588/959/18 587/928/18
f 603/960/18 588/931/18 604/961/18
f 605/962/18 590/934/18 603/963/18
f 606/964/18 592/937/18 605/965/18
f 606/966/18 595/967/18 594/940/18
f 596/968/18 595/943/18 607/969/18
f 608/970/21 597/971/21 596/946/21
f 609/972/22 599/973/22 597/948/22
f 610/974/23 598/950/23 599/951/23
f 611/975/24 600/952/24 598/953/24
f 612/976/25 601/954/25 600/955/25
f 613/977/26 602/978/26 601/956/26
f 614/979/27 604/980/27 602/958/27
f 615/981/28 603/960/28 604/961/28
f 616/982/29 605/962/29 603/963/29
f 617/983/30 606/964/30 605/965/30
f 618/984/31 607/985/31 606/966/31
f 619/986/32 596/968/32 607/969/32
f 609/972/17 620/987/17 610/988/17
f 621/989/17 609/990/17 608/970/17
f 619/986/17 621/991/17 608/992/17
f 622/993/17 619/994/17 618/984/17
f 617/983/17 622/995/17 618/996/17
f 623/997/17 617/998/17 616/982/17
f 615/981/17 623/999/17 616/1000/17
f 624/1001/17 615/1002/17 614/979/17
f 625/1003/17 614/1004/17 613/977/17
f 612/976/17 625/1005/17 613/1006/17
f 611/975/17 626/1007/17 612/1008/17
f 620/1009/17 611/1010/17 610/974/17
f 627/1011/24 628/1012/24 629/1013/24
f 629/1013/23 620/1014/23 630/1015/23
f 630/1015/22 631/1016/22 632/1017/22
f 632/1017/21 621/1018/21 633/1019/21
f 633/1019/32 634/1020/32 635/1021/32
f 635/1021/31 622/1022/31 636/1023/31
f 636/1023/30 637/1024/30 638/1025/30
f 638/1025/29 623/1026/29 639/1027/29
f 639/1027/28 640/1028/28 641/1029/28
f 641/1029/27 624/1030/27 642/1031/27
f 642/1031/26 625/1032/26 643/1033/26
f 643/1033/25 626/1034/25 627/1035/25
f 644/1036/18 627/1037/18 629/1038/18
f 644/1039/18 630/1040/18 645/1041/18
f 646/1042/18 630/1043/18 632/1044/18
f 646/1045/18 633/1046/18 647/1047/18
f 648/1048/18 633/1049/18 635/1050/18
f 648/1051/18 636/1052/18 649/1053/18
f 650/1054/18 636/1055/18 638/1056/18
f 650/1057/18 639/1058/18 651/1059/18
f 652/1060/18 639/1061/18 641/1062/18
f 652/1063/18 642/1064/18 653/1065/18
f 653/1066/18 643/1067/18 654/1068/18
f 655/1069/18 643/1070/18 627/1071/18
f 656/1072/22 645/1073/22 646/1042/22
f 657/1074/21 646/1045/21 647/1047/21
f 658/1075/32 647/1076/32 648/1048/32
f 659/1077/31 648/1051/31 649/1053/31
f 660/1078/30 649/1079/30 650/1054/30
f 661/1080/29 650/1057/29 651/1059/29
f 662/1081/28 651/1082/28 652/1060/28
f 663/1083/27 652/1063/27 653/1065/27
f 664/1084/26 653/1066/26 654/1068/26
f 665/1085/25 654/1086/25 655/1069/25
f 666/1087/24 655/1088/24 644/1036/24
f 667/1089/23 644/1039/23 645/1041/23
f 668/1090/17 666/1091/17 667/1089/17
f 668/1092/17 656/1072/17 669/1093/17
f 669/1094/17 657/1074/17 670/1095/17
f 670/1096/17 658/1075/17 671/1097/17
f 671/1098/17 659/1077/17 672/1099/17
f 673/1100/17 659/1101/17 660/1078/17
f 673/1102/17 661/1080/17 674/1103/17
f 675/1104/17 661/1105/17 662/1081/17
f 675/1106/17 663/1083/17 676/1107/17
f 676/1108/17 664/1084/17 677/1109/17
f 678/1110/17 664/1111/17 665/1085/17
f 679/1112/17 665/1113/17 666/1087/17
f 680/1114/23 679/1115/23 668/1090/23
f 681/1116/22 668/1092/22 669/1093/22
f 682/1117/21 669/1094/21 670/1095/21
f 683/1118/32 670/1096/32 671/1097/32
f 684/1119/31 671/1098/31 672/1099/31
f 685/1120/30 672/1121/30 673/1100/30
f 686/1122/29 673/1102/29 674/1103/29
f 687/1123/28 674/1124/28 675/1104/28
f 688/1125/27 675/1106/27 676/1107/27
f 689/1126/26 676/1108/26 677/1109/26
f 690/1127/25 677/1128/25 678/1110/25
f 691/1129/24 678/1130/24 679/1112/24
f 689/1131/17 681/1132/17 685/1133/17
f 692/1134/17 693/1135/17 694/1136/17
f 695/1137/24 696/1138/24 697/1139/24
f 698/1140/25 699/1141/25 696/1142/25
f 692/1143/26 700/1144/26 699/1145/26
f 701/1146/27 702/1147/27 700/1148/27
f 703/1149/28 704/1150/28 702/1151/28
f 705/1152/29 706/1153/29 704/1154/29
f 694/1155/30 707/1156/30 706/1157/30
f 708/1158/31 709/1159/31 707/1160/31
f 710/1161/32 711/1162/32 709/1163/32
f 712/1164/21 713/1165/21 711/1166/21
f 693/1167/22 714/1168/22 713/1169/22
f 715/1170/23 697/1171/23 714/1172/23
f 697/1139/17 716/1173/17 717/1174/17
f 696/1142/17 718/1175/17 716/1176/17
f 700/1144/17 718/1177/17 699/1145/17
f 702/1147/17 719/1178/17 700/1148/17
f 702/1151/17 720/1179/17 721/1180/17
f 706/1153/17 720/1181/17 704/1154/17
f 706/1157/17 722/1182/17 723/1183/17
f 709/1159/17 722/1184/17 707/1160/17
f 711/1162/17 724/1185/17 709/1163/17
f 713/1165/17 725/1186/17 711/1166/17
f 714/1168/17 726/1187/17 713/1169/17
f 714/1172/17 717/1188/17 727/1189/17
f 727/1189/23 728/1190/23 729/1191/23
f 717/1174/24 730/1192/24 728/1193/24
f 716/1176/25 731/1194/25 730/1195/25
f 718/1177/26 732/1196/26 731/1197/26
f 719/1178/27 733/1198/27 732/1199/27
f 721/1180/28 734/1200/28 733/1201/28
f 720/1181/29 735/1202/29 734/1203/29
f 723/1183/30 736/1204/30 735/1205/30
f 722/1184/31 737/1206/31 736/1207/31
f 724/1185/32 738/1208/32 737/1209/32
f 725/1186/21 739/1210/21 738/1211/21
f 726/1187/22 729/1212/22 739/1213/22
f 730/1195/18 740/1214/18 741/1215/18
f 732/1196/18 740/1216/18 731/1197/18
f 733/1198/18 742/1217/18 732/1199/18
f 733/1201/18 743/1218/18 744/1219/18
f 735/1202/18 743/1220/18 734/1203/18
f 735/1205/18 745/1221/18 746/1222/18
f 737/1206/18 745/1223/18 736/1207/18
f 737/1209/18 747/1224/18 748/1225/18
f 739/1210/18 747/1226/18 738/1211/18
f 739/1213/18 749/1227/18 750/1228/18
f 728/1190/18 749/1229/18 729/1191/18
f 728/1193/18 741/1230/18 751/1231/18
f 740/1232/25 752/1233/25 741/1234/25
f 742/1235/26 753/1236/26 740/1232/26
f 744/1237/27 754/1238/27 742/1235/27
f 743/1239/28 755/1240/28 744/1237/28
f 746/1241/29 756/1242/29 743/1239/29
f 745/1243/30 757/1244/30 746/1241/30
f 748/1245/31 758/1246/31 745/1243/31
f 747/1247/32 759/1248/32 748/1245/32
f 750/1249/21 760/1250/21 747/1247/21
f 749/1251/22 761/1252/22 750/1249/22
f 751/1253/23 762/1254/23 749/1251/23
f 741/1255/24 763/1256/24 751/1253/24
f 762/1257/17 764/1258/17 765/1259/17
f 764/1260/17 752/1261/17 766/1262/17
f 766/1263/17 753/1264/17 767/1265/17
f 753/1266/17 768/1267/17 767/1268/17
f 754/1269/17 769/1270/17 768/1271/17
f 769/1272/17 756/1273/17 770/1274/17
f 756/1275/17 771/1276/17 770/1277/17
f 771/1278/17 758/1279/17 772/1280/17
f 758/1281/17 773/1282/17 772/1283/17
f 773/1284/17 760/1285/17 774/1286/17
f 760/1287/17 775/1288/17 774/1289/17
f 775/1290/17 762/1291/17 765/1292/17
f 773/1284/32 776/1293/32 777/1294/32
f 772/1283/31 777/1295/31 778/1296/31
f 771/1278/30 778/1297/30 779/1298/30
f 770/1277/29 779/1299/29 780/1300/29
f 769/1272/28 780/1301/28 781/1302/28
f 768/1271/27 781/1303/27 782/1304/27
f 767/1268/26 782/1305/26 783/1306/26
f 766/1263/25 783/1307/25 784/1308/25
f 764/1260/24 784/1309/24 785/1310/24
f 765/1259/23 785/1311/23 786/1312/23
f 775/1290/22 786/1313/22 787/1314/22
f 774/1289/21 787/1315/21 776/1316/21
f 776/1293/18 788/1317/18 777/1294/18
f 778/1296/18 788/1318/18 789/1319/18
f 778/1297/18 790/1320/18 779/1298/18
f 779/1299/18 791/1321/18 780/1300/18
f 780/1301/18 792/1322/18 781/1302/18
f 782/1304/18 792/1323/18 793/1324/18
f 783/1306/18 793/1325/18 794/1326/18
f 783/1307/18 795/1327/18 784/1308/18
f 784/1309/18 796/1328/18 785/1310/18
f 785/1311/18 797/1329/18 786/1312/18
f 787/1314/18 797/1330/18 798/1331/18
f 776/1316/18 798/1332/18 799/1333/18
f 788/1317/32 800/1334/32 801/1335/32
f 789/1319/31 801/1336/31 802/1337/31
f 790/1320/30 802/1338/30 803/1339/30
f 791/1321/29 803/1340/29 804/1341/29
f 792/1322/28 804/1342/28 805/1343/28
f 793/1324/27 805/1344/27 806/1345/27
f 794/1326/26 806/1346/26 807/1347/26
f 795/1327/25 807/1348/25 808/1349/25
f 796/1328/24 808/1350/24 809/1351/24
f 797/1329/23 809/1352/23 810/1353/23
f 798/1331/22 810/1354/22 811/1355/22
f 799/1333/21 811/1356/21 800/1357/21
f 801/1358/18 809/1359/18 805/1360/18
f 812/1361/17 813/1362/17 814/1363/17
f 815/1364/18 816/1365/18 817/1366/18
f 817/1367/1 818/1368/1 812/1361/1
f 814/1369/14 819/1370/14 815/1364/14
f 3/3/1 9/1371/1 1/1/1
f 9/1371/1 11/1372/1 1/1/1
f 11/1372/1 13/1373/1 1/1/1
f 1/1/1 14/1374/1 2/2/1
f 14/1374/1 18/1375/1 2/2/1
f 18/1375/1 20/1376/1 2/2/1
f 2/2/1 23/1377/1 24/1378/1
f 24/1378/1 5/1379/1 2/2/1
f 5/1379/1 3/3/1 2/2/1
f 4/4/2 3/8/2 5/5/2
f 7/7/3 9/10/3 3/8/3
f 8/9/4 11/12/4 9/10/4
f 10/11/5 13/14/5 11/12/5
f 12/13/6 1/16/6 13/14/6
f 12/13/7 16/18/7 14/15/7
f 15/17/8 18/1380/8 14/15/8
f 17/19/9 20/23/9 18/20/9
f 19/22/10 2/25/10 20/23/10
f 21/24/11 23/27/11 2/25/11
f 22/26/12 24/28/12 23/27/12
f 6/6/13 5/5/13 24/28/13
f 8/31/14 7/1381/14 22/29/14
f 7/1381/14 4/1382/14 22/29/14
f 4/1382/14 6/1383/14 22/29/14
f 22/29/14 21/1384/14 19/1385/14
f 19/1385/14 17/1386/14 22/29/14
f 17/1386/14 15/30/14 22/29/14
f 15/30/14 16/1387/14 8/31/14
f 16/1387/14 12/1388/14 8/31/14
f 12/1388/14 10/1389/14 8/31/14
f 25/32/11 48/56/11 26/33/11
f 27/34/10 26/33/10 28/35/10
f 29/36/9 28/35/9 30/37/9
f 31/39/8 30/1390/8 32/40/8
f 33/41/7 32/40/7 34/42/7
f 35/43/6 34/42/6 36/44/6
f 37/45/5 36/44/5 38/46/5
f 39/47/4 38/46/4 40/48/4
f 41/49/3 40/48/3 42/50/3
f 43/51/2 42/50/2 44/52/2
f 45/53/13 44/52/13 46/54/13
f 47/55/12 46/54/12 48/56/12
f 49/57/15 53/61/15 50/58/15
f 49/57/15 54/62/15 52/60/15
f 54/62/15 56/64/15 55/63/15
f 56/64/15 68/1391/15 57/65/15
f 58/66/16 62/70/16 59/67/16
f 61/69/16 64/72/16 59/67/16
f 63/71/16 66/74/16 64/72/16
f 65/73/16 67/1392/16 66/74/16
f 57/75/17 68/1393/17 67/76/17
f 68/78/1 56/1394/1 66/79/1
f 69/81/16 76/89/16 70/82/16
f 72/84/15 75/88/15 73/85/15
f 71/87/18 70/1395/18 73/85/18
f 72/84/17 74/86/17 76/89/17
f 56/90/17 54/1396/17 64/91/17
f 53/93/1 52/1397/1 61/94/1
f 58/96/17 50/1398/17 53/97/17
f 52/99/18 55/1399/18 63/100/18
f 58/102/14 60/1400/14 51/103/14
f 63/105/14 55/1401/14 57/106/14
f 54/108/14 49/1402/14 59/109/14
f 49/111/18 51/1403/18 60/112/18
f 79/116/1 83/1404/1 77/114/1
f 83/1404/1 87/1405/1 77/114/1
f 87/1405/1 89/1406/1 77/114/1
f 77/114/1 92/1407/1 94/1408/1
f 94/1408/1 96/1409/1 77/114/1
f 96/1409/1 78/115/1 77/114/1
f 78/115/1 99/1410/1 98/1411/1
f 98/1411/1 81/1412/1 78/115/1
f 81/1412/1 79/116/1 78/115/1
f 80/117/2 79/121/2 81/118/2
f 80/117/3 85/123/3 83/120/3
f 84/122/4 87/125/4 83/120/4
f 86/124/5 89/127/5 87/125/5
f 88/126/6 77/129/6 89/127/6
f 90/128/7 92/131/7 77/129/7
f 91/130/8 94/1413/8 92/131/8
f 93/132/9 96/136/9 94/133/9
f 95/135/10 78/138/10 96/136/10
f 97/137/11 99/140/11 78/138/11
f 97/137/12 100/141/12 98/139/12
f 82/119/13 81/118/13 98/139/13
f 84/144/14 85/1414/14 100/142/14
f 85/1414/14 80/1415/14 100/142/14
f 80/1415/14 82/1416/14 100/142/14
f 100/142/14 97/1417/14 95/1418/14
f 95/1418/14 93/1419/14 100/142/14
f 93/1419/14 91/143/14 100/142/14
f 91/143/14 90/1420/14 84/144/14
f 90/1420/14 88/1421/14 84/144/14
f 88/1421/14 86/1422/14 84/144/14
f 101/145/11 124/169/11 102/146/11
f 103/147/10 102/146/10 104/148/10
f 105/149/9 104/148/9 106/150/9
f 107/152/8 106/1423/8 108/153/8
f 109/154/7 108/153/7 110/155/7
f 111/156/6 110/155/6 112/157/6
f 113/158/5 112/157/5 114/159/5
f 115/160/4 114/159/4 116/161/4
f 117/162/3 116/161/3 118/163/3
f 119/164/2 118/163/2 120/165/2
f 121/166/13 120/165/13 122/167/13
f 123/168/12 122/167/12 124/169/12
f 125/170/16 132/180/16 126/171/16
f 127/173/18 126/171/18 128/174/18
f 129/176/15 128/174/15 130/177/15
f 131/179/17 130/177/17 132/180/17
f 128/174/1 126/171/1 132/180/1
f 133/182/17 136/1424/17 134/183/17
f 136/185/1 138/1425/1 137/186/1
f 138/188/18 140/191/18 139/189/18
f 140/191/14 133/1426/14 135/192/14
f 137/193/16 139/1427/16 135/194/16
f 136/196/15 133/1428/15 140/197/15
f 141/199/18 147/205/18 142/200/18
f 144/202/17 148/207/17 145/203/17
f 147/205/14 144/1429/14 146/206/14
f 148/207/1 141/1430/1 143/208/1
f 149/209/14 156/219/14 150/210/14
f 152/212/18 151/211/18 150/210/18
f 154/214/15 149/209/15 151/211/15
f 155/216/17 156/219/17 149/209/17
f 153/218/16 150/210/16 156/219/16
f 157/221/16 571/905/16 158/222/16
f 160/224/16 167/234/16 161/225/16
f 163/227/17 167/234/17 160/224/17
f 164/229/19 160/224/19 162/226/19
f 165/231/18 162/226/18 161/225/18
f 166/233/20 161/225/20 167/234/20
f 170/238/18 185/1431/18 168/236/18
f 185/1431/18 187/1432/18 168/236/18
f 187/1432/18 189/1433/18 168/236/18
f 168/236/18 173/1434/18 169/237/18
f 173/1434/18 172/1435/18 169/237/18
f 172/1435/18 175/1436/18 169/237/18
f 169/237/18 178/1437/18 180/1438/18
f 180/1438/18 182/1439/18 169/237/18
f 182/1439/18 170/238/18 169/237/18
f 171/239/21 174/276/21 172/240/21
f 174/242/22 176/278/22 175/243/22
f 176/245/23 177/1440/23 169/246/23
f 177/248/24 179/1441/24 178/249/24
f 179/251/25 181/1442/25 180/252/25
f 181/254/26 183/286/26 182/255/26
f 183/257/27 184/288/27 170/258/27
f 184/260/28 186/1443/28 185/261/28
f 186/263/29 188/1444/29 187/264/29
f 188/266/30 190/1445/30 189/267/30
f 190/269/31 191/296/31 168/270/31
f 191/272/32 171/1446/32 173/273/32
f 192/275/18 193/300/18 174/276/18
f 193/277/18 195/302/18 176/278/18
f 194/279/18 177/1440/18 176/245/18
f 196/281/18 179/1441/18 177/248/18
f 197/283/18 181/1442/18 179/251/18
f 197/285/18 198/307/18 183/286/18
f 198/287/18 200/309/18 184/288/18
f 199/289/18 186/1443/18 184/260/18
f 201/291/18 188/1444/18 186/263/18
f 202/293/18 190/1445/18 188/266/18
f 202/295/18 203/314/18 191/296/18
f 192/297/18 171/1446/18 191/272/18
f 204/299/21 205/319/21 193/300/21
f 205/301/22 206/317/22 195/302/22
f 206/303/23 207/339/23 194/279/23
f 207/304/24 208/337/24 196/281/24
f 208/305/25 209/335/25 197/283/25
f 209/306/26 210/333/26 198/307/26
f 210/308/27 211/331/27 200/309/27
f 211/310/28 212/329/28 199/289/28
f 212/311/29 213/327/29 201/291/29
f 213/312/30 214/325/30 202/293/30
f 214/313/31 215/323/31 203/314/31
f 215/315/32 204/321/32 192/297/32
f 205/301/17 227/1447/17 216/316/17
f 217/318/17 227/1448/17 205/319/17
f 215/315/17 230/1449/17 217/320/17
f 218/322/17 230/1450/17 215/323/17
f 213/312/17 233/1451/17 218/324/17
f 219/326/17 233/1452/17 213/327/17
f 211/310/17 236/1453/17 219/328/17
f 220/330/17 236/1454/17 211/331/17
f 221/332/17 220/1455/17 210/333/17
f 208/305/17 222/1456/17 221/334/17
f 207/304/17 224/1457/17 222/336/17
f 216/338/17 224/1458/17 207/339/17
f 223/340/24 222/1459/24 224/341/24
f 225/342/23 224/341/23 216/343/23
f 226/344/22 216/343/22 227/345/22
f 228/346/21 227/345/21 217/347/21
f 229/348/32 217/347/32 230/349/32
f 231/350/31 230/349/31 218/351/31
f 232/352/30 218/351/30 233/353/30
f 234/354/29 233/353/29 219/355/29
f 235/356/28 219/355/28 236/357/28
f 237/358/27 236/357/27 220/359/27
f 238/360/26 220/359/26 221/361/26
f 239/362/25 221/361/25 222/363/25
f 240/365/18 251/417/18 223/366/18
f 240/368/18 225/1460/18 226/369/18
f 242/371/18 241/402/18 226/372/18
f 242/374/18 228/1461/18 229/375/18
f 244/377/18 243/405/18 229/378/18
f 244/380/18 231/1462/18 232/381/18
f 246/383/18 245/408/18 232/384/18
f 246/386/18 234/1463/18 235/387/18
f 248/389/18 247/411/18 235/390/18
f 248/392/18 237/1464/18 238/393/18
f 249/395/18 238/1465/18 239/396/18
f 251/398/18 250/415/18 239/399/18
f 252/401/22 263/1466/22 241/402/22
f 253/403/21 252/1467/21 242/374/21
f 254/404/32 253/1468/32 243/405/32
f 255/406/31 254/1469/31 244/380/31
f 256/407/30 255/430/30 245/408/30
f 257/409/29 256/1470/29 246/386/29
f 258/410/28 257/434/28 247/411/28
f 259/412/27 258/1471/27 248/392/27
f 260/413/26 259/1472/26 249/395/26
f 261/414/25 260/440/25 250/415/25
f 262/416/24 261/442/24 251/417/24
f 263/418/23 262/420/23 240/368/23
f 264/419/17 275/444/17 262/420/17
f 264/421/17 263/1466/17 252/401/17
f 265/423/17 252/1467/17 253/403/17
f 266/425/17 253/1468/17 254/404/17
f 267/427/17 254/1469/17 255/406/17
f 269/429/17 268/450/17 255/430/17
f 269/431/17 256/1470/17 257/409/17
f 271/433/17 270/453/17 257/434/17
f 271/435/17 258/1471/17 259/412/17
f 272/437/17 259/1472/17 260/413/17
f 274/439/17 273/457/17 260/440/17
f 275/441/17 274/459/17 261/442/17
f 276/443/23 287/1473/23 275/444/23
f 277/445/22 276/1474/22 264/421/22
f 278/446/21 277/1475/21 265/423/21
f 279/447/32 278/1476/32 266/425/32
f 280/448/31 279/1477/31 267/427/31
f 281/449/30 280/1478/30 268/450/30
f 282/451/29 281/1479/29 269/431/29
f 283/452/28 282/1480/28 270/453/28
f 284/454/27 283/1481/27 271/435/27
f 285/455/26 284/1482/26 272/437/26
f 286/456/25 285/1483/25 273/457/25
f 287/458/24 286/1484/24 274/459/24
f 281/462/17 282/1485/17 285/460/17
f 282/1485/17 283/1486/17 285/460/17
f 283/1486/17 284/1487/17 285/460/17
f 285/460/17 286/1488/17 277/461/17
f 286/1488/17 287/1489/17 277/461/17
f 287/1489/17 276/1490/17 277/461/17
f 277/461/17 278/1491/17 281/462/17
f 278/1491/17 279/1492/17 281/462/17
f 279/1492/17 280/1493/17 281/462/17
f 290/465/17 301/1494/17 288/463/17
f 301/1494/17 299/1495/17 288/463/17
f 299/1495/17 297/1496/17 288/463/17
f 288/463/17 294/1497/17 289/464/17
f 294/1497/17 291/1498/17 289/464/17
f 291/1498/17 311/1499/17 289/464/17
f 289/464/17 308/1500/17 290/465/17
f 308/1500/17 306/1501/17 290/465/17
f 306/1501/17 304/1502/17 290/465/17
f 291/466/24 294/1503/24 292/467/24
f 294/469/25 288/1504/25 295/470/25
f 288/472/26 297/1505/26 296/473/26
f 297/475/27 299/1506/27 298/476/27
f 299/478/28 301/1507/28 300/479/28
f 301/481/29 290/1508/29 302/482/29
f 290/484/30 304/1509/30 303/485/30
f 304/487/31 306/1510/31 305/488/31
f 306/490/32 308/1511/32 307/491/32
f 308/493/21 289/1512/21 309/494/21
f 289/496/22 311/1513/22 310/497/22
f 311/499/23 291/1514/23 293/500/23
f 293/468/17 292/467/17 312/502/17
f 292/471/17 295/470/17 314/504/17
f 296/473/17 315/1515/17 314/506/17
f 298/476/17 317/1516/17 315/507/17
f 298/480/17 300/479/17 316/508/17
f 302/482/17 319/1517/17 316/510/17
f 302/486/17 303/485/17 318/511/17
f 305/488/17 320/1518/17 318/513/17
f 307/491/17 321/1519/17 320/514/17
f 309/494/17 322/1520/17 321/515/17
f 310/497/17 323/1521/17 322/516/17
f 310/501/17 293/500/17 313/517/17
f 323/518/23 313/517/23 324/519/23
f 313/503/24 312/502/24 326/521/24
f 312/505/25 314/504/25 327/523/25
f 314/506/26 315/1515/26 328/525/26
f 315/507/27 317/1516/27 329/527/27
f 317/509/28 316/508/28 330/529/28
f 316/510/29 319/1517/29 331/531/29
f 319/512/30 318/511/30 332/533/30
f 318/513/31 320/1518/31 333/535/31
f 320/514/32 321/1519/32 334/537/32
f 321/515/21 322/1520/21 335/539/21
f 322/516/22 323/1521/22 325/541/22
f 326/524/18 327/523/18 336/543/18
f 328/525/18 338/1522/18 336/545/18
f 329/527/18 340/1523/18 338/546/18
f 329/530/18 330/529/18 339/547/18
f 331/531/18 342/1524/18 339/549/18
f 331/534/18 332/533/18 341/550/18
f 333/535/18 344/1525/18 341/552/18
f 333/538/18 334/537/18 343/553/18
f 335/539/18 346/1526/18 343/555/18
f 335/542/18 325/541/18 345/556/18
f 324/519/18 347/1527/18 345/558/18
f 324/522/18 326/521/18 337/559/18
f 336/561/25 349/565/25 348/562/25
f 338/564/26 350/567/26 349/565/26
f 340/566/27 351/569/27 350/567/27
f 339/568/28 352/571/28 351/569/28
f 342/570/29 353/573/29 352/571/29
f 341/572/30 354/575/30 353/573/30
f 344/574/31 355/577/31 354/575/31
f 343/576/32 356/579/32 355/577/32
f 346/578/21 357/581/21 356/579/21
f 345/580/22 358/583/22 357/581/22
f 347/582/23 359/585/23 358/583/23
f 337/584/24 348/1528/24 359/585/24
f 358/586/17 359/1529/17 360/587/17
f 360/589/17 359/1530/17 348/590/17
f 362/592/17 348/1531/17 349/593/17
f 349/595/17 350/1532/17 364/596/17
f 350/598/17 351/1533/17 365/599/17
f 365/601/17 351/1534/17 352/602/17
f 352/604/17 353/1535/17 367/605/17
f 367/607/17 353/1536/17 354/608/17
f 354/610/17 355/1537/17 369/611/17
f 369/613/17 355/1538/17 356/614/17
f 356/616/17 357/1539/17 371/617/17
f 371/619/17 357/1540/17 358/620/17
f 369/613/32 370/615/32 372/622/32
f 368/612/31 369/611/31 373/624/31
f 367/607/30 368/609/30 374/626/30
f 366/606/29 367/605/29 375/628/29
f 365/601/28 366/603/28 376/630/28
f 364/600/27 365/599/27 377/632/27
f 363/597/26 364/596/26 378/634/26
f 362/592/25 363/594/25 379/636/25
f 360/589/24 362/591/24 380/638/24
f 361/588/23 360/587/23 381/640/23
f 371/619/22 361/621/22 382/642/22
f 370/618/21 371/617/21 383/644/21
f 372/622/18 395/1541/18 384/646/18
f 374/625/18 373/624/18 384/647/18
f 374/626/18 385/1542/18 386/649/18
f 375/628/18 386/1543/18 387/650/18
f 376/630/18 387/1544/18 388/651/18
f 378/633/18 377/632/18 388/652/18
f 379/635/18 378/634/18 389/654/18
f 379/636/18 390/1545/18 391/656/18
f 380/638/18 391/1546/18 392/657/18
f 381/640/18 392/1547/18 393/658/18
f 383/643/18 382/642/18 393/659/18
f 372/645/18 383/644/18 394/661/18
f 384/646/32 395/1541/32 396/663/32
f 385/648/31 384/647/31 397/665/31
f 386/649/30 385/1542/30 398/667/30
f 387/650/29 386/1543/29 399/669/29
f 388/651/28 387/1544/28 400/671/28
f 389/653/27 388/652/27 401/673/27
f 390/655/26 389/654/26 402/675/26
f 391/656/25 390/1545/25 403/677/25
f 392/657/24 391/1546/24 404/679/24
f 393/658/23 392/1547/23 405/681/23
f 394/660/22 393/659/22 406/683/22
f 395/662/21 394/661/21 407/685/21
f 401/689/18 400/1548/18 397/687/18
f 400/1548/18 399/1549/18 397/687/18
f 399/1549/18 398/1550/18 397/687/18
f 397/687/18 396/1551/18 405/688/18
f 396/1551/18 407/1552/18 405/688/18
f 407/1552/18 406/1553/18 405/688/18
f 405/688/18 404/1554/18 403/1555/18
f 403/1555/18 402/1556/18 405/688/18
f 402/1556/18 401/689/18 405/688/18
f 408/690/15 418/701/15 409/691/15
f 411/693/15 414/696/15 412/694/15
f 414/696/18 820/1557/18 415/697/18
f 415/698/16 820/1558/16 416/699/16
f 417/700/17 416/699/17 411/693/17
f 418/701/18 821/1559/18 419/702/18
f 419/703/16 821/1560/16 420/704/16
f 421/705/17 420/704/17 408/690/17
f 422/706/18 822/1561/18 423/707/18
f 423/707/14 822/1561/14 425/709/14
f 427/711/1 422/706/1 424/708/1
f 429/713/15 823/1562/15 430/714/15
f 432/716/1 823/1563/1 429/713/1
f 434/718/16 432/1564/16 433/717/16
f 431/715/14 430/1565/14 434/720/14
f 431/715/18 435/719/18 433/717/18
f 436/721/15 824/1566/15 437/722/15
f 439/724/1 824/1567/1 436/721/1
f 441/726/16 439/1568/16 440/725/16
f 438/723/14 437/1569/14 441/728/14
f 438/723/18 442/727/18 440/725/18
f 443/729/5 447/733/5 444/730/5
f 446/732/4 449/735/4 447/733/4
f 448/734/3 451/737/3 449/735/3
f 450/736/2 453/739/2 451/737/2
f 452/738/13 455/741/13 453/739/13
f 454/740/12 457/743/12 455/741/12
f 456/742/11 459/745/11 457/743/11
f 458/744/10 461/747/10 459/745/10
f 460/746/9 463/1570/9 461/747/9
f 462/748/8 465/752/8 463/749/8
f 464/751/7 466/753/7 465/752/7
f 445/731/6 444/730/6 466/753/6
f 469/756/1 487/1571/1 467/754/1
f 487/1571/1 489/1572/1 467/754/1
f 489/1572/1 470/1573/1 467/754/1
f 467/754/1 473/1574/1 475/1575/1
f 475/1575/1 477/1576/1 467/754/1
f 477/1576/1 468/755/1 467/754/1
f 468/755/1 480/1577/1 469/756/1
f 480/1577/1 482/1578/1 469/756/1
f 482/1578/1 484/1579/1 469/756/1
f 470/757/4 490/781/4 471/758/4
f 467/759/5 471/758/5 472/760/5
f 473/761/6 472/760/6 474/762/6
f 475/763/7 474/762/7 476/764/7
f 477/765/8 476/764/8 478/766/8
f 468/768/9 478/1580/9 479/769/9
f 480/770/10 479/769/10 481/771/10
f 482/772/11 481/771/11 483/773/11
f 484/774/12 483/773/12 485/775/12
f 469/776/13 485/775/13 486/777/13
f 487/778/2 486/777/2 488/779/2
f 489/780/3 488/779/3 490/781/3
f 488/784/14 486/1581/14 481/782/14
f 486/1581/14 485/1582/14 481/782/14
f 485/1582/14 483/1583/14 481/782/14
f 481/782/14 479/1584/14 474/783/14
f 479/1584/14 478/1585/14 474/783/14
f 478/1585/14 476/1586/14 474/783/14
f 474/783/14 472/1587/14 471/1588/14
f 471/1588/14 490/1589/14 474/783/14
f 490/1589/14 488/784/14 474/783/14
f 491/785/17 500/1590/17 492/786/17
f 494/788/1 491/1591/1 493/789/1
f 496/791/1 518/1592/1 497/792/1
f 499/794/1 492/1593/1 500/795/1
f 502/797/17 518/1594/17 496/798/17
f 499/800/18 501/1595/18 504/801/18
f 504/803/14 502/1596/14 503/804/14
f 506/806/18 494/1597/18 495/807/18
f 508/809/18 514/815/18 509/810/18
f 511/812/17 515/1598/17 512/813/17
f 508/809/15 513/814/15 512/813/15
f 510/811/16 509/810/16 515/816/16
f 516/818/14 506/1599/14 507/819/14
f 497/821/18 516/1600/18 517/822/18
f 498/824/16 517/1601/16 507/825/16
f 496/826/16 507/825/16 495/827/16
f 503/828/16 495/827/16 493/829/16
f 499/831/16 505/830/16 493/829/16
f 506/833/15 516/1602/15 497/834/15
f 494/836/15 506/833/15 518/835/15
f 491/838/15 494/836/15 502/837/15
f 491/838/15 504/839/15 501/840/15
f 519/842/5 523/846/5 520/843/5
f 522/845/4 525/848/4 523/846/4
f 524/847/3 527/850/3 525/848/3
f 526/849/2 529/852/2 527/850/2
f 528/851/13 531/854/13 529/852/13
f 530/853/12 533/856/12 531/854/12
f 532/855/11 535/858/11 533/856/11
f 534/857/10 537/860/10 535/858/10
f 536/859/9 539/1603/9 537/860/9
f 538/861/8 541/865/8 539/862/8
f 540/864/7 542/866/7 541/865/7
f 521/844/6 520/843/6 542/866/6
f 545/869/1 563/1604/1 543/867/1
f 563/1604/1 565/1605/1 543/867/1
f 565/1605/1 546/1606/1 543/867/1
f 543/867/1 549/1607/1 551/1608/1
f 551/1608/1 553/1609/1 543/867/1
f 553/1609/1 544/868/1 543/867/1
f 544/868/1 556/1610/1 545/869/1
f 556/1610/1 558/1611/1 545/869/1
f 558/1611/1 560/1612/1 545/869/1
f 546/870/4 566/894/4 547/871/4
f 543/872/5 547/871/5 548/873/5
f 549/874/6 548/873/6 550/875/6
f 551/876/7 550/875/7 552/877/7
f 553/878/8 552/877/8 554/879/8
f 544/881/9 554/1613/9 555/882/9
f 556/883/10 555/882/10 557/884/10
f 558/885/11 557/884/11 559/886/11
f 560/887/12 559/886/12 561/888/12
f 545/889/13 561/888/13 562/890/13
f 563/891/2 562/890/2 564/892/2
f 565/893/3 564/892/3 566/894/3
f 564/897/14 562/1614/14 557/895/14
f 562/1614/14 561/1615/14 557/895/14
f 561/1615/14 559/1616/14 557/895/14
f 557/895/14 555/1617/14 550/896/14
f 555/1617/14 554/1618/14 550/896/14
f 554/1618/14 552/1619/14 550/896/14
f 550/896/14 548/1620/14 547/1621/14
f 547/1621/14 566/1622/14 550/896/14
f 566/1622/14 564/897/14 550/896/14
f 567/898/17 571/905/17 157/221/17
f 568/900/19 157/221/19 159/223/19
f 569/902/18 159/223/18 158/222/18
f 570/904/20 158/222/20 571/905/20
f 574/909/18 589/1623/18 572/907/18
f 589/1623/18 591/1624/18 572/907/18
f 591/1624/18 593/1625/18 572/907/18
f 572/907/18 577/1626/18 573/908/18
f 577/1626/18 576/1627/18 573/908/18
f 576/1627/18 579/1628/18 573/908/18
f 573/908/18 582/1629/18 584/1630/18
f 584/1630/18 586/1631/18 573/908/18
f 586/1631/18 574/909/18 573/908/18
f 575/910/21 578/947/21 576/911/21
f 578/913/22 580/949/22 579/914/22
f 580/916/23 581/1632/23 573/917/23
f 581/919/24 583/1633/24 582/920/24
f 583/922/25 585/1634/25 584/923/25
f 585/925/26 587/957/26 586/926/26
f 587/928/27 588/959/27 574/929/27
f 588/931/28 590/1635/28 589/932/28
f 590/934/29 592/1636/29 591/935/29
f 592/937/30 594/1637/30 593/938/30
f 594/940/31 595/967/31 572/941/31
f 595/943/32 575/1638/32 577/944/32
f 596/946/18 597/971/18 578/947/18
f 597/948/18 599/973/18 580/949/18
f 598/950/18 581/1632/18 580/916/18
f 600/952/18 583/1633/18 581/919/18
f 601/954/18 585/1634/18 583/922/18
f 601/956/18 602/978/18 587/957/18
f 602/958/18 604/980/18 588/959/18
f 603/960/18 590/1635/18 588/931/18
f 605/962/18 592/1636/18 590/934/18
f 606/964/18 594/1637/18 592/937/18
f 606/966/18 607/985/18 595/967/18
f 596/968/18 575/1638/18 595/943/18
f 608/970/21 609/990/21 597/971/21
f 609/972/22 610/988/22 599/973/22
f 610/974/23 611/1010/23 598/950/23
f 611/975/24 612/1008/24 600/952/24
f 612/976/25 613/1006/25 601/954/25
f 613/977/26 614/1004/26 602/978/26
f 614/979/27 615/1002/27 604/980/27
f 615/981/28 616/1000/28 603/960/28
f 616/982/29 617/998/29 605/962/29
f 617/983/30 618/996/30 606/964/30
f 618/984/31 619/994/31 607/985/31
f 619/986/32 608/992/32 596/968/32
f 609/972/17 631/1639/17 620/987/17
f 621/989/17 631/1640/17 609/990/17
f 619/986/17 634/1641/17 621/991/17
f 622/993/17 634/1642/17 619/994/17
f 617/983/17 637/1643/17 622/995/17
f 623/997/17 637/1644/17 617/998/17
f 615/981/17 640/1645/17 623/999/17
f 624/1001/17 640/1646/17 615/1002/17
f 625/1003/17 624/1647/17 614/1004/17
f 612/976/17 626/1648/17 625/1005/17
f 611/975/17 628/1649/17 626/1007/17
f 620/1009/17 628/1650/17 611/1010/17
f 627/1011/24 626/1651/24 628/1012/24
f 629/1013/23 628/1012/23 620/1014/23
f 630/1015/22 620/1014/22 631/1016/22
f 632/1017/21 631/1016/21 621/1018/21
f 633/1019/32 621/1018/32 634/1020/32
f 635/1021/31 634/1020/31 622/1022/31
f 636/1023/30 622/1022/30 637/1024/30
f 638/1025/29 637/1024/29 623/1026/29
f 639/1027/28 623/1026/28 640/1028/28
f 641/1029/27 640/1028/27 624/1030/27
f 642/1031/26 624/1030/26 625/1032/26
f 643/1033/25 625/1032/25 626/1034/25
f 644/1036/18 655/1088/18 627/1037/18
f 644/1039/18 629/1652/18 630/1040/18
f 646/1042/18 645/1073/18 630/1043/18
f 646/1045/18 632/1653/18 633/1046/18
f 648/1048/18 647/1076/18 633/1049/18
f 648/1051/18 635/1654/18 636/1052/18
f 650/1054/18 649/1079/18 636/1055/18
f 650/1057/18 638/1655/18 639/1058/18
f 652/1060/18 651/1082/18 639/1061/18
f 652/1063/18 641/1656/18 642/1064/18
f 653/1066/18 642/1657/18 643/1067/18
f 655/1069/18 654/1086/18 643/1070/18
f 656/1072/22 667/1658/22 645/1073/22
f 657/1074/21 656/1659/21 646/1045/21
f 658/1075/32 657/1660/32 647/1076/32
f 659/1077/31 658/1661/31 648/1051/31
f 660/1078/30 659/1101/30 649/1079/30
f 661/1080/29 660/1662/29 650/1057/29
f 662/1081/28 661/1105/28 651/1082/28
f 663/1083/27 662/1663/27 652/1063/27
f 664/1084/26 663/1664/26 653/1066/26
f 665/1085/25 664/1111/25 654/1086/25
f 666/1087/24 665/1113/24 655/1088/24
f 667/1089/23 666/1091/23 644/1039/23
f 668/1090/17 679/1115/17 666/1091/17
f 668/1092/17 667/1658/17 656/1072/17
f 669/1094/17 656/1659/17 657/1074/17
f 670/1096/17 657/1660/17 658/1075/17
f 671/1098/17 658/1661/17 659/1077/17
f 673/1100/17 672/1121/17 659/1101/17
f 673/1102/17 660/1662/17 661/1080/17
f 675/1104/17 674/1124/17 661/1105/17
f 675/1106/17 662/1663/17 663/1083/17
f 676/1108/17 663/1664/17 664/1084/17
f 678/1110/17 677/1128/17 664/1111/17
f 679/1112/17 678/1130/17 665/1113/17
f 680/1114/23 691/1665/23 679/1115/23
f 681/1116/22 680/1666/22 668/1092/22
f 682/1117/21 681/1667/21 669/1094/21
f 683/1118/32 682/1668/32 670/1096/32
f 684/1119/31 683/1669/31 671/1098/31
f 685/1120/30 684/1670/30 672/1121/30
f 686/1122/29 685/1671/29 673/1102/29
f 687/1123/28 686/1672/28 674/1124/28
f 688/1125/27 687/1673/27 675/1106/27
f 689/1126/26 688/1674/26 676/1108/26
f 690/1127/25 689/1675/25 677/1128/25
f 691/1129/24 690/1676/24 678/1130/24
f 685/1133/17 686/1677/17 689/1131/17
f 686/1677/17 687/1678/17 689/1131/17
f 687/1678/17 688/1679/17 689/1131/17
f 689/1131/17 690/1680/17 681/1132/17
f 690/1680/17 691/1681/17 681/1132/17
f 691/1681/17 680/1682/17 681/1132/17
f 681/1132/17 682/1683/17 685/1133/17
f 682/1683/17 683/1684/17 685/1133/17
f 683/1684/17 684/1685/17 685/1133/17
f 694/1136/17 705/1686/17 692/1134/17
f 705/1686/17 703/1687/17 692/1134/17
f 703/1687/17 701/1688/17 692/1134/17
f 692/1134/17 698/1689/17 693/1135/17
f 698/1689/17 695/1690/17 693/1135/17
f 695/1690/17 715/1691/17 693/1135/17
f 693/1135/17 712/1692/17 694/1136/17
f 712/1692/17 710/1693/17 694/1136/17
f 710/1693/17 708/1694/17 694/1136/17
f 695/1137/24 698/1695/24 696/1138/24
f 698/1140/25 692/1696/25 699/1141/25
f 692/1143/26 701/1697/26 700/1144/26
f 701/1146/27 703/1698/27 702/1147/27
f 703/1149/28 705/1699/28 704/1150/28
f 705/1152/29 694/1700/29 706/1153/29
f 694/1155/30 708/1701/30 707/1156/30
f 708/1158/31 710/1702/31 709/1159/31
f 710/1161/32 712/1703/32 711/1162/32
f 712/1164/21 693/1704/21 713/1165/21
f 693/1167/22 715/1705/22 714/1168/22
f 715/1170/23 695/1706/23 697/1171/23
f 697/1139/17 696/1138/17 716/1173/17
f 696/1142/17 699/1141/17 718/1175/17
f 700/1144/17 719/1707/17 718/1177/17
f 702/1147/17 721/1708/17 719/1178/17
f 702/1151/17 704/1150/17 720/1179/17
f 706/1153/17 723/1709/17 720/1181/17
f 706/1157/17 707/1156/17 722/1182/17
f 709/1159/17 724/1710/17 722/1184/17
f 711/1162/17 725/1711/17 724/1185/17
f 713/1165/17 726/1712/17 725/1186/17
f 714/1168/17 727/1713/17 726/1187/17
f 714/1172/17 697/1171/17 717/1188/17
f 727/1189/23 717/1188/23 728/1190/23
f 717/1174/24 716/1173/24 730/1192/24
f 716/1176/25 718/1175/25 731/1194/25
f 718/1177/26 719/1707/26 732/1196/26
f 719/1178/27 721/1708/27 733/1198/27
f 721/1180/28 720/1179/28 734/1200/28
f 720/1181/29 723/1709/29 735/1202/29
f 723/1183/30 722/1182/30 736/1204/30
f 722/1184/31 724/1710/31 737/1206/31
f 724/1185/32 725/1711/32 738/1208/32
f 725/1186/21 726/1712/21 739/1210/21
f 726/1187/22 727/1713/22 729/1212/22
f 730/1195/18 731/1194/18 740/1214/18
f 732/1196/18 742/1714/18 740/1216/18
f 733/1198/18 744/1715/18 742/1217/18
f 733/1201/18 734/1200/18 743/1218/18
f 735/1202/18 746/1716/18 743/1220/18
f 735/1205/18 736/1204/18 745/1221/18
f 737/1206/18 748/1717/18 745/1223/18
f 737/1209/18 738/1208/18 747/1224/18
f 739/1210/18 750/1718/18 747/1226/18
f 739/1213/18 729/1212/18 749/1227/18
f 728/1190/18 751/1719/18 749/1229/18
f 728/1193/18 730/1192/18 741/1230/18
f 740/1232/25 753/1236/25 752/1233/25
f 742/1235/26 754/1238/26 753/1236/26
f 744/1237/27 755/1240/27 754/1238/27
f 743/1239/28 756/1242/28 755/1240/28
f 746/1241/29 757/1244/29 756/1242/29
f 745/1243/30 758/1246/30 757/1244/30
f 748/1245/31 759/1248/31 758/1246/31
f 747/1247/32 760/1250/32 759/1248/32
f 750/1249/21 761/1252/21 760/1250/21
f 749/1251/22 762/1254/22 761/1252/22
f 751/1253/23 763/1256/23 762/1254/23
f 741/1255/24 752/1720/24 763/1256/24
f 762/1257/17 763/1721/17 764/1258/17
f 764/1260/17 763/1722/17 752/1261/17
f 766/1263/17 752/1723/17 753/1264/17
f 753/1266/17 754/1724/17 768/1267/17
f 754/1269/17 755/1725/17 769/1270/17
f 769/1272/17 755/1726/17 756/1273/17
f 756/1275/17 757/1727/17 771/1276/17
f 771/1278/17 757/1728/17 758/1279/17
f 758/1281/17 759/1729/17 773/1282/17
f 773/1284/17 759/1730/17 760/1285/17
f 760/1287/17 761/1731/17 775/1288/17
f 775/1290/17 761/1732/17 762/1291/17
f 773/1284/32 774/1286/32 776/1293/32
f 772/1283/31 773/1282/31 777/1295/31
f 771/1278/30 772/1280/30 778/1297/30
f 770/1277/29 771/1276/29 779/1299/29
f 769/1272/28 770/1274/28 780/1301/28
f 768/1271/27 769/1270/27 781/1303/27
f 767/1268/26 768/1267/26 782/1305/26
f 766/1263/25 767/1265/25 783/1307/25
f 764/1260/24 766/1262/24 784/1309/24
f 765/1259/23 764/1258/23 785/1311/23
f 775/1290/22 765/1292/22 786/1313/22
f 774/1289/21 775/1288/21 787/1315/21
f 776/1293/18 799/1733/18 788/1317/18
f 778/1296/18 777/1295/18 788/1318/18
f 778/1297/18 789/1734/18 790/1320/18
f 779/1299/18 790/1735/18 791/1321/18
f 780/1301/18 791/1736/18 792/1322/18
f 782/1304/18 781/1303/18 792/1323/18
f 783/1306/18 782/1305/18 793/1325/18
f 783/1307/18 794/1737/18 795/1327/18
f 784/1309/18 795/1738/18 796/1328/18
f 785/1311/18 796/1739/18 797/1329/18
f 787/1314/18 786/1313/18 797/1330/18
f 776/1316/18 787/1315/18 798/1332/18
f 788/1317/32 799/1733/32 800/1334/32
f 789/1319/31 788/1318/31 801/1336/31
f 790/1320/30 789/1734/30 802/1338/30
f 791/1321/29 790/1735/29 803/1340/29
f 792/1322/28 791/1736/28 804/1342/28
f 793/1324/27 792/1323/27 805/1344/27
f 794/1326/26 793/1325/26 806/1346/26
f 795/1327/25 794/1737/25 807/1348/25
f 796/1328/24 795/1738/24 808/1350/24
f 797/1329/23 796/1739/23 809/1352/23
f 798/1331/22 797/1330/22 810/1354/22
f 799/1333/21 798/1332/21 811/1356/21
f 805/1360/18 804/1740/18 801/1358/18
f 804/1740/18 803/1741/18 801/1358/18
f 803/1741/18 802/1742/18 801/1358/18
f 801/1358/18 800/1743/18 809/1359/18
f 800/1743/18 811/1744/18 809/1359/18
f 811/1744/18 810/1745/18 809/1359/18
f 809/1359/18 808/1746/18 807/1747/18
f 807/1747/18 806/1748/18 809/1359/18
f 806/1748/18 805/1360/18 809/1359/18
f 812/1361/17 818/1368/17 813/1362/17
f 815/1364/18 819/1370/18 816/1365/18
f 817/1367/1 816/1749/1 818/1368/1
f 814/1369/14 813/1750/14 819/1370/14
